2457
 generated by VMD
  Au        35.000000       35.000000       35.000000
  Au        35.000000       35.000000       67.683327
  Au        35.000000       67.683327       35.000000
  Au        35.000000       67.683327       67.683327
  Au        67.683327       35.000000       35.000000
  Au        67.683327       35.000000       67.683327
  Au        67.683327       67.683327       35.000000
  Au        67.683327       67.683327       67.683327
  Au        35.000000       35.000000       39.085411
  Au        35.000000       67.683327       39.085411
  Au        67.683327       35.000000       39.085411
  Au        67.683327       67.683327       39.085411
  Au        35.000000       35.000000       43.170830
  Au        35.000000       67.683327       43.170830
  Au        67.683327       35.000000       43.170830
  Au        67.683327       67.683327       43.170830
  Au        35.000000       35.000000       47.256248
  Au        35.000000       67.683327       47.256248
  Au        67.683327       35.000000       47.256248
  Au        67.683327       67.683327       47.256248
  Au        35.000000       35.000000       51.341660
  Au        35.000000       67.683327       51.341660
  Au        67.683327       35.000000       51.341660
  Au        67.683327       67.683327       51.341660
  Au        35.000000       35.000000       55.427078
  Au        35.000000       67.683327       55.427078
  Au        67.683327       35.000000       55.427078
  Au        67.683327       67.683327       55.427078
  Au        35.000000       35.000000       59.512501
  Au        35.000000       67.683327       59.512501
  Au        67.683327       35.000000       59.512501
  Au        67.683327       67.683327       59.512501
  Au        35.000000       35.000000       63.597912
  Au        35.000000       67.683327       63.597912
  Au        67.683327       35.000000       63.597912
  Au        67.683327       67.683327       63.597912
  Au        35.000000       39.085411       35.000000
  Au        35.000000       39.085411       67.683327
  Au        67.683327       39.085411       35.000000
  Au        67.683327       39.085411       67.683327
  Au        35.000000       39.085411       39.085411
  Au        67.683327       39.085411       39.085411
  Au        35.000000       39.085411       43.170830
  Au        67.683327       39.085411       43.170830
  Au        35.000000       39.085411       47.256248
  Au        67.683327       39.085411       47.256248
  Au        35.000000       39.085411       51.341660
  Au        67.683327       39.085411       51.341660
  Au        35.000000       39.085411       55.427078
  Au        67.683327       39.085411       55.427078
  Au        35.000000       39.085411       59.512501
  Au        67.683327       39.085411       59.512501
  Au        35.000000       39.085411       63.597912
  Au        67.683327       39.085411       63.597912
  Au        35.000000       43.170830       35.000000
  Au        35.000000       43.170830       67.683327
  Au        67.683327       43.170830       35.000000
  Au        67.683327       43.170830       67.683327
  Au        35.000000       43.170830       39.085411
  Au        67.683327       43.170830       39.085411
  Au        35.000000       43.170830       43.170830
  Au        67.683327       43.170830       43.170830
  Au        35.000000       43.170830       47.256248
  Au        67.683327       43.170830       47.256248
  Au        35.000000       43.170830       51.341660
  Au        67.683327       43.170830       51.341660
  Au        35.000000       43.170830       55.427078
  Au        67.683327       43.170830       55.427078
  Au        35.000000       43.170830       59.512501
  Au        67.683327       43.170830       59.512501
  Au        35.000000       43.170830       63.597912
  Au        67.683327       43.170830       63.597912
  Au        35.000000       47.256248       35.000000
  Au        35.000000       47.256248       67.683327
  Au        67.683327       47.256248       35.000000
  Au        67.683327       47.256248       67.683327
  Au        35.000000       47.256248       39.085411
  Au        67.683327       47.256248       39.085411
  Au        35.000000       47.256248       43.170830
  Au        67.683327       47.256248       43.170830
  Au        35.000000       47.256248       47.256248
  Au        67.683327       47.256248       47.256248
  Au        35.000000       47.256248       51.341660
  Au        67.683327       47.256248       51.341660
  Au        35.000000       47.256248       55.427078
  Au        67.683327       47.256248       55.427078
  Au        35.000000       47.256248       59.512501
  Au        67.683327       47.256248       59.512501
  Au        35.000000       47.256248       63.597912
  Au        67.683327       47.256248       63.597912
  Au        35.000000       51.341660       35.000000
  Au        35.000000       51.341660       67.683327
  Au        67.683327       51.341660       35.000000
  Au        67.683327       51.341660       67.683327
  Au        35.000000       51.341660       39.085411
  Au        67.683327       51.341660       39.085411
  Au        35.000000       51.341660       43.170830
  Au        67.683327       51.341660       43.170830
  Au        35.000000       51.341660       47.256248
  Au        67.683327       51.341660       47.256248
  Au        35.000000       51.341660       51.341660
  Au        67.683327       51.341660       51.341660
  Au        35.000000       51.341660       55.427078
  Au        67.683327       51.341660       55.427078
  Au        35.000000       51.341660       59.512501
  Au        67.683327       51.341660       59.512501
  Au        35.000000       51.341660       63.597912
  Au        67.683327       51.341660       63.597912
  Au        35.000000       55.427078       35.000000
  Au        35.000000       55.427078       67.683327
  Au        67.683327       55.427078       35.000000
  Au        67.683327       55.427078       67.683327
  Au        35.000000       55.427078       39.085411
  Au        67.683327       55.427078       39.085411
  Au        35.000000       55.427078       43.170830
  Au        67.683327       55.427078       43.170830
  Au        35.000000       55.427078       47.256248
  Au        67.683327       55.427078       47.256248
  Au        35.000000       55.427078       51.341660
  Au        67.683327       55.427078       51.341660
  Au        35.000000       55.427078       55.427078
  Au        67.683327       55.427078       55.427078
  Au        35.000000       55.427078       59.512501
  Au        67.683327       55.427078       59.512501
  Au        35.000000       55.427078       63.597912
  Au        67.683327       55.427078       63.597912
  Au        35.000000       59.512501       35.000000
  Au        35.000000       59.512501       67.683327
  Au        67.683327       59.512501       35.000000
  Au        67.683327       59.512501       67.683327
  Au        35.000000       59.512501       39.085411
  Au        67.683327       59.512501       39.085411
  Au        35.000000       59.512501       43.170830
  Au        67.683327       59.512501       43.170830
  Au        35.000000       59.512501       47.256248
  Au        67.683327       59.512501       47.256248
  Au        35.000000       59.512501       51.341660
  Au        67.683327       59.512501       51.341660
  Au        35.000000       59.512501       55.427078
  Au        67.683327       59.512501       55.427078
  Au        35.000000       59.512501       59.512501
  Au        67.683327       59.512501       59.512501
  Au        35.000000       59.512501       63.597912
  Au        67.683327       59.512501       63.597912
  Au        35.000000       63.597912       35.000000
  Au        35.000000       63.597912       67.683327
  Au        67.683327       63.597912       35.000000
  Au        67.683327       63.597912       67.683327
  Au        35.000000       63.597912       39.085411
  Au        67.683327       63.597912       39.085411
  Au        35.000000       63.597912       43.170830
  Au        67.683327       63.597912       43.170830
  Au        35.000000       63.597912       47.256248
  Au        67.683327       63.597912       47.256248
  Au        35.000000       63.597912       51.341660
  Au        67.683327       63.597912       51.341660
  Au        35.000000       63.597912       55.427078
  Au        67.683327       63.597912       55.427078
  Au        35.000000       63.597912       59.512501
  Au        67.683327       63.597912       59.512501
  Au        35.000000       63.597912       63.597912
  Au        67.683327       63.597912       63.597912
  Au        39.085411       35.000000       35.000000
  Au        39.085411       35.000000       67.683327
  Au        39.085411       67.683327       35.000000
  Au        39.085411       67.683327       67.683327
  Au        39.085411       35.000000       39.085411
  Au        39.085411       67.683327       39.085411
  Au        39.085411       35.000000       43.170830
  Au        39.085411       67.683327       43.170830
  Au        39.085411       35.000000       47.256248
  Au        39.085411       67.683327       47.256248
  Au        39.085411       35.000000       51.341660
  Au        39.085411       67.683327       51.341660
  Au        39.085411       35.000000       55.427078
  Au        39.085411       67.683327       55.427078
  Au        39.085411       35.000000       59.512501
  Au        39.085411       67.683327       59.512501
  Au        39.085411       35.000000       63.597912
  Au        39.085411       67.683327       63.597912
  Au        39.085411       39.085411       35.000000
  Au        39.085411       39.085411       67.683327
  Au        39.085411       39.085411       39.085411
  Au        39.085411       39.085411       43.170830
  Au        39.085411       39.085411       47.256248
  Au        39.085411       39.085411       51.341660
  Au        39.085411       39.085411       55.427078
  Au        39.085411       39.085411       59.512501
  Au        39.085411       39.085411       63.597912
  Au        39.085411       43.170830       35.000000
  Au        39.085411       43.170830       67.683327
  Au        39.085411       43.170830       39.085411
  Au        39.085411       43.170830       43.170830
  Au        39.085411       43.170830       47.256248
  Au        39.085411       43.170830       51.341660
  Au        39.085411       43.170830       55.427078
  Au        39.085411       43.170830       59.512501
  Au        39.085411       43.170830       63.597912
  Au        39.085411       47.256248       35.000000
  Au        39.085411       47.256248       67.683327
  Au        39.085411       47.256248       39.085411
  Au        39.085411       47.256248       43.170830
  Au        39.085411       47.256248       47.256248
  Au        39.085411       47.256248       51.341660
  Au        39.085411       47.256248       55.427078
  Au        39.085411       47.256248       59.512501
  Au        39.085411       47.256248       63.597912
  Au        39.085411       51.341660       35.000000
  Au        39.085411       51.341660       67.683327
  Au        39.085411       51.341660       39.085411
  Au        39.085411       51.341660       43.170830
  Au        39.085411       51.341660       47.256248
  Au        39.085411       51.341660       51.341660
  Au        39.085411       51.341660       55.427078
  Au        39.085411       51.341660       59.512501
  Au        39.085411       51.341660       63.597912
  Au        39.085411       55.427078       35.000000
  Au        39.085411       55.427078       67.683327
  Au        39.085411       55.427078       39.085411
  Au        39.085411       55.427078       43.170830
  Au        39.085411       55.427078       47.256248
  Au        39.085411       55.427078       51.341660
  Au        39.085411       55.427078       55.427078
  Au        39.085411       55.427078       59.512501
  Au        39.085411       55.427078       63.597912
  Au        39.085411       59.512501       35.000000
  Au        39.085411       59.512501       67.683327
  Au        39.085411       59.512501       39.085411
  Au        39.085411       59.512501       43.170830
  Au        39.085411       59.512501       47.256248
  Au        39.085411       59.512501       51.341660
  Au        39.085411       59.512501       55.427078
  Au        39.085411       59.512501       59.512501
  Au        39.085411       59.512501       63.597912
  Au        39.085411       63.597912       35.000000
  Au        39.085411       63.597912       67.683327
  Au        39.085411       63.597912       39.085411
  Au        39.085411       63.597912       43.170830
  Au        39.085411       63.597912       47.256248
  Au        39.085411       63.597912       51.341660
  Au        39.085411       63.597912       55.427078
  Au        39.085411       63.597912       59.512501
  Au        39.085411       63.597912       63.597912
  Au        43.170830       35.000000       35.000000
  Au        43.170830       35.000000       67.683327
  Au        43.170830       67.683327       35.000000
  Au        43.170830       67.683327       67.683327
  Au        43.170830       35.000000       39.085411
  Au        43.170830       67.683327       39.085411
  Au        43.170830       35.000000       43.170830
  Au        43.170830       67.683327       43.170830
  Au        43.170830       35.000000       47.256248
  Au        43.170830       67.683327       47.256248
  Au        43.170830       35.000000       51.341660
  Au        43.170830       67.683327       51.341660
  Au        43.170830       35.000000       55.427078
  Au        43.170830       67.683327       55.427078
  Au        43.170830       35.000000       59.512501
  Au        43.170830       67.683327       59.512501
  Au        43.170830       35.000000       63.597912
  Au        43.170830       67.683327       63.597912
  Au        43.170830       39.085411       35.000000
  Au        43.170830       39.085411       67.683327
  Au        43.170830       39.085411       39.085411
  Au        43.170830       39.085411       43.170830
  Au        43.170830       39.085411       47.256248
  Au        43.170830       39.085411       51.341660
  Au        43.170830       39.085411       55.427078
  Au        43.170830       39.085411       59.512501
  Au        43.170830       39.085411       63.597912
  Au        43.170830       43.170830       35.000000
  Au        43.170830       43.170830       67.683327
  Au        43.170830       43.170830       39.085411
  Au        43.170830       43.170830       43.170830
  Au        43.170830       43.170830       47.256248
  Au        43.170830       43.170830       51.341660
  Au        43.170830       43.170830       55.427078
  Au        43.170830       43.170830       59.512501
  Au        43.170830       43.170830       63.597912
  Au        43.170830       47.256248       35.000000
  Au        43.170830       47.256248       67.683327
  Au        43.170830       47.256248       39.085411
  Au        43.170830       47.256248       43.170830
  Au        43.170830       47.256248       47.256248
  Au        43.170830       47.256248       51.341660
  Au        43.170830       47.256248       55.427078
  Au        43.170830       47.256248       59.512501
  Au        43.170830       47.256248       63.597912
  Au        43.170830       51.341660       35.000000
  Au        43.170830       51.341660       67.683327
  Au        43.170830       51.341660       39.085411
  Au        43.170830       51.341660       43.170830
  Au        43.170830       51.341660       47.256248
  Au        43.170830       51.341660       51.341660
  Au        43.170830       51.341660       55.427078
  Au        43.170830       51.341660       59.512501
  Au        43.170830       51.341660       63.597912
  Au        43.170830       55.427078       35.000000
  Au        43.170830       55.427078       67.683327
  Au        43.170830       55.427078       39.085411
  Au        43.170830       55.427078       43.170830
  Au        43.170830       55.427078       47.256248
  Au        43.170830       55.427078       51.341660
  Au        43.170830       55.427078       55.427078
  Au        43.170830       55.427078       59.512501
  Au        43.170830       55.427078       63.597912
  Au        43.170830       59.512501       35.000000
  Au        43.170830       59.512501       67.683327
  Au        43.170830       59.512501       39.085411
  Au        43.170830       59.512501       43.170830
  Au        43.170830       59.512501       47.256248
  Au        43.170830       59.512501       51.341660
  Au        43.170830       59.512501       55.427078
  Au        43.170830       59.512501       59.512501
  Au        43.170830       59.512501       63.597912
  Au        43.170830       63.597912       35.000000
  Au        43.170830       63.597912       67.683327
  Au        43.170830       63.597912       39.085411
  Au        43.170830       63.597912       43.170830
  Au        43.170830       63.597912       47.256248
  Au        43.170830       63.597912       51.341660
  Au        43.170830       63.597912       55.427078
  Au        43.170830       63.597912       59.512501
  Au        43.170830       63.597912       63.597912
  Au        47.256248       35.000000       35.000000
  Au        47.256248       35.000000       67.683327
  Au        47.256248       67.683327       35.000000
  Au        47.256248       67.683327       67.683327
  Au        47.256248       35.000000       39.085411
  Au        47.256248       67.683327       39.085411
  Au        47.256248       35.000000       43.170830
  Au        47.256248       67.683327       43.170830
  Au        47.256248       35.000000       47.256248
  Au        47.256248       67.683327       47.256248
  Au        47.256248       35.000000       51.341660
  Au        47.256248       67.683327       51.341660
  Au        47.256248       35.000000       55.427078
  Au        47.256248       67.683327       55.427078
  Au        47.256248       35.000000       59.512501
  Au        47.256248       67.683327       59.512501
  Au        47.256248       35.000000       63.597912
  Au        47.256248       67.683327       63.597912
  Au        47.256248       39.085411       35.000000
  Au        47.256248       39.085411       67.683327
  Au        47.256248       39.085411       39.085411
  Au        47.256248       39.085411       43.170830
  Au        47.256248       39.085411       47.256248
  Au        47.256248       39.085411       51.341660
  Au        47.256248       39.085411       55.427078
  Au        47.256248       39.085411       59.512501
  Au        47.256248       39.085411       63.597912
  Au        47.256248       43.170830       35.000000
  Au        47.256248       43.170830       67.683327
  Au        47.256248       43.170830       39.085411
  Au        47.256248       43.170830       43.170830
  Au        47.256248       43.170830       47.256248
  Au        47.256248       43.170830       51.341660
  Au        47.256248       43.170830       55.427078
  Au        47.256248       43.170830       59.512501
  Au        47.256248       43.170830       63.597912
  Au        47.256248       47.256248       35.000000
  Au        47.256248       47.256248       67.683327
  Au        47.256248       47.256248       39.085411
  Au        47.256248       47.256248       43.170830
  Au        47.256248       47.256248       47.256248
  Au        47.256248       47.256248       51.341660
  Au        47.256248       47.256248       55.427078
  Au        47.256248       47.256248       59.512501
  Au        47.256248       47.256248       63.597912
  Au        47.256248       51.341660       35.000000
  Au        47.256248       51.341660       67.683327
  Au        47.256248       51.341660       39.085411
  Au        47.256248       51.341660       43.170830
  Au        47.256248       51.341660       47.256248
  Au        47.256248       51.341660       51.341660
  Au        47.256248       51.341660       55.427078
  Au        47.256248       51.341660       59.512501
  Au        47.256248       51.341660       63.597912
  Au        47.256248       55.427078       35.000000
  Au        47.256248       55.427078       67.683327
  Au        47.256248       55.427078       39.085411
  Au        47.256248       55.427078       43.170830
  Au        47.256248       55.427078       47.256248
  Au        47.256248       55.427078       51.341660
  Au        47.256248       55.427078       55.427078
  Au        47.256248       55.427078       59.512501
  Au        47.256248       55.427078       63.597912
  Au        47.256248       59.512501       35.000000
  Au        47.256248       59.512501       67.683327
  Au        47.256248       59.512501       39.085411
  Au        47.256248       59.512501       43.170830
  Au        47.256248       59.512501       47.256248
  Au        47.256248       59.512501       51.341660
  Au        47.256248       59.512501       55.427078
  Au        47.256248       59.512501       59.512501
  Au        47.256248       59.512501       63.597912
  Au        47.256248       63.597912       35.000000
  Au        47.256248       63.597912       67.683327
  Au        47.256248       63.597912       39.085411
  Au        47.256248       63.597912       43.170830
  Au        47.256248       63.597912       47.256248
  Au        47.256248       63.597912       51.341660
  Au        47.256248       63.597912       55.427078
  Au        47.256248       63.597912       59.512501
  Au        47.256248       63.597912       63.597912
  Au        51.341660       35.000000       35.000000
  Au        51.341660       35.000000       67.683327
  Au        51.341660       67.683327       35.000000
  Au        51.341660       67.683327       67.683327
  Au        51.341660       35.000000       39.085411
  Au        51.341660       67.683327       39.085411
  Au        51.341660       35.000000       43.170830
  Au        51.341660       67.683327       43.170830
  Au        51.341660       35.000000       47.256248
  Au        51.341660       67.683327       47.256248
  Au        51.341660       35.000000       51.341660
  Au        51.341660       67.683327       51.341660
  Au        51.341660       35.000000       55.427078
  Au        51.341660       67.683327       55.427078
  Au        51.341660       35.000000       59.512501
  Au        51.341660       67.683327       59.512501
  Au        51.341660       35.000000       63.597912
  Au        51.341660       67.683327       63.597912
  Au        51.341660       39.085411       35.000000
  Au        51.341660       39.085411       67.683327
  Au        51.341660       39.085411       39.085411
  Au        51.341660       39.085411       43.170830
  Au        51.341660       39.085411       47.256248
  Au        51.341660       39.085411       51.341660
  Au        51.341660       39.085411       55.427078
  Au        51.341660       39.085411       59.512501
  Au        51.341660       39.085411       63.597912
  Au        51.341660       43.170830       35.000000
  Au        51.341660       43.170830       67.683327
  Au        51.341660       43.170830       39.085411
  Au        51.341660       43.170830       43.170830
  Au        51.341660       43.170830       47.256248
  Au        51.341660       43.170830       51.341660
  Au        51.341660       43.170830       55.427078
  Au        51.341660       43.170830       59.512501
  Au        51.341660       43.170830       63.597912
  Au        51.341660       47.256248       35.000000
  Au        51.341660       47.256248       67.683327
  Au        51.341660       47.256248       39.085411
  Au        51.341660       47.256248       43.170830
  Au        51.341660       47.256248       47.256248
  Au        51.341660       47.256248       51.341660
  Au        51.341660       47.256248       55.427078
  Au        51.341660       47.256248       59.512501
  Au        51.341660       47.256248       63.597912
  Au        51.341660       51.341660       35.000000
  Au        51.341660       51.341660       67.683327
  Au        51.341660       51.341660       39.085411
  Au        51.341660       51.341660       43.170830
  Au        51.341660       51.341660       47.256248
  Au        51.341660       51.341660       51.341660
  Au        51.341660       51.341660       55.427078
  Au        51.341660       51.341660       59.512501
  Au        51.341660       51.341660       63.597912
  Au        51.341660       55.427078       35.000000
  Au        51.341660       55.427078       67.683327
  Au        51.341660       55.427078       39.085411
  Au        51.341660       55.427078       43.170830
  Au        51.341660       55.427078       47.256248
  Au        51.341660       55.427078       51.341660
  Au        51.341660       55.427078       55.427078
  Au        51.341660       55.427078       59.512501
  Au        51.341660       55.427078       63.597912
  Au        51.341660       59.512501       35.000000
  Au        51.341660       59.512501       67.683327
  Au        51.341660       59.512501       39.085411
  Au        51.341660       59.512501       43.170830
  Au        51.341660       59.512501       47.256248
  Au        51.341660       59.512501       51.341660
  Au        51.341660       59.512501       55.427078
  Au        51.341660       59.512501       59.512501
  Au        51.341660       59.512501       63.597912
  Au        51.341660       63.597912       35.000000
  Au        51.341660       63.597912       67.683327
  Au        51.341660       63.597912       39.085411
  Au        51.341660       63.597912       43.170830
  Au        51.341660       63.597912       47.256248
  Au        51.341660       63.597912       51.341660
  Au        51.341660       63.597912       55.427078
  Au        51.341660       63.597912       59.512501
  Au        51.341660       63.597912       63.597912
  Au        55.427078       35.000000       35.000000
  Au        55.427078       35.000000       67.683327
  Au        55.427078       67.683327       35.000000
  Au        55.427078       67.683327       67.683327
  Au        55.427078       35.000000       39.085411
  Au        55.427078       67.683327       39.085411
  Au        55.427078       35.000000       43.170830
  Au        55.427078       67.683327       43.170830
  Au        55.427078       35.000000       47.256248
  Au        55.427078       67.683327       47.256248
  Au        55.427078       35.000000       51.341660
  Au        55.427078       67.683327       51.341660
  Au        55.427078       35.000000       55.427078
  Au        55.427078       67.683327       55.427078
  Au        55.427078       35.000000       59.512501
  Au        55.427078       67.683327       59.512501
  Au        55.427078       35.000000       63.597912
  Au        55.427078       67.683327       63.597912
  Au        55.427078       39.085411       35.000000
  Au        55.427078       39.085411       67.683327
  Au        55.427078       39.085411       39.085411
  Au        55.427078       39.085411       43.170830
  Au        55.427078       39.085411       47.256248
  Au        55.427078       39.085411       51.341660
  Au        55.427078       39.085411       55.427078
  Au        55.427078       39.085411       59.512501
  Au        55.427078       39.085411       63.597912
  Au        55.427078       43.170830       35.000000
  Au        55.427078       43.170830       67.683327
  Au        55.427078       43.170830       39.085411
  Au        55.427078       43.170830       43.170830
  Au        55.427078       43.170830       47.256248
  Au        55.427078       43.170830       51.341660
  Au        55.427078       43.170830       55.427078
  Au        55.427078       43.170830       59.512501
  Au        55.427078       43.170830       63.597912
  Au        55.427078       47.256248       35.000000
  Au        55.427078       47.256248       67.683327
  Au        55.427078       47.256248       39.085411
  Au        55.427078       47.256248       43.170830
  Au        55.427078       47.256248       47.256248
  Au        55.427078       47.256248       51.341660
  Au        55.427078       47.256248       55.427078
  Au        55.427078       47.256248       59.512501
  Au        55.427078       47.256248       63.597912
  Au        55.427078       51.341660       35.000000
  Au        55.427078       51.341660       67.683327
  Au        55.427078       51.341660       39.085411
  Au        55.427078       51.341660       43.170830
  Au        55.427078       51.341660       47.256248
  Au        55.427078       51.341660       51.341660
  Au        55.427078       51.341660       55.427078
  Au        55.427078       51.341660       59.512501
  Au        55.427078       51.341660       63.597912
  Au        55.427078       55.427078       35.000000
  Au        55.427078       55.427078       67.683327
  Au        55.427078       55.427078       39.085411
  Au        55.427078       55.427078       43.170830
  Au        55.427078       55.427078       47.256248
  Au        55.427078       55.427078       51.341660
  Au        55.427078       55.427078       55.427078
  Au        55.427078       55.427078       59.512501
  Au        55.427078       55.427078       63.597912
  Au        55.427078       59.512501       35.000000
  Au        55.427078       59.512501       67.683327
  Au        55.427078       59.512501       39.085411
  Au        55.427078       59.512501       43.170830
  Au        55.427078       59.512501       47.256248
  Au        55.427078       59.512501       51.341660
  Au        55.427078       59.512501       55.427078
  Au        55.427078       59.512501       59.512501
  Au        55.427078       59.512501       63.597912
  Au        55.427078       63.597912       35.000000
  Au        55.427078       63.597912       67.683327
  Au        55.427078       63.597912       39.085411
  Au        55.427078       63.597912       43.170830
  Au        55.427078       63.597912       47.256248
  Au        55.427078       63.597912       51.341660
  Au        55.427078       63.597912       55.427078
  Au        55.427078       63.597912       59.512501
  Au        55.427078       63.597912       63.597912
  Au        59.512501       35.000000       35.000000
  Au        59.512501       35.000000       67.683327
  Au        59.512501       67.683327       35.000000
  Au        59.512501       67.683327       67.683327
  Au        59.512501       35.000000       39.085411
  Au        59.512501       67.683327       39.085411
  Au        59.512501       35.000000       43.170830
  Au        59.512501       67.683327       43.170830
  Au        59.512501       35.000000       47.256248
  Au        59.512501       67.683327       47.256248
  Au        59.512501       35.000000       51.341660
  Au        59.512501       67.683327       51.341660
  Au        59.512501       35.000000       55.427078
  Au        59.512501       67.683327       55.427078
  Au        59.512501       35.000000       59.512501
  Au        59.512501       67.683327       59.512501
  Au        59.512501       35.000000       63.597912
  Au        59.512501       67.683327       63.597912
  Au        59.512501       39.085411       35.000000
  Au        59.512501       39.085411       67.683327
  Au        59.512501       39.085411       39.085411
  Au        59.512501       39.085411       43.170830
  Au        59.512501       39.085411       47.256248
  Au        59.512501       39.085411       51.341660
  Au        59.512501       39.085411       55.427078
  Au        59.512501       39.085411       59.512501
  Au        59.512501       39.085411       63.597912
  Au        59.512501       43.170830       35.000000
  Au        59.512501       43.170830       67.683327
  Au        59.512501       43.170830       39.085411
  Au        59.512501       43.170830       43.170830
  Au        59.512501       43.170830       47.256248
  Au        59.512501       43.170830       51.341660
  Au        59.512501       43.170830       55.427078
  Au        59.512501       43.170830       59.512501
  Au        59.512501       43.170830       63.597912
  Au        59.512501       47.256248       35.000000
  Au        59.512501       47.256248       67.683327
  Au        59.512501       47.256248       39.085411
  Au        59.512501       47.256248       43.170830
  Au        59.512501       47.256248       47.256248
  Au        59.512501       47.256248       51.341660
  Au        59.512501       47.256248       55.427078
  Au        59.512501       47.256248       59.512501
  Au        59.512501       47.256248       63.597912
  Au        59.512501       51.341660       35.000000
  Au        59.512501       51.341660       67.683327
  Au        59.512501       51.341660       39.085411
  Au        59.512501       51.341660       43.170830
  Au        59.512501       51.341660       47.256248
  Au        59.512501       51.341660       51.341660
  Au        59.512501       51.341660       55.427078
  Au        59.512501       51.341660       59.512501
  Au        59.512501       51.341660       63.597912
  Au        59.512501       55.427078       35.000000
  Au        59.512501       55.427078       67.683327
  Au        59.512501       55.427078       39.085411
  Au        59.512501       55.427078       43.170830
  Au        59.512501       55.427078       47.256248
  Au        59.512501       55.427078       51.341660
  Au        59.512501       55.427078       55.427078
  Au        59.512501       55.427078       59.512501
  Au        59.512501       55.427078       63.597912
  Au        59.512501       59.512501       35.000000
  Au        59.512501       59.512501       67.683327
  Au        59.512501       59.512501       39.085411
  Au        59.512501       59.512501       43.170830
  Au        59.512501       59.512501       47.256248
  Au        59.512501       59.512501       51.341660
  Au        59.512501       59.512501       55.427078
  Au        59.512501       59.512501       59.512501
  Au        59.512501       59.512501       63.597912
  Au        59.512501       63.597912       35.000000
  Au        59.512501       63.597912       67.683327
  Au        59.512501       63.597912       39.085411
  Au        59.512501       63.597912       43.170830
  Au        59.512501       63.597912       47.256248
  Au        59.512501       63.597912       51.341660
  Au        59.512501       63.597912       55.427078
  Au        59.512501       63.597912       59.512501
  Au        59.512501       63.597912       63.597912
  Au        63.597912       35.000000       35.000000
  Au        63.597912       35.000000       67.683327
  Au        63.597912       67.683327       35.000000
  Au        63.597912       67.683327       67.683327
  Au        63.597912       35.000000       39.085411
  Au        63.597912       67.683327       39.085411
  Au        63.597912       35.000000       43.170830
  Au        63.597912       67.683327       43.170830
  Au        63.597912       35.000000       47.256248
  Au        63.597912       67.683327       47.256248
  Au        63.597912       35.000000       51.341660
  Au        63.597912       67.683327       51.341660
  Au        63.597912       35.000000       55.427078
  Au        63.597912       67.683327       55.427078
  Au        63.597912       35.000000       59.512501
  Au        63.597912       67.683327       59.512501
  Au        63.597912       35.000000       63.597912
  Au        63.597912       67.683327       63.597912
  Au        63.597912       39.085411       35.000000
  Au        63.597912       39.085411       67.683327
  Au        63.597912       39.085411       39.085411
  Au        63.597912       39.085411       43.170830
  Au        63.597912       39.085411       47.256248
  Au        63.597912       39.085411       51.341660
  Au        63.597912       39.085411       55.427078
  Au        63.597912       39.085411       59.512501
  Au        63.597912       39.085411       63.597912
  Au        63.597912       43.170830       35.000000
  Au        63.597912       43.170830       67.683327
  Au        63.597912       43.170830       39.085411
  Au        63.597912       43.170830       43.170830
  Au        63.597912       43.170830       47.256248
  Au        63.597912       43.170830       51.341660
  Au        63.597912       43.170830       55.427078
  Au        63.597912       43.170830       59.512501
  Au        63.597912       43.170830       63.597912
  Au        63.597912       47.256248       35.000000
  Au        63.597912       47.256248       67.683327
  Au        63.597912       47.256248       39.085411
  Au        63.597912       47.256248       43.170830
  Au        63.597912       47.256248       47.256248
  Au        63.597912       47.256248       51.341660
  Au        63.597912       47.256248       55.427078
  Au        63.597912       47.256248       59.512501
  Au        63.597912       47.256248       63.597912
  Au        63.597912       51.341660       35.000000
  Au        63.597912       51.341660       67.683327
  Au        63.597912       51.341660       39.085411
  Au        63.597912       51.341660       43.170830
  Au        63.597912       51.341660       47.256248
  Au        63.597912       51.341660       51.341660
  Au        63.597912       51.341660       55.427078
  Au        63.597912       51.341660       59.512501
  Au        63.597912       51.341660       63.597912
  Au        63.597912       55.427078       35.000000
  Au        63.597912       55.427078       67.683327
  Au        63.597912       55.427078       39.085411
  Au        63.597912       55.427078       43.170830
  Au        63.597912       55.427078       47.256248
  Au        63.597912       55.427078       51.341660
  Au        63.597912       55.427078       55.427078
  Au        63.597912       55.427078       59.512501
  Au        63.597912       55.427078       63.597912
  Au        63.597912       59.512501       35.000000
  Au        63.597912       59.512501       67.683327
  Au        63.597912       59.512501       39.085411
  Au        63.597912       59.512501       43.170830
  Au        63.597912       59.512501       47.256248
  Au        63.597912       59.512501       51.341660
  Au        63.597912       59.512501       55.427078
  Au        63.597912       59.512501       59.512501
  Au        63.597912       59.512501       63.597912
  Au        63.597912       63.597912       35.000000
  Au        63.597912       63.597912       67.683327
  Au        63.597912       63.597912       39.085411
  Au        63.597912       63.597912       43.170830
  Au        63.597912       63.597912       47.256248
  Au        63.597912       63.597912       51.341660
  Au        63.597912       63.597912       55.427078
  Au        63.597912       63.597912       59.512501
  Au        63.597912       63.597912       63.597912
  Au        35.000000       37.042709       37.042709
  Au        67.683327       37.042709       37.042709
  Au        35.000000       37.042709       41.128120
  Au        67.683327       37.042709       41.128120
  Au        35.000000       37.042709       45.213539
  Au        67.683327       37.042709       45.213539
  Au        35.000000       37.042709       49.298950
  Au        67.683327       37.042709       49.298950
  Au        35.000000       37.042709       53.384369
  Au        67.683327       37.042709       53.384369
  Au        35.000000       37.042709       57.469791
  Au        67.683327       37.042709       57.469791
  Au        35.000000       37.042709       61.555199
  Au        67.683327       37.042709       61.555199
  Au        35.000000       37.042709       65.640617
  Au        67.683327       37.042709       65.640617
  Au        35.000000       41.128120       37.042709
  Au        67.683327       41.128120       37.042709
  Au        35.000000       41.128120       41.128120
  Au        67.683327       41.128120       41.128120
  Au        35.000000       41.128120       45.213539
  Au        67.683327       41.128120       45.213539
  Au        35.000000       41.128120       49.298950
  Au        67.683327       41.128120       49.298950
  Au        35.000000       41.128120       53.384369
  Au        67.683327       41.128120       53.384369
  Au        35.000000       41.128120       57.469791
  Au        67.683327       41.128120       57.469791
  Au        35.000000       41.128120       61.555199
  Au        67.683327       41.128120       61.555199
  Au        35.000000       41.128120       65.640617
  Au        67.683327       41.128120       65.640617
  Au        35.000000       45.213539       37.042709
  Au        67.683327       45.213539       37.042709
  Au        35.000000       45.213539       41.128120
  Au        67.683327       45.213539       41.128120
  Au        35.000000       45.213539       45.213539
  Au        67.683327       45.213539       45.213539
  Au        35.000000       45.213539       49.298950
  Au        67.683327       45.213539       49.298950
  Au        35.000000       45.213539       53.384369
  Au        67.683327       45.213539       53.384369
  Au        35.000000       45.213539       57.469791
  Au        67.683327       45.213539       57.469791
  Au        35.000000       45.213539       61.555199
  Au        67.683327       45.213539       61.555199
  Au        35.000000       45.213539       65.640617
  Au        67.683327       45.213539       65.640617
  Au        35.000000       49.298950       37.042709
  Au        67.683327       49.298950       37.042709
  Au        35.000000       49.298950       41.128120
  Au        67.683327       49.298950       41.128120
  Au        35.000000       49.298950       45.213539
  Au        67.683327       49.298950       45.213539
  Au        35.000000       49.298950       49.298950
  Au        67.683327       49.298950       49.298950
  Au        35.000000       49.298950       53.384369
  Au        67.683327       49.298950       53.384369
  Au        35.000000       49.298950       57.469791
  Au        67.683327       49.298950       57.469791
  Au        35.000000       49.298950       61.555199
  Au        67.683327       49.298950       61.555199
  Au        35.000000       49.298950       65.640617
  Au        67.683327       49.298950       65.640617
  Au        35.000000       53.384369       37.042709
  Au        67.683327       53.384369       37.042709
  Au        35.000000       53.384369       41.128120
  Au        67.683327       53.384369       41.128120
  Au        35.000000       53.384369       45.213539
  Au        67.683327       53.384369       45.213539
  Au        35.000000       53.384369       49.298950
  Au        67.683327       53.384369       49.298950
  Au        35.000000       53.384369       53.384369
  Au        67.683327       53.384369       53.384369
  Au        35.000000       53.384369       57.469791
  Au        67.683327       53.384369       57.469791
  Au        35.000000       53.384369       61.555199
  Au        67.683327       53.384369       61.555199
  Au        35.000000       53.384369       65.640617
  Au        67.683327       53.384369       65.640617
  Au        35.000000       57.469791       37.042709
  Au        67.683327       57.469791       37.042709
  Au        35.000000       57.469791       41.128120
  Au        67.683327       57.469791       41.128120
  Au        35.000000       57.469791       45.213539
  Au        67.683327       57.469791       45.213539
  Au        35.000000       57.469791       49.298950
  Au        67.683327       57.469791       49.298950
  Au        35.000000       57.469791       53.384369
  Au        67.683327       57.469791       53.384369
  Au        35.000000       57.469791       57.469791
  Au        67.683327       57.469791       57.469791
  Au        35.000000       57.469791       61.555199
  Au        67.683327       57.469791       61.555199
  Au        35.000000       57.469791       65.640617
  Au        67.683327       57.469791       65.640617
  Au        35.000000       61.555199       37.042709
  Au        67.683327       61.555199       37.042709
  Au        35.000000       61.555199       41.128120
  Au        67.683327       61.555199       41.128120
  Au        35.000000       61.555199       45.213539
  Au        67.683327       61.555199       45.213539
  Au        35.000000       61.555199       49.298950
  Au        67.683327       61.555199       49.298950
  Au        35.000000       61.555199       53.384369
  Au        67.683327       61.555199       53.384369
  Au        35.000000       61.555199       57.469791
  Au        67.683327       61.555199       57.469791
  Au        35.000000       61.555199       61.555199
  Au        67.683327       61.555199       61.555199
  Au        35.000000       61.555199       65.640617
  Au        67.683327       61.555199       65.640617
  Au        35.000000       65.640617       37.042709
  Au        67.683327       65.640617       37.042709
  Au        35.000000       65.640617       41.128120
  Au        67.683327       65.640617       41.128120
  Au        35.000000       65.640617       45.213539
  Au        67.683327       65.640617       45.213539
  Au        35.000000       65.640617       49.298950
  Au        67.683327       65.640617       49.298950
  Au        35.000000       65.640617       53.384369
  Au        67.683327       65.640617       53.384369
  Au        35.000000       65.640617       57.469791
  Au        67.683327       65.640617       57.469791
  Au        35.000000       65.640617       61.555199
  Au        67.683327       65.640617       61.555199
  Au        35.000000       65.640617       65.640617
  Au        67.683327       65.640617       65.640617
  Au        39.085411       37.042709       37.042709
  Au        39.085411       37.042709       41.128120
  Au        39.085411       37.042709       45.213539
  Au        39.085411       37.042709       49.298950
  Au        39.085411       37.042709       53.384369
  Au        39.085411       37.042709       57.469791
  Au        39.085411       37.042709       61.555199
  Au        39.085411       37.042709       65.640617
  Au        39.085411       41.128120       37.042709
  Au        39.085411       41.128120       41.128120
  Au        39.085411       41.128120       45.213539
  Au        39.085411       41.128120       49.298950
  Au        39.085411       41.128120       53.384369
  Au        39.085411       41.128120       57.469791
  Au        39.085411       41.128120       61.555199
  Au        39.085411       41.128120       65.640617
  Au        39.085411       45.213539       37.042709
  Au        39.085411       45.213539       41.128120
  Au        39.085411       45.213539       45.213539
  Au        39.085411       45.213539       49.298950
  Au        39.085411       45.213539       53.384369
  Au        39.085411       45.213539       57.469791
  Au        39.085411       45.213539       61.555199
  Au        39.085411       45.213539       65.640617
  Au        39.085411       49.298950       37.042709
  Au        39.085411       49.298950       41.128120
  Au        39.085411       49.298950       45.213539
  Au        39.085411       49.298950       49.298950
  Au        39.085411       49.298950       53.384369
  Au        39.085411       49.298950       57.469791
  Au        39.085411       49.298950       61.555199
  Au        39.085411       49.298950       65.640617
  Au        39.085411       53.384369       37.042709
  Au        39.085411       53.384369       41.128120
  Au        39.085411       53.384369       45.213539
  Au        39.085411       53.384369       49.298950
  Au        39.085411       53.384369       53.384369
  Au        39.085411       53.384369       57.469791
  Au        39.085411       53.384369       61.555199
  Au        39.085411       53.384369       65.640617
  Au        39.085411       57.469791       37.042709
  Au        39.085411       57.469791       41.128120
  Au        39.085411       57.469791       45.213539
  Au        39.085411       57.469791       49.298950
  Au        39.085411       57.469791       53.384369
  Au        39.085411       57.469791       57.469791
  Au        39.085411       57.469791       61.555199
  Au        39.085411       57.469791       65.640617
  Au        39.085411       61.555199       37.042709
  Au        39.085411       61.555199       41.128120
  Au        39.085411       61.555199       45.213539
  Au        39.085411       61.555199       49.298950
  Au        39.085411       61.555199       53.384369
  Au        39.085411       61.555199       57.469791
  Au        39.085411       61.555199       61.555199
  Au        39.085411       61.555199       65.640617
  Au        39.085411       65.640617       37.042709
  Au        39.085411       65.640617       41.128120
  Au        39.085411       65.640617       45.213539
  Au        39.085411       65.640617       49.298950
  Au        39.085411       65.640617       53.384369
  Au        39.085411       65.640617       57.469791
  Au        39.085411       65.640617       61.555199
  Au        39.085411       65.640617       65.640617
  Au        43.170830       37.042709       37.042709
  Au        43.170830       37.042709       41.128120
  Au        43.170830       37.042709       45.213539
  Au        43.170830       37.042709       49.298950
  Au        43.170830       37.042709       53.384369
  Au        43.170830       37.042709       57.469791
  Au        43.170830       37.042709       61.555199
  Au        43.170830       37.042709       65.640617
  Au        43.170830       41.128120       37.042709
  Au        43.170830       41.128120       41.128120
  Au        43.170830       41.128120       45.213539
  Au        43.170830       41.128120       49.298950
  Au        43.170830       41.128120       53.384369
  Au        43.170830       41.128120       57.469791
  Au        43.170830       41.128120       61.555199
  Au        43.170830       41.128120       65.640617
  Au        43.170830       45.213539       37.042709
  Au        43.170830       45.213539       41.128120
  Au        43.170830       45.213539       45.213539
  Au        43.170830       45.213539       49.298950
  Au        43.170830       45.213539       53.384369
  Au        43.170830       45.213539       57.469791
  Au        43.170830       45.213539       61.555199
  Au        43.170830       45.213539       65.640617
  Au        43.170830       49.298950       37.042709
  Au        43.170830       49.298950       41.128120
  Au        43.170830       49.298950       45.213539
  Au        43.170830       49.298950       49.298950
  Au        43.170830       49.298950       53.384369
  Au        43.170830       49.298950       57.469791
  Au        43.170830       49.298950       61.555199
  Au        43.170830       49.298950       65.640617
  Au        43.170830       53.384369       37.042709
  Au        43.170830       53.384369       41.128120
  Au        43.170830       53.384369       45.213539
  Au        43.170830       53.384369       49.298950
  Au        43.170830       53.384369       53.384369
  Au        43.170830       53.384369       57.469791
  Au        43.170830       53.384369       61.555199
  Au        43.170830       53.384369       65.640617
  Au        43.170830       57.469791       37.042709
  Au        43.170830       57.469791       41.128120
  Au        43.170830       57.469791       45.213539
  Au        43.170830       57.469791       49.298950
  Au        43.170830       57.469791       53.384369
  Au        43.170830       57.469791       57.469791
  Au        43.170830       57.469791       61.555199
  Au        43.170830       57.469791       65.640617
  Au        43.170830       61.555199       37.042709
  Au        43.170830       61.555199       41.128120
  Au        43.170830       61.555199       45.213539
  Au        43.170830       61.555199       49.298950
  Au        43.170830       61.555199       53.384369
  Au        43.170830       61.555199       57.469791
  Au        43.170830       61.555199       61.555199
  Au        43.170830       61.555199       65.640617
  Au        43.170830       65.640617       37.042709
  Au        43.170830       65.640617       41.128120
  Au        43.170830       65.640617       45.213539
  Au        43.170830       65.640617       49.298950
  Au        43.170830       65.640617       53.384369
  Au        43.170830       65.640617       57.469791
  Au        43.170830       65.640617       61.555199
  Au        43.170830       65.640617       65.640617
  Au        47.256248       37.042709       37.042709
  Au        47.256248       37.042709       41.128120
  Au        47.256248       37.042709       45.213539
  Au        47.256248       37.042709       49.298950
  Au        47.256248       37.042709       53.384369
  Au        47.256248       37.042709       57.469791
  Au        47.256248       37.042709       61.555199
  Au        47.256248       37.042709       65.640617
  Au        47.256248       41.128120       37.042709
  Au        47.256248       41.128120       41.128120
  Au        47.256248       41.128120       45.213539
  Au        47.256248       41.128120       49.298950
  Au        47.256248       41.128120       53.384369
  Au        47.256248       41.128120       57.469791
  Au        47.256248       41.128120       61.555199
  Au        47.256248       41.128120       65.640617
  Au        47.256248       45.213539       37.042709
  Au        47.256248       45.213539       41.128120
  Au        47.256248       45.213539       45.213539
  Au        47.256248       45.213539       49.298950
  Au        47.256248       45.213539       53.384369
  Au        47.256248       45.213539       57.469791
  Au        47.256248       45.213539       61.555199
  Au        47.256248       45.213539       65.640617
  Au        47.256248       49.298950       37.042709
  Au        47.256248       49.298950       41.128120
  Au        47.256248       49.298950       45.213539
  Au        47.256248       49.298950       49.298950
  Au        47.256248       49.298950       53.384369
  Au        47.256248       49.298950       57.469791
  Au        47.256248       49.298950       61.555199
  Au        47.256248       49.298950       65.640617
  Au        47.256248       53.384369       37.042709
  Au        47.256248       53.384369       41.128120
  Au        47.256248       53.384369       45.213539
  Au        47.256248       53.384369       49.298950
  Au        47.256248       53.384369       53.384369
  Au        47.256248       53.384369       57.469791
  Au        47.256248       53.384369       61.555199
  Au        47.256248       53.384369       65.640617
  Au        47.256248       57.469791       37.042709
  Au        47.256248       57.469791       41.128120
  Au        47.256248       57.469791       45.213539
  Au        47.256248       57.469791       49.298950
  Au        47.256248       57.469791       53.384369
  Au        47.256248       57.469791       57.469791
  Au        47.256248       57.469791       61.555199
  Au        47.256248       57.469791       65.640617
  Au        47.256248       61.555199       37.042709
  Au        47.256248       61.555199       41.128120
  Au        47.256248       61.555199       45.213539
  Au        47.256248       61.555199       49.298950
  Au        47.256248       61.555199       53.384369
  Au        47.256248       61.555199       57.469791
  Au        47.256248       61.555199       61.555199
  Au        47.256248       61.555199       65.640617
  Au        47.256248       65.640617       37.042709
  Au        47.256248       65.640617       41.128120
  Au        47.256248       65.640617       45.213539
  Au        47.256248       65.640617       49.298950
  Au        47.256248       65.640617       53.384369
  Au        47.256248       65.640617       57.469791
  Au        47.256248       65.640617       61.555199
  Au        47.256248       65.640617       65.640617
  Au        51.341660       37.042709       37.042709
  Au        51.341660       37.042709       41.128120
  Au        51.341660       37.042709       45.213539
  Au        51.341660       37.042709       49.298950
  Au        51.341660       37.042709       53.384369
  Au        51.341660       37.042709       57.469791
  Au        51.341660       37.042709       61.555199
  Au        51.341660       37.042709       65.640617
  Au        51.341660       41.128120       37.042709
  Au        51.341660       41.128120       41.128120
  Au        51.341660       41.128120       45.213539
  Au        51.341660       41.128120       49.298950
  Au        51.341660       41.128120       53.384369
  Au        51.341660       41.128120       57.469791
  Au        51.341660       41.128120       61.555199
  Au        51.341660       41.128120       65.640617
  Au        51.341660       45.213539       37.042709
  Au        51.341660       45.213539       41.128120
  Au        51.341660       45.213539       45.213539
  Au        51.341660       45.213539       49.298950
  Au        51.341660       45.213539       53.384369
  Au        51.341660       45.213539       57.469791
  Au        51.341660       45.213539       61.555199
  Au        51.341660       45.213539       65.640617
  Au        51.341660       49.298950       37.042709
  Au        51.341660       49.298950       41.128120
  Au        51.341660       49.298950       45.213539
  Au        51.341660       49.298950       49.298950
  Au        51.341660       49.298950       53.384369
  Au        51.341660       49.298950       57.469791
  Au        51.341660       49.298950       61.555199
  Au        51.341660       49.298950       65.640617
  Au        51.341660       53.384369       37.042709
  Au        51.341660       53.384369       41.128120
  Au        51.341660       53.384369       45.213539
  Au        51.341660       53.384369       49.298950
  Au        51.341660       53.384369       53.384369
  Au        51.341660       53.384369       57.469791
  Au        51.341660       53.384369       61.555199
  Au        51.341660       53.384369       65.640617
  Au        51.341660       57.469791       37.042709
  Au        51.341660       57.469791       41.128120
  Au        51.341660       57.469791       45.213539
  Au        51.341660       57.469791       49.298950
  Au        51.341660       57.469791       53.384369
  Au        51.341660       57.469791       57.469791
  Au        51.341660       57.469791       61.555199
  Au        51.341660       57.469791       65.640617
  Au        51.341660       61.555199       37.042709
  Au        51.341660       61.555199       41.128120
  Au        51.341660       61.555199       45.213539
  Au        51.341660       61.555199       49.298950
  Au        51.341660       61.555199       53.384369
  Au        51.341660       61.555199       57.469791
  Au        51.341660       61.555199       61.555199
  Au        51.341660       61.555199       65.640617
  Au        51.341660       65.640617       37.042709
  Au        51.341660       65.640617       41.128120
  Au        51.341660       65.640617       45.213539
  Au        51.341660       65.640617       49.298950
  Au        51.341660       65.640617       53.384369
  Au        51.341660       65.640617       57.469791
  Au        51.341660       65.640617       61.555199
  Au        51.341660       65.640617       65.640617
  Au        55.427078       37.042709       37.042709
  Au        55.427078       37.042709       41.128120
  Au        55.427078       37.042709       45.213539
  Au        55.427078       37.042709       49.298950
  Au        55.427078       37.042709       53.384369
  Au        55.427078       37.042709       57.469791
  Au        55.427078       37.042709       61.555199
  Au        55.427078       37.042709       65.640617
  Au        55.427078       41.128120       37.042709
  Au        55.427078       41.128120       41.128120
  Au        55.427078       41.128120       45.213539
  Au        55.427078       41.128120       49.298950
  Au        55.427078       41.128120       53.384369
  Au        55.427078       41.128120       57.469791
  Au        55.427078       41.128120       61.555199
  Au        55.427078       41.128120       65.640617
  Au        55.427078       45.213539       37.042709
  Au        55.427078       45.213539       41.128120
  Au        55.427078       45.213539       45.213539
  Au        55.427078       45.213539       49.298950
  Au        55.427078       45.213539       53.384369
  Au        55.427078       45.213539       57.469791
  Au        55.427078       45.213539       61.555199
  Au        55.427078       45.213539       65.640617
  Au        55.427078       49.298950       37.042709
  Au        55.427078       49.298950       41.128120
  Au        55.427078       49.298950       45.213539
  Au        55.427078       49.298950       49.298950
  Au        55.427078       49.298950       53.384369
  Au        55.427078       49.298950       57.469791
  Au        55.427078       49.298950       61.555199
  Au        55.427078       49.298950       65.640617
  Au        55.427078       53.384369       37.042709
  Au        55.427078       53.384369       41.128120
  Au        55.427078       53.384369       45.213539
  Au        55.427078       53.384369       49.298950
  Au        55.427078       53.384369       53.384369
  Au        55.427078       53.384369       57.469791
  Au        55.427078       53.384369       61.555199
  Au        55.427078       53.384369       65.640617
  Au        55.427078       57.469791       37.042709
  Au        55.427078       57.469791       41.128120
  Au        55.427078       57.469791       45.213539
  Au        55.427078       57.469791       49.298950
  Au        55.427078       57.469791       53.384369
  Au        55.427078       57.469791       57.469791
  Au        55.427078       57.469791       61.555199
  Au        55.427078       57.469791       65.640617
  Au        55.427078       61.555199       37.042709
  Au        55.427078       61.555199       41.128120
  Au        55.427078       61.555199       45.213539
  Au        55.427078       61.555199       49.298950
  Au        55.427078       61.555199       53.384369
  Au        55.427078       61.555199       57.469791
  Au        55.427078       61.555199       61.555199
  Au        55.427078       61.555199       65.640617
  Au        55.427078       65.640617       37.042709
  Au        55.427078       65.640617       41.128120
  Au        55.427078       65.640617       45.213539
  Au        55.427078       65.640617       49.298950
  Au        55.427078       65.640617       53.384369
  Au        55.427078       65.640617       57.469791
  Au        55.427078       65.640617       61.555199
  Au        55.427078       65.640617       65.640617
  Au        59.512501       37.042709       37.042709
  Au        59.512501       37.042709       41.128120
  Au        59.512501       37.042709       45.213539
  Au        59.512501       37.042709       49.298950
  Au        59.512501       37.042709       53.384369
  Au        59.512501       37.042709       57.469791
  Au        59.512501       37.042709       61.555199
  Au        59.512501       37.042709       65.640617
  Au        59.512501       41.128120       37.042709
  Au        59.512501       41.128120       41.128120
  Au        59.512501       41.128120       45.213539
  Au        59.512501       41.128120       49.298950
  Au        59.512501       41.128120       53.384369
  Au        59.512501       41.128120       57.469791
  Au        59.512501       41.128120       61.555199
  Au        59.512501       41.128120       65.640617
  Au        59.512501       45.213539       37.042709
  Au        59.512501       45.213539       41.128120
  Au        59.512501       45.213539       45.213539
  Au        59.512501       45.213539       49.298950
  Au        59.512501       45.213539       53.384369
  Au        59.512501       45.213539       57.469791
  Au        59.512501       45.213539       61.555199
  Au        59.512501       45.213539       65.640617
  Au        59.512501       49.298950       37.042709
  Au        59.512501       49.298950       41.128120
  Au        59.512501       49.298950       45.213539
  Au        59.512501       49.298950       49.298950
  Au        59.512501       49.298950       53.384369
  Au        59.512501       49.298950       57.469791
  Au        59.512501       49.298950       61.555199
  Au        59.512501       49.298950       65.640617
  Au        59.512501       53.384369       37.042709
  Au        59.512501       53.384369       41.128120
  Au        59.512501       53.384369       45.213539
  Au        59.512501       53.384369       49.298950
  Au        59.512501       53.384369       53.384369
  Au        59.512501       53.384369       57.469791
  Au        59.512501       53.384369       61.555199
  Au        59.512501       53.384369       65.640617
  Au        59.512501       57.469791       37.042709
  Au        59.512501       57.469791       41.128120
  Au        59.512501       57.469791       45.213539
  Au        59.512501       57.469791       49.298950
  Au        59.512501       57.469791       53.384369
  Au        59.512501       57.469791       57.469791
  Au        59.512501       57.469791       61.555199
  Au        59.512501       57.469791       65.640617
  Au        59.512501       61.555199       37.042709
  Au        59.512501       61.555199       41.128120
  Au        59.512501       61.555199       45.213539
  Au        59.512501       61.555199       49.298950
  Au        59.512501       61.555199       53.384369
  Au        59.512501       61.555199       57.469791
  Au        59.512501       61.555199       61.555199
  Au        59.512501       61.555199       65.640617
  Au        59.512501       65.640617       37.042709
  Au        59.512501       65.640617       41.128120
  Au        59.512501       65.640617       45.213539
  Au        59.512501       65.640617       49.298950
  Au        59.512501       65.640617       53.384369
  Au        59.512501       65.640617       57.469791
  Au        59.512501       65.640617       61.555199
  Au        59.512501       65.640617       65.640617
  Au        63.597912       37.042709       37.042709
  Au        63.597912       37.042709       41.128120
  Au        63.597912       37.042709       45.213539
  Au        63.597912       37.042709       49.298950
  Au        63.597912       37.042709       53.384369
  Au        63.597912       37.042709       57.469791
  Au        63.597912       37.042709       61.555199
  Au        63.597912       37.042709       65.640617
  Au        63.597912       41.128120       37.042709
  Au        63.597912       41.128120       41.128120
  Au        63.597912       41.128120       45.213539
  Au        63.597912       41.128120       49.298950
  Au        63.597912       41.128120       53.384369
  Au        63.597912       41.128120       57.469791
  Au        63.597912       41.128120       61.555199
  Au        63.597912       41.128120       65.640617
  Au        63.597912       45.213539       37.042709
  Au        63.597912       45.213539       41.128120
  Au        63.597912       45.213539       45.213539
  Au        63.597912       45.213539       49.298950
  Au        63.597912       45.213539       53.384369
  Au        63.597912       45.213539       57.469791
  Au        63.597912       45.213539       61.555199
  Au        63.597912       45.213539       65.640617
  Au        63.597912       49.298950       37.042709
  Au        63.597912       49.298950       41.128120
  Au        63.597912       49.298950       45.213539
  Au        63.597912       49.298950       49.298950
  Au        63.597912       49.298950       53.384369
  Au        63.597912       49.298950       57.469791
  Au        63.597912       49.298950       61.555199
  Au        63.597912       49.298950       65.640617
  Au        63.597912       53.384369       37.042709
  Au        63.597912       53.384369       41.128120
  Au        63.597912       53.384369       45.213539
  Au        63.597912       53.384369       49.298950
  Au        63.597912       53.384369       53.384369
  Au        63.597912       53.384369       57.469791
  Au        63.597912       53.384369       61.555199
  Au        63.597912       53.384369       65.640617
  Au        63.597912       57.469791       37.042709
  Au        63.597912       57.469791       41.128120
  Au        63.597912       57.469791       45.213539
  Au        63.597912       57.469791       49.298950
  Au        63.597912       57.469791       53.384369
  Au        63.597912       57.469791       57.469791
  Au        63.597912       57.469791       61.555199
  Au        63.597912       57.469791       65.640617
  Au        63.597912       61.555199       37.042709
  Au        63.597912       61.555199       41.128120
  Au        63.597912       61.555199       45.213539
  Au        63.597912       61.555199       49.298950
  Au        63.597912       61.555199       53.384369
  Au        63.597912       61.555199       57.469791
  Au        63.597912       61.555199       61.555199
  Au        63.597912       61.555199       65.640617
  Au        63.597912       65.640617       37.042709
  Au        63.597912       65.640617       41.128120
  Au        63.597912       65.640617       45.213539
  Au        63.597912       65.640617       49.298950
  Au        63.597912       65.640617       53.384369
  Au        63.597912       65.640617       57.469791
  Au        63.597912       65.640617       61.555199
  Au        63.597912       65.640617       65.640617
  Au        37.042709       35.000000       37.042709
  Au        37.042709       67.683327       37.042709
  Au        37.042709       35.000000       41.128120
  Au        37.042709       67.683327       41.128120
  Au        37.042709       35.000000       45.213539
  Au        37.042709       67.683327       45.213539
  Au        37.042709       35.000000       49.298950
  Au        37.042709       67.683327       49.298950
  Au        37.042709       35.000000       53.384369
  Au        37.042709       67.683327       53.384369
  Au        37.042709       35.000000       57.469791
  Au        37.042709       67.683327       57.469791
  Au        37.042709       35.000000       61.555199
  Au        37.042709       67.683327       61.555199
  Au        37.042709       35.000000       65.640617
  Au        37.042709       67.683327       65.640617
  Au        37.042709       39.085411       37.042709
  Au        37.042709       39.085411       41.128120
  Au        37.042709       39.085411       45.213539
  Au        37.042709       39.085411       49.298950
  Au        37.042709       39.085411       53.384369
  Au        37.042709       39.085411       57.469791
  Au        37.042709       39.085411       61.555199
  Au        37.042709       39.085411       65.640617
  Au        37.042709       43.170830       37.042709
  Au        37.042709       43.170830       41.128120
  Au        37.042709       43.170830       45.213539
  Au        37.042709       43.170830       49.298950
  Au        37.042709       43.170830       53.384369
  Au        37.042709       43.170830       57.469791
  Au        37.042709       43.170830       61.555199
  Au        37.042709       43.170830       65.640617
  Au        37.042709       47.256248       37.042709
  Au        37.042709       47.256248       41.128120
  Au        37.042709       47.256248       45.213539
  Au        37.042709       47.256248       49.298950
  Au        37.042709       47.256248       53.384369
  Au        37.042709       47.256248       57.469791
  Au        37.042709       47.256248       61.555199
  Au        37.042709       47.256248       65.640617
  Au        37.042709       51.341660       37.042709
  Au        37.042709       51.341660       41.128120
  Au        37.042709       51.341660       45.213539
  Au        37.042709       51.341660       49.298950
  Au        37.042709       51.341660       53.384369
  Au        37.042709       51.341660       57.469791
  Au        37.042709       51.341660       61.555199
  Au        37.042709       51.341660       65.640617
  Au        37.042709       55.427078       37.042709
  Au        37.042709       55.427078       41.128120
  Au        37.042709       55.427078       45.213539
  Au        37.042709       55.427078       49.298950
  Au        37.042709       55.427078       53.384369
  Au        37.042709       55.427078       57.469791
  Au        37.042709       55.427078       61.555199
  Au        37.042709       55.427078       65.640617
  Au        37.042709       59.512501       37.042709
  Au        37.042709       59.512501       41.128120
  Au        37.042709       59.512501       45.213539
  Au        37.042709       59.512501       49.298950
  Au        37.042709       59.512501       53.384369
  Au        37.042709       59.512501       57.469791
  Au        37.042709       59.512501       61.555199
  Au        37.042709       59.512501       65.640617
  Au        37.042709       63.597912       37.042709
  Au        37.042709       63.597912       41.128120
  Au        37.042709       63.597912       45.213539
  Au        37.042709       63.597912       49.298950
  Au        37.042709       63.597912       53.384369
  Au        37.042709       63.597912       57.469791
  Au        37.042709       63.597912       61.555199
  Au        37.042709       63.597912       65.640617
  Au        41.128120       35.000000       37.042709
  Au        41.128120       67.683327       37.042709
  Au        41.128120       35.000000       41.128120
  Au        41.128120       67.683327       41.128120
  Au        41.128120       35.000000       45.213539
  Au        41.128120       67.683327       45.213539
  Au        41.128120       35.000000       49.298950
  Au        41.128120       67.683327       49.298950
  Au        41.128120       35.000000       53.384369
  Au        41.128120       67.683327       53.384369
  Au        41.128120       35.000000       57.469791
  Au        41.128120       67.683327       57.469791
  Au        41.128120       35.000000       61.555199
  Au        41.128120       67.683327       61.555199
  Au        41.128120       35.000000       65.640617
  Au        41.128120       67.683327       65.640617
  Au        41.128120       39.085411       37.042709
  Au        41.128120       39.085411       41.128120
  Au        41.128120       39.085411       45.213539
  Au        41.128120       39.085411       49.298950
  Au        41.128120       39.085411       53.384369
  Au        41.128120       39.085411       57.469791
  Au        41.128120       39.085411       61.555199
  Au        41.128120       39.085411       65.640617
  Au        41.128120       43.170830       37.042709
  Au        41.128120       43.170830       41.128120
  Au        41.128120       43.170830       45.213539
  Au        41.128120       43.170830       49.298950
  Au        41.128120       43.170830       53.384369
  Au        41.128120       43.170830       57.469791
  Au        41.128120       43.170830       61.555199
  Au        41.128120       43.170830       65.640617
  Au        41.128120       47.256248       37.042709
  Au        41.128120       47.256248       41.128120
  Au        41.128120       47.256248       45.213539
  Au        41.128120       47.256248       49.298950
  Au        41.128120       47.256248       53.384369
  Au        41.128120       47.256248       57.469791
  Au        41.128120       47.256248       61.555199
  Au        41.128120       47.256248       65.640617
  Au        41.128120       51.341660       37.042709
  Au        41.128120       51.341660       41.128120
  Au        41.128120       51.341660       45.213539
  Au        41.128120       51.341660       49.298950
  Au        41.128120       51.341660       53.384369
  Au        41.128120       51.341660       57.469791
  Au        41.128120       51.341660       61.555199
  Au        41.128120       51.341660       65.640617
  Au        41.128120       55.427078       37.042709
  Au        41.128120       55.427078       41.128120
  Au        41.128120       55.427078       45.213539
  Au        41.128120       55.427078       49.298950
  Au        41.128120       55.427078       53.384369
  Au        41.128120       55.427078       57.469791
  Au        41.128120       55.427078       61.555199
  Au        41.128120       55.427078       65.640617
  Au        41.128120       59.512501       37.042709
  Au        41.128120       59.512501       41.128120
  Au        41.128120       59.512501       45.213539
  Au        41.128120       59.512501       49.298950
  Au        41.128120       59.512501       53.384369
  Au        41.128120       59.512501       57.469791
  Au        41.128120       59.512501       61.555199
  Au        41.128120       59.512501       65.640617
  Au        41.128120       63.597912       37.042709
  Au        41.128120       63.597912       41.128120
  Au        41.128120       63.597912       45.213539
  Au        41.128120       63.597912       49.298950
  Au        41.128120       63.597912       53.384369
  Au        41.128120       63.597912       57.469791
  Au        41.128120       63.597912       61.555199
  Au        41.128120       63.597912       65.640617
  Au        45.213539       35.000000       37.042709
  Au        45.213539       67.683327       37.042709
  Au        45.213539       35.000000       41.128120
  Au        45.213539       67.683327       41.128120
  Au        45.213539       35.000000       45.213539
  Au        45.213539       67.683327       45.213539
  Au        45.213539       35.000000       49.298950
  Au        45.213539       67.683327       49.298950
  Au        45.213539       35.000000       53.384369
  Au        45.213539       67.683327       53.384369
  Au        45.213539       35.000000       57.469791
  Au        45.213539       67.683327       57.469791
  Au        45.213539       35.000000       61.555199
  Au        45.213539       67.683327       61.555199
  Au        45.213539       35.000000       65.640617
  Au        45.213539       67.683327       65.640617
  Au        45.213539       39.085411       37.042709
  Au        45.213539       39.085411       41.128120
  Au        45.213539       39.085411       45.213539
  Au        45.213539       39.085411       49.298950
  Au        45.213539       39.085411       53.384369
  Au        45.213539       39.085411       57.469791
  Au        45.213539       39.085411       61.555199
  Au        45.213539       39.085411       65.640617
  Au        45.213539       43.170830       37.042709
  Au        45.213539       43.170830       41.128120
  Au        45.213539       43.170830       45.213539
  Au        45.213539       43.170830       49.298950
  Au        45.213539       43.170830       53.384369
  Au        45.213539       43.170830       57.469791
  Au        45.213539       43.170830       61.555199
  Au        45.213539       43.170830       65.640617
  Au        45.213539       47.256248       37.042709
  Au        45.213539       47.256248       41.128120
  Au        45.213539       47.256248       45.213539
  Au        45.213539       47.256248       49.298950
  Au        45.213539       47.256248       53.384369
  Au        45.213539       47.256248       57.469791
  Au        45.213539       47.256248       61.555199
  Au        45.213539       47.256248       65.640617
  Au        45.213539       51.341660       37.042709
  Au        45.213539       51.341660       41.128120
  Au        45.213539       51.341660       45.213539
  Au        45.213539       51.341660       49.298950
  Au        45.213539       51.341660       53.384369
  Au        45.213539       51.341660       57.469791
  Au        45.213539       51.341660       61.555199
  Au        45.213539       51.341660       65.640617
  Au        45.213539       55.427078       37.042709
  Au        45.213539       55.427078       41.128120
  Au        45.213539       55.427078       45.213539
  Au        45.213539       55.427078       49.298950
  Au        45.213539       55.427078       53.384369
  Au        45.213539       55.427078       57.469791
  Au        45.213539       55.427078       61.555199
  Au        45.213539       55.427078       65.640617
  Au        45.213539       59.512501       37.042709
  Au        45.213539       59.512501       41.128120
  Au        45.213539       59.512501       45.213539
  Au        45.213539       59.512501       49.298950
  Au        45.213539       59.512501       53.384369
  Au        45.213539       59.512501       57.469791
  Au        45.213539       59.512501       61.555199
  Au        45.213539       59.512501       65.640617
  Au        45.213539       63.597912       37.042709
  Au        45.213539       63.597912       41.128120
  Au        45.213539       63.597912       45.213539
  Au        45.213539       63.597912       49.298950
  Au        45.213539       63.597912       53.384369
  Au        45.213539       63.597912       57.469791
  Au        45.213539       63.597912       61.555199
  Au        45.213539       63.597912       65.640617
  Au        49.298950       35.000000       37.042709
  Au        49.298950       67.683327       37.042709
  Au        49.298950       35.000000       41.128120
  Au        49.298950       67.683327       41.128120
  Au        49.298950       35.000000       45.213539
  Au        49.298950       67.683327       45.213539
  Au        49.298950       35.000000       49.298950
  Au        49.298950       67.683327       49.298950
  Au        49.298950       35.000000       53.384369
  Au        49.298950       67.683327       53.384369
  Au        49.298950       35.000000       57.469791
  Au        49.298950       67.683327       57.469791
  Au        49.298950       35.000000       61.555199
  Au        49.298950       67.683327       61.555199
  Au        49.298950       35.000000       65.640617
  Au        49.298950       67.683327       65.640617
  Au        49.298950       39.085411       37.042709
  Au        49.298950       39.085411       41.128120
  Au        49.298950       39.085411       45.213539
  Au        49.298950       39.085411       49.298950
  Au        49.298950       39.085411       53.384369
  Au        49.298950       39.085411       57.469791
  Au        49.298950       39.085411       61.555199
  Au        49.298950       39.085411       65.640617
  Au        49.298950       43.170830       37.042709
  Au        49.298950       43.170830       41.128120
  Au        49.298950       43.170830       45.213539
  Au        49.298950       43.170830       49.298950
  Au        49.298950       43.170830       53.384369
  Au        49.298950       43.170830       57.469791
  Au        49.298950       43.170830       61.555199
  Au        49.298950       43.170830       65.640617
  Au        49.298950       47.256248       37.042709
  Au        49.298950       47.256248       41.128120
  Au        49.298950       47.256248       45.213539
  Au        49.298950       47.256248       49.298950
  Au        49.298950       47.256248       53.384369
  Au        49.298950       47.256248       57.469791
  Au        49.298950       47.256248       61.555199
  Au        49.298950       47.256248       65.640617
  Au        49.298950       51.341660       37.042709
  Au        49.298950       51.341660       41.128120
  Au        49.298950       51.341660       45.213539
  Au        49.298950       51.341660       49.298950
  Au        49.298950       51.341660       53.384369
  Au        49.298950       51.341660       57.469791
  Au        49.298950       51.341660       61.555199
  Au        49.298950       51.341660       65.640617
  Au        49.298950       55.427078       37.042709
  Au        49.298950       55.427078       41.128120
  Au        49.298950       55.427078       45.213539
  Au        49.298950       55.427078       49.298950
  Au        49.298950       55.427078       53.384369
  Au        49.298950       55.427078       57.469791
  Au        49.298950       55.427078       61.555199
  Au        49.298950       55.427078       65.640617
  Au        49.298950       59.512501       37.042709
  Au        49.298950       59.512501       41.128120
  Au        49.298950       59.512501       45.213539
  Au        49.298950       59.512501       49.298950
  Au        49.298950       59.512501       53.384369
  Au        49.298950       59.512501       57.469791
  Au        49.298950       59.512501       61.555199
  Au        49.298950       59.512501       65.640617
  Au        49.298950       63.597912       37.042709
  Au        49.298950       63.597912       41.128120
  Au        49.298950       63.597912       45.213539
  Au        49.298950       63.597912       49.298950
  Au        49.298950       63.597912       53.384369
  Au        49.298950       63.597912       57.469791
  Au        49.298950       63.597912       61.555199
  Au        49.298950       63.597912       65.640617
  Au        53.384369       35.000000       37.042709
  Au        53.384369       67.683327       37.042709
  Au        53.384369       35.000000       41.128120
  Au        53.384369       67.683327       41.128120
  Au        53.384369       35.000000       45.213539
  Au        53.384369       67.683327       45.213539
  Au        53.384369       35.000000       49.298950
  Au        53.384369       67.683327       49.298950
  Au        53.384369       35.000000       53.384369
  Au        53.384369       67.683327       53.384369
  Au        53.384369       35.000000       57.469791
  Au        53.384369       67.683327       57.469791
  Au        53.384369       35.000000       61.555199
  Au        53.384369       67.683327       61.555199
  Au        53.384369       35.000000       65.640617
  Au        53.384369       67.683327       65.640617
  Au        53.384369       39.085411       37.042709
  Au        53.384369       39.085411       41.128120
  Au        53.384369       39.085411       45.213539
  Au        53.384369       39.085411       49.298950
  Au        53.384369       39.085411       53.384369
  Au        53.384369       39.085411       57.469791
  Au        53.384369       39.085411       61.555199
  Au        53.384369       39.085411       65.640617
  Au        53.384369       43.170830       37.042709
  Au        53.384369       43.170830       41.128120
  Au        53.384369       43.170830       45.213539
  Au        53.384369       43.170830       49.298950
  Au        53.384369       43.170830       53.384369
  Au        53.384369       43.170830       57.469791
  Au        53.384369       43.170830       61.555199
  Au        53.384369       43.170830       65.640617
  Au        53.384369       47.256248       37.042709
  Au        53.384369       47.256248       41.128120
  Au        53.384369       47.256248       45.213539
  Au        53.384369       47.256248       49.298950
  Au        53.384369       47.256248       53.384369
  Au        53.384369       47.256248       57.469791
  Au        53.384369       47.256248       61.555199
  Au        53.384369       47.256248       65.640617
  Au        53.384369       51.341660       37.042709
  Au        53.384369       51.341660       41.128120
  Au        53.384369       51.341660       45.213539
  Au        53.384369       51.341660       49.298950
  Au        53.384369       51.341660       53.384369
  Au        53.384369       51.341660       57.469791
  Au        53.384369       51.341660       61.555199
  Au        53.384369       51.341660       65.640617
  Au        53.384369       55.427078       37.042709
  Au        53.384369       55.427078       41.128120
  Au        53.384369       55.427078       45.213539
  Au        53.384369       55.427078       49.298950
  Au        53.384369       55.427078       53.384369
  Au        53.384369       55.427078       57.469791
  Au        53.384369       55.427078       61.555199
  Au        53.384369       55.427078       65.640617
  Au        53.384369       59.512501       37.042709
  Au        53.384369       59.512501       41.128120
  Au        53.384369       59.512501       45.213539
  Au        53.384369       59.512501       49.298950
  Au        53.384369       59.512501       53.384369
  Au        53.384369       59.512501       57.469791
  Au        53.384369       59.512501       61.555199
  Au        53.384369       59.512501       65.640617
  Au        53.384369       63.597912       37.042709
  Au        53.384369       63.597912       41.128120
  Au        53.384369       63.597912       45.213539
  Au        53.384369       63.597912       49.298950
  Au        53.384369       63.597912       53.384369
  Au        53.384369       63.597912       57.469791
  Au        53.384369       63.597912       61.555199
  Au        53.384369       63.597912       65.640617
  Au        57.469791       35.000000       37.042709
  Au        57.469791       67.683327       37.042709
  Au        57.469791       35.000000       41.128120
  Au        57.469791       67.683327       41.128120
  Au        57.469791       35.000000       45.213539
  Au        57.469791       67.683327       45.213539
  Au        57.469791       35.000000       49.298950
  Au        57.469791       67.683327       49.298950
  Au        57.469791       35.000000       53.384369
  Au        57.469791       67.683327       53.384369
  Au        57.469791       35.000000       57.469791
  Au        57.469791       67.683327       57.469791
  Au        57.469791       35.000000       61.555199
  Au        57.469791       67.683327       61.555199
  Au        57.469791       35.000000       65.640617
  Au        57.469791       67.683327       65.640617
  Au        57.469791       39.085411       37.042709
  Au        57.469791       39.085411       41.128120
  Au        57.469791       39.085411       45.213539
  Au        57.469791       39.085411       49.298950
  Au        57.469791       39.085411       53.384369
  Au        57.469791       39.085411       57.469791
  Au        57.469791       39.085411       61.555199
  Au        57.469791       39.085411       65.640617
  Au        57.469791       43.170830       37.042709
  Au        57.469791       43.170830       41.128120
  Au        57.469791       43.170830       45.213539
  Au        57.469791       43.170830       49.298950
  Au        57.469791       43.170830       53.384369
  Au        57.469791       43.170830       57.469791
  Au        57.469791       43.170830       61.555199
  Au        57.469791       43.170830       65.640617
  Au        57.469791       47.256248       37.042709
  Au        57.469791       47.256248       41.128120
  Au        57.469791       47.256248       45.213539
  Au        57.469791       47.256248       49.298950
  Au        57.469791       47.256248       53.384369
  Au        57.469791       47.256248       57.469791
  Au        57.469791       47.256248       61.555199
  Au        57.469791       47.256248       65.640617
  Au        57.469791       51.341660       37.042709
  Au        57.469791       51.341660       41.128120
  Au        57.469791       51.341660       45.213539
  Au        57.469791       51.341660       49.298950
  Au        57.469791       51.341660       53.384369
  Au        57.469791       51.341660       57.469791
  Au        57.469791       51.341660       61.555199
  Au        57.469791       51.341660       65.640617
  Au        57.469791       55.427078       37.042709
  Au        57.469791       55.427078       41.128120
  Au        57.469791       55.427078       45.213539
  Au        57.469791       55.427078       49.298950
  Au        57.469791       55.427078       53.384369
  Au        57.469791       55.427078       57.469791
  Au        57.469791       55.427078       61.555199
  Au        57.469791       55.427078       65.640617
  Au        57.469791       59.512501       37.042709
  Au        57.469791       59.512501       41.128120
  Au        57.469791       59.512501       45.213539
  Au        57.469791       59.512501       49.298950
  Au        57.469791       59.512501       53.384369
  Au        57.469791       59.512501       57.469791
  Au        57.469791       59.512501       61.555199
  Au        57.469791       59.512501       65.640617
  Au        57.469791       63.597912       37.042709
  Au        57.469791       63.597912       41.128120
  Au        57.469791       63.597912       45.213539
  Au        57.469791       63.597912       49.298950
  Au        57.469791       63.597912       53.384369
  Au        57.469791       63.597912       57.469791
  Au        57.469791       63.597912       61.555199
  Au        57.469791       63.597912       65.640617
  Au        61.555199       35.000000       37.042709
  Au        61.555199       67.683327       37.042709
  Au        61.555199       35.000000       41.128120
  Au        61.555199       67.683327       41.128120
  Au        61.555199       35.000000       45.213539
  Au        61.555199       67.683327       45.213539
  Au        61.555199       35.000000       49.298950
  Au        61.555199       67.683327       49.298950
  Au        61.555199       35.000000       53.384369
  Au        61.555199       67.683327       53.384369
  Au        61.555199       35.000000       57.469791
  Au        61.555199       67.683327       57.469791
  Au        61.555199       35.000000       61.555199
  Au        61.555199       67.683327       61.555199
  Au        61.555199       35.000000       65.640617
  Au        61.555199       67.683327       65.640617
  Au        61.555199       39.085411       37.042709
  Au        61.555199       39.085411       41.128120
  Au        61.555199       39.085411       45.213539
  Au        61.555199       39.085411       49.298950
  Au        61.555199       39.085411       53.384369
  Au        61.555199       39.085411       57.469791
  Au        61.555199       39.085411       61.555199
  Au        61.555199       39.085411       65.640617
  Au        61.555199       43.170830       37.042709
  Au        61.555199       43.170830       41.128120
  Au        61.555199       43.170830       45.213539
  Au        61.555199       43.170830       49.298950
  Au        61.555199       43.170830       53.384369
  Au        61.555199       43.170830       57.469791
  Au        61.555199       43.170830       61.555199
  Au        61.555199       43.170830       65.640617
  Au        61.555199       47.256248       37.042709
  Au        61.555199       47.256248       41.128120
  Au        61.555199       47.256248       45.213539
  Au        61.555199       47.256248       49.298950
  Au        61.555199       47.256248       53.384369
  Au        61.555199       47.256248       57.469791
  Au        61.555199       47.256248       61.555199
  Au        61.555199       47.256248       65.640617
  Au        61.555199       51.341660       37.042709
  Au        61.555199       51.341660       41.128120
  Au        61.555199       51.341660       45.213539
  Au        61.555199       51.341660       49.298950
  Au        61.555199       51.341660       53.384369
  Au        61.555199       51.341660       57.469791
  Au        61.555199       51.341660       61.555199
  Au        61.555199       51.341660       65.640617
  Au        61.555199       55.427078       37.042709
  Au        61.555199       55.427078       41.128120
  Au        61.555199       55.427078       45.213539
  Au        61.555199       55.427078       49.298950
  Au        61.555199       55.427078       53.384369
  Au        61.555199       55.427078       57.469791
  Au        61.555199       55.427078       61.555199
  Au        61.555199       55.427078       65.640617
  Au        61.555199       59.512501       37.042709
  Au        61.555199       59.512501       41.128120
  Au        61.555199       59.512501       45.213539
  Au        61.555199       59.512501       49.298950
  Au        61.555199       59.512501       53.384369
  Au        61.555199       59.512501       57.469791
  Au        61.555199       59.512501       61.555199
  Au        61.555199       59.512501       65.640617
  Au        61.555199       63.597912       37.042709
  Au        61.555199       63.597912       41.128120
  Au        61.555199       63.597912       45.213539
  Au        61.555199       63.597912       49.298950
  Au        61.555199       63.597912       53.384369
  Au        61.555199       63.597912       57.469791
  Au        61.555199       63.597912       61.555199
  Au        61.555199       63.597912       65.640617
  Au        65.640617       35.000000       37.042709
  Au        65.640617       67.683327       37.042709
  Au        65.640617       35.000000       41.128120
  Au        65.640617       67.683327       41.128120
  Au        65.640617       35.000000       45.213539
  Au        65.640617       67.683327       45.213539
  Au        65.640617       35.000000       49.298950
  Au        65.640617       67.683327       49.298950
  Au        65.640617       35.000000       53.384369
  Au        65.640617       67.683327       53.384369
  Au        65.640617       35.000000       57.469791
  Au        65.640617       67.683327       57.469791
  Au        65.640617       35.000000       61.555199
  Au        65.640617       67.683327       61.555199
  Au        65.640617       35.000000       65.640617
  Au        65.640617       67.683327       65.640617
  Au        65.640617       39.085411       37.042709
  Au        65.640617       39.085411       41.128120
  Au        65.640617       39.085411       45.213539
  Au        65.640617       39.085411       49.298950
  Au        65.640617       39.085411       53.384369
  Au        65.640617       39.085411       57.469791
  Au        65.640617       39.085411       61.555199
  Au        65.640617       39.085411       65.640617
  Au        65.640617       43.170830       37.042709
  Au        65.640617       43.170830       41.128120
  Au        65.640617       43.170830       45.213539
  Au        65.640617       43.170830       49.298950
  Au        65.640617       43.170830       53.384369
  Au        65.640617       43.170830       57.469791
  Au        65.640617       43.170830       61.555199
  Au        65.640617       43.170830       65.640617
  Au        65.640617       47.256248       37.042709
  Au        65.640617       47.256248       41.128120
  Au        65.640617       47.256248       45.213539
  Au        65.640617       47.256248       49.298950
  Au        65.640617       47.256248       53.384369
  Au        65.640617       47.256248       57.469791
  Au        65.640617       47.256248       61.555199
  Au        65.640617       47.256248       65.640617
  Au        65.640617       51.341660       37.042709
  Au        65.640617       51.341660       41.128120
  Au        65.640617       51.341660       45.213539
  Au        65.640617       51.341660       49.298950
  Au        65.640617       51.341660       53.384369
  Au        65.640617       51.341660       57.469791
  Au        65.640617       51.341660       61.555199
  Au        65.640617       51.341660       65.640617
  Au        65.640617       55.427078       37.042709
  Au        65.640617       55.427078       41.128120
  Au        65.640617       55.427078       45.213539
  Au        65.640617       55.427078       49.298950
  Au        65.640617       55.427078       53.384369
  Au        65.640617       55.427078       57.469791
  Au        65.640617       55.427078       61.555199
  Au        65.640617       55.427078       65.640617
  Au        65.640617       59.512501       37.042709
  Au        65.640617       59.512501       41.128120
  Au        65.640617       59.512501       45.213539
  Au        65.640617       59.512501       49.298950
  Au        65.640617       59.512501       53.384369
  Au        65.640617       59.512501       57.469791
  Au        65.640617       59.512501       61.555199
  Au        65.640617       59.512501       65.640617
  Au        65.640617       63.597912       37.042709
  Au        65.640617       63.597912       41.128120
  Au        65.640617       63.597912       45.213539
  Au        65.640617       63.597912       49.298950
  Au        65.640617       63.597912       53.384369
  Au        65.640617       63.597912       57.469791
  Au        65.640617       63.597912       61.555199
  Au        65.640617       63.597912       65.640617
  Au        37.042709       37.042709       35.000000
  Au        37.042709       37.042709       67.683327
  Au        37.042709       37.042709       39.085411
  Au        37.042709       37.042709       43.170830
  Au        37.042709       37.042709       47.256248
  Au        37.042709       37.042709       51.341660
  Au        37.042709       37.042709       55.427078
  Au        37.042709       37.042709       59.512501
  Au        37.042709       37.042709       63.597912
  Au        37.042709       41.128120       35.000000
  Au        37.042709       41.128120       67.683327
  Au        37.042709       41.128120       39.085411
  Au        37.042709       41.128120       43.170830
  Au        37.042709       41.128120       47.256248
  Au        37.042709       41.128120       51.341660
  Au        37.042709       41.128120       55.427078
  Au        37.042709       41.128120       59.512501
  Au        37.042709       41.128120       63.597912
  Au        37.042709       45.213539       35.000000
  Au        37.042709       45.213539       67.683327
  Au        37.042709       45.213539       39.085411
  Au        37.042709       45.213539       43.170830
  Au        37.042709       45.213539       47.256248
  Au        37.042709       45.213539       51.341660
  Au        37.042709       45.213539       55.427078
  Au        37.042709       45.213539       59.512501
  Au        37.042709       45.213539       63.597912
  Au        37.042709       49.298950       35.000000
  Au        37.042709       49.298950       67.683327
  Au        37.042709       49.298950       39.085411
  Au        37.042709       49.298950       43.170830
  Au        37.042709       49.298950       47.256248
  Au        37.042709       49.298950       51.341660
  Au        37.042709       49.298950       55.427078
  Au        37.042709       49.298950       59.512501
  Au        37.042709       49.298950       63.597912
  Au        37.042709       53.384369       35.000000
  Au        37.042709       53.384369       67.683327
  Au        37.042709       53.384369       39.085411
  Au        37.042709       53.384369       43.170830
  Au        37.042709       53.384369       47.256248
  Au        37.042709       53.384369       51.341660
  Au        37.042709       53.384369       55.427078
  Au        37.042709       53.384369       59.512501
  Au        37.042709       53.384369       63.597912
  Au        37.042709       57.469791       35.000000
  Au        37.042709       57.469791       67.683327
  Au        37.042709       57.469791       39.085411
  Au        37.042709       57.469791       43.170830
  Au        37.042709       57.469791       47.256248
  Au        37.042709       57.469791       51.341660
  Au        37.042709       57.469791       55.427078
  Au        37.042709       57.469791       59.512501
  Au        37.042709       57.469791       63.597912
  Au        37.042709       61.555199       35.000000
  Au        37.042709       61.555199       67.683327
  Au        37.042709       61.555199       39.085411
  Au        37.042709       61.555199       43.170830
  Au        37.042709       61.555199       47.256248
  Au        37.042709       61.555199       51.341660
  Au        37.042709       61.555199       55.427078
  Au        37.042709       61.555199       59.512501
  Au        37.042709       61.555199       63.597912
  Au        37.042709       65.640617       35.000000
  Au        37.042709       65.640617       67.683327
  Au        37.042709       65.640617       39.085411
  Au        37.042709       65.640617       43.170830
  Au        37.042709       65.640617       47.256248
  Au        37.042709       65.640617       51.341660
  Au        37.042709       65.640617       55.427078
  Au        37.042709       65.640617       59.512501
  Au        37.042709       65.640617       63.597912
  Au        41.128120       37.042709       35.000000
  Au        41.128120       37.042709       67.683327
  Au        41.128120       37.042709       39.085411
  Au        41.128120       37.042709       43.170830
  Au        41.128120       37.042709       47.256248
  Au        41.128120       37.042709       51.341660
  Au        41.128120       37.042709       55.427078
  Au        41.128120       37.042709       59.512501
  Au        41.128120       37.042709       63.597912
  Au        41.128120       41.128120       35.000000
  Au        41.128120       41.128120       67.683327
  Au        41.128120       41.128120       39.085411
  Au        41.128120       41.128120       43.170830
  Au        41.128120       41.128120       47.256248
  Au        41.128120       41.128120       51.341660
  Au        41.128120       41.128120       55.427078
  Au        41.128120       41.128120       59.512501
  Au        41.128120       41.128120       63.597912
  Au        41.128120       45.213539       35.000000
  Au        41.128120       45.213539       67.683327
  Au        41.128120       45.213539       39.085411
  Au        41.128120       45.213539       43.170830
  Au        41.128120       45.213539       47.256248
  Au        41.128120       45.213539       51.341660
  Au        41.128120       45.213539       55.427078
  Au        41.128120       45.213539       59.512501
  Au        41.128120       45.213539       63.597912
  Au        41.128120       49.298950       35.000000
  Au        41.128120       49.298950       67.683327
  Au        41.128120       49.298950       39.085411
  Au        41.128120       49.298950       43.170830
  Au        41.128120       49.298950       47.256248
  Au        41.128120       49.298950       51.341660
  Au        41.128120       49.298950       55.427078
  Au        41.128120       49.298950       59.512501
  Au        41.128120       49.298950       63.597912
  Au        41.128120       53.384369       35.000000
  Au        41.128120       53.384369       67.683327
  Au        41.128120       53.384369       39.085411
  Au        41.128120       53.384369       43.170830
  Au        41.128120       53.384369       47.256248
  Au        41.128120       53.384369       51.341660
  Au        41.128120       53.384369       55.427078
  Au        41.128120       53.384369       59.512501
  Au        41.128120       53.384369       63.597912
  Au        41.128120       57.469791       35.000000
  Au        41.128120       57.469791       67.683327
  Au        41.128120       57.469791       39.085411
  Au        41.128120       57.469791       43.170830
  Au        41.128120       57.469791       47.256248
  Au        41.128120       57.469791       51.341660
  Au        41.128120       57.469791       55.427078
  Au        41.128120       57.469791       59.512501
  Au        41.128120       57.469791       63.597912
  Au        41.128120       61.555199       35.000000
  Au        41.128120       61.555199       67.683327
  Au        41.128120       61.555199       39.085411
  Au        41.128120       61.555199       43.170830
  Au        41.128120       61.555199       47.256248
  Au        41.128120       61.555199       51.341660
  Au        41.128120       61.555199       55.427078
  Au        41.128120       61.555199       59.512501
  Au        41.128120       61.555199       63.597912
  Au        41.128120       65.640617       35.000000
  Au        41.128120       65.640617       67.683327
  Au        41.128120       65.640617       39.085411
  Au        41.128120       65.640617       43.170830
  Au        41.128120       65.640617       47.256248
  Au        41.128120       65.640617       51.341660
  Au        41.128120       65.640617       55.427078
  Au        41.128120       65.640617       59.512501
  Au        41.128120       65.640617       63.597912
  Au        45.213539       37.042709       35.000000
  Au        45.213539       37.042709       67.683327
  Au        45.213539       37.042709       39.085411
  Au        45.213539       37.042709       43.170830
  Au        45.213539       37.042709       47.256248
  Au        45.213539       37.042709       51.341660
  Au        45.213539       37.042709       55.427078
  Au        45.213539       37.042709       59.512501
  Au        45.213539       37.042709       63.597912
  Au        45.213539       41.128120       35.000000
  Au        45.213539       41.128120       67.683327
  Au        45.213539       41.128120       39.085411
  Au        45.213539       41.128120       43.170830
  Au        45.213539       41.128120       47.256248
  Au        45.213539       41.128120       51.341660
  Au        45.213539       41.128120       55.427078
  Au        45.213539       41.128120       59.512501
  Au        45.213539       41.128120       63.597912
  Au        45.213539       45.213539       35.000000
  Au        45.213539       45.213539       67.683327
  Au        45.213539       45.213539       39.085411
  Au        45.213539       45.213539       43.170830
  Au        45.213539       45.213539       47.256248
  Au        45.213539       45.213539       51.341660
  Au        45.213539       45.213539       55.427078
  Au        45.213539       45.213539       59.512501
  Au        45.213539       45.213539       63.597912
  Au        45.213539       49.298950       35.000000
  Au        45.213539       49.298950       67.683327
  Au        45.213539       49.298950       39.085411
  Au        45.213539       49.298950       43.170830
  Au        45.213539       49.298950       47.256248
  Au        45.213539       49.298950       51.341660
  Au        45.213539       49.298950       55.427078
  Au        45.213539       49.298950       59.512501
  Au        45.213539       49.298950       63.597912
  Au        45.213539       53.384369       35.000000
  Au        45.213539       53.384369       67.683327
  Au        45.213539       53.384369       39.085411
  Au        45.213539       53.384369       43.170830
  Au        45.213539       53.384369       47.256248
  Au        45.213539       53.384369       51.341660
  Au        45.213539       53.384369       55.427078
  Au        45.213539       53.384369       59.512501
  Au        45.213539       53.384369       63.597912
  Au        45.213539       57.469791       35.000000
  Au        45.213539       57.469791       67.683327
  Au        45.213539       57.469791       39.085411
  Au        45.213539       57.469791       43.170830
  Au        45.213539       57.469791       47.256248
  Au        45.213539       57.469791       51.341660
  Au        45.213539       57.469791       55.427078
  Au        45.213539       57.469791       59.512501
  Au        45.213539       57.469791       63.597912
  Au        45.213539       61.555199       35.000000
  Au        45.213539       61.555199       67.683327
  Au        45.213539       61.555199       39.085411
  Au        45.213539       61.555199       43.170830
  Au        45.213539       61.555199       47.256248
  Au        45.213539       61.555199       51.341660
  Au        45.213539       61.555199       55.427078
  Au        45.213539       61.555199       59.512501
  Au        45.213539       61.555199       63.597912
  Au        45.213539       65.640617       35.000000
  Au        45.213539       65.640617       67.683327
  Au        45.213539       65.640617       39.085411
  Au        45.213539       65.640617       43.170830
  Au        45.213539       65.640617       47.256248
  Au        45.213539       65.640617       51.341660
  Au        45.213539       65.640617       55.427078
  Au        45.213539       65.640617       59.512501
  Au        45.213539       65.640617       63.597912
  Au        49.298950       37.042709       35.000000
  Au        49.298950       37.042709       67.683327
  Au        49.298950       37.042709       39.085411
  Au        49.298950       37.042709       43.170830
  Au        49.298950       37.042709       47.256248
  Au        49.298950       37.042709       51.341660
  Au        49.298950       37.042709       55.427078
  Au        49.298950       37.042709       59.512501
  Au        49.298950       37.042709       63.597912
  Au        49.298950       41.128120       35.000000
  Au        49.298950       41.128120       67.683327
  Au        49.298950       41.128120       39.085411
  Au        49.298950       41.128120       43.170830
  Au        49.298950       41.128120       47.256248
  Au        49.298950       41.128120       51.341660
  Au        49.298950       41.128120       55.427078
  Au        49.298950       41.128120       59.512501
  Au        49.298950       41.128120       63.597912
  Au        49.298950       45.213539       35.000000
  Au        49.298950       45.213539       67.683327
  Au        49.298950       45.213539       39.085411
  Au        49.298950       45.213539       43.170830
  Au        49.298950       45.213539       47.256248
  Au        49.298950       45.213539       51.341660
  Au        49.298950       45.213539       55.427078
  Au        49.298950       45.213539       59.512501
  Au        49.298950       45.213539       63.597912
  Au        49.298950       49.298950       35.000000
  Au        49.298950       49.298950       67.683327
  Au        49.298950       49.298950       39.085411
  Au        49.298950       49.298950       43.170830
  Au        49.298950       49.298950       47.256248
  Au        49.298950       49.298950       51.341660
  Au        49.298950       49.298950       55.427078
  Au        49.298950       49.298950       59.512501
  Au        49.298950       49.298950       63.597912
  Au        49.298950       53.384369       35.000000
  Au        49.298950       53.384369       67.683327
  Au        49.298950       53.384369       39.085411
  Au        49.298950       53.384369       43.170830
  Au        49.298950       53.384369       47.256248
  Au        49.298950       53.384369       51.341660
  Au        49.298950       53.384369       55.427078
  Au        49.298950       53.384369       59.512501
  Au        49.298950       53.384369       63.597912
  Au        49.298950       57.469791       35.000000
  Au        49.298950       57.469791       67.683327
  Au        49.298950       57.469791       39.085411
  Au        49.298950       57.469791       43.170830
  Au        49.298950       57.469791       47.256248
  Au        49.298950       57.469791       51.341660
  Au        49.298950       57.469791       55.427078
  Au        49.298950       57.469791       59.512501
  Au        49.298950       57.469791       63.597912
  Au        49.298950       61.555199       35.000000
  Au        49.298950       61.555199       67.683327
  Au        49.298950       61.555199       39.085411
  Au        49.298950       61.555199       43.170830
  Au        49.298950       61.555199       47.256248
  Au        49.298950       61.555199       51.341660
  Au        49.298950       61.555199       55.427078
  Au        49.298950       61.555199       59.512501
  Au        49.298950       61.555199       63.597912
  Au        49.298950       65.640617       35.000000
  Au        49.298950       65.640617       67.683327
  Au        49.298950       65.640617       39.085411
  Au        49.298950       65.640617       43.170830
  Au        49.298950       65.640617       47.256248
  Au        49.298950       65.640617       51.341660
  Au        49.298950       65.640617       55.427078
  Au        49.298950       65.640617       59.512501
  Au        49.298950       65.640617       63.597912
  Au        53.384369       37.042709       35.000000
  Au        53.384369       37.042709       67.683327
  Au        53.384369       37.042709       39.085411
  Au        53.384369       37.042709       43.170830
  Au        53.384369       37.042709       47.256248
  Au        53.384369       37.042709       51.341660
  Au        53.384369       37.042709       55.427078
  Au        53.384369       37.042709       59.512501
  Au        53.384369       37.042709       63.597912
  Au        53.384369       41.128120       35.000000
  Au        53.384369       41.128120       67.683327
  Au        53.384369       41.128120       39.085411
  Au        53.384369       41.128120       43.170830
  Au        53.384369       41.128120       47.256248
  Au        53.384369       41.128120       51.341660
  Au        53.384369       41.128120       55.427078
  Au        53.384369       41.128120       59.512501
  Au        53.384369       41.128120       63.597912
  Au        53.384369       45.213539       35.000000
  Au        53.384369       45.213539       67.683327
  Au        53.384369       45.213539       39.085411
  Au        53.384369       45.213539       43.170830
  Au        53.384369       45.213539       47.256248
  Au        53.384369       45.213539       51.341660
  Au        53.384369       45.213539       55.427078
  Au        53.384369       45.213539       59.512501
  Au        53.384369       45.213539       63.597912
  Au        53.384369       49.298950       35.000000
  Au        53.384369       49.298950       67.683327
  Au        53.384369       49.298950       39.085411
  Au        53.384369       49.298950       43.170830
  Au        53.384369       49.298950       47.256248
  Au        53.384369       49.298950       51.341660
  Au        53.384369       49.298950       55.427078
  Au        53.384369       49.298950       59.512501
  Au        53.384369       49.298950       63.597912
  Au        53.384369       53.384369       35.000000
  Au        53.384369       53.384369       67.683327
  Au        53.384369       53.384369       39.085411
  Au        53.384369       53.384369       43.170830
  Au        53.384369       53.384369       47.256248
  Au        53.384369       53.384369       51.341660
  Au        53.384369       53.384369       55.427078
  Au        53.384369       53.384369       59.512501
  Au        53.384369       53.384369       63.597912
  Au        53.384369       57.469791       35.000000
  Au        53.384369       57.469791       67.683327
  Au        53.384369       57.469791       39.085411
  Au        53.384369       57.469791       43.170830
  Au        53.384369       57.469791       47.256248
  Au        53.384369       57.469791       51.341660
  Au        53.384369       57.469791       55.427078
  Au        53.384369       57.469791       59.512501
  Au        53.384369       57.469791       63.597912
  Au        53.384369       61.555199       35.000000
  Au        53.384369       61.555199       67.683327
  Au        53.384369       61.555199       39.085411
  Au        53.384369       61.555199       43.170830
  Au        53.384369       61.555199       47.256248
  Au        53.384369       61.555199       51.341660
  Au        53.384369       61.555199       55.427078
  Au        53.384369       61.555199       59.512501
  Au        53.384369       61.555199       63.597912
  Au        53.384369       65.640617       35.000000
  Au        53.384369       65.640617       67.683327
  Au        53.384369       65.640617       39.085411
  Au        53.384369       65.640617       43.170830
  Au        53.384369       65.640617       47.256248
  Au        53.384369       65.640617       51.341660
  Au        53.384369       65.640617       55.427078
  Au        53.384369       65.640617       59.512501
  Au        53.384369       65.640617       63.597912
  Au        57.469791       37.042709       35.000000
  Au        57.469791       37.042709       67.683327
  Au        57.469791       37.042709       39.085411
  Au        57.469791       37.042709       43.170830
  Au        57.469791       37.042709       47.256248
  Au        57.469791       37.042709       51.341660
  Au        57.469791       37.042709       55.427078
  Au        57.469791       37.042709       59.512501
  Au        57.469791       37.042709       63.597912
  Au        57.469791       41.128120       35.000000
  Au        57.469791       41.128120       67.683327
  Au        57.469791       41.128120       39.085411
  Au        57.469791       41.128120       43.170830
  Au        57.469791       41.128120       47.256248
  Au        57.469791       41.128120       51.341660
  Au        57.469791       41.128120       55.427078
  Au        57.469791       41.128120       59.512501
  Au        57.469791       41.128120       63.597912
  Au        57.469791       45.213539       35.000000
  Au        57.469791       45.213539       67.683327
  Au        57.469791       45.213539       39.085411
  Au        57.469791       45.213539       43.170830
  Au        57.469791       45.213539       47.256248
  Au        57.469791       45.213539       51.341660
  Au        57.469791       45.213539       55.427078
  Au        57.469791       45.213539       59.512501
  Au        57.469791       45.213539       63.597912
  Au        57.469791       49.298950       35.000000
  Au        57.469791       49.298950       67.683327
  Au        57.469791       49.298950       39.085411
  Au        57.469791       49.298950       43.170830
  Au        57.469791       49.298950       47.256248
  Au        57.469791       49.298950       51.341660
  Au        57.469791       49.298950       55.427078
  Au        57.469791       49.298950       59.512501
  Au        57.469791       49.298950       63.597912
  Au        57.469791       53.384369       35.000000
  Au        57.469791       53.384369       67.683327
  Au        57.469791       53.384369       39.085411
  Au        57.469791       53.384369       43.170830
  Au        57.469791       53.384369       47.256248
  Au        57.469791       53.384369       51.341660
  Au        57.469791       53.384369       55.427078
  Au        57.469791       53.384369       59.512501
  Au        57.469791       53.384369       63.597912
  Au        57.469791       57.469791       35.000000
  Au        57.469791       57.469791       67.683327
  Au        57.469791       57.469791       39.085411
  Au        57.469791       57.469791       43.170830
  Au        57.469791       57.469791       47.256248
  Au        57.469791       57.469791       51.341660
  Au        57.469791       57.469791       55.427078
  Au        57.469791       57.469791       59.512501
  Au        57.469791       57.469791       63.597912
  Au        57.469791       61.555199       35.000000
  Au        57.469791       61.555199       67.683327
  Au        57.469791       61.555199       39.085411
  Au        57.469791       61.555199       43.170830
  Au        57.469791       61.555199       47.256248
  Au        57.469791       61.555199       51.341660
  Au        57.469791       61.555199       55.427078
  Au        57.469791       61.555199       59.512501
  Au        57.469791       61.555199       63.597912
  Au        57.469791       65.640617       35.000000
  Au        57.469791       65.640617       67.683327
  Au        57.469791       65.640617       39.085411
  Au        57.469791       65.640617       43.170830
  Au        57.469791       65.640617       47.256248
  Au        57.469791       65.640617       51.341660
  Au        57.469791       65.640617       55.427078
  Au        57.469791       65.640617       59.512501
  Au        57.469791       65.640617       63.597912
  Au        61.555199       37.042709       35.000000
  Au        61.555199       37.042709       67.683327
  Au        61.555199       37.042709       39.085411
  Au        61.555199       37.042709       43.170830
  Au        61.555199       37.042709       47.256248
  Au        61.555199       37.042709       51.341660
  Au        61.555199       37.042709       55.427078
  Au        61.555199       37.042709       59.512501
  Au        61.555199       37.042709       63.597912
  Au        61.555199       41.128120       35.000000
  Au        61.555199       41.128120       67.683327
  Au        61.555199       41.128120       39.085411
  Au        61.555199       41.128120       43.170830
  Au        61.555199       41.128120       47.256248
  Au        61.555199       41.128120       51.341660
  Au        61.555199       41.128120       55.427078
  Au        61.555199       41.128120       59.512501
  Au        61.555199       41.128120       63.597912
  Au        61.555199       45.213539       35.000000
  Au        61.555199       45.213539       67.683327
  Au        61.555199       45.213539       39.085411
  Au        61.555199       45.213539       43.170830
  Au        61.555199       45.213539       47.256248
  Au        61.555199       45.213539       51.341660
  Au        61.555199       45.213539       55.427078
  Au        61.555199       45.213539       59.512501
  Au        61.555199       45.213539       63.597912
  Au        61.555199       49.298950       35.000000
  Au        61.555199       49.298950       67.683327
  Au        61.555199       49.298950       39.085411
  Au        61.555199       49.298950       43.170830
  Au        61.555199       49.298950       47.256248
  Au        61.555199       49.298950       51.341660
  Au        61.555199       49.298950       55.427078
  Au        61.555199       49.298950       59.512501
  Au        61.555199       49.298950       63.597912
  Au        61.555199       53.384369       35.000000
  Au        61.555199       53.384369       67.683327
  Au        61.555199       53.384369       39.085411
  Au        61.555199       53.384369       43.170830
  Au        61.555199       53.384369       47.256248
  Au        61.555199       53.384369       51.341660
  Au        61.555199       53.384369       55.427078
  Au        61.555199       53.384369       59.512501
  Au        61.555199       53.384369       63.597912
  Au        61.555199       57.469791       35.000000
  Au        61.555199       57.469791       67.683327
  Au        61.555199       57.469791       39.085411
  Au        61.555199       57.469791       43.170830
  Au        61.555199       57.469791       47.256248
  Au        61.555199       57.469791       51.341660
  Au        61.555199       57.469791       55.427078
  Au        61.555199       57.469791       59.512501
  Au        61.555199       57.469791       63.597912
  Au        61.555199       61.555199       35.000000
  Au        61.555199       61.555199       67.683327
  Au        61.555199       61.555199       39.085411
  Au        61.555199       61.555199       43.170830
  Au        61.555199       61.555199       47.256248
  Au        61.555199       61.555199       51.341660
  Au        61.555199       61.555199       55.427078
  Au        61.555199       61.555199       59.512501
  Au        61.555199       61.555199       63.597912
  Au        61.555199       65.640617       35.000000
  Au        61.555199       65.640617       67.683327
  Au        61.555199       65.640617       39.085411
  Au        61.555199       65.640617       43.170830
  Au        61.555199       65.640617       47.256248
  Au        61.555199       65.640617       51.341660
  Au        61.555199       65.640617       55.427078
  Au        61.555199       65.640617       59.512501
  Au        61.555199       65.640617       63.597912
  Au        65.640617       37.042709       35.000000
  Au        65.640617       37.042709       67.683327
  Au        65.640617       37.042709       39.085411
  Au        65.640617       37.042709       43.170830
  Au        65.640617       37.042709       47.256248
  Au        65.640617       37.042709       51.341660
  Au        65.640617       37.042709       55.427078
  Au        65.640617       37.042709       59.512501
  Au        65.640617       37.042709       63.597912
  Au        65.640617       41.128120       35.000000
  Au        65.640617       41.128120       67.683327
  Au        65.640617       41.128120       39.085411
  Au        65.640617       41.128120       43.170830
  Au        65.640617       41.128120       47.256248
  Au        65.640617       41.128120       51.341660
  Au        65.640617       41.128120       55.427078
  Au        65.640617       41.128120       59.512501
  Au        65.640617       41.128120       63.597912
  Au        65.640617       45.213539       35.000000
  Au        65.640617       45.213539       67.683327
  Au        65.640617       45.213539       39.085411
  Au        65.640617       45.213539       43.170830
  Au        65.640617       45.213539       47.256248
  Au        65.640617       45.213539       51.341660
  Au        65.640617       45.213539       55.427078
  Au        65.640617       45.213539       59.512501
  Au        65.640617       45.213539       63.597912
  Au        65.640617       49.298950       35.000000
  Au        65.640617       49.298950       67.683327
  Au        65.640617       49.298950       39.085411
  Au        65.640617       49.298950       43.170830
  Au        65.640617       49.298950       47.256248
  Au        65.640617       49.298950       51.341660
  Au        65.640617       49.298950       55.427078
  Au        65.640617       49.298950       59.512501
  Au        65.640617       49.298950       63.597912
  Au        65.640617       53.384369       35.000000
  Au        65.640617       53.384369       67.683327
  Au        65.640617       53.384369       39.085411
  Au        65.640617       53.384369       43.170830
  Au        65.640617       53.384369       47.256248
  Au        65.640617       53.384369       51.341660
  Au        65.640617       53.384369       55.427078
  Au        65.640617       53.384369       59.512501
  Au        65.640617       53.384369       63.597912
  Au        65.640617       57.469791       35.000000
  Au        65.640617       57.469791       67.683327
  Au        65.640617       57.469791       39.085411
  Au        65.640617       57.469791       43.170830
  Au        65.640617       57.469791       47.256248
  Au        65.640617       57.469791       51.341660
  Au        65.640617       57.469791       55.427078
  Au        65.640617       57.469791       59.512501
  Au        65.640617       57.469791       63.597912
  Au        65.640617       61.555199       35.000000
  Au        65.640617       61.555199       67.683327
  Au        65.640617       61.555199       39.085411
  Au        65.640617       61.555199       43.170830
  Au        65.640617       61.555199       47.256248
  Au        65.640617       61.555199       51.341660
  Au        65.640617       61.555199       55.427078
  Au        65.640617       61.555199       59.512501
  Au        65.640617       61.555199       63.597912
  Au        65.640617       65.640617       35.000000
  Au        65.640617       65.640617       67.683327
  Au        65.640617       65.640617       39.085411
  Au        65.640617       65.640617       43.170830
  Au        65.640617       65.640617       47.256248
  Au        65.640617       65.640617       51.341660
  Au        65.640617       65.640617       55.427078
  Au        65.640617       65.640617       59.512501
  Au        65.640617       65.640617       63.597912
