4000
generated by VMD
Au -1.281789 -5.425581 52.088364
Au 19.778030 37.266085 14.369109
Au -18.512550 49.219751 67.619822
Au 25.521617 -0.302582 69.838602
Au 37.008791 -2.010248 45.432025
Au 35.094262 3.112752 60.963483
Au 31.265204 16.774085 69.838602
Au 52.325023 47.512084 -5.599909
Au 6.376327 4.820418 69.838602
Au -20.427079 27.020085 60.963483
Au 8.290856 25.312418 3.275210
Au 37.008791 52.635084 32.119346
Au 37.008791 42.389085 43.213245
Au 35.094262 -0.302582 12.150329
Au 15.948972 1.405085 9.931549
Au 4.461798 3.112752 52.088364
Au 46.581436 42.389085 16.587888
Au 21.692559 11.651085 7.712769
Au 15.948972 35.558418 72.057381
Au 35.094262 54.342751 47.650804
Au 14.034443 33.850751 -10.037468
Au -8.939905 28.727751 56.525923
Au 17.863501 32.143085 23.244227
Au 2.547269 -12.256248 -12.256248
Au 17.863501 -5.425581 38.775686
Au 37.008791 32.143085 52.088364
Au 35.094262 27.020085 43.213245
Au -8.939905 49.219751 36.556906
Au 25.521617 47.512084 -1.162349
Au 37.008791 27.020085 16.587888
Au -18.512550 11.651085 56.525923
Au 25.521617 27.020085 3.275210
Au 38.923320 1.405085 9.931549
Au 52.325023 35.558418 -1.162349
Au 54.239552 40.681418 32.119346
Au -3.196318 40.681418 18.806668
Au 6.376327 38.973751 67.619822
Au -8.939905 23.604751 16.587888
Au 25.521617 25.312418 25.463007
Au -18.512550 9.943418 49.869584
Au 4.461798 54.342751 27.681787
Au 54.239552 27.020085 58.744703
Au -8.939905 18.481752 34.338126
Au 40.837849 6.528085 27.681787
Au 46.581436 49.219751 72.057381
Au 40.837849 6.528085 38.775686
Au 6.376327 -3.717915 27.681787
Au 29.350675 1.405085 5.493990
Au 44.666907 44.096751 54.307144
Au 17.863501 25.312418 72.057381
Au -1.281789 40.681418 52.088364
Au 4.461798 -3.717915 47.650804
Au 33.179733 4.820418 72.057381
Au 8.290856 -3.717915 7.712769
Au -16.598021 3.112752 7.712769
Au -14.683492 30.435418 72.057381
Au 4.461798 21.897085 36.556906
Au -18.512550 44.096751 -10.037468
Au 10.205385 4.820418 54.307144
Au 54.239552 47.512084 36.556906
Au 44.666907 8.235752 1.056430
Au 50.410494 -12.256248 34.338126
Au 50.410494 -2.010248 65.401042
Au 14.034443 40.681418 21.025448
Au 37.008791 35.558418 60.963483
Au -20.427079 -0.302582 47.650804
Au 15.948972 25.312418 -10.037468
Au 42.752378 32.143085 67.619822
Au 4.461798 35.558418 -3.381129
Au 8.290856 28.727751 49.869584
Au 2.547269 4.820418 -7.818689
Au -10.854434 -10.548581 36.556906
Au 33.179733 -12.256248 18.806668
Au -16.598021 23.604751 36.556906
Au 10.205385 27.020085 47.650804
Au 33.179733 -7.133248 29.900567
Au 19.778030 -5.425581 5.493990
Au -3.196318 1.405085 67.619822
Au 4.461798 35.558418 43.213245
Au 23.607088 45.804418 18.806668
Au 52.325023 40.681418 1.056430
Au -3.196318 49.219751 40.994465
Au 15.948972 20.189418 34.338126
Au 4.461798 30.435418 12.150329
Au 37.008791 27.020085 58.744703
Au 31.265204 -12.256248 65.401042
Au -10.854434 11.651085 72.057381
Au 8.290856 21.897085 23.244227
Au 12.119914 3.112752 67.619822
Au 46.581436 49.219751 56.525923
Au 12.119914 35.558418 18.806668
Au -1.281789 25.312418 1.056430
Au 17.863501 42.389085 47.650804
Au -16.598021 20.189418 69.838602
Au 29.350675 -7.133248 36.556906
Au 52.325023 13.358752 54.307144
Au 17.863501 18.481752 7.712769
Au 8.290856 6.528085 -1.162349
Au -12.768963 54.342751 60.963483
Au 14.034443 23.604751 52.088364
Au 50.410494 15.066418 36.556906
Au -1.281789 -0.302582 9.931549
Au 4.461798 -0.302582 74.276161
Au 40.837849 -0.302582 54.307144
Au 14.034443 42.389085 29.900567
Au 33.179733 6.528085 16.587888
Au 6.376327 35.558418 49.869584
Au 40.837849 35.558418 -7.818689
Au 6.376327 40.681418 -10.037468
Au 14.034443 -7.133248 3.275210
Au 40.837849 33.850751 58.744703
Au 15.948972 47.512084 18.806668
Au 19.778030 44.096751 74.276161
Au -20.427079 50.927418 49.869584
Au 14.034443 42.389085 45.432025
Au 33.179733 23.604751 36.556906
Au -12.768963 9.943418 23.244227
Au 50.410494 -10.548581 54.307144
Au 35.094262 4.820418 21.025448
Au 54.239552 -12.256248 63.182262
Au 6.376327 49.219751 16.587888
Au 52.325023 47.512084 52.088364
Au 25.521617 28.727751 -1.162349
Au 27.436146 13.358752 65.401042
Au -7.025376 47.512084 67.619822
Au -10.854434 8.235752 5.493990
Au -16.598021 35.558418 40.994465
Au 23.607088 27.020085 25.463007
Au 44.666907 1.405085 -7.818689
Au 38.923320 15.066418 -12.256248
Au 8.290856 1.405085 65.401042
Au -18.512550 35.558418 -12.256248
Au -16.598021 -10.548581 -12.256248
Au 48.495965 13.358752 27.681787
Au 48.495965 33.850751 29.900567
Au 0.632740 20.189418 29.900567
Au 27.436146 49.219751 58.744703
Au 4.461798 3.112752 69.838602
Au 0.632740 1.405085 1.056430
Au -5.110847 23.604751 5.493990
Au 23.607088 49.219751 18.806668
Au 15.948972 40.681418 29.900567
Au 35.094262 40.681418 38.775686
Au 23.607088 18.481752 47.650804
Au 12.119914 15.066418 14.369109
Au 4.461798 -3.717915 12.150329
Au 35.094262 38.973751 58.744703
Au -12.768963 25.312418 21.025448
Au 38.923320 13.358752 25.463007
Au 0.632740 23.604751 3.275210
Au 6.376327 45.804418 56.525923
Au 31.265204 16.774085 -3.381129
Au 31.265204 50.927418 1.056430
Au -10.854434 18.481752 29.900567
Au 50.410494 23.604751 38.775686
Au 15.948972 21.897085 29.900567
Au -18.512550 6.528085 27.681787
Au 0.632740 52.635084 54.307144
Au 14.034443 1.405085 -5.599909
Au 15.948972 21.897085 54.307144
Au 35.094262 9.943418 1.056430
Au 10.205385 -7.133248 -10.037468
Au 50.410494 44.096751 16.587888
Au 17.863501 4.820418 21.025448
Au -10.854434 32.143085 27.681787
Au -5.110847 32.143085 63.182262
Au 19.778030 50.927418 12.150329
Au 10.205385 8.235752 -3.381129
Au 42.752378 13.358752 29.900567
Au 37.008791 44.096751 47.650804
Au -5.110847 32.143085 23.244227
Au 40.837849 30.435418 7.712769
Au -8.939905 -8.840915 34.338126
Au 38.923320 11.651085 18.806668
Au 46.581436 54.342751 72.057381
Au -8.939905 30.435418 38.775686
Au 44.666907 49.219751 67.619822
Au 38.923320 40.681418 27.681787
Au 8.290856 -10.548581 7.712769
Au -10.854434 32.143085 21.025448
Au -7.025376 -8.840915 7.712769
Au -12.768963 50.927418 36.556906
Au 25.521617 18.481752 -3.381129
Au -18.512550 27.020085 27.681787
Au -7.025376 28.727751 36.556906
Au 33.179733 -3.717915 74.276161
Au 4.461798 47.512084 36.556906
Au 46.581436 52.635084 23.244227
Au 35.094262 -0.302582 25.463007
Au -5.110847 3.112752 69.838602
Au 15.948972 32.143085 21.025448
Au 29.350675 -3.717915 18.806668
Au 44.666907 11.651085 27.681787
Au -7.025376 52.635084 32.119346
Au -14.683492 27.020085 12.150329
Au 54.239552 8.235752 23.244227
Au -8.939905 27.020085 56.525923
Au 38.923320 37.266085 -1.162349
Au -10.854434 16.774085 58.744703
Au 27.436146 -10.548581 29.900567
Au 33.179733 25.312418 3.275210
Au 2.547269 50.927418 14.369109
Au 17.863501 -3.717915 56.525923
Au 25.521617 32.143085 16.587888
Au -7.025376 45.804418 69.838602
Au -14.683492 16.774085 16.587888
Au -7.025376 35.558418 38.775686
Au 21.692559 52.635084 45.432025
Au 50.410494 37.266085 47.650804
Au -18.512550 27.020085 36.556906
Au 21.692559 25.312418 32.119346
Au 38.923320 45.804418 49.869584
Au 8.290856 4.820418 63.182262
Au 25.521617 27.020085 32.119346
Au 48.495965 9.943418 36.556906
Au 17.863501 -8.840915 27.681787
Au 31.265204 16.774085 56.525923
Au 15.948972 16.774085 -5.599909
Au 12.119914 16.774085 23.244227
Au -1.281789 -8.840915 38.775686
Au -18.512550 16.774085 27.681787
Au 2.547269 4.820418 72.057381
Au 17.863501 9.943418 63.182262
Au 0.632740 15.066418 9.931549
Au 10.205385 28.727751 36.556906
Au 50.410494 -2.010248 1.056430
Au 46.581436 -12.256248 -12.256248
Au 4.461798 6.528085 58.744703
Au 38.923320 -3.717915 14.369109
Au -18.512550 11.651085 43.213245
Au -16.598021 40.681418 18.806668
Au 37.008791 42.389085 40.994465
Au -8.939905 54.342751 36.556906
Au 23.607088 49.219751 23.244227
Au 21.692559 21.897085 3.275210
Au -18.512550 4.820418 7.712769
Au -3.196318 1.405085 43.213245
Au 8.290856 52.635084 25.463007
Au 42.752378 -12.256248 58.744703
Au -12.768963 -5.425581 9.931549
Au 2.547269 30.435418 34.338126
Au 6.376327 21.897085 9.931549
Au -18.512550 6.528085 52.088364
Au 2.547269 11.651085 16.587888
Au 8.290856 1.405085 38.775686
Au -12.768963 52.635084 7.712769
Au 6.376327 38.973751 60.963483
Au 23.607088 4.820418 34.338126
Au 4.461798 50.927418 36.556906
Au -10.854434 -3.717915 36.556906
Au 14.034443 23.604751 29.900567
Au 38.923320 6.528085 21.025448
Au 40.837849 38.973751 7.712769
Au 10.205385 -5.425581 7.712769
Au -18.512550 11.651085 27.681787
Au 52.325023 52.635084 -5.599909
Au 6.376327 47.512084 72.057381
Au 0.632740 42.389085 54.307144
Au 44.666907 23.604751 12.150329
Au -1.281789 27.020085 72.057381
Au 40.837849 32.143085 3.275210
Au 35.094262 25.312418 27.681787
Au 37.008791 40.681418 38.775686
Au -18.512550 30.435418 74.276161
Au 46.581436 54.342751 21.025448
Au 14.034443 49.219751 58.744703
Au 6.376327 15.066418 -7.818689
Au -3.196318 54.342751 60.963483
Au 54.239552 8.235752 38.775686
Au -3.196318 45.804418 52.088364
Au 0.632740 4.820418 34.338126
Au 50.410494 6.528085 69.838602
Au 10.205385 44.096751 52.088364
Au 17.863501 25.312418 34.338126
Au 35.094262 21.897085 67.619822
Au -10.854434 47.512084 18.806668
Au 27.436146 21.897085 27.681787
Au 17.863501 -5.425581 72.057381
Au 23.607088 32.143085 16.587888
Au 2.547269 47.512084 -7.818689
Au 23.607088 33.850751 12.150329
Au 31.265204 -5.425581 9.931549
Au 31.265204 -10.548581 23.244227
Au 50.410494 -5.425581 18.806668
Au 42.752378 45.804418 23.244227
Au 14.034443 33.850751 7.712769
Au 44.666907 -2.010248 34.338126
Au 8.290856 -12.256248 40.994465
Au 52.325023 15.066418 49.869584
Au 21.692559 3.112752 43.213245
Au 15.948972 -0.302582 32.119346
Au 31.265204 15.066418 36.556906
Au 42.752378 20.189418 45.432025
Au 19.778030 25.312418 5.493990
Au 40.837849 27.020085 18.806668
Au -20.427079 42.389085 34.338126
Au -1.281789 49.219751 16.587888
Au 35.094262 16.774085 40.994465
Au 23.607088 21.897085 60.963483
Au -5.110847 16.774085 5.493990
Au 2.547269 6.528085 43.213245
Au 37.008791 27.020085 47.650804
Au 15.948972 11.651085 34.338126
Au 0.632740 44.096751 29.900567
Au 27.436146 21.897085 12.150329
Au 17.863501 -5.425581 52.088364
Au 33.179733 8.235752 63.182262
Au 33.179733 18.481752 18.806668
Au 37.008791 21.897085 21.025448
Au -8.939905 42.389085 18.806668
Au 48.495965 8.235752 -7.818689
Au -12.768963 13.358752 25.463007
Au 52.325023 -3.717915 67.619822
Au 25.521617 -2.010248 54.307144
Au 42.752378 20.189418 21.025448
Au 31.265204 25.312418 -10.037468
Au 14.034443 1.405085 23.244227
Au 48.495965 32.143085 54.307144
Au -18.512550 -3.717915 29.900567
Au 17.863501 -0.302582 67.619822
Au 33.179733 -0.302582 43.213245
Au 27.436146 37.266085 -3.381129
Au 0.632740 8.235752 58.744703
Au 15.948972 -5.425581 45.432025
Au -5.110847 9.943418 -3.381129
Au 14.034443 -0.302582 3.275210
Au 54.239552 42.389085 -3.381129
Au 37.008791 45.804418 -12.256248
Au -5.110847 -7.133248 60.963483
Au 0.632740 -10.548581 45.432025
Au -20.427079 9.943418 54.307144
Au -5.110847 16.774085 47.650804
Au -18.512550 -5.425581 7.712769
Au 35.094262 -10.548581 -5.599909
Au 54.239552 20.189418 -7.818689
Au 4.461798 32.143085 36.556906
Au -7.025376 -2.010248 63.182262
Au 25.521617 42.389085 9.931549
Au 31.265204 30.435418 -12.256248
Au 14.034443 9.943418 -7.818689
Au 23.607088 42.389085 3.275210
Au 23.607088 23.604751 9.931549
Au 31.265204 20.189418 3.275210
Au 4.461798 8.235752 7.712769
Au 50.410494 33.850751 -1.162349
Au 0.632740 9.943418 56.525923
Au 23.607088 23.604751 58.744703
Au 48.495965 45.804418 40.994465
Au 21.692559 18.481752 72.057381
Au 37.008791 23.604751 63.182262
Au 33.179733 27.020085 3.275210
Au 46.581436 35.558418 74.276161
Au 23.607088 1.405085 54.307144
Au 14.034443 44.096751 -5.599909
Au -12.768963 32.143085 9.931549
Au 48.495965 -8.840915 -10.037468
Au 17.863501 45.804418 16.587888
Au -16.598021 -3.717915 34.338126
Au 17.863501 15.066418 21.025448
Au 33.179733 6.528085 3.275210
Au 42.752378 30.435418 67.619822
Au 27.436146 -7.133248 40.994465
Au 21.692559 16.774085 -10.037468
Au 40.837849 27.020085 -7.818689
Au -20.427079 25.312418 69.838602
Au -12.768963 20.189418 -3.381129
Au 2.547269 21.897085 14.369109
Au 44.666907 33.850751 -1.162349
Au 42.752378 -3.717915 52.088364
Au 40.837849 3.112752 -7.818689
Au -18.512550 9.943418 12.150329
Au -1.281789 21.897085 27.681787
Au 8.290856 35.558418 -10.037468
Au 46.581436 27.020085 -5.599909
Au -12.768963 15.066418 47.650804
Au 14.034443 8.235752 32.119346
Au 46.581436 13.358752 67.619822
Au -20.427079 -5.425581 54.307144
Au 17.863501 4.820418 16.587888
Au 50.410494 23.604751 40.994465
Au 54.239552 44.096751 63.182262
Au 40.837849 4.820418 25.463007
Au 29.350675 18.481752 21.025448
Au 21.692559 38.973751 5.493990
Au 8.290856 32.143085 -7.818689
Au 42.752378 40.681418 7.712769
Au 38.923320 23.604751 54.307144
Au 35.094262 33.850751 -10.037468
Au 10.205385 11.651085 23.244227
Au -20.427079 21.897085 27.681787
Au -3.196318 35.558418 47.650804
Au 21.692559 50.927418 21.025448
Au 14.034443 -7.133248 38.775686
Au -7.025376 -12.256248 9.931549
Au -3.196318 16.774085 65.401042
Au -12.768963 30.435418 72.057381
Au 14.034443 32.143085 -5.599909
Au 44.666907 1.405085 16.587888
Au 6.376327 6.528085 56.525923
Au 48.495965 3.112752 9.931549
Au 54.239552 11.651085 74.276161
Au 50.410494 32.143085 9.931549
Au -16.598021 38.973751 -12.256248
Au 19.778030 -10.548581 27.681787
Au 52.325023 6.528085 9.931549
Au 21.692559 -0.302582 -12.256248
Au 50.410494 9.943418 43.213245
Au -8.939905 -8.840915 5.493990
Au -12.768963 -8.840915 29.900567
Au -14.683492 35.558418 25.463007
Au 14.034443 -3.717915 72.057381
Au 0.632740 44.096751 -12.256248
Au 27.436146 27.020085 -3.381129
Au 21.692559 -10.548581 69.838602
Au 12.119914 47.512084 5.493990
Au 29.350675 20.189418 47.650804
Au 35.094262 38.973751 -7.818689
Au 0.632740 9.943418 45.432025
Au 35.094262 20.189418 54.307144
Au 48.495965 16.774085 65.401042
Au 44.666907 -8.840915 -10.037468
Au -7.025376 6.528085 -7.818689
Au 10.205385 -10.548581 36.556906
Au 29.350675 13.358752 3.275210
Au 46.581436 11.651085 32.119346
Au 38.923320 28.727751 16.587888
Au 48.495965 -2.010248 -10.037468
Au 4.461798 9.943418 14.369109
Au 35.094262 40.681418 47.650804
Au 50.410494 18.481752 56.525923
Au 25.521617 13.358752 27.681787
Au 38.923320 52.635084 29.900567
Au 12.119914 49.219751 56.525923
Au 37.008791 13.358752 16.587888
Au -14.683492 1.405085 -3.381129
Au 4.461798 9.943418 29.900567
Au 33.179733 -10.548581 74.276161
Au 0.632740 -0.302582 14.369109
Au 44.666907 3.112752 -12.256248
Au -7.025376 25.312418 52.088364
Au 48.495965 42.389085 18.806668
Au 50.410494 25.312418 -5.599909
Au -5.110847 9.943418 9.931549
Au 27.436146 15.066418 45.432025
Au 33.179733 4.820418 5.493990
Au 0.632740 6.528085 47.650804
Au 33.179733 -8.840915 43.213245
Au 40.837849 42.389085 40.994465
Au -20.427079 8.235752 -12.256248
Au 29.350675 6.528085 65.401042
Au 37.008791 -8.840915 45.432025
Au 31.265204 38.973751 1.056430
Au 21.692559 33.850751 38.775686
Au -10.854434 3.112752 -10.037468
Au 35.094262 40.681418 54.307144
Au 14.034443 1.405085 -7.818689
Au 2.547269 -10.548581 -7.818689
Au 12.119914 -5.425581 38.775686
Au 14.034443 4.820418 67.619822
Au 2.547269 4.820418 5.493990
Au 23.607088 49.219751 65.401042
Au -8.939905 40.681418 -12.256248
Au 17.863501 16.774085 36.556906
Au -1.281789 -3.717915 16.587888
Au 35.094262 -7.133248 43.213245
Au 29.350675 30.435418 45.432025
Au 27.436146 35.558418 -7.818689
Au 27.436146 20.189418 47.650804
Au 19.778030 21.897085 72.057381
Au 29.350675 23.604751 72.057381
Au 35.094262 -0.302582 -7.818689
Au -14.683492 25.312418 12.150329
Au -18.512550 35.558418 25.463007
Au 52.325023 38.973751 1.056430
Au 44.666907 38.973751 -5.599909
Au -20.427079 -7.133248 74.276161
Au 50.410494 30.435418 -3.381129
Au -10.854434 -5.425581 63.182262
Au -1.281789 38.973751 60.963483
Au -1.281789 -5.425581 -1.162349
Au -7.025376 -10.548581 27.681787
Au 19.778030 37.266085 47.650804
Au -10.854434 -7.133248 -3.381129
Au -14.683492 42.389085 67.619822
Au 50.410494 3.112752 38.775686
Au 38.923320 30.435418 -5.599909
Au -20.427079 -5.425581 12.150329
Au -1.281789 32.143085 74.276161
Au -5.110847 54.342751 21.025448
Au 21.692559 11.651085 -10.037468
Au -1.281789 33.850751 -12.256248
Au 6.376327 44.096751 27.681787
Au 38.923320 35.558418 43.213245
Au 35.094262 16.774085 72.057381
Au 29.350675 35.558418 47.650804
Au 23.607088 33.850751 54.307144
Au 38.923320 28.727751 43.213245
Au 2.547269 -10.548581 18.806668
Au -8.939905 52.635084 16.587888
Au -1.281789 -12.256248 1.056430
Au 10.205385 -10.548581 21.025448
Au 4.461798 28.727751 -12.256248
Au 54.239552 11.651085 54.307144
Au -7.025376 45.804418 63.182262
Au 50.410494 -7.133248 14.369109
Au 48.495965 49.219751 56.525923
Au 52.325023 49.219751 36.556906
Au 48.495965 -2.010248 45.432025
Au -5.110847 47.512084 25.463007
Au 42.752378 8.235752 3.275210
Au 19.778030 -8.840915 21.025448
Au 27.436146 -7.133248 36.556906
Au 12.119914 44.096751 60.963483
Au 44.666907 54.342751 32.119346
Au 35.094262 20.189418 -12.256248
Au 12.119914 52.635084 65.401042
Au 23.607088 40.681418 69.838602
Au 48.495965 -12.256248 14.369109
Au 23.607088 40.681418 56.525923
Au 23.607088 1.405085 60.963483
Au 31.265204 27.020085 38.775686
Au -10.854434 33.850751 43.213245
Au 35.094262 -3.717915 54.307144
Au 52.325023 45.804418 65.401042
Au -18.512550 -10.548581 -12.256248
Au -20.427079 20.189418 14.369109
Au 2.547269 54.342751 12.150329
Au 8.290856 3.112752 45.432025
Au -3.196318 8.235752 47.650804
Au -10.854434 16.774085 18.806668
Au -8.939905 38.973751 47.650804
Au 15.948972 54.342751 -1.162349
Au 25.521617 -8.840915 18.806668
Au -18.512550 25.312418 65.401042
Au -14.683492 25.312418 9.931549
Au -18.512550 -5.425581 69.838602
Au 29.350675 37.266085 -1.162349
Au -8.939905 21.897085 -5.599909
Au 33.179733 27.020085 63.182262
Au -10.854434 13.358752 45.432025
Au 44.666907 -5.425581 38.775686
Au 38.923320 18.481752 -7.818689
Au 14.034443 -0.302582 63.182262
Au 25.521617 40.681418 29.900567
Au -7.025376 -3.717915 34.338126
Au 31.265204 -12.256248 -3.381129
Au 15.948972 3.112752 69.838602
Au 21.692559 3.112752 58.744703
Au 6.376327 15.066418 49.869584
Au 15.948972 25.312418 -3.381129
Au 42.752378 32.143085 38.775686
Au 48.495965 -12.256248 58.744703
Au -7.025376 6.528085 56.525923
Au 48.495965 47.512084 36.556906
Au 0.632740 -5.425581 38.775686
Au -20.427079 37.266085 12.150329
Au 10.205385 6.528085 16.587888
Au -3.196318 -7.133248 9.931549
Au 31.265204 28.727751 69.838602
Au 40.837849 50.927418 1.056430
Au 35.094262 23.604751 45.432025
Au -18.512550 9.943418 67.619822
Au 46.581436 35.558418 69.838602
Au 33.179733 38.973751 -5.599909
Au 50.410494 47.512084 32.119346
Au -12.768963 33.850751 5.493990
Au 38.923320 44.096751 58.744703
Au -8.939905 -5.425581 52.088364
Au 35.094262 -0.302582 34.338126
Au 4.461798 44.096751 38.775686
Au -8.939905 15.066418 -12.256248
Au 38.923320 35.558418 67.619822
Au 42.752378 13.358752 -1.162349
Au 48.495965 49.219751 34.338126
Au -20.427079 -0.302582 36.556906
Au 2.547269 13.358752 40.994465
Au 15.948972 37.266085 40.994465
Au -5.110847 54.342751 43.213245
Au 38.923320 54.342751 16.587888
Au 17.863501 47.512084 1.056430
Au 31.265204 33.850751 40.994465
Au 0.632740 52.635084 -3.381129
Au 6.376327 1.405085 21.025448
Au 31.265204 -12.256248 32.119346
Au 19.778030 15.066418 72.057381
Au 4.461798 -2.010248 60.963483
Au -7.025376 52.635084 18.806668
Au 31.265204 -0.302582 14.369109
Au 0.632740 45.804418 49.869584
Au 8.290856 25.312418 7.712769
Au 14.034443 25.312418 -10.037468
Au -1.281789 -8.840915 32.119346
Au 21.692559 40.681418 5.493990
Au -18.512550 21.897085 -7.818689
Au 42.752378 37.266085 7.712769
Au 44.666907 44.096751 34.338126
Au 17.863501 42.389085 1.056430
Au 31.265204 21.897085 9.931549
Au 23.607088 33.850751 23.244227
Au 54.239552 45.804418 58.744703
Au -10.854434 25.312418 -12.256248
Au 4.461798 35.558418 -7.818689
Au 38.923320 9.943418 36.556906
Au -7.025376 49.219751 12.150329
Au 4.461798 -10.548581 16.587888
Au 0.632740 -12.256248 -10.037468
Au -8.939905 18.481752 38.775686
Au 31.265204 38.973751 58.744703
Au 27.436146 33.850751 54.307144
Au 23.607088 11.651085 -3.381129
Au 27.436146 37.266085 -7.818689
Au 17.863501 35.558418 72.057381
Au -12.768963 16.774085 16.587888
Au 14.034443 -2.010248 34.338126
Au 52.325023 -5.425581 18.806668
Au -10.854434 -12.256248 54.307144
Au 6.376327 52.635084 23.244227
Au -20.427079 44.096751 49.869584
Au 19.778030 15.066418 23.244227
Au -8.939905 4.820418 67.619822
Au 46.581436 16.774085 58.744703
Au 12.119914 4.820418 69.838602
Au 14.034443 6.528085 7.712769
Au 12.119914 37.266085 7.712769
Au 14.034443 -2.010248 43.213245
Au -3.196318 8.235752 16.587888
Au -10.854434 37.266085 63.182262
Au 12.119914 47.512084 67.619822
Au 48.495965 54.342751 32.119346
Au -14.683492 45.804418 1.056430
Au 48.495965 28.727751 29.900567
Au 50.410494 -7.133248 27.681787
Au 35.094262 25.312418 7.712769
Au 12.119914 21.897085 -3.381129
Au 14.034443 -8.840915 -5.599909
Au 8.290856 -7.133248 36.556906
Au 25.521617 30.435418 5.493990
Au 8.290856 44.096751 65.401042
Au 40.837849 20.189418 65.401042
Au 42.752378 -8.840915 58.744703
Au 37.008791 9.943418 43.213245
Au 44.666907 33.850751 3.275210
Au 38.923320 23.604751 72.057381
Au 44.666907 -2.010248 21.025448
Au 48.495965 42.389085 16.587888
Au 25.521617 15.066418 23.244227
Au 40.837849 35.558418 65.401042
Au 17.863501 42.389085 32.119346
Au 52.325023 35.558418 3.275210
Au -5.110847 -8.840915 63.182262
Au 25.521617 40.681418 18.806668
Au 17.863501 1.405085 5.493990
Au 54.239552 15.066418 25.463007
Au 14.034443 54.342751 54.307144
Au 33.179733 37.266085 32.119346
Au -12.768963 35.558418 5.493990
Au 33.179733 -12.256248 -1.162349
Au 8.290856 40.681418 43.213245
Au 15.948972 -3.717915 34.338126
Au 21.692559 11.651085 49.869584
Au 23.607088 13.358752 43.213245
Au 38.923320 40.681418 40.994465
Au -18.512550 -8.840915 38.775686
Au 27.436146 13.358752 29.900567
Au -16.598021 -0.302582 14.369109
Au 33.179733 -5.425581 -10.037468
Au 31.265204 -8.840915 40.994465
Au 12.119914 6.528085 3.275210
Au 10.205385 8.235752 74.276161
Au 23.607088 38.973751 12.150329
Au 12.119914 20.189418 -1.162349
Au 38.923320 16.774085 9.931549
Au 42.752378 6.528085 67.619822
Au 15.948972 -10.548581 -7.818689
Au 46.581436 25.312418 16.587888
Au 42.752378 52.635084 -7.818689
Au -3.196318 42.389085 60.963483
Au -3.196318 -2.010248 49.869584
Au 0.632740 38.973751 -7.818689
Au -12.768963 52.635084 -12.256248
Au 54.239552 -12.256248 -7.818689
Au -20.427079 -2.010248 25.463007
Au -3.196318 -3.717915 16.587888
Au 2.547269 40.681418 38.775686
Au 52.325023 -7.133248 63.182262
Au 50.410494 20.189418 60.963483
Au 0.632740 3.112752 65.401042
Au 54.239552 28.727751 47.650804
Au 17.863501 37.266085 74.276161
Au 2.547269 40.681418 58.744703
Au 6.376327 8.235752 5.493990
Au 10.205385 25.312418 27.681787
Au 6.376327 -12.256248 1.056430
Au 31.265204 -8.840915 45.432025
Au 54.239552 38.973751 -7.818689
Au 23.607088 52.635084 9.931549
Au 50.410494 8.235752 -5.599909
Au 17.863501 -8.840915 56.525923
Au -14.683492 20.189418 -1.162349
Au 6.376327 11.651085 -10.037468
Au -14.683492 -5.425581 60.963483
Au 4.461798 13.358752 18.806668
Au 38.923320 -0.302582 63.182262
Au 52.325023 -0.302582 21.025448
Au 48.495965 38.973751 9.931549
Au 27.436146 23.604751 1.056430
Au 8.290856 23.604751 7.712769
Au -16.598021 1.405085 1.056430
Au 19.778030 44.096751 -10.037468
Au 40.837849 32.143085 -5.599909
Au 15.948972 -8.840915 67.619822
Au 17.863501 16.774085 -3.381129
Au 12.119914 -0.302582 58.744703
Au 4.461798 6.528085 7.712769
Au 52.325023 4.820418 58.744703
Au 25.521617 -12.256248 -5.599909
Au 21.692559 -0.302582 -1.162349
Au 50.410494 6.528085 23.244227
Au 48.495965 45.804418 21.025448
Au 8.290856 45.804418 67.619822
Au -3.196318 -7.133248 72.057381
Au 40.837849 -12.256248 49.869584
Au 54.239552 45.804418 16.587888
Au -3.196318 49.219751 63.182262
Au 48.495965 30.435418 21.025448
Au 31.265204 54.342751 74.276161
Au 21.692559 25.312418 67.619822
Au 35.094262 35.558418 9.931549
Au 44.666907 27.020085 16.587888
Au 4.461798 38.973751 27.681787
Au 48.495965 -5.425581 -5.599909
Au 54.239552 35.558418 69.838602
Au 8.290856 32.143085 47.650804
Au -1.281789 1.405085 38.775686
Au 33.179733 -7.133248 -7.818689
Au -3.196318 32.143085 29.900567
Au 54.239552 1.405085 47.650804
Au 17.863501 30.435418 -1.162349
Au 0.632740 27.020085 74.276161
Au -16.598021 4.820418 32.119346
Au 6.376327 38.973751 3.275210
Au 33.179733 4.820418 3.275210
Au -5.110847 -8.840915 38.775686
Au 14.034443 -2.010248 47.650804
Au -5.110847 -2.010248 60.963483
Au -8.939905 49.219751 16.587888
Au 2.547269 54.342751 69.838602
Au 6.376327 42.389085 25.463007
Au -18.512550 54.342751 58.744703
Au 19.778030 9.943418 12.150329
Au -16.598021 20.189418 67.619822
Au -5.110847 21.897085 63.182262
Au 37.008791 38.973751 25.463007
Au 48.495965 16.774085 18.806668
Au -7.025376 50.927418 49.869584
Au -3.196318 -0.302582 3.275210
Au 14.034443 9.943418 -10.037468
Au -5.110847 13.358752 36.556906
Au 29.350675 15.066418 58.744703
Au -16.598021 37.266085 25.463007
Au 31.265204 35.558418 60.963483
Au 25.521617 13.358752 56.525923
Au 37.008791 18.481752 29.900567
Au 19.778030 -8.840915 9.931549
Au -18.512550 -5.425581 29.900567
Au -10.854434 32.143085 58.744703
Au -16.598021 25.312418 65.401042
Au 29.350675 -12.256248 16.587888
Au 23.607088 4.820418 18.806668
Au -1.281789 3.112752 -1.162349
Au 17.863501 -5.425581 1.056430
Au 29.350675 20.189418 7.712769
Au 4.461798 20.189418 38.775686
Au 48.495965 32.143085 16.587888
Au -7.025376 37.266085 36.556906
Au 46.581436 -12.256248 3.275210
Au 2.547269 35.558418 49.869584
Au 37.008791 50.927418 45.432025
Au 21.692559 3.112752 27.681787
Au 44.666907 52.635084 9.931549
Au 37.008791 35.558418 -1.162349
Au 35.094262 23.604751 58.744703
Au -14.683492 50.927418 72.057381
Au 33.179733 54.342751 14.369109
Au 31.265204 42.389085 23.244227
Au 27.436146 16.774085 58.744703
Au 12.119914 45.804418 12.150329
Au 54.239552 38.973751 52.088364
Au 46.581436 11.651085 47.650804
Au 50.410494 -10.548581 65.401042
Au -10.854434 38.973751 45.432025
Au 23.607088 28.727751 27.681787
Au 15.948972 4.820418 43.213245
Au 31.265204 18.481752 69.838602
Au -18.512550 13.358752 69.838602
Au 0.632740 8.235752 38.775686
Au -7.025376 -5.425581 60.963483
Au 17.863501 54.342751 45.432025
Au 17.863501 9.943418 7.712769
Au 17.863501 40.681418 -5.599909
Au -1.281789 50.927418 27.681787
Au 0.632740 -10.548581 18.806668
Au -12.768963 6.528085 43.213245
Au -20.427079 -0.302582 54.307144
Au 50.410494 42.389085 72.057381
Au -20.427079 28.727751 38.775686
Au -7.025376 18.481752 29.900567
Au 38.923320 42.389085 1.056430
Au -5.110847 -10.548581 49.869584
Au 37.008791 54.342751 72.057381
Au 4.461798 37.266085 52.088364
Au 42.752378 -7.133248 -3.381129
Au -10.854434 21.897085 40.994465
Au 38.923320 52.635084 7.712769
Au -5.110847 52.635084 49.869584
Au -20.427079 32.143085 18.806668
Au 31.265204 4.820418 60.963483
Au 21.692559 -5.425581 -3.381129
Au 42.752378 37.266085 -5.599909
Au 48.495965 44.096751 67.619822
Au 38.923320 40.681418 -10.037468
Au -1.281789 54.342751 34.338126
Au 31.265204 25.312418 49.869584
Au 0.632740 -2.010248 65.401042
Au 40.837849 45.804418 58.744703
Au 46.581436 52.635084 60.963483
Au -20.427079 -3.717915 72.057381
Au -12.768963 8.235752 27.681787
Au 29.350675 30.435418 7.712769
Au 50.410494 32.143085 27.681787
Au 37.008791 -10.548581 69.838602
Au -1.281789 54.342751 58.744703
Au 42.752378 -8.840915 63.182262
Au 8.290856 3.112752 -3.381129
Au -7.025376 54.342751 -5.599909
Au 40.837849 47.512084 47.650804
Au -7.025376 -10.548581 3.275210
Au 6.376327 -5.425581 32.119346
Au 2.547269 45.804418 23.244227
Au 46.581436 21.897085 54.307144
Au -3.196318 15.066418 65.401042
Au 0.632740 38.973751 74.276161
Au 31.265204 4.820418 67.619822
Au -5.110847 42.389085 18.806668
Au -7.025376 18.481752 45.432025
Au -7.025376 49.219751 21.025448
Au 40.837849 21.897085 65.401042
Au 42.752378 13.358752 9.931549
Au 40.837849 27.020085 -10.037468
Au 0.632740 37.266085 -10.037468
Au 10.205385 42.389085 29.900567
Au 42.752378 38.973751 56.525923
Au 12.119914 -3.717915 47.650804
Au 40.837849 38.973751 16.587888
Au 4.461798 9.943418 36.556906
Au 52.325023 11.651085 74.276161
Au -7.025376 47.512084 7.712769
Au 42.752378 4.820418 -5.599909
Au 25.521617 44.096751 40.994465
Au 31.265204 52.635084 9.931549
Au 2.547269 33.850751 -5.599909
Au 10.205385 52.635084 12.150329
Au 52.325023 35.558418 36.556906
Au 19.778030 42.389085 45.432025
Au 14.034443 30.435418 36.556906
Au 40.837849 9.943418 -10.037468
Au -7.025376 -5.425581 29.900567
Au -20.427079 49.219751 49.869584
Au 6.376327 16.774085 -5.599909
Au -5.110847 38.973751 43.213245
Au 19.778030 28.727751 7.712769
Au 38.923320 18.481752 45.432025
Au 21.692559 35.558418 9.931549
Au 52.325023 32.143085 45.432025
Au -14.683492 54.342751 47.650804
Au 23.607088 4.820418 -3.381129
Au -8.939905 33.850751 34.338126
Au 6.376327 11.651085 74.276161
Au 14.034443 40.681418 9.931549
Au 14.034443 -12.256248 5.493990
Au -5.110847 45.804418 -1.162349
Au -7.025376 35.558418 -3.381129
Au -14.683492 47.512084 72.057381
Au 50.410494 16.774085 63.182262
Au 31.265204 -3.717915 40.994465
Au 8.290856 1.405085 -10.037468
Au 29.350675 42.389085 18.806668
Au -3.196318 13.358752 14.369109
Au 27.436146 40.681418 54.307144
Au 12.119914 45.804418 27.681787
Au -14.683492 50.927418 18.806668
Au 4.461798 35.558418 9.931549
Au 44.666907 23.604751 -1.162349
Au 27.436146 -7.133248 49.869584
Au 25.521617 32.143085 67.619822
Au 6.376327 54.342751 74.276161
Au 12.119914 18.481752 60.963483
Au -12.768963 32.143085 -1.162349
Au -20.427079 -10.548581 18.806668
Au -18.512550 33.850751 5.493990
Au -5.110847 40.681418 16.587888
Au 21.692559 16.774085 18.806668
Au 25.521617 8.235752 1.056430
Au 4.461798 -8.840915 21.025448
Au 37.008791 1.405085 21.025448
Au 33.179733 6.528085 49.869584
Au 35.094262 16.774085 63.182262
Au 4.461798 37.266085 7.712769
Au 10.205385 27.020085 40.994465
Au 27.436146 11.651085 23.244227
Au 50.410494 -2.010248 60.963483
Au -16.598021 38.973751 40.994465
Au 10.205385 8.235752 63.182262
Au -12.768963 23.604751 7.712769
Au 38.923320 18.481752 -10.037468
Au 12.119914 -8.840915 25.463007
Au 19.778030 -2.010248 3.275210
Au 8.290856 -7.133248 -12.256248
Au -7.025376 23.604751 25.463007
Au 29.350675 35.558418 1.056430
Au 23.607088 6.528085 60.963483
Au -5.110847 47.512084 69.838602
Au 23.607088 49.219751 27.681787
Au -20.427079 3.112752 60.963483
Au 4.461798 25.312418 72.057381
Au 29.350675 6.528085 38.775686
Au 40.837849 20.189418 56.525923
Au 25.521617 23.604751 -12.256248
Au -5.110847 -0.302582 -12.256248
Au 33.179733 15.066418 7.712769
Au 6.376327 21.897085 -5.599909
Au -16.598021 25.312418 7.712769
Au 8.290856 -3.717915 63.182262
Au -16.598021 35.558418 1.056430
Au -8.939905 30.435418 47.650804
Au 10.205385 16.774085 9.931549
Au 4.461798 49.219751 29.900567
Au -5.110847 -3.717915 9.931549
Au 40.837849 42.389085 74.276161
Au -5.110847 25.312418 47.650804
Au 50.410494 30.435418 58.744703
Au -12.768963 -8.840915 40.994465
Au 46.581436 42.389085 67.619822
Au -20.427079 45.804418 25.463007
Au 21.692559 45.804418 -3.381129
Au -5.110847 4.820418 -3.381129
Au -7.025376 -7.133248 -3.381129
Au -8.939905 11.651085 16.587888
Au 40.837849 -10.548581 74.276161
Au 0.632740 3.112752 38.775686
Au 14.034443 16.774085 3.275210
Au 0.632740 -0.302582 -12.256248
Au 10.205385 -10.548581 -3.381129
Au -12.768963 1.405085 -12.256248
Au -8.939905 45.804418 56.525923
Au 48.495965 23.604751 60.963483
Au -5.110847 15.066418 27.681787
Au 21.692559 15.066418 5.493990
Au -8.939905 23.604751 63.182262
Au 33.179733 47.512084 -12.256248
Au 25.521617 13.358752 -12.256248
Au -7.025376 49.219751 -7.818689
Au 17.863501 50.927418 54.307144
Au 23.607088 -7.133248 7.712769
Au -18.512550 13.358752 16.587888
Au 6.376327 40.681418 16.587888
Au -10.854434 45.804418 47.650804
Au 14.034443 54.342751 -1.162349
Au -7.025376 44.096751 -12.256248
Au 40.837849 8.235752 38.775686
Au 38.923320 8.235752 69.838602
Au -3.196318 -2.010248 16.587888
Au 6.376327 44.096751 23.244227
Au 52.325023 1.405085 -7.818689
Au 50.410494 13.358752 49.869584
Au 4.461798 1.405085 56.525923
Au -7.025376 -3.717915 67.619822
Au 46.581436 27.020085 40.994465
Au 10.205385 3.112752 18.806668
Au 4.461798 47.512084 52.088364
Au -18.512550 37.266085 12.150329
Au -3.196318 40.681418 38.775686
Au 35.094262 18.481752 40.994465
Au 31.265204 11.651085 40.994465
Au 27.436146 47.512084 65.401042
Au -16.598021 47.512084 -3.381129
Au -1.281789 33.850751 -10.037468
Au 21.692559 13.358752 23.244227
Au 33.179733 45.804418 67.619822
Au 25.521617 16.774085 18.806668
Au 52.325023 30.435418 63.182262
Au 38.923320 8.235752 16.587888
Au -3.196318 35.558418 7.712769
Au -7.025376 -10.548581 -12.256248
Au -18.512550 1.405085 9.931549
Au 38.923320 54.342751 43.213245
Au -18.512550 27.020085 43.213245
Au 29.350675 50.927418 43.213245
Au 23.607088 38.973751 67.619822
Au 19.778030 -3.717915 29.900567
Au 31.265204 38.973751 60.963483
Au 8.290856 30.435418 36.556906
Au -16.598021 -5.425581 -12.256248
Au -7.025376 30.435418 34.338126
Au 44.666907 54.342751 56.525923
Au 35.094262 28.727751 40.994465
Au 0.632740 -2.010248 16.587888
Au 35.094262 13.358752 74.276161
Au 46.581436 16.774085 21.025448
Au 21.692559 45.804418 49.869584
Au -14.683492 27.020085 74.276161
Au 15.948972 27.020085 72.057381
Au 17.863501 37.266085 49.869584
Au 48.495965 35.558418 69.838602
Au -5.110847 35.558418 21.025448
Au 0.632740 42.389085 -1.162349
Au 2.547269 25.312418 -10.037468
Au 12.119914 27.020085 65.401042
Au 48.495965 11.651085 29.900567
Au 14.034443 42.389085 32.119346
Au 23.607088 49.219751 -1.162349
Au -8.939905 13.358752 12.150329
Au -10.854434 35.558418 21.025448
Au 23.607088 21.897085 27.681787
Au 19.778030 8.235752 5.493990
Au -10.854434 25.312418 43.213245
Au 33.179733 28.727751 25.463007
Au 38.923320 37.266085 67.619822
Au 54.239552 -0.302582 1.056430
Au 50.410494 -2.010248 49.869584
Au 2.547269 8.235752 45.432025
Au 42.752378 16.774085 40.994465
Au 48.495965 37.266085 -7.818689
Au 19.778030 30.435418 -12.256248
Au -12.768963 38.973751 23.244227
Au 17.863501 35.558418 -12.256248
Au 46.581436 -0.302582 72.057381
Au 29.350675 42.389085 21.025448
Au 33.179733 -3.717915 27.681787
Au 42.752378 21.897085 5.493990
Au 14.034443 18.481752 9.931549
Au 27.436146 47.512084 5.493990
Au 42.752378 37.266085 60.963483
Au 48.495965 45.804418 -1.162349
Au 2.547269 35.558418 34.338126
Au 21.692559 47.512084 12.150329
Au 0.632740 42.389085 69.838602
Au 33.179733 13.358752 29.900567
Au 44.666907 20.189418 69.838602
Au 6.376327 11.651085 56.525923
Au -12.768963 54.342751 56.525923
Au -16.598021 44.096751 29.900567
Au 38.923320 40.681418 58.744703
Au 44.666907 20.189418 27.681787
Au 8.290856 16.774085 14.369109
Au 14.034443 33.850751 -1.162349
Au 2.547269 32.143085 34.338126
Au 10.205385 4.820418 52.088364
Au -14.683492 15.066418 56.525923
Au 14.034443 3.112752 72.057381
Au -10.854434 37.266085 -3.381129
Au 29.350675 -5.425581 29.900567
Au -1.281789 11.651085 -3.381129
Au 23.607088 4.820418 45.432025
Au 54.239552 -2.010248 25.463007
Au 27.436146 38.973751 5.493990
Au 21.692559 20.189418 -1.162349
Au -18.512550 15.066418 -10.037468
Au 29.350675 45.804418 74.276161
Au -7.025376 32.143085 36.556906
Au 12.119914 40.681418 9.931549
Au 21.692559 47.512084 -7.818689
Au 8.290856 40.681418 63.182262
Au 10.205385 47.512084 40.994465
Au -12.768963 13.358752 45.432025
Au 37.008791 -10.548581 -1.162349
Au 37.008791 4.820418 69.838602
Au 50.410494 49.219751 52.088364
Au 52.325023 25.312418 40.994465
Au 4.461798 -3.717915 49.869584
Au 33.179733 30.435418 52.088364
Au -18.512550 49.219751 5.493990
Au 8.290856 35.558418 38.775686
Au -20.427079 20.189418 5.493990
Au -7.025376 54.342751 67.619822
Au -18.512550 -7.133248 63.182262
Au 23.607088 44.096751 -10.037468
Au -12.768963 47.512084 -10.037468
Au 8.290856 15.066418 36.556906
Au 17.863501 50.927418 38.775686
Au -7.025376 35.558418 36.556906
Au 2.547269 -5.425581 65.401042
Au -10.854434 35.558418 12.150329
Au 0.632740 28.727751 14.369109
Au 52.325023 15.066418 32.119346
Au 27.436146 52.635084 7.712769
Au 14.034443 25.312418 56.525923
Au -7.025376 11.651085 32.119346
Au 25.521617 35.558418 54.307144
Au -5.110847 3.112752 23.244227
Au 44.666907 52.635084 -7.818689
Au 27.436146 25.312418 52.088364
Au 40.837849 42.389085 63.182262
Au -8.939905 54.342751 43.213245
Au 48.495965 -3.717915 38.775686
Au 37.008791 3.112752 45.432025
Au 54.239552 27.020085 29.900567
Au 12.119914 1.405085 63.182262
Au 38.923320 16.774085 32.119346
Au 10.205385 45.804418 38.775686
Au 4.461798 3.112752 25.463007
Au 54.239552 54.342751 5.493990
Au 25.521617 8.235752 67.619822
Au -16.598021 21.897085 72.057381
Au 19.778030 13.358752 52.088364
Au 4.461798 23.604751 3.275210
Au 42.752378 27.020085 -7.818689
Au 29.350675 35.558418 9.931549
Au 19.778030 54.342751 9.931549
Au 37.008791 1.405085 1.056430
Au 31.265204 27.020085 27.681787
Au -8.939905 1.405085 5.493990
Au 44.666907 47.512084 69.838602
Au -18.512550 33.850751 49.869584
Au 48.495965 44.096751 1.056430
Au 37.008791 1.405085 49.869584
Au -20.427079 47.512084 32.119346
Au 48.495965 27.020085 40.994465
Au 52.325023 21.897085 65.401042
Au 54.239552 38.973751 40.994465
Au 21.692559 -5.425581 -1.162349
Au 48.495965 -5.425581 3.275210
Au 42.752378 15.066418 12.150329
Au 27.436146 40.681418 1.056430
Au 21.692559 1.405085 27.681787
Au 25.521617 30.435418 3.275210
Au 8.290856 3.112752 32.119346
Au -16.598021 -12.256248 74.276161
Au 2.547269 32.143085 -3.381129
Au -8.939905 23.604751 56.525923
Au 8.290856 -12.256248 47.650804
Au 40.837849 -8.840915 54.307144
Au 8.290856 11.651085 38.775686
Au 52.325023 13.358752 16.587888
Au 27.436146 -5.425581 29.900567
Au -14.683492 21.897085 -7.818689
Au 33.179733 11.651085 27.681787
Au 17.863501 52.635084 3.275210
Au -3.196318 6.528085 -1.162349
Au 37.008791 42.389085 21.025448
Au -1.281789 38.973751 29.900567
Au 25.521617 25.312418 58.744703
Au -5.110847 11.651085 32.119346
Au 33.179733 8.235752 -3.381129
Au 46.581436 3.112752 63.182262
Au -3.196318 35.558418 72.057381
Au 0.632740 28.727751 63.182262
Au 33.179733 45.804418 65.401042
Au -10.854434 15.066418 63.182262
Au 14.034443 6.528085 27.681787
Au -14.683492 3.112752 25.463007
Au 54.239552 30.435418 -5.599909
Au 10.205385 21.897085 58.744703
Au 14.034443 -7.133248 -10.037468
Au 50.410494 -12.256248 25.463007
Au 8.290856 45.804418 65.401042
Au -16.598021 -10.548581 7.712769
Au 46.581436 -7.133248 56.525923
Au 4.461798 27.020085 7.712769
Au 33.179733 3.112752 54.307144
Au 40.837849 -8.840915 38.775686
Au 50.410494 40.681418 12.150329
Au -3.196318 -0.302582 67.619822
Au 31.265204 1.405085 52.088364
Au 33.179733 40.681418 29.900567
Au 44.666907 23.604751 67.619822
Au 12.119914 32.143085 34.338126
Au -3.196318 35.558418 1.056430
Au 50.410494 50.927418 12.150329
Au 10.205385 6.528085 5.493990
Au 44.666907 20.189418 12.150329
Au 46.581436 -2.010248 18.806668
Au 21.692559 -2.010248 60.963483
Au 42.752378 52.635084 9.931549
Au 46.581436 8.235752 14.369109
Au 40.837849 -8.840915 -1.162349
Au 31.265204 3.112752 -3.381129
Au 40.837849 47.512084 52.088364
Au -5.110847 -12.256248 58.744703
Au 48.495965 52.635084 45.432025
Au -7.025376 30.435418 5.493990
Au -1.281789 1.405085 63.182262
Au 19.778030 54.342751 5.493990
Au 14.034443 -3.717915 5.493990
Au -16.598021 18.481752 36.556906
Au 14.034443 20.189418 54.307144
Au 0.632740 -5.425581 -1.162349
Au -1.281789 38.973751 -1.162349
Au -14.683492 33.850751 52.088364
Au -10.854434 25.312418 7.712769
Au 29.350675 32.143085 3.275210
Au 25.521617 35.558418 16.587888
Au 17.863501 37.266085 56.525923
Au -14.683492 54.342751 45.432025
Au 31.265204 54.342751 3.275210
Au 17.863501 44.096751 49.869584
Au 15.948972 40.681418 32.119346
Au 10.205385 35.558418 29.900567
Au 19.778030 -10.548581 -5.599909
Au -14.683492 9.943418 29.900567
Au 48.495965 -7.133248 27.681787
Au 6.376327 25.312418 7.712769
Au 0.632740 20.189418 63.182262
Au -1.281789 37.266085 38.775686
Au 19.778030 21.897085 38.775686
Au 38.923320 9.943418 52.088364
Au 31.265204 38.973751 16.587888
Au 33.179733 9.943418 34.338126
Au 54.239552 25.312418 72.057381
Au 31.265204 23.604751 63.182262
Au 29.350675 21.897085 7.712769
Au -12.768963 11.651085 38.775686
Au -20.427079 42.389085 40.994465
Au -7.025376 15.066418 1.056430
Au 25.521617 38.973751 -12.256248
Au 40.837849 32.143085 47.650804
Au 14.034443 -0.302582 45.432025
Au 27.436146 13.358752 -1.162349
Au 54.239552 13.358752 27.681787
Au 46.581436 27.020085 23.244227
Au 6.376327 21.897085 52.088364
Au 12.119914 15.066418 -3.381129
Au 12.119914 23.604751 47.650804
Au -5.110847 40.681418 18.806668
Au -1.281789 13.358752 49.869584
Au 40.837849 21.897085 60.963483
Au 54.239552 18.481752 65.401042
Au -20.427079 28.727751 40.994465
Au 21.692559 23.604751 65.401042
Au -10.854434 -3.717915 3.275210
Au 35.094262 30.435418 -12.256248
Au 2.547269 3.112752 29.900567
Au -12.768963 45.804418 -5.599909
Au 12.119914 11.651085 69.838602
Au 2.547269 13.358752 58.744703
Au 29.350675 42.389085 -7.818689
Au 15.948972 -7.133248 16.587888
Au 40.837849 16.774085 12.150329
Au 8.290856 49.219751 38.775686
Au -1.281789 40.681418 69.838602
Au 12.119914 -8.840915 -5.599909
Au 0.632740 20.189418 12.150329
Au 46.581436 -3.717915 67.619822
Au -5.110847 30.435418 69.838602
Au 37.008791 -10.548581 72.057381
Au 14.034443 -5.425581 7.712769
Au -20.427079 -2.010248 63.182262
Au 44.666907 38.973751 58.744703
Au 21.692559 47.512084 25.463007
Au 35.094262 30.435418 58.744703
Au 31.265204 28.727751 12.150329
Au 21.692559 20.189418 14.369109
Au 0.632740 -8.840915 27.681787
Au -3.196318 15.066418 40.994465
Au 48.495965 -0.302582 56.525923
Au 0.632740 47.512084 -7.818689
Au -5.110847 35.558418 60.963483
Au 29.350675 32.143085 29.900567
Au -8.939905 37.266085 34.338126
Au 0.632740 32.143085 -10.037468
Au 23.607088 1.405085 65.401042
Au 40.837849 11.651085 7.712769
Au 31.265204 35.558418 16.587888
Au 12.119914 -0.302582 60.963483
Au 15.948972 -5.425581 16.587888
Au 54.239552 4.820418 1.056430
Au 12.119914 52.635084 58.744703
Au 33.179733 23.604751 3.275210
Au -12.768963 27.020085 -7.818689
Au 8.290856 44.096751 69.838602
Au 50.410494 18.481752 7.712769
Au 54.239552 -10.548581 56.525923
Au 48.495965 -0.302582 74.276161
Au 0.632740 47.512084 -3.381129
Au 12.119914 33.850751 1.056430
Au 15.948972 33.850751 36.556906
Au 0.632740 45.804418 72.057381
Au 31.265204 38.973751 21.025448
Au 37.008791 45.804418 -5.599909
Au 50.410494 3.112752 23.244227
Au -20.427079 37.266085 52.088364
Au 12.119914 38.973751 72.057381
Au 33.179733 16.774085 -7.818689
Au -1.281789 47.512084 58.744703
Au -16.598021 -5.425581 27.681787
Au 25.521617 15.066418 65.401042
Au 37.008791 -8.840915 74.276161
Au 52.325023 -12.256248 54.307144
Au 23.607088 32.143085 60.963483
Au -10.854434 42.389085 45.432025
Au 6.376327 -10.548581 25.463007
Au 35.094262 8.235752 67.619822
Au 0.632740 15.066418 63.182262
Au 54.239552 54.342751 45.432025
Au 10.205385 -3.717915 74.276161
Au 17.863501 9.943418 -7.818689
Au -3.196318 44.096751 27.681787
Au 37.008791 1.405085 7.712769
Au -18.512550 54.342751 43.213245
Au 6.376327 -10.548581 27.681787
Au -8.939905 44.096751 5.493990
Au 50.410494 30.435418 -7.818689
Au 21.692559 40.681418 12.150329
Au 2.547269 -7.133248 60.963483
Au 23.607088 45.804418 -5.599909
Au -5.110847 50.927418 1.056430
Au 15.948972 -5.425581 47.650804
Au -5.110847 18.481752 9.931549
Au 33.179733 52.635084 23.244227
Au 46.581436 37.266085 21.025448
Au 40.837849 50.927418 67.619822
Au 29.350675 28.727751 63.182262
Au -16.598021 16.774085 18.806668
Au -16.598021 16.774085 16.587888
Au -20.427079 49.219751 21.025448
Au -14.683492 32.143085 1.056430
Au 40.837849 9.943418 32.119346
Au 37.008791 40.681418 34.338126
Au 0.632740 47.512084 9.931549
Au 33.179733 3.112752 -5.599909
Au 27.436146 -0.302582 -3.381129
Au -14.683492 16.774085 29.900567
Au 8.290856 27.020085 56.525923
Au 14.034443 52.635084 21.025448
Au 14.034443 3.112752 21.025448
Au 2.547269 42.389085 52.088364
Au -3.196318 -2.010248 9.931549
Au -3.196318 42.389085 32.119346
Au -7.025376 6.528085 21.025448
Au 19.778030 16.774085 14.369109
Au -1.281789 47.512084 40.994465
Au -8.939905 30.435418 52.088364
Au 31.265204 3.112752 -10.037468
Au 40.837849 54.342751 45.432025
Au 52.325023 15.066418 52.088364
Au 14.034443 32.143085 -7.818689
Au -20.427079 -7.133248 -5.599909
Au -3.196318 20.189418 52.088364
Au 14.034443 28.727751 7.712769
Au 15.948972 6.528085 -10.037468
Au -1.281789 33.850751 69.838602
Au 37.008791 18.481752 25.463007
Au 14.034443 -7.133248 16.587888
Au 14.034443 32.143085 9.931549
Au 37.008791 37.266085 18.806668
Au 38.923320 -2.010248 -5.599909
Au -5.110847 -10.548581 16.587888
Au 8.290856 50.927418 65.401042
Au -18.512550 47.512084 -7.818689
Au 17.863501 23.604751 -5.599909
Au 54.239552 6.528085 7.712769
Au 50.410494 37.266085 5.493990
Au -18.512550 49.219751 -5.599909
Au 31.265204 45.804418 34.338126
Au 12.119914 25.312418 3.275210
Au 6.376327 38.973751 -12.256248
Au 35.094262 -10.548581 69.838602
Au -10.854434 4.820418 52.088364
Au -5.110847 49.219751 23.244227
Au 35.094262 4.820418 1.056430
Au -1.281789 9.943418 69.838602
Au 50.410494 -12.256248 14.369109
Au 42.752378 44.096751 7.712769
Au 25.521617 35.558418 23.244227
Au -3.196318 8.235752 56.525923
Au -16.598021 -0.302582 23.244227
Au -14.683492 21.897085 36.556906
Au 37.008791 -10.548581 21.025448
Au -20.427079 20.189418 69.838602
Au 54.239552 27.020085 21.025448
Au -5.110847 8.235752 12.150329
Au 2.547269 3.112752 -5.599909
Au 46.581436 21.897085 -12.256248
Au -7.025376 21.897085 14.369109
Au 35.094262 28.727751 49.869584
Au -3.196318 9.943418 -12.256248
Au -5.110847 44.096751 18.806668
Au 6.376327 38.973751 43.213245
Au 23.607088 44.096751 63.182262
Au 0.632740 18.481752 21.025448
Au 17.863501 47.512084 25.463007
Au 21.692559 -3.717915 36.556906
Au 15.948972 16.774085 34.338126
Au 48.495965 3.112752 38.775686
Au 23.607088 18.481752 7.712769
Au -5.110847 25.312418 3.275210
Au 54.239552 1.405085 14.369109
Au -10.854434 11.651085 36.556906
Au 0.632740 33.850751 18.806668
Au 23.607088 52.635084 36.556906
Au 52.325023 -12.256248 67.619822
Au 27.436146 37.266085 43.213245
Au 15.948972 25.312418 32.119346
Au -5.110847 -7.133248 27.681787
Au 21.692559 13.358752 29.900567
Au 15.948972 1.405085 36.556906
Au 48.495965 52.635084 -12.256248
Au -10.854434 38.973751 9.931549
Au -7.025376 -7.133248 -7.818689
Au 19.778030 -5.425581 40.994465
Au 8.290856 3.112752 21.025448
Au 40.837849 15.066418 65.401042
Au 40.837849 4.820418 43.213245
Au 25.521617 21.897085 1.056430
Au -14.683492 42.389085 32.119346
Au 21.692559 21.897085 72.057381
Au 33.179733 21.897085 69.838602
Au -7.025376 18.481752 58.744703
Au 29.350675 -5.425581 47.650804
Au 2.547269 32.143085 67.619822
Au -8.939905 3.112752 16.587888
Au 52.325023 45.804418 72.057381
Au 37.008791 45.804418 21.025448
Au 38.923320 32.143085 -10.037468
Au -8.939905 40.681418 -3.381129
Au 31.265204 21.897085 23.244227
Au 19.778030 11.651085 -10.037468
Au -3.196318 40.681418 56.525923
Au 25.521617 38.973751 52.088364
Au 35.094262 -2.010248 -12.256248
Au 6.376327 -12.256248 63.182262
Au 38.923320 18.481752 5.493990
Au 6.376327 27.020085 25.463007
Au 8.290856 23.604751 65.401042
Au 15.948972 23.604751 67.619822
Au 38.923320 3.112752 72.057381
Au 14.034443 -0.302582 43.213245
Au 14.034443 20.189418 45.432025
Au 15.948972 33.850751 -1.162349
Au -20.427079 -8.840915 47.650804
Au 42.752378 -3.717915 21.025448
Au 37.008791 1.405085 74.276161
Au 46.581436 -5.425581 52.088364
Au 46.581436 15.066418 74.276161
Au 38.923320 16.774085 14.369109
Au 15.948972 38.973751 67.619822
Au 8.290856 25.312418 -12.256248
Au -20.427079 1.405085 34.338126
Au 15.948972 6.528085 -1.162349
Au 25.521617 -2.010248 12.150329
Au -16.598021 11.651085 27.681787
Au 50.410494 9.943418 25.463007
Au -5.110847 42.389085 43.213245
Au 25.521617 4.820418 3.275210
Au 19.778030 -2.010248 14.369109
Au -1.281789 -0.302582 47.650804
Au -3.196318 38.973751 60.963483
Au 2.547269 13.358752 -7.818689
Au 29.350675 -8.840915 -5.599909
Au 38.923320 54.342751 67.619822
Au 44.666907 40.681418 36.556906
Au -20.427079 28.727751 27.681787
Au 52.325023 11.651085 58.744703
Au 31.265204 28.727751 27.681787
Au -16.598021 49.219751 32.119346
Au -20.427079 47.512084 5.493990
Au 31.265204 11.651085 45.432025
Au 6.376327 -0.302582 7.712769
Au 50.410494 23.604751 -3.381129
Au 15.948972 37.266085 49.869584
Au -10.854434 52.635084 27.681787
Au 46.581436 13.358752 69.838602
Au -14.683492 33.850751 45.432025
Au 33.179733 11.651085 40.994465
Au 33.179733 9.943418 14.369109
Au 42.752378 11.651085 45.432025
Au -8.939905 15.066418 67.619822
Au 6.376327 21.897085 21.025448
Au 23.607088 47.512084 47.650804
Au -18.512550 -2.010248 60.963483
Au -18.512550 42.389085 3.275210
Au -7.025376 23.604751 34.338126
Au 35.094262 42.389085 -3.381129
Au 27.436146 -2.010248 65.401042
Au 25.521617 6.528085 27.681787
Au 29.350675 9.943418 34.338126
Au 48.495965 44.096751 32.119346
Au 10.205385 49.219751 -1.162349
Au 54.239552 20.189418 5.493990
Au 38.923320 6.528085 -1.162349
Au 14.034443 8.235752 7.712769
Au 29.350675 -7.133248 -1.162349
Au 12.119914 4.820418 9.931549
Au 21.692559 38.973751 65.401042
Au 0.632740 -0.302582 3.275210
Au 52.325023 8.235752 1.056430
Au 2.547269 18.481752 9.931549
Au -3.196318 11.651085 21.025448
Au 46.581436 21.897085 21.025448
Au 37.008791 11.651085 72.057381
Au 29.350675 3.112752 -10.037468
Au -8.939905 -10.548581 12.150329
Au -18.512550 25.312418 47.650804
Au 52.325023 -2.010248 45.432025
Au 0.632740 44.096751 58.744703
Au 48.495965 38.973751 36.556906
Au 46.581436 50.927418 18.806668
Au -1.281789 11.651085 18.806668
Au 0.632740 18.481752 67.619822
Au 2.547269 42.389085 38.775686
Au -12.768963 44.096751 60.963483
Au -10.854434 -10.548581 12.150329
Au 19.778030 32.143085 -3.381129
Au 25.521617 27.020085 -5.599909
Au 25.521617 32.143085 18.806668
Au 8.290856 25.312418 36.556906
Au 25.521617 30.435418 45.432025
Au 31.265204 33.850751 43.213245
Au 31.265204 47.512084 25.463007
Au -16.598021 23.604751 72.057381
Au 27.436146 27.020085 74.276161
Au 4.461798 23.604751 38.775686
Au 31.265204 27.020085 21.025448
Au 44.666907 33.850751 69.838602
Au 42.752378 -2.010248 34.338126
Au -16.598021 9.943418 74.276161
Au -8.939905 8.235752 27.681787
Au 19.778030 15.066418 9.931549
Au 23.607088 27.020085 38.775686
Au 42.752378 18.481752 18.806668
Au 23.607088 11.651085 21.025448
Au 37.008791 32.143085 54.307144
Au 46.581436 47.512084 47.650804
Au 27.436146 -5.425581 7.712769
Au 52.325023 40.681418 69.838602
Au 8.290856 50.927418 27.681787
Au -14.683492 -7.133248 74.276161
Au 25.521617 -3.717915 25.463007
Au 23.607088 1.405085 12.150329
Au -18.512550 25.312418 63.182262
Au -14.683492 33.850751 -1.162349
Au 12.119914 40.681418 34.338126
Au -12.768963 23.604751 27.681787
Au -7.025376 -10.548581 72.057381
Au 8.290856 32.143085 36.556906
Au 29.350675 23.604751 7.712769
Au 35.094262 -7.133248 29.900567
Au 6.376327 42.389085 74.276161
Au 48.495965 3.112752 49.869584
Au 33.179733 23.604751 34.338126
Au 27.436146 50.927418 74.276161
Au 42.752378 38.973751 -1.162349
Au -12.768963 16.774085 38.775686
Au -3.196318 9.943418 63.182262
Au 52.325023 44.096751 18.806668
Au -3.196318 50.927418 65.401042
Au 37.008791 52.635084 9.931549
Au 15.948972 -5.425581 -1.162349
Au -7.025376 47.512084 27.681787
Au 35.094262 33.850751 27.681787
Au 27.436146 16.774085 25.463007
Au 37.008791 3.112752 52.088364
Au 23.607088 23.604751 72.057381
Au 54.239552 1.405085 32.119346
Au -10.854434 8.235752 23.244227
Au -10.854434 52.635084 -7.818689
Au 37.008791 20.189418 49.869584
Au 8.290856 21.897085 -3.381129
Au 27.436146 20.189418 -7.818689
Au -5.110847 -3.717915 58.744703
Au -20.427079 25.312418 45.432025
Au 21.692559 -10.548581 9.931549
Au 42.752378 -7.133248 18.806668
Au 29.350675 23.604751 69.838602
Au 14.034443 42.389085 25.463007
Au 46.581436 -8.840915 65.401042
Au 15.948972 38.973751 -10.037468
Au -7.025376 54.342751 34.338126
Au -7.025376 9.943418 18.806668
Au 37.008791 -5.425581 -1.162349
Au 4.461798 16.774085 49.869584
Au -20.427079 15.066418 56.525923
Au -10.854434 -2.010248 65.401042
Au 8.290856 42.389085 72.057381
Au -10.854434 54.342751 72.057381
Au -7.025376 47.512084 72.057381
Au 4.461798 37.266085 1.056430
Au 46.581436 16.774085 -5.599909
Au -7.025376 16.774085 65.401042
Au 35.094262 8.235752 27.681787
Au 6.376327 -10.548581 72.057381
Au 38.923320 3.112752 43.213245
Au 8.290856 40.681418 40.994465
Au 12.119914 -8.840915 45.432025
Au 31.265204 28.727751 43.213245
Au 12.119914 44.096751 9.931549
Au 29.350675 45.804418 43.213245
Au 33.179733 32.143085 -12.256248
Au 15.948972 4.820418 25.463007
Au 8.290856 30.435418 18.806668
Au 29.350675 40.681418 47.650804
Au 4.461798 3.112752 67.619822
Au 0.632740 25.312418 65.401042
Au -7.025376 18.481752 43.213245
Au -20.427079 13.358752 -1.162349
Au 0.632740 20.189418 7.712769
Au -20.427079 8.235752 1.056430
Au 33.179733 25.312418 36.556906
Au 38.923320 42.389085 69.838602
Au 37.008791 38.973751 56.525923
Au -20.427079 21.897085 1.056430
Au 29.350675 21.897085 40.994465
Au 21.692559 3.112752 1.056430
Au 42.752378 -3.717915 -1.162349
Au -7.025376 -3.717915 9.931549
Au 12.119914 20.189418 3.275210
Au 15.948972 32.143085 38.775686
Au 17.863501 54.342751 36.556906
Au 8.290856 3.112752 65.401042
Au 21.692559 13.358752 45.432025
Au 17.863501 8.235752 69.838602
Au 52.325023 54.342751 36.556906
Au 19.778030 1.405085 65.401042
Au 19.778030 37.266085 23.244227
Au 33.179733 30.435418 54.307144
Au -1.281789 18.481752 -10.037468
Au 17.863501 -3.717915 18.806668
Au 40.837849 44.096751 -7.818689
Au 19.778030 -3.717915 5.493990
Au 17.863501 52.635084 65.401042
Au 29.350675 33.850751 29.900567
Au 31.265204 32.143085 54.307144
Au 35.094262 15.066418 52.088364
Au 44.666907 38.973751 36.556906
Au 8.290856 15.066418 29.900567
Au 2.547269 9.943418 3.275210
Au 48.495965 9.943418 40.994465
Au -3.196318 -2.010248 -7.818689
Au 14.034443 18.481752 -7.818689
Au 54.239552 30.435418 32.119346
Au -18.512550 6.528085 18.806668
Au 12.119914 -12.256248 72.057381
Au 21.692559 9.943418 12.150329
Au 38.923320 -12.256248 32.119346
Au -16.598021 44.096751 7.712769
Au 0.632740 30.435418 -10.037468
Au 54.239552 23.604751 21.025448
Au 27.436146 25.312418 3.275210
Au 21.692559 32.143085 12.150329
Au 27.436146 -0.302582 58.744703
Au 12.119914 42.389085 9.931549
Au -16.598021 25.312418 3.275210
Au -10.854434 23.604751 69.838602
Au 50.410494 15.066418 58.744703
Au 37.008791 42.389085 25.463007
Au 27.436146 -2.010248 60.963483
Au 10.205385 45.804418 65.401042
Au 2.547269 20.189418 63.182262
Au 52.325023 47.512084 9.931549
Au 2.547269 23.604751 56.525923
Au -7.025376 27.020085 -7.818689
Au 48.495965 -5.425581 52.088364
Au 44.666907 -0.302582 63.182262
Au 54.239552 16.774085 -5.599909
Au -16.598021 6.528085 27.681787
Au -14.683492 42.389085 1.056430
Au 14.034443 21.897085 -10.037468
Au 38.923320 52.635084 63.182262
Au 12.119914 32.143085 -7.818689
Au 4.461798 37.266085 65.401042
Au 52.325023 21.897085 38.775686
Au 8.290856 47.512084 14.369109
Au 27.436146 11.651085 -7.818689
Au 0.632740 38.973751 3.275210
Au 46.581436 4.820418 56.525923
Au -20.427079 -8.840915 12.150329
Au 21.692559 -10.548581 18.806668
Au 17.863501 -2.010248 65.401042
Au 40.837849 -3.717915 23.244227
Au -14.683492 6.528085 5.493990
Au 15.948972 -3.717915 74.276161
Au 44.666907 42.389085 65.401042
Au 17.863501 38.973751 21.025448
Au -3.196318 6.528085 67.619822
Au 25.521617 27.020085 18.806668
Au 10.205385 38.973751 43.213245
Au -10.854434 -12.256248 47.650804
Au 54.239552 9.943418 3.275210
Au 33.179733 8.235752 69.838602
Au 40.837849 30.435418 52.088364
Au 48.495965 16.774085 5.493990
Au 19.778030 -10.548581 9.931549
Au -10.854434 -5.425581 14.369109
Au 25.521617 6.528085 -5.599909
Au 25.521617 40.681418 40.994465
Au 48.495965 21.897085 65.401042
Au 17.863501 9.943418 45.432025
Au -16.598021 16.774085 69.838602
Au 10.205385 32.143085 74.276161
Au 42.752378 13.358752 56.525923
Au 48.495965 4.820418 45.432025
Au 40.837849 15.066418 23.244227
Au 29.350675 32.143085 5.493990
Au -14.683492 21.897085 65.401042
Au 15.948972 21.897085 -7.818689
Au -12.768963 33.850751 32.119346
Au -20.427079 47.512084 12.150329
Au 35.094262 23.604751 60.963483
Au 21.692559 4.820418 40.994465
Au -7.025376 40.681418 60.963483
Au 33.179733 -0.302582 34.338126
Au 29.350675 -0.302582 3.275210
Au 19.778030 32.143085 12.150329
Au 27.436146 -3.717915 65.401042
Au -10.854434 25.312418 69.838602
Au 14.034443 27.020085 25.463007
Au 29.350675 3.112752 5.493990
Au 10.205385 40.681418 1.056430
Au 31.265204 37.266085 34.338126
Au -10.854434 16.774085 27.681787
Au 23.607088 20.189418 27.681787
Au 37.008791 -5.425581 74.276161
Au -7.025376 27.020085 52.088364
Au 44.666907 -12.256248 16.587888
Au 21.692559 18.481752 65.401042
Au -7.025376 -8.840915 69.838602
Au 23.607088 21.897085 74.276161
Au 4.461798 16.774085 63.182262
Au 19.778030 9.943418 36.556906
Au 46.581436 27.020085 21.025448
Au -10.854434 23.604751 29.900567
Au -14.683492 45.804418 32.119346
Au 46.581436 11.651085 72.057381
Au -16.598021 8.235752 18.806668
Au 44.666907 35.558418 21.025448
Au 21.692559 -8.840915 5.493990
Au 46.581436 32.143085 16.587888
Au 0.632740 3.112752 -7.818689
Au 33.179733 35.558418 14.369109
Au 33.179733 45.804418 27.681787
Au -16.598021 49.219751 65.401042
Au 33.179733 20.189418 54.307144
Au 19.778030 15.066418 21.025448
Au 31.265204 45.804418 65.401042
Au 15.948972 15.066418 49.869584
Au -12.768963 20.189418 69.838602
Au -16.598021 6.528085 52.088364
Au 25.521617 42.389085 60.963483
Au 42.752378 37.266085 49.869584
Au 54.239552 1.405085 27.681787
Au 37.008791 38.973751 18.806668
Au 2.547269 42.389085 -10.037468
Au 23.607088 52.635084 74.276161
Au 31.265204 -10.548581 5.493990
Au 17.863501 33.850751 60.963483
Au -3.196318 6.528085 32.119346
Au -5.110847 21.897085 -7.818689
Au -20.427079 -8.840915 -10.037468
Au 48.495965 4.820418 9.931549
Au 8.290856 33.850751 -5.599909
Au 12.119914 3.112752 -1.162349
Au 42.752378 1.405085 32.119346
Au 21.692559 8.235752 -3.381129
Au 29.350675 -5.425581 -7.818689
Au -14.683492 37.266085 36.556906
Au 37.008791 47.512084 38.775686
Au 19.778030 23.604751 58.744703
Au 10.205385 45.804418 23.244227
Au 23.607088 42.389085 32.119346
Au 4.461798 6.528085 25.463007
Au -16.598021 37.266085 49.869584
Au 8.290856 23.604751 1.056430
Au 35.094262 38.973751 45.432025
Au -18.512550 40.681418 23.244227
Au 46.581436 -12.256248 69.838602
Au -8.939905 9.943418 21.025448
Au 6.376327 35.558418 32.119346
Au 14.034443 40.681418 47.650804
Au 40.837849 20.189418 -5.599909
Au -20.427079 25.312418 36.556906
Au 44.666907 37.266085 49.869584
Au 15.948972 44.096751 72.057381
Au 4.461798 4.820418 14.369109
Au 15.948972 -7.133248 21.025448
Au 44.666907 9.943418 56.525923
Au 6.376327 1.405085 47.650804
Au 19.778030 9.943418 1.056430
Au -5.110847 40.681418 27.681787
Au -20.427079 33.850751 72.057381
Au 27.436146 33.850751 1.056430
Au 37.008791 -8.840915 -10.037468
Au -5.110847 9.943418 56.525923
Au -5.110847 50.927418 54.307144
Au 19.778030 11.651085 -3.381129
Au -18.512550 3.112752 34.338126
Au 35.094262 49.219751 7.712769
Au 48.495965 16.774085 21.025448
Au 15.948972 11.651085 38.775686
Au -18.512550 -10.548581 -1.162349
Au -1.281789 -10.548581 18.806668
Au -1.281789 23.604751 27.681787
Au 52.325023 44.096751 3.275210
Au -18.512550 44.096751 18.806668
Au 37.008791 -0.302582 38.775686
Au 23.607088 -5.425581 27.681787
Au -7.025376 44.096751 74.276161
Au 35.094262 -7.133248 40.994465
Au 0.632740 30.435418 23.244227
Au 31.265204 -2.010248 36.556906
Au 2.547269 11.651085 60.963483
Au 0.632740 4.820418 27.681787
Au 6.376327 52.635084 34.338126
Au -18.512550 -5.425581 43.213245
Au 12.119914 9.943418 18.806668
Au 38.923320 16.774085 54.307144
Au 33.179733 -7.133248 34.338126
Au 31.265204 3.112752 -1.162349
Au 42.752378 35.558418 -10.037468
Au 52.325023 25.312418 9.931549
Au 31.265204 -12.256248 45.432025
Au -18.512550 -7.133248 21.025448
Au 8.290856 49.219751 25.463007
Au -7.025376 -0.302582 56.525923
Au 40.837849 4.820418 -1.162349
Au 44.666907 -5.425581 -5.599909
Au -18.512550 -0.302582 -5.599909
Au 8.290856 30.435418 34.338126
Au 52.325023 -2.010248 60.963483
Au 54.239552 18.481752 52.088364
Au -1.281789 -5.425581 -5.599909
Au 2.547269 -3.717915 40.994465
Au 48.495965 -3.717915 7.712769
Au -5.110847 -7.133248 49.869584
Au 2.547269 50.927418 25.463007
Au 19.778030 6.528085 32.119346
Au 50.410494 -8.840915 5.493990
Au -12.768963 1.405085 -7.818689
Au -1.281789 35.558418 23.244227
Au 12.119914 1.405085 45.432025
Au 48.495965 18.481752 16.587888
Au 29.350675 21.897085 -3.381129
Au 40.837849 -7.133248 74.276161
Au 6.376327 1.405085 -5.599909
Au 31.265204 18.481752 -1.162349
Au 48.495965 16.774085 34.338126
Au 15.948972 33.850751 65.401042
Au 2.547269 8.235752 69.838602
Au 42.752378 16.774085 74.276161
Au -18.512550 28.727751 40.994465
Au 52.325023 32.143085 54.307144
Au -12.768963 1.405085 63.182262
Au 19.778030 25.312418 36.556906
Au 4.461798 32.143085 9.931549
Au -10.854434 20.189418 -3.381129
Au 44.666907 -8.840915 54.307144
Au 54.239552 28.727751 -7.818689
Au 21.692559 1.405085 65.401042
Au 2.547269 8.235752 12.150329
Au -20.427079 45.804418 54.307144
Au 46.581436 44.096751 9.931549
Au 40.837849 6.528085 -12.256248
Au 37.008791 54.342751 -12.256248
Au -3.196318 21.897085 -3.381129
Au -8.939905 13.358752 32.119346
Au -16.598021 30.435418 49.869584
Au 50.410494 -10.548581 -10.037468
Au -8.939905 35.558418 58.744703
Au 54.239552 21.897085 9.931549
Au -7.025376 -3.717915 69.838602
Au 33.179733 4.820418 -10.037468
Au 10.205385 38.973751 32.119346
Au 38.923320 1.405085 58.744703
Au 10.205385 9.943418 40.994465
Au 46.581436 9.943418 65.401042
Au -3.196318 -3.717915 32.119346
Au 25.521617 9.943418 54.307144
Au -18.512550 37.266085 -3.381129
Au -8.939905 25.312418 54.307144
Au 0.632740 40.681418 3.275210
Au -7.025376 45.804418 74.276161
Au -14.683492 15.066418 7.712769
Au -16.598021 33.850751 32.119346
Au 37.008791 -12.256248 12.150329
Au 37.008791 30.435418 5.493990
Au 31.265204 27.020085 -1.162349
Au -10.854434 54.342751 1.056430
Au 0.632740 30.435418 74.276161
Au 6.376327 8.235752 -12.256248
Au 15.948972 44.096751 -3.381129
Au 31.265204 8.235752 7.712769
Au 37.008791 -0.302582 7.712769
Au 31.265204 -8.840915 16.587888
Au 14.034443 45.804418 67.619822
Au -14.683492 13.358752 18.806668
Au 29.350675 30.435418 36.556906
Au 15.948972 30.435418 -5.599909
Au 31.265204 13.358752 14.369109
Au 12.119914 15.066418 -12.256248
Au 37.008791 3.112752 40.994465
Au -3.196318 4.820418 52.088364
Au -7.025376 16.774085 3.275210
Au -10.854434 38.973751 12.150329
Au 44.666907 32.143085 29.900567
Au 46.581436 49.219751 12.150329
Au -8.939905 23.604751 69.838602
Au 42.752378 25.312418 -1.162349
Au 0.632740 -2.010248 58.744703
Au -7.025376 11.651085 27.681787
Au 37.008791 -8.840915 -7.818689
Au 50.410494 -2.010248 52.088364
Au 37.008791 -8.840915 69.838602
Au 48.495965 -10.548581 54.307144
Au -7.025376 28.727751 54.307144
Au 48.495965 13.358752 5.493990
Au 42.752378 32.143085 25.463007
Au 48.495965 6.528085 -10.037468
Au 54.239552 3.112752 54.307144
Au 44.666907 6.528085 60.963483
Au 52.325023 11.651085 36.556906
Au 31.265204 38.973751 12.150329
Au -1.281789 -12.256248 -7.818689
Au -10.854434 30.435418 25.463007
Au 52.325023 37.266085 3.275210
Au 46.581436 -8.840915 52.088364
Au 50.410494 44.096751 56.525923
Au 37.008791 49.219751 67.619822
Au 10.205385 9.943418 36.556906
Au -18.512550 4.820418 72.057381
Au -5.110847 40.681418 43.213245
Au 40.837849 49.219751 65.401042
Au 33.179733 1.405085 43.213245
Au -8.939905 -7.133248 74.276161
Au 0.632740 -2.010248 72.057381
Au 31.265204 -5.425581 43.213245
Au 54.239552 20.189418 9.931549
Au 14.034443 33.850751 18.806668
Au -20.427079 23.604751 -1.162349
Au 25.521617 16.774085 23.244227
Au 0.632740 -3.717915 12.150329
Au 14.034443 -0.302582 21.025448
Au 15.948972 11.651085 40.994465
Au -20.427079 -7.133248 -3.381129
Au -3.196318 37.266085 -1.162349
Au 52.325023 16.774085 5.493990
Au 6.376327 8.235752 7.712769
Au -10.854434 3.112752 9.931549
Au -5.110847 32.143085 69.838602
Au 2.547269 52.635084 74.276161
Au -14.683492 30.435418 -12.256248
Au 4.461798 42.389085 5.493990
Au 46.581436 40.681418 38.775686
Au 21.692559 -8.840915 34.338126
Au 54.239552 42.389085 3.275210
Au 10.205385 -10.548581 9.931549
Au 4.461798 32.143085 54.307144
Au -20.427079 20.189418 1.056430
Au 37.008791 35.558418 58.744703
Au 27.436146 35.558418 36.556906
Au -3.196318 -10.548581 69.838602
Au -8.939905 18.481752 -12.256248
Au 21.692559 9.943418 -5.599909
Au 38.923320 21.897085 29.900567
Au 14.034443 27.020085 74.276161
Au 44.666907 44.096751 -10.037468
Au -12.768963 47.512084 34.338126
Au 0.632740 21.897085 56.525923
Au 27.436146 42.389085 60.963483
Au 44.666907 33.850751 7.712769
Au -8.939905 30.435418 25.463007
Au 52.325023 54.342751 32.119346
Au 6.376327 44.096751 52.088364
Au 35.094262 33.850751 54.307144
Au 42.752378 45.804418 63.182262
Au -8.939905 -2.010248 21.025448
Au 8.290856 11.651085 43.213245
Au -18.512550 25.312418 67.619822
Au 44.666907 20.189418 7.712769
Au 29.350675 37.266085 -12.256248
Au 23.607088 52.635084 32.119346
Au -3.196318 40.681418 74.276161
Au 21.692559 11.651085 21.025448
Au 44.666907 15.066418 38.775686
Au 37.008791 27.020085 -12.256248
Au 44.666907 52.635084 3.275210
Au 12.119914 18.481752 49.869584
Au -5.110847 42.389085 16.587888
Au 6.376327 52.635084 16.587888
Au 4.461798 33.850751 -7.818689
Au 15.948972 30.435418 63.182262
Au 31.265204 3.112752 34.338126
Au 19.778030 -5.425581 -1.162349
Au 0.632740 20.189418 25.463007
Au 0.632740 49.219751 43.213245
Au 31.265204 -8.840915 58.744703
Au -12.768963 20.189418 65.401042
Au 46.581436 54.342751 -12.256248
Au -3.196318 20.189418 47.650804
Au 8.290856 38.973751 -12.256248
Au 19.778030 16.774085 7.712769
Au -14.683492 8.235752 9.931549
Ag 44.666907 6.528085 18.806668
Ag -16.598021 38.973751 32.119346
Ag -5.110847 23.604751 -7.818689
Ag 10.205385 30.435418 5.493990
Ag 25.521617 30.435418 43.213245
Ag -3.196318 30.435418 -1.162349
Ag 40.837849 -3.717915 63.182262
Ag -16.598021 38.973751 -10.037468
Ag 37.008791 16.774085 25.463007
Ag 52.325023 50.927418 45.432025
Ag -5.110847 40.681418 47.650804
Ag 33.179733 1.405085 3.275210
Ag 12.119914 38.973751 67.619822
Ag -7.025376 50.927418 38.775686
Ag -18.512550 27.020085 69.838602
Ag 0.632740 -10.548581 -10.037468
Ag -10.854434 40.681418 38.775686
Ag 15.948972 54.342751 56.525923
Ag -7.025376 27.020085 -12.256248
Ag 37.008791 37.266085 65.401042
Ag 23.607088 50.927418 65.401042
Ag 35.094262 3.112752 32.119346
Ag 14.034443 47.512084 43.213245
Ag 2.547269 20.189418 14.369109
Ag 37.008791 27.020085 63.182262
Ag 54.239552 -7.133248 12.150329
Ag 19.778030 4.820418 47.650804
Ag 27.436146 4.820418 1.056430
Ag 6.376327 11.651085 54.307144
Ag 23.607088 42.389085 -10.037468
Ag -18.512550 49.219751 58.744703
Ag 42.752378 8.235752 29.900567
Ag 46.581436 45.804418 1.056430
Ag 6.376327 52.635084 45.432025
Ag -10.854434 8.235752 43.213245
Ag 42.752378 45.804418 72.057381
Ag 17.863501 50.927418 -5.599909
Ag -8.939905 47.512084 23.244227
Ag 17.863501 1.405085 52.088364
Ag 12.119914 32.143085 72.057381
Ag 48.495965 52.635084 29.900567
Ag 0.632740 -10.548581 38.775686
Ag -12.768963 25.312418 14.369109
Ag 46.581436 37.266085 -5.599909
Ag 15.948972 27.020085 14.369109
Ag -8.939905 27.020085 47.650804
Ag 54.239552 -7.133248 69.838602
Ag -8.939905 47.512084 60.963483
Ag -12.768963 -12.256248 3.275210
Ag 12.119914 20.189418 67.619822
Ag 29.350675 47.512084 -3.381129
Ag 44.666907 40.681418 34.338126
Ag 37.008791 -8.840915 -10.037468
Ag 12.119914 4.820418 47.650804
Ag 8.290856 15.066418 34.338126
Ag 33.179733 9.943418 -12.256248
Ag 19.778030 -12.256248 67.619822
Ag 42.752378 3.112752 52.088364
Ag -14.683492 32.143085 54.307144
Ag -18.512550 -0.302582 3.275210
Ag 31.265204 11.651085 34.338126
Ag 17.863501 3.112752 -12.256248
Ag 42.752378 -2.010248 52.088364
Ag 48.495965 9.943418 21.025448
Ag -3.196318 44.096751 72.057381
Ag 0.632740 21.897085 18.806668
Ag -14.683492 47.512084 29.900567
Ag 27.436146 23.604751 23.244227
Ag -20.427079 33.850751 58.744703
Ag 40.837849 20.189418 65.401042
Ag 44.666907 44.096751 45.432025
Ag 40.837849 -8.840915 43.213245
Ag -8.939905 37.266085 12.150329
Ag 38.923320 -0.302582 9.931549
Ag -5.110847 15.066418 -7.818689
Ag 29.350675 32.143085 23.244227
Ag 52.325023 44.096751 34.338126
Ag -3.196318 40.681418 65.401042
Ag 15.948972 4.820418 58.744703
Ag 23.607088 40.681418 5.493990
Ag 0.632740 -2.010248 9.931549
Ag 52.325023 20.189418 52.088364
Ag 35.094262 4.820418 60.963483
Ag 48.495965 28.727751 52.088364
Ag 42.752378 -12.256248 -10.037468
Ag 27.436146 50.927418 29.900567
Ag 25.521617 11.651085 -7.818689
Ag -16.598021 40.681418 36.556906
Ag -12.768963 40.681418 3.275210
Ag 23.607088 -3.717915 69.838602
Ag 2.547269 38.973751 23.244227
Ag 54.239552 4.820418 34.338126
Ag -14.683492 30.435418 -12.256248
Ag 23.607088 50.927418 3.275210
Ag -7.025376 -10.548581 32.119346
Ag 31.265204 -5.425581 9.931549
Ag 2.547269 -8.840915 -10.037468
Ag 19.778030 3.112752 1.056430
Ag -20.427079 32.143085 72.057381
Ag 33.179733 -3.717915 36.556906
Ag 21.692559 33.850751 65.401042
Ag -7.025376 27.020085 23.244227
Ag 48.495965 -2.010248 1.056430
Ag -12.768963 23.604751 27.681787
Ag 12.119914 9.943418 47.650804
Ag 33.179733 -10.548581 5.493990
Ag 15.948972 6.528085 36.556906
Ag 38.923320 -12.256248 21.025448
Ag 54.239552 -8.840915 74.276161
Ag 48.495965 47.512084 45.432025
Ag 23.607088 49.219751 25.463007
Ag 46.581436 40.681418 -12.256248
Ag 37.008791 50.927418 -3.381129
Ag 10.205385 25.312418 -1.162349
Ag -20.427079 11.651085 -1.162349
Ag 0.632740 3.112752 1.056430
Ag -10.854434 37.266085 1.056430
Ag 40.837849 -3.717915 36.556906
Ag 33.179733 27.020085 34.338126
Ag -18.512550 40.681418 -10.037468
Ag -20.427079 -0.302582 7.712769
Ag 15.948972 4.820418 29.900567
Ag 17.863501 -5.425581 54.307144
Ag -7.025376 28.727751 58.744703
Ag 8.290856 -7.133248 23.244227
Ag 12.119914 -3.717915 74.276161
Ag 48.495965 50.927418 40.994465
Ag 17.863501 50.927418 67.619822
Ag -5.110847 1.405085 63.182262
Ag 10.205385 44.096751 65.401042
Ag 50.410494 35.558418 43.213245
Ag -12.768963 32.143085 -12.256248
Ag 52.325023 11.651085 25.463007
Ag 54.239552 50.927418 -12.256248
Ag 12.119914 23.604751 -5.599909
Ag 40.837849 -10.548581 16.587888
Ag 46.581436 -12.256248 43.213245
Ag 38.923320 -2.010248 43.213245
Ag 10.205385 -0.302582 34.338126
Ag 10.205385 -8.840915 65.401042
Ag -12.768963 1.405085 45.432025
Ag -5.110847 44.096751 27.681787
Ag -16.598021 -3.717915 18.806668
Ag 23.607088 -3.717915 36.556906
Ag -18.512550 40.681418 34.338126
Ag 48.495965 47.512084 -10.037468
Ag 42.752378 20.189418 1.056430
Ag 27.436146 30.435418 58.744703
Ag -12.768963 42.389085 29.900567
Ag -3.196318 27.020085 38.775686
Ag -18.512550 45.804418 58.744703
Ag -12.768963 23.604751 -5.599909
Ag 35.094262 35.558418 65.401042
Ag -5.110847 16.774085 36.556906
Ag -8.939905 8.235752 58.744703
Ag 0.632740 -7.133248 1.056430
Ag 6.376327 3.112752 7.712769
Ag 52.325023 -5.425581 29.900567
Ag 8.290856 -7.133248 54.307144
Ag 29.350675 32.143085 58.744703
Ag 25.521617 1.405085 9.931549
Ag 10.205385 38.973751 54.307144
Ag -14.683492 38.973751 54.307144
Ag 54.239552 -0.302582 -3.381129
Ag -20.427079 13.358752 29.900567
Ag 50.410494 32.143085 60.963483
Ag 15.948972 13.358752 63.182262
Ag 25.521617 33.850751 40.994465
Ag -1.281789 -0.302582 34.338126
Ag 38.923320 38.973751 -10.037468
Ag -18.512550 20.189418 5.493990
Ag 44.666907 -8.840915 63.182262
Ag 2.547269 -7.133248 65.401042
Ag 25.521617 -10.548581 43.213245
Ag 37.008791 8.235752 72.057381
Ag 14.034443 52.635084 -7.818689
Ag 38.923320 11.651085 -3.381129
Ag 21.692559 42.389085 38.775686
Ag 52.325023 6.528085 67.619822
Ag 23.607088 35.558418 74.276161
Ag 52.325023 52.635084 58.744703
Ag 23.607088 37.266085 3.275210
Ag 23.607088 27.020085 29.900567
Ag -20.427079 -8.840915 47.650804
Ag 33.179733 23.604751 9.931549
Ag 6.376327 23.604751 43.213245
Ag -7.025376 -0.302582 3.275210
Ag 52.325023 -8.840915 -1.162349
Ag 23.607088 15.066418 74.276161
Ag 21.692559 8.235752 32.119346
Ag 54.239552 -2.010248 65.401042
Ag 0.632740 35.558418 12.150329
Ag -20.427079 23.604751 3.275210
Ag 44.666907 -2.010248 54.307144
Ag -20.427079 30.435418 7.712769
Ag -3.196318 -8.840915 18.806668
Ag 40.837849 27.020085 58.744703
Ag 4.461798 32.143085 36.556906
Ag 35.094262 6.528085 36.556906
Ag -12.768963 25.312418 18.806668
Ag 6.376327 30.435418 3.275210
Ag -1.281789 15.066418 52.088364
Ag -20.427079 -2.010248 23.244227
Ag 29.350675 -5.425581 45.432025
Ag -14.683492 9.943418 74.276161
Ag -14.683492 30.435418 72.057381
Ag -1.281789 28.727751 9.931549
Ag 15.948972 52.635084 12.150329
Ag 25.521617 52.635084 21.025448
Ag 4.461798 6.528085 36.556906
Ag -14.683492 16.774085 29.900567
Ag 2.547269 33.850751 52.088364
Ag 8.290856 40.681418 23.244227
Ag -18.512550 11.651085 43.213245
Ag 19.778030 4.820418 -12.256248
Ag 33.179733 6.528085 23.244227
Ag 19.778030 -10.548581 7.712769
Ag -7.025376 18.481752 -7.818689
Ag 40.837849 25.312418 9.931549
Ag 31.265204 6.528085 -7.818689
Ag 23.607088 13.358752 36.556906
Ag -14.683492 3.112752 32.119346
Ag 54.239552 -3.717915 18.806668
Ag 40.837849 42.389085 52.088364
Ag 25.521617 28.727751 56.525923
Ag 4.461798 52.635084 29.900567
Ag 8.290856 8.235752 18.806668
Ag 35.094262 33.850751 23.244227
Ag -18.512550 -2.010248 38.775686
Ag -18.512550 -2.010248 67.619822
Ag -10.854434 28.727751 7.712769
Ag 31.265204 -10.548581 29.900567
Ag 23.607088 27.020085 -7.818689
Ag 40.837849 27.020085 25.463007
Ag 27.436146 -0.302582 25.463007
Ag 15.948972 23.604751 74.276161
Ag -8.939905 35.558418 43.213245
Ag 25.521617 21.897085 1.056430
Ag 12.119914 20.189418 32.119346
Ag 6.376327 40.681418 12.150329
Ag 14.034443 50.927418 60.963483
Ag 2.547269 44.096751 74.276161
Ag 31.265204 38.973751 32.119346
Ag 44.666907 21.897085 18.806668
Ag 50.410494 38.973751 -7.818689
Ag 17.863501 50.927418 14.369109
Ag 42.752378 9.943418 9.931549
Ag 4.461798 18.481752 56.525923
Ag -20.427079 6.528085 18.806668
Ag -7.025376 8.235752 21.025448
Ag 19.778030 18.481752 -5.599909
Ag 33.179733 52.635084 67.619822
Ag 0.632740 33.850751 5.493990
Ag 25.521617 3.112752 7.712769
Ag 6.376327 38.973751 -3.381129
Ag 10.205385 32.143085 69.838602
Ag 33.179733 47.512084 72.057381
Ag 23.607088 23.604751 -7.818689
Ag 2.547269 18.481752 -3.381129
Ag 0.632740 -8.840915 7.712769
Ag 37.008791 3.112752 16.587888
Ag 50.410494 8.235752 9.931549
Ag 19.778030 21.897085 21.025448
Ag 19.778030 6.528085 43.213245
Ag 29.350675 -7.133248 3.275210
Ag -7.025376 37.266085 -5.599909
Ag 8.290856 1.405085 12.150329
Ag 27.436146 25.312418 63.182262
Ag 0.632740 -0.302582 54.307144
Ag 33.179733 4.820418 65.401042
Ag -16.598021 -10.548581 40.994465
Ag 23.607088 37.266085 65.401042
Ag 14.034443 25.312418 16.587888
Ag -1.281789 28.727751 72.057381
Ag 37.008791 45.804418 74.276161
Ag -3.196318 -10.548581 74.276161
Ag 17.863501 32.143085 34.338126
Ag 48.495965 28.727751 14.369109
Ag 10.205385 -2.010248 74.276161
Ag 46.581436 33.850751 29.900567
Ag 8.290856 3.112752 5.493990
Ag 21.692559 32.143085 32.119346
Ag 2.547269 13.358752 -1.162349
Ag 31.265204 23.604751 58.744703
Ag -12.768963 44.096751 1.056430
Ag -18.512550 8.235752 16.587888
Ag -14.683492 4.820418 -5.599909
Ag 23.607088 33.850751 14.369109
Ag 12.119914 6.528085 45.432025
Ag 8.290856 28.727751 65.401042
Ag 2.547269 44.096751 -1.162349
Ag 12.119914 47.512084 -3.381129
Ag 42.752378 52.635084 16.587888
Ag 46.581436 -8.840915 18.806668
Ag 6.376327 28.727751 -7.818689
Ag 10.205385 44.096751 34.338126
Ag 46.581436 8.235752 38.775686
Ag 37.008791 4.820418 18.806668
Ag -1.281789 -10.548581 5.493990
Ag -10.854434 6.528085 74.276161
Ag 40.837849 -8.840915 27.681787
Ag 8.290856 28.727751 21.025448
Ag 19.778030 11.651085 40.994465
Ag 2.547269 8.235752 3.275210
Ag -3.196318 50.927418 16.587888
Ag 23.607088 18.481752 16.587888
Ag 27.436146 6.528085 65.401042
Ag -1.281789 -3.717915 47.650804
Ag 38.923320 13.358752 -1.162349
Ag 46.581436 32.143085 63.182262
Ag -18.512550 15.066418 34.338126
Ag 54.239552 42.389085 -1.162349
Ag 15.948972 -5.425581 23.244227
Ag 48.495965 25.312418 40.994465
Ag -20.427079 20.189418 27.681787
Ag 29.350675 15.066418 25.463007
Ag 14.034443 47.512084 29.900567
Ag -7.025376 -8.840915 14.369109
Ag 4.461798 30.435418 58.744703
Ag 35.094262 -7.133248 14.369109
Ag 2.547269 11.651085 43.213245
Ag 17.863501 42.389085 21.025448
Ag -14.683492 35.558418 3.275210
Ag 27.436146 16.774085 49.869584
Ag 31.265204 52.635084 60.963483
Ag 25.521617 15.066418 54.307144
Ag 10.205385 35.558418 21.025448
Ag 23.607088 18.481752 58.744703
Ag 23.607088 32.143085 -7.818689
Ag -5.110847 1.405085 52.088364
Ag 10.205385 40.681418 -10.037468
Ag 8.290856 -12.256248 40.994465
Ag 0.632740 -0.302582 -10.037468
Ag 52.325023 52.635084 -1.162349
Ag 46.581436 54.342751 -10.037468
Ag 40.837849 11.651085 12.150329
Ag 48.495965 15.066418 72.057381
Ag -3.196318 -2.010248 1.056430
Ag 0.632740 -12.256248 27.681787
Ag 4.461798 20.189418 69.838602
Ag -18.512550 42.389085 5.493990
Ag -8.939905 13.358752 58.744703
Ag 10.205385 21.897085 7.712769
Ag 2.547269 52.635084 63.182262
Ag 23.607088 38.973751 52.088364
Ag 46.581436 37.266085 63.182262
Ag 8.290856 27.020085 72.057381
Ag -10.854434 8.235752 67.619822
Ag 38.923320 -8.840915 9.931549
Ag -12.768963 44.096751 54.307144
Ag 0.632740 49.219751 49.869584
Ag -1.281789 11.651085 23.244227
Ag 8.290856 40.681418 34.338126
Ag -14.683492 -12.256248 72.057381
Ag 12.119914 16.774085 69.838602
Ag 46.581436 13.358752 56.525923
Ag 23.607088 50.927418 45.432025
Ag 50.410494 1.405085 74.276161
Ag -12.768963 1.405085 52.088364
Ag 27.436146 18.481752 -12.256248
Ag 19.778030 1.405085 47.650804
Ag 50.410494 -10.548581 49.869584
Ag 2.547269 15.066418 27.681787
Ag 52.325023 1.405085 65.401042
Ag 2.547269 50.927418 40.994465
Ag 48.495965 3.112752 -12.256248
Ag -12.768963 -0.302582 12.150329
Ag 44.666907 4.820418 49.869584
Ag 0.632740 16.774085 63.182262
Ag 52.325023 27.020085 40.994465
Ag 52.325023 -0.302582 -1.162349
Ag 37.008791 -0.302582 5.493990
Ag 31.265204 25.312418 12.150329
Ag -16.598021 21.897085 -3.381129
Ag -14.683492 50.927418 -12.256248
Ag 50.410494 21.897085 32.119346
Ag 38.923320 21.897085 18.806668
Ag 35.094262 49.219751 1.056430
Ag 21.692559 -7.133248 65.401042
Ag 31.265204 49.219751 74.276161
Ag 50.410494 54.342751 45.432025
Ag 52.325023 30.435418 14.369109
Ag 35.094262 28.727751 56.525923
Ag 48.495965 6.528085 21.025448
Ag 27.436146 -5.425581 -12.256248
Ag -3.196318 42.389085 -10.037468
Ag 50.410494 -0.302582 7.712769
Ag -14.683492 30.435418 18.806668
Ag 19.778030 27.020085 12.150329
Ag 40.837849 40.681418 -7.818689
Ag -8.939905 -3.717915 27.681787
Ag 44.666907 42.389085 5.493990
Ag -14.683492 -3.717915 -12.256248
Ag 10.205385 8.235752 9.931549
Ag -3.196318 11.651085 -3.381129
Ag -3.196318 3.112752 65.401042
Ag -20.427079 33.850751 1.056430
Ag 8.290856 33.850751 14.369109
Ag -16.598021 54.342751 3.275210
Ag -12.768963 11.651085 23.244227
Ag 52.325023 -3.717915 60.963483
Ag 25.521617 44.096751 74.276161
Ag -18.512550 -3.717915 40.994465
Ag 21.692559 9.943418 34.338126
Ag 25.521617 6.528085 58.744703
Ag -14.683492 49.219751 47.650804
Ag 4.461798 49.219751 38.775686
Ag 2.547269 35.558418 72.057381
Ag 42.752378 -7.133248 5.493990
Ag 25.521617 40.681418 60.963483
Ag 2.547269 -8.840915 40.994465
Ag 42.752378 16.774085 52.088364
Ag 14.034443 47.512084 -5.599909
Ag -3.196318 52.635084 -5.599909
Ag 33.179733 23.604751 63.182262
Ag 14.034443 50.927418 29.900567
Ag 25.521617 49.219751 49.869584
Ag -5.110847 -12.256248 74.276161
Ag 54.239552 15.066418 52.088364
Ag -8.939905 32.143085 32.119346
Ag 10.205385 -8.840915 32.119346
Ag 12.119914 35.558418 52.088364
Ag 6.376327 25.312418 63.182262
Ag -10.854434 50.927418 -3.381129
Ag -14.683492 6.528085 3.275210
Ag -20.427079 -8.840915 32.119346
Ag 29.350675 4.820418 36.556906
Ag 27.436146 52.635084 40.994465
Ag -18.512550 54.342751 63.182262
Ag 14.034443 44.096751 27.681787
Ag 4.461798 44.096751 29.900567
Ag 21.692559 15.066418 1.056430
Ag 38.923320 42.389085 47.650804
Ag -1.281789 54.342751 21.025448
Ag -8.939905 38.973751 5.493990
Ag -8.939905 52.635084 49.869584
Ag 40.837849 -12.256248 36.556906
Ag 35.094262 52.635084 72.057381
Ag 17.863501 44.096751 -12.256248
Ag 27.436146 23.604751 49.869584
Ag 50.410494 -5.425581 40.994465
Ag 35.094262 21.897085 63.182262
Ag 38.923320 21.897085 54.307144
Ag 19.778030 40.681418 -3.381129
Ag 21.692559 3.112752 32.119346
Ag -1.281789 -2.010248 7.712769
Ag 17.863501 16.774085 -7.818689
Ag 10.205385 42.389085 27.681787
Ag 37.008791 35.558418 1.056430
Ag 2.547269 42.389085 45.432025
Ag 25.521617 -2.010248 40.994465
Ag -14.683492 -12.256248 7.712769
Ag 35.094262 45.804418 40.994465
Ag 21.692559 20.189418 -7.818689
Ag -3.196318 32.143085 34.338126
Ag 27.436146 -2.010248 43.213245
Ag 50.410494 18.481752 34.338126
Ag 46.581436 25.312418 14.369109
Ag 40.837849 -12.256248 58.744703
Ag 12.119914 13.358752 -5.599909
Ag 19.778030 11.651085 -10.037468
Ag 27.436146 8.235752 1.056430
Ag -18.512550 11.651085 58.744703
Ag 27.436146 3.112752 -7.818689
Ag 38.923320 25.312418 47.650804
Ag 40.837849 -5.425581 32.119346
Ag -3.196318 3.112752 9.931549
Ag 19.778030 4.820418 -7.818689
Ag 14.034443 6.528085 56.525923
Ag 25.521617 33.850751 9.931549
Ag 10.205385 -8.840915 -7.818689
Ag 17.863501 54.342751 43.213245
Ag 12.119914 33.850751 -12.256248
Ag 42.752378 11.651085 34.338126
Ag 50.410494 -7.133248 25.463007
Ag 6.376327 20.189418 58.744703
Ag 25.521617 32.143085 60.963483
Ag -8.939905 40.681418 69.838602
Ag -16.598021 38.973751 3.275210
Ag 44.666907 45.804418 5.493990
Ag 54.239552 40.681418 56.525923
Ag 33.179733 28.727751 1.056430
Ag 29.350675 16.774085 23.244227
Ag -18.512550 23.604751 27.681787
Ag 4.461798 40.681418 23.244227
Ag 0.632740 -2.010248 52.088364
Ag -20.427079 40.681418 49.869584
Ag 46.581436 15.066418 16.587888
Ag 48.495965 -5.425581 7.712769
Ag -10.854434 8.235752 72.057381
Ag 2.547269 11.651085 -12.256248
Ag 21.692559 11.651085 23.244227
Ag 4.461798 -2.010248 47.650804
Ag -5.110847 8.235752 36.556906
Ag 27.436146 21.897085 34.338126
Ag -20.427079 32.143085 5.493990
Ag 17.863501 30.435418 25.463007
Ag 42.752378 40.681418 29.900567
Ag 38.923320 42.389085 49.869584
Ag -14.683492 1.405085 1.056430
Ag 8.290856 18.481752 74.276161
Ag -12.768963 30.435418 -1.162349
Ag 50.410494 1.405085 60.963483
Ag 37.008791 37.266085 40.994465
Ag 10.205385 3.112752 54.307144
Ag 46.581436 15.066418 21.025448
Ag 2.547269 21.897085 25.463007
Ag -7.025376 9.943418 18.806668
Ag 12.119914 8.235752 34.338126
Ag -8.939905 23.604751 -5.599909
Ag -10.854434 33.850751 74.276161
Ag -10.854434 3.112752 -5.599909
Ag 15.948972 -3.717915 54.307144
Ag 40.837849 -7.133248 -12.256248
Ag 6.376327 6.528085 29.900567
Ag -8.939905 40.681418 38.775686
Ag 14.034443 11.651085 63.182262
Ag 2.547269 23.604751 54.307144
Ag 15.948972 32.143085 23.244227
Ag 10.205385 32.143085 72.057381
Ag 10.205385 32.143085 1.056430
Ag -5.110847 33.850751 25.463007
Ag 37.008791 -8.840915 58.744703
Ag 2.547269 6.528085 69.838602
Ag 17.863501 -7.133248 47.650804
Ag -5.110847 13.358752 45.432025
Ag 31.265204 52.635084 7.712769
Ag 46.581436 28.727751 -7.818689
Ag -16.598021 33.850751 12.150329
Ag 48.495965 28.727751 36.556906
Ag 48.495965 -5.425581 21.025448
Ag 44.666907 1.405085 29.900567
Ag 31.265204 1.405085 32.119346
Ag 50.410494 21.897085 9.931549
Ag 15.948972 52.635084 58.744703
Ag 37.008791 18.481752 7.712769
Ag 27.436146 -12.256248 9.931549
Ag 38.923320 11.651085 27.681787
Ag 21.692559 44.096751 16.587888
Ag 8.290856 9.943418 65.401042
Ag -10.854434 -7.133248 7.712769
Ag -14.683492 -3.717915 36.556906
Ag -8.939905 32.143085 7.712769
Ag 33.179733 4.820418 67.619822
Ag -10.854434 32.143085 23.244227
Ag 52.325023 8.235752 56.525923
Ag 17.863501 27.020085 -10.037468
Ag -14.683492 -5.425581 3.275210
Ag 46.581436 1.405085 3.275210
Ag 8.290856 11.651085 23.244227
Ag 14.034443 54.342751 45.432025
Ag -1.281789 6.528085 21.025448
Ag -1.281789 23.604751 -10.037468
Ag 42.752378 40.681418 27.681787
Ag 27.436146 45.804418 65.401042
Ag 35.094262 11.651085 34.338126
Ag -18.512550 35.558418 -10.037468
Ag 37.008791 21.897085 -7.818689
Ag -16.598021 3.112752 5.493990
Ag 35.094262 52.635084 43.213245
Ag 29.350675 45.804418 38.775686
Ag 10.205385 23.604751 60.963483
Ag 10.205385 16.774085 -1.162349
Ag 29.350675 -12.256248 54.307144
Ag 15.948972 11.651085 34.338126
Ag 29.350675 -2.010248 32.119346
Ag 19.778030 8.235752 47.650804
Ag 15.948972 -3.717915 5.493990
Ag 52.325023 40.681418 36.556906
Ag 31.265204 -8.840915 -3.381129
Ag -7.025376 8.235752 -3.381129
Ag 21.692559 13.358752 23.244227
Ag -18.512550 40.681418 49.869584
Ag 23.607088 -10.548581 38.775686
Ag -1.281789 13.358752 -5.599909
Ag 46.581436 1.405085 47.650804
Ag -5.110847 15.066418 45.432025
Ag 29.350675 1.405085 69.838602
Ag 8.290856 52.635084 14.369109
Ag 10.205385 -10.548581 -10.037468
Ag 38.923320 37.266085 69.838602
Ag -16.598021 -0.302582 36.556906
Ag 17.863501 32.143085 52.088364
Ag 4.461798 32.143085 32.119346
Ag 54.239552 6.528085 -12.256248
Ag 19.778030 9.943418 69.838602
Ag -8.939905 9.943418 49.869584
Ag 44.666907 -5.425581 65.401042
Ag 6.376327 44.096751 36.556906
Ag -8.939905 16.774085 9.931549
Ag 50.410494 -0.302582 5.493990
Ag 27.436146 15.066418 1.056430
Ag -14.683492 45.804418 52.088364
Ag -12.768963 30.435418 5.493990
Ag 44.666907 49.219751 32.119346
Ag -8.939905 20.189418 49.869584
Ag -5.110847 13.358752 60.963483
Ag 33.179733 30.435418 14.369109
Ag 52.325023 -12.256248 3.275210
Ag 31.265204 -7.133248 47.650804
Ag -7.025376 40.681418 -5.599909
Ag 21.692559 32.143085 5.493990
Ag -8.939905 16.774085 -3.381129
Ag -10.854434 18.481752 52.088364
Ag 37.008791 -12.256248 34.338126
Ag -8.939905 -2.010248 3.275210
Ag 29.350675 -5.425581 65.401042
Ag 10.205385 37.266085 -10.037468
Ag 33.179733 20.189418 5.493990
Ag 8.290856 9.943418 21.025448
Ag 17.863501 44.096751 65.401042
Ag 12.119914 13.358752 -3.381129
Ag 50.410494 -7.133248 3.275210
Ag 10.205385 -0.302582 74.276161
Ag 14.034443 32.143085 16.587888
Ag -3.196318 40.681418 23.244227
Ag 4.461798 32.143085 69.838602
Ag -8.939905 8.235752 54.307144
Ag -5.110847 23.604751 45.432025
Ag 38.923320 28.727751 -3.381129
Ag 31.265204 52.635084 65.401042
Ag 31.265204 15.066418 40.994465
Ag 2.547269 33.850751 23.244227
Ag 29.350675 1.405085 65.401042
Ag 46.581436 23.604751 74.276161
Ag -20.427079 30.435418 -5.599909
Ag -8.939905 3.112752 72.057381
Ag 27.436146 -10.548581 27.681787
Ag -10.854434 37.266085 56.525923
Ag 27.436146 -12.256248 29.900567
Ag 48.495965 42.389085 58.744703
Ag 35.094262 30.435418 40.994465
Ag 44.666907 -7.133248 60.963483
Ag 46.581436 -8.840915 5.493990
Ag -20.427079 -7.133248 7.712769
Ag 14.034443 42.389085 74.276161
Ag -14.683492 45.804418 7.712769
Ag -1.281789 28.727751 56.525923
Ag 27.436146 -0.302582 74.276161
Ag -14.683492 40.681418 -5.599909
Ag 35.094262 50.927418 54.307144
Ag 25.521617 23.604751 18.806668
Ag -5.110847 4.820418 -1.162349
Ag 29.350675 3.112752 74.276161
Ag 52.325023 -5.425581 12.150329
Ag -10.854434 13.358752 18.806668
Ag -8.939905 37.266085 52.088364
Ag 46.581436 47.512084 52.088364
Ag 4.461798 1.405085 9.931549
Ag 19.778030 11.651085 65.401042
Ag -18.512550 21.897085 34.338126
Ag -14.683492 30.435418 32.119346
Ag 29.350675 49.219751 -1.162349
Ag 27.436146 37.266085 67.619822
Ag 15.948972 1.405085 67.619822
Ag 27.436146 18.481752 38.775686
Ag 6.376327 -8.840915 36.556906
Ag -1.281789 35.558418 54.307144
Ag 35.094262 20.189418 -12.256248
Ag 48.495965 -8.840915 72.057381
Ag 23.607088 4.820418 -10.037468
Ag -12.768963 20.189418 21.025448
Ag 17.863501 37.266085 14.369109
Ag 48.495965 18.481752 63.182262
Ag 46.581436 3.112752 56.525923
Ag -5.110847 52.635084 65.401042
Ag 54.239552 30.435418 12.150329
Ag 25.521617 37.266085 63.182262
Ag 21.692559 6.528085 29.900567
Ag 37.008791 20.189418 7.712769
Ag -1.281789 27.020085 16.587888
Ag -3.196318 32.143085 63.182262
Ag -3.196318 9.943418 69.838602
Ag 38.923320 -10.548581 54.307144
Ag 23.607088 -3.717915 34.338126
Ag -5.110847 20.189418 23.244227
Ag 0.632740 44.096751 -12.256248
Ag 54.239552 -12.256248 23.244227
Ag 2.547269 44.096751 29.900567
Ag 40.837849 45.804418 52.088364
Ag 50.410494 30.435418 54.307144
Ag 42.752378 35.558418 21.025448
Ag -7.025376 33.850751 1.056430
Ag 54.239552 8.235752 3.275210
Ag 33.179733 8.235752 52.088364
Ag 44.666907 27.020085 25.463007
Ag 12.119914 -0.302582 47.650804
Ag -18.512550 33.850751 52.088364
Ag -5.110847 47.512084 52.088364
Ag 29.350675 11.651085 45.432025
Ag -16.598021 9.943418 43.213245
Ag 15.948972 23.604751 -10.037468
Ag 40.837849 8.235752 7.712769
Ag 6.376327 44.096751 38.775686
Ag -3.196318 42.389085 -12.256248
Ag 12.119914 18.481752 14.369109
Ag -7.025376 1.405085 14.369109
Ag 15.948972 40.681418 23.244227
Ag 6.376327 38.973751 -12.256248
Ag -1.281789 15.066418 34.338126
Ag -18.512550 35.558418 67.619822
Ag 4.461798 -5.425581 12.150329
Ag 21.692559 6.528085 -12.256248
Ag -12.768963 23.604751 60.963483
Ag 33.179733 25.312418 47.650804
Ag -16.598021 37.266085 60.963483
Ag 4.461798 -0.302582 67.619822
Ag 37.008791 32.143085 -12.256248
Ag -14.683492 28.727751 -3.381129
Ag -12.768963 13.358752 58.744703
Ag 44.666907 33.850751 -5.599909
Ag 33.179733 37.266085 74.276161
Ag 54.239552 44.096751 49.869584
Ag -1.281789 6.528085 49.869584
Ag 6.376327 -0.302582 47.650804
Ag 46.581436 -10.548581 36.556906
Ag -3.196318 52.635084 27.681787
Ag 8.290856 25.312418 49.869584
Ag 46.581436 54.342751 7.712769
Ag 33.179733 30.435418 27.681787
Ag 38.923320 50.927418 43.213245
Ag 14.034443 47.512084 38.775686
Ag 42.752378 -3.717915 34.338126
Ag 27.436146 -12.256248 49.869584
Ag 29.350675 -5.425581 -5.599909
Ag 37.008791 42.389085 54.307144
Ag -16.598021 -12.256248 56.525923
Ag 48.495965 33.850751 -12.256248
Ag 23.607088 23.604751 1.056430
Ag 12.119914 21.897085 7.712769
Ag 48.495965 32.143085 38.775686
Ag 54.239552 3.112752 63.182262
Ag -16.598021 13.358752 23.244227
Ag 33.179733 -12.256248 63.182262
Ag -1.281789 18.481752 7.712769
Ag -20.427079 -0.302582 60.963483
Ag 48.495965 18.481752 40.994465
Ag -16.598021 37.266085 72.057381
Ag 40.837849 42.389085 3.275210
Ag 2.547269 52.635084 52.088364
Ag 48.495965 42.389085 38.775686
Ag 10.205385 9.943418 49.869584
Ag 12.119914 50.927418 49.869584
Ag -18.512550 -10.548581 -3.381129
Ag 27.436146 33.850751 -10.037468
Ag 17.863501 -2.010248 16.587888
Ag 8.290856 50.927418 3.275210
Ag 50.410494 4.820418 74.276161
Ag 10.205385 6.528085 58.744703
Ag 46.581436 37.266085 45.432025
Ag -12.768963 20.189418 40.994465
Ag -3.196318 45.804418 38.775686
Ag 52.325023 3.112752 -7.818689
Ag 12.119914 -3.717915 72.057381
Ag 4.461798 -0.302582 12.150329
Ag 52.325023 45.804418 12.150329
Ag 6.376327 9.943418 -12.256248
Ag -7.025376 -5.425581 58.744703
Ag 42.752378 21.897085 -10.037468
Ag 25.521617 21.897085 56.525923
Ag 17.863501 44.096751 45.432025
Ag 25.521617 9.943418 69.838602
Ag -18.512550 -2.010248 25.463007
Ag -18.512550 38.973751 23.244227
Ag 17.863501 8.235752 40.994465
Ag 37.008791 52.635084 -5.599909
Ag 0.632740 47.512084 32.119346
Ag 21.692559 30.435418 27.681787
Ag 33.179733 42.389085 67.619822
Ag -16.598021 45.804418 69.838602
Ag 27.436146 45.804418 18.806668
Ag 40.837849 44.096751 69.838602
Ag 23.607088 25.312418 27.681787
Ag 40.837849 38.973751 14.369109
Ag 8.290856 23.604751 18.806668
Ag -18.512550 28.727751 27.681787
Ag 23.607088 25.312418 7.712769
Ag 27.436146 23.604751 56.525923
Ag 33.179733 1.405085 21.025448
Ag 50.410494 23.604751 65.401042
Ag -14.683492 1.405085 14.369109
Ag 8.290856 38.973751 67.619822
Ag 15.948972 -0.302582 56.525923
Ag 44.666907 27.020085 -1.162349
Ag 8.290856 -8.840915 27.681787
Ag 54.239552 3.112752 7.712769
Ag 2.547269 28.727751 56.525923
Ag 48.495965 32.143085 67.619822
Ag -8.939905 1.405085 56.525923
Ag 40.837849 9.943418 56.525923
Ag -7.025376 -5.425581 27.681787
Ag 27.436146 52.635084 5.493990
Ag -20.427079 -12.256248 5.493990
Ag 48.495965 49.219751 52.088364
Ag 33.179733 44.096751 7.712769
Ag 44.666907 -8.840915 18.806668
Ag -1.281789 42.389085 56.525923
Ag 42.752378 44.096751 67.619822
Ag -3.196318 15.066418 14.369109
Ag 52.325023 15.066418 -3.381129
Ag 38.923320 33.850751 63.182262
Ag 27.436146 -7.133248 9.931549
Ag 25.521617 44.096751 12.150329
Ag 38.923320 28.727751 36.556906
Ag 8.290856 35.558418 12.150329
Ag 46.581436 21.897085 27.681787
Ag -7.025376 38.973751 34.338126
Ag 2.547269 27.020085 58.744703
Ag 33.179733 20.189418 56.525923
Ag -12.768963 52.635084 23.244227
Ag 0.632740 1.405085 60.963483
Ag 15.948972 13.358752 18.806668
Ag 27.436146 9.943418 60.963483
Ag 19.778030 45.804418 21.025448
Ag 29.350675 37.266085 3.275210
Ag 31.265204 1.405085 52.088364
Ag 35.094262 1.405085 5.493990
Ag -7.025376 40.681418 -1.162349
Ag 37.008791 1.405085 47.650804
Ag 37.008791 25.312418 12.150329
Ag 52.325023 3.112752 60.963483
Ag 35.094262 20.189418 -1.162349
Ag 21.692559 8.235752 25.463007
Ag -7.025376 32.143085 36.556906
Ag -18.512550 30.435418 47.650804
Ag -12.768963 -7.133248 38.775686
Ag 37.008791 27.020085 67.619822
Ag 6.376327 49.219751 18.806668
Ag 12.119914 8.235752 7.712769
Ag 42.752378 18.481752 14.369109
Ag -5.110847 18.481752 52.088364
Ag -18.512550 35.558418 43.213245
Ag 29.350675 32.143085 27.681787
Ag 14.034443 1.405085 63.182262
Ag 6.376327 -0.302582 -5.599909
Ag 29.350675 38.973751 65.401042
Ag 25.521617 3.112752 23.244227
Ag 23.607088 35.558418 72.057381
Ag 10.205385 -8.840915 60.963483
Ag 44.666907 16.774085 5.493990
Ag 12.119914 33.850751 -1.162349
Ag 0.632740 20.189418 60.963483
Ag 50.410494 1.405085 58.744703
Ag -5.110847 6.528085 52.088364
Ag 25.521617 -2.010248 72.057381
Ag -12.768963 -2.010248 60.963483
Ag -8.939905 38.973751 18.806668
Ag 23.607088 40.681418 16.587888
Ag 37.008791 16.774085 65.401042
Ag 48.495965 40.681418 12.150329
Ag 50.410494 21.897085 -1.162349
Ag -20.427079 40.681418 60.963483
Ag -1.281789 45.804418 7.712769
Ag 19.778030 47.512084 67.619822
Ag -20.427079 25.312418 -12.256248
Ag 27.436146 27.020085 29.900567
Ag 0.632740 11.651085 74.276161
Ag 50.410494 11.651085 60.963483
Ag -3.196318 8.235752 45.432025
Ag -10.854434 49.219751 5.493990
Ag -18.512550 49.219751 12.150329
Ag 19.778030 37.266085 -12.256248
Ag 29.350675 -7.133248 56.525923
Ag -3.196318 47.512084 60.963483
Ag 0.632740 54.342751 54.307144
Ag -18.512550 28.727751 32.119346
Ag 23.607088 -2.010248 72.057381
Ag -16.598021 8.235752 14.369109
Ag 27.436146 23.604751 47.650804
Ag 40.837849 40.681418 43.213245
Ag -5.110847 38.973751 63.182262
Ag 29.350675 21.897085 43.213245
Ag 33.179733 32.143085 1.056430
Ag 46.581436 40.681418 12.150329
Ag 17.863501 -5.425581 3.275210
Ag 42.752378 -2.010248 -12.256248
Ag 6.376327 54.342751 45.432025
Ag -10.854434 23.604751 5.493990
Ag 21.692559 9.943418 18.806668
Ag 27.436146 28.727751 1.056430
Ag 52.325023 54.342751 21.025448
Ag 52.325023 33.850751 60.963483
Ag -7.025376 30.435418 56.525923
Ag 21.692559 -0.302582 -7.818689
Ag 52.325023 -12.256248 45.432025
Ag 4.461798 -2.010248 43.213245
Ag 8.290856 49.219751 74.276161
Ag 35.094262 27.020085 60.963483
Ag 50.410494 35.558418 9.931549
Ag 52.325023 52.635084 23.244227
Ag -3.196318 52.635084 5.493990
Ag -14.683492 37.266085 58.744703
Ag 0.632740 32.143085 29.900567
Ag 17.863501 28.727751 49.869584
Ag -8.939905 23.604751 54.307144
Ag 29.350675 44.096751 -1.162349
Ag -5.110847 30.435418 -7.818689
Ag 12.119914 3.112752 25.463007
Ag 42.752378 32.143085 -12.256248
Ag 37.008791 23.604751 67.619822
Ag 31.265204 38.973751 52.088364
Ag 17.863501 18.481752 69.838602
Ag 12.119914 25.312418 12.150329
Ag 15.948972 8.235752 25.463007
Ag 40.837849 52.635084 52.088364
Ag 40.837849 42.389085 21.025448
Ag -20.427079 13.358752 58.744703
Ag -8.939905 -3.717915 32.119346
Ag -18.512550 37.266085 29.900567
Ag 46.581436 -0.302582 36.556906
Ag 23.607088 45.804418 -10.037468
Ag 23.607088 30.435418 67.619822
Ag 52.325023 4.820418 67.619822
Ag -7.025376 49.219751 47.650804
Ag 42.752378 4.820418 58.744703
Ag 6.376327 49.219751 12.150329
Ag 25.521617 20.189418 36.556906
Ag 17.863501 25.312418 14.369109
Ag 33.179733 52.635084 38.775686
Ag 31.265204 25.312418 18.806668
Ag 17.863501 30.435418 52.088364
Ag 29.350675 11.651085 -3.381129
Ag 23.607088 -8.840915 3.275210
Ag 10.205385 28.727751 52.088364
Ag 27.436146 18.481752 16.587888
Ag 12.119914 16.774085 40.994465
Ag 14.034443 54.342751 40.994465
Ag 44.666907 -5.425581 16.587888
Ag 2.547269 35.558418 29.900567
Ag 2.547269 23.604751 3.275210
Ag 54.239552 40.681418 34.338126
Ag 48.495965 -0.302582 49.869584
Ag 54.239552 45.804418 -5.599909
Ag 52.325023 30.435418 12.150329
Ag 38.923320 8.235752 18.806668
Ag -8.939905 13.358752 69.838602
Ag -3.196318 49.219751 63.182262
Ag -5.110847 52.635084 16.587888
Ag 40.837849 11.651085 29.900567
Ag 10.205385 23.604751 54.307144
Ag 25.521617 15.066418 72.057381
Ag -8.939905 49.219751 67.619822
Ag 48.495965 -7.133248 63.182262
Ag 21.692559 32.143085 45.432025
Ag -7.025376 32.143085 56.525923
Ag 17.863501 44.096751 23.244227
Ag -7.025376 47.512084 23.244227
Ag 4.461798 -7.133248 60.963483
Ag 21.692559 45.804418 12.150329
Ag 8.290856 -3.717915 3.275210
Ag 35.094262 54.342751 45.432025
Ag 12.119914 -7.133248 12.150329
Ag -16.598021 45.804418 60.963483
Ag -8.939905 44.096751 47.650804
Ag 48.495965 32.143085 -3.381129
Ag 15.948972 16.774085 -5.599909
Ag 10.205385 54.342751 -3.381129
Ag 14.034443 32.143085 72.057381
Ag -8.939905 9.943418 40.994465
Ag 48.495965 30.435418 29.900567
Ag 46.581436 33.850751 63.182262
Ag -16.598021 45.804418 34.338126
Ag -18.512550 3.112752 56.525923
Ag 23.607088 13.358752 12.150329
Ag 10.205385 3.112752 52.088364
Ag 48.495965 21.897085 67.619822
Ag -14.683492 -5.425581 12.150329
Ag 17.863501 6.528085 56.525923
Ag 21.692559 25.312418 -12.256248
Ag 14.034443 42.389085 34.338126
Ag 8.290856 47.512084 58.744703
Ag -10.854434 47.512084 65.401042
Ag 44.666907 18.481752 -5.599909
Ag -20.427079 33.850751 40.994465
Ag -10.854434 1.405085 38.775686
Ag -7.025376 -7.133248 60.963483
Ag -1.281789 -7.133248 -5.599909
Ag 15.948972 18.481752 25.463007
Ag 23.607088 -7.133248 47.650804
Ag -12.768963 42.389085 60.963483
Ag 27.436146 -12.256248 45.432025
Ag 50.410494 38.973751 -5.599909
Ag 50.410494 32.143085 1.056430
Ag 35.094262 11.651085 23.244227
Ag 17.863501 -10.548581 21.025448
Ag 21.692559 23.604751 -7.818689
Ag 40.837849 4.820418 -12.256248
Ag 44.666907 38.973751 49.869584
Ag -12.768963 44.096751 -7.818689
Ag 50.410494 47.512084 54.307144
Ag 23.607088 6.528085 29.900567
Ag 48.495965 42.389085 63.182262
Ag 12.119914 -0.302582 32.119346
Ag 0.632740 52.635084 -10.037468
Ag 42.752378 49.219751 52.088364
Ag -5.110847 33.850751 34.338126
Ag 6.376327 37.266085 27.681787
Ag 33.179733 35.558418 47.650804
Ag 48.495965 25.312418 -3.381129
Ag -3.196318 38.973751 16.587888
Ag 44.666907 8.235752 60.963483
Ag -18.512550 9.943418 -12.256248
Ag 38.923320 9.943418 7.712769
Ag 35.094262 49.219751 27.681787
Ag 23.607088 3.112752 52.088364
Ag 38.923320 -2.010248 5.493990
Ag 33.179733 -10.548581 -12.256248
Ag 25.521617 35.558418 -10.037468
Ag -7.025376 38.973751 69.838602
Ag 10.205385 32.143085 -10.037468
Ag 23.607088 21.897085 16.587888
Ag 54.239552 49.219751 3.275210
Ag -8.939905 9.943418 14.369109
Ag 48.495965 30.435418 67.619822
Ag 44.666907 35.558418 36.556906
Ag -12.768963 15.066418 34.338126
Ag 19.778030 35.558418 52.088364
Ag 4.461798 1.405085 29.900567
Ag -20.427079 25.312418 -7.818689
Ag -18.512550 8.235752 27.681787
Ag 14.034443 -8.840915 -7.818689
Ag 21.692559 37.266085 65.401042
Ag 31.265204 37.266085 45.432025
Ag 4.461798 47.512084 38.775686
Ag 4.461798 23.604751 52.088364
Ag -18.512550 -2.010248 -7.818689
Ag 12.119914 42.389085 40.994465
Ag 31.265204 -0.302582 3.275210
Ag 29.350675 13.358752 25.463007
Ag -7.025376 -8.840915 67.619822
Ag 6.376327 18.481752 1.056430
Ag 6.376327 -8.840915 63.182262
Ag 44.666907 -7.133248 45.432025
Ag 10.205385 15.066418 74.276161
Ag 6.376327 1.405085 29.900567
Ag 35.094262 6.528085 5.493990
Ag 52.325023 47.512084 18.806668
Ag -12.768963 -2.010248 3.275210
Ag -7.025376 42.389085 9.931549
Ag 0.632740 21.897085 -5.599909
Ag 27.436146 -12.256248 23.244227
Ag -18.512550 45.804418 1.056430
Ag 29.350675 4.820418 29.900567
Ag 44.666907 21.897085 45.432025
Ag 35.094262 50.927418 74.276161
Ag 2.547269 44.096751 32.119346
Ag 42.752378 8.235752 52.088364
Ag 15.948972 33.850751 7.712769
Ag -7.025376 20.189418 -1.162349
Ag 14.034443 11.651085 14.369109
Ag -12.768963 35.558418 14.369109
Ag 37.008791 49.219751 47.650804
Ag 40.837849 42.389085 58.744703
Ag 35.094262 16.774085 54.307144
Ag 48.495965 30.435418 9.931549
Ag 31.265204 1.405085 -10.037468
Ag -7.025376 49.219751 74.276161
Ag 48.495965 50.927418 60.963483
Ag 17.863501 -5.425581 5.493990
Ag -1.281789 18.481752 21.025448
Ag 35.094262 -12.256248 7.712769
Ag 12.119914 37.266085 58.744703
Ag 19.778030 9.943418 23.244227
Ag 10.205385 -8.840915 49.869584
Ag 23.607088 3.112752 67.619822
Ag -16.598021 42.389085 65.401042
Ag 0.632740 25.312418 34.338126
Ag -8.939905 -2.010248 5.493990
Ag 4.461798 54.342751 32.119346
Ag 46.581436 -3.717915 -3.381129
Ag 38.923320 -10.548581 47.650804
Ag 14.034443 49.219751 67.619822
Ag -8.939905 -5.425581 27.681787
Ag -8.939905 20.189418 9.931549
Ag -14.683492 4.820418 3.275210
Ag 15.948972 4.820418 -3.381129
Ag 42.752378 -2.010248 3.275210
Ag 4.461798 4.820418 40.994465
Ag 37.008791 1.405085 12.150329
Ag 40.837849 1.405085 36.556906
Ag -7.025376 -0.302582 74.276161
Ag 21.692559 -12.256248 29.900567
Ag 44.666907 -12.256248 16.587888
Ag -12.768963 -7.133248 60.963483
Ag 8.290856 27.020085 5.493990
Ag 2.547269 4.820418 38.775686
Ag -14.683492 25.312418 47.650804
Ag 14.034443 -8.840915 27.681787
Ag -3.196318 8.235752 58.744703
Ag 52.325023 18.481752 21.025448
Ag -16.598021 -2.010248 -3.381129
Ag -14.683492 18.481752 14.369109
Ag -16.598021 4.820418 7.712769
Ag -7.025376 33.850751 43.213245
Ag -20.427079 6.528085 21.025448
Ag 15.948972 15.066418 -3.381129
Ag 38.923320 27.020085 60.963483
Ag -16.598021 9.943418 21.025448
Ag -12.768963 3.112752 34.338126
Ag -12.768963 50.927418 23.244227
Ag 0.632740 3.112752 67.619822
Ag 54.239552 -8.840915 58.744703
Ag 25.521617 50.927418 23.244227
Ag 10.205385 42.389085 34.338126
Ag 27.436146 38.973751 -7.818689
Ag 42.752378 35.558418 23.244227
Ag 17.863501 27.020085 3.275210
Ag 44.666907 18.481752 -3.381129
Ag 6.376327 -2.010248 52.088364
Ag 50.410494 35.558418 -7.818689
Ag 0.632740 6.528085 -12.256248
Ag 37.008791 -8.840915 5.493990
Ag 27.436146 -0.302582 14.369109
Ag 50.410494 40.681418 74.276161
Ag -18.512550 18.481752 7.712769
Ag 54.239552 47.512084 -1.162349
Ag -8.939905 -5.425581 72.057381
Ag 40.837849 -5.425581 63.182262
Ag 27.436146 18.481752 74.276161
Ag 19.778030 -12.256248 12.150329
Ag 0.632740 -5.425581 25.463007
Ag 31.265204 -5.425581 -3.381129
Ag 19.778030 42.389085 56.525923
Ag 27.436146 15.066418 74.276161
Ag 2.547269 3.112752 7.712769
Ag 8.290856 18.481752 36.556906
Ag -3.196318 49.219751 27.681787
Ag -1.281789 33.850751 18.806668
Ag 29.350675 -5.425581 40.994465
Ag -7.025376 9.943418 67.619822
Ag 14.034443 25.312418 7.712769
Ag 25.521617 21.897085 21.025448
Ag 52.325023 37.266085 38.775686
Ag 40.837849 -0.302582 16.587888
Ag -12.768963 42.389085 -1.162349
Ag 48.495965 40.681418 36.556906
Ag 38.923320 -5.425581 -12.256248
Ag 50.410494 18.481752 52.088364
Ag -8.939905 -2.010248 56.525923
Ag 40.837849 15.066418 -12.256248
Ag 25.521617 50.927418 54.307144
Ag 46.581436 35.558418 65.401042
Ag -14.683492 13.358752 -10.037468
Ag -3.196318 8.235752 69.838602
Ag 40.837849 -8.840915 -10.037468
Ag 37.008791 18.481752 32.119346
Ag -20.427079 54.342751 23.244227
Ag -5.110847 -2.010248 21.025448
Ag 50.410494 16.774085 12.150329
Ag 29.350675 49.219751 69.838602
Ag 0.632740 -8.840915 38.775686
Ag -18.512550 42.389085 43.213245
Ag 21.692559 16.774085 49.869584
Ag -10.854434 20.189418 14.369109
Ag 10.205385 21.897085 16.587888
Ag 12.119914 16.774085 21.025448
Ag 48.495965 1.405085 5.493990
Ag 29.350675 -8.840915 43.213245
Ag 33.179733 30.435418 1.056430
Ag -14.683492 -5.425581 7.712769
Ag 6.376327 30.435418 1.056430
Ag -1.281789 20.189418 -7.818689
Ag 4.461798 52.635084 40.994465
Ag 0.632740 40.681418 38.775686
Ag 19.778030 47.512084 43.213245
Ag -5.110847 28.727751 7.712769
Ag 35.094262 13.358752 23.244227
Ag -8.939905 47.512084 -10.037468
Ag -8.939905 -7.133248 21.025448
Ag -8.939905 32.143085 34.338126
Ag 42.752378 -2.010248 36.556906
Ag 12.119914 38.973751 34.338126
Ag -16.598021 -8.840915 52.088364
Ag 14.034443 -2.010248 -12.256248
Ag -14.683492 54.342751 12.150329
Ag 10.205385 52.635084 74.276161
Ag 21.692559 13.358752 9.931549
Ag 46.581436 -7.133248 5.493990
Ag 46.581436 23.604751 54.307144
Ag 8.290856 49.219751 63.182262
Ag 2.547269 50.927418 16.587888
Ag 8.290856 -10.548581 67.619822
Ag 27.436146 -12.256248 58.744703
Ag 25.521617 42.389085 1.056430
Ag 17.863501 4.820418 23.244227
Ag -12.768963 25.312418 -1.162349
Ag -16.598021 30.435418 25.463007
Ag 40.837849 30.435418 74.276161
Ag 17.863501 33.850751 54.307144
Ag -1.281789 23.604751 9.931549
Ag 44.666907 33.850751 69.838602
Ag 54.239552 20.189418 60.963483
Ag -18.512550 -7.133248 65.401042
Ag 27.436146 33.850751 9.931549
Ag -5.110847 35.558418 -1.162349
Ag -14.683492 -10.548581 9.931549
Ag 48.495965 -10.548581 12.150329
Ag 8.290856 32.143085 34.338126
Ag 37.008791 47.512084 38.775686
Ag 31.265204 -10.548581 -12.256248
Ag 35.094262 23.604751 16.587888
Ag 2.547269 45.804418 1.056430
Ag 6.376327 8.235752 38.775686
Ag 50.410494 11.651085 72.057381
Ag 37.008791 42.389085 -1.162349
Ag 37.008791 6.528085 58.744703
Ag 40.837849 21.897085 1.056430
Ag 8.290856 18.481752 49.869584
Ag 4.461798 8.235752 1.056430
Ag 21.692559 33.850751 67.619822
Ag 35.094262 -3.717915 52.088364
Ag 8.290856 20.189418 23.244227
Ag 29.350675 -7.133248 49.869584
Ag 35.094262 -10.548581 16.587888
Ag -16.598021 52.635084 43.213245
Ag 8.290856 35.558418 5.493990
Ag 40.837849 32.143085 1.056430
Ag -20.427079 18.481752 60.963483
Ag 21.692559 45.804418 36.556906
Ag -7.025376 54.342751 12.150329
Ag -1.281789 42.389085 34.338126
Ag -7.025376 20.189418 18.806668
Ag 52.325023 40.681418 27.681787
Ag 42.752378 40.681418 34.338126
Ag -12.768963 54.342751 69.838602
Ag 27.436146 1.405085 -10.037468
Ag 27.436146 47.512084 47.650804
Ag 50.410494 40.681418 56.525923
Ag 50.410494 23.604751 16.587888
Ag 50.410494 40.681418 58.744703
Ag 46.581436 27.020085 38.775686
Ag -12.768963 -10.548581 -10.037468
Ag -20.427079 16.774085 -12.256248
Ag -8.939905 30.435418 49.869584
Ag 42.752378 6.528085 74.276161
Ag -10.854434 21.897085 -5.599909
Ag 21.692559 21.897085 67.619822
Ag 27.436146 54.342751 32.119346
Ag 31.265204 35.558418 7.712769
Ag -12.768963 -0.302582 -12.256248
Ag 29.350675 45.804418 32.119346
Ag 40.837849 49.219751 74.276161
Ag 50.410494 35.558418 18.806668
Ag 44.666907 32.143085 67.619822
Ag 14.034443 30.435418 63.182262
Ag -10.854434 23.604751 -7.818689
Ag -10.854434 42.389085 49.869584
Ag 42.752378 3.112752 18.806668
Ag 21.692559 -7.133248 12.150329
Ag 33.179733 9.943418 45.432025
Ag 33.179733 11.651085 23.244227
Ag 14.034443 15.066418 -10.037468
Ag -5.110847 -8.840915 18.806668
Ag 15.948972 16.774085 14.369109
Ag 8.290856 16.774085 43.213245
Ag -20.427079 3.112752 45.432025
Ag 40.837849 50.927418 -5.599909
Ag 52.325023 1.405085 21.025448
Ag 2.547269 16.774085 14.369109
Ag 0.632740 50.927418 -5.599909
Ag -14.683492 -0.302582 16.587888
Ag 33.179733 45.804418 69.838602
Ag 52.325023 25.312418 -3.381129
Ag 4.461798 3.112752 -3.381129
Ag 14.034443 -3.717915 16.587888
Ag 12.119914 45.804418 16.587888
Ag 23.607088 18.481752 -12.256248
Ag 48.495965 40.681418 1.056430
Ag 19.778030 52.635084 43.213245
Ag 42.752378 40.681418 -1.162349
Ag -8.939905 11.651085 38.775686
Ag 40.837849 13.358752 7.712769
Ag -5.110847 -5.425581 47.650804
Ag 14.034443 37.266085 40.994465
Ag -1.281789 16.774085 18.806668
Ag 33.179733 45.804418 54.307144
Ag 4.461798 11.651085 69.838602
Ag 35.094262 54.342751 29.900567
Ag 46.581436 20.189418 43.213245
Ag -12.768963 15.066418 -10.037468
Ag 42.752378 9.943418 58.744703
Ag 52.325023 13.358752 23.244227
Ag 17.863501 -0.302582 -3.381129
Ag 52.325023 25.312418 14.369109
Ag -7.025376 -0.302582 43.213245
Ag -7.025376 52.635084 72.057381
Ag 21.692559 -10.548581 21.025448
Ag 25.521617 -8.840915 12.150329
Ag -5.110847 4.820418 43.213245
Ag 27.436146 30.435418 -12.256248
Ag 54.239552 21.897085 65.401042
Ag 23.607088 -2.010248 38.775686
Ag 33.179733 23.604751 34.338126
Ag 38.923320 13.358752 56.525923
Ag 8.290856 23.604751 -1.162349
Ag 44.666907 -3.717915 -12.256248
Ag 40.837849 11.651085 -1.162349
Ag 6.376327 6.528085 40.994465
Ag 0.632740 35.558418 32.119346
Ag 10.205385 20.189418 21.025448
Ag 17.863501 23.604751 74.276161
Ag 6.376327 49.219751 38.775686
Ag -8.939905 28.727751 34.338126
Ag 40.837849 27.020085 12.150329
Ag 0.632740 45.804418 7.712769
Ag 35.094262 38.973751 74.276161
Ag 27.436146 37.266085 -3.381129
Ag 4.461798 4.820418 63.182262
Ag 17.863501 -0.302582 72.057381
Ag 48.495965 -12.256248 38.775686
Ag 4.461798 28.727751 7.712769
Ag 27.436146 9.943418 43.213245
Ag 4.461798 1.405085 16.587888
Ag 0.632740 1.405085 32.119346
Ag 38.923320 21.897085 72.057381
Ag -16.598021 13.358752 12.150329
Ag 0.632740 27.020085 14.369109
Ag 2.547269 -12.256248 63.182262
Ag 50.410494 -2.010248 9.931549
Ag -1.281789 40.681418 63.182262
Ag 50.410494 16.774085 65.401042
Ag -14.683492 -2.010248 25.463007
Ag 6.376327 49.219751 32.119346
Ag 44.666907 6.528085 60.963483
Ag 29.350675 -5.425581 34.338126
Ag -1.281789 44.096751 29.900567
Ag 35.094262 21.897085 60.963483
Ag -7.025376 27.020085 32.119346
Ag 54.239552 8.235752 5.493990
Ag -20.427079 15.066418 23.244227
Ag 14.034443 16.774085 58.744703
Ag 52.325023 -3.717915 18.806668
Ag 54.239552 -0.302582 25.463007
Ag 37.008791 49.219751 14.369109
Ag -5.110847 54.342751 1.056430
Ag -16.598021 44.096751 47.650804
Ag 8.290856 16.774085 56.525923
Ag 17.863501 21.897085 -3.381129
Ag 27.436146 -5.425581 74.276161
Ag 31.265204 49.219751 49.869584
Ag 10.205385 13.358752 52.088364
Ag 37.008791 40.681418 47.650804
Ag 46.581436 23.604751 27.681787
Ag 14.034443 -10.548581 43.213245
Ag 14.034443 45.804418 9.931549
Ag 10.205385 6.528085 45.432025
Ag 14.034443 33.850751 -1.162349
Ag 21.692559 1.405085 -3.381129
Ag 40.837849 4.820418 -1.162349
Ag 33.179733 18.481752 18.806668
Ag -18.512550 30.435418 14.369109
Ag -12.768963 28.727751 -10.037468
Ag 35.094262 4.820418 56.525923
Ag -12.768963 50.927418 12.150329
Ag 6.376327 37.266085 40.994465
Ag 17.863501 21.897085 69.838602
Ag -8.939905 11.651085 74.276161
Ag 15.948972 54.342751 52.088364
Ag 33.179733 -10.548581 7.712769
Ag 4.461798 21.897085 29.900567
Ag 23.607088 32.143085 58.744703
Ag 23.607088 35.558418 36.556906
Ag -3.196318 33.850751 12.150329
Ag 14.034443 -10.548581 23.244227
Ag -20.427079 9.943418 60.963483
Ag 0.632740 6.528085 32.119346
Ag 31.265204 27.020085 49.869584
Ag 19.778030 40.681418 43.213245
Ag -16.598021 -8.840915 -7.818689
Ag -16.598021 -5.425581 45.432025
Ag 14.034443 -10.548581 56.525923
Ag 21.692559 -10.548581 14.369109
Ag 40.837849 40.681418 23.244227
Ag 52.325023 20.189418 69.838602
Ag -8.939905 37.266085 -1.162349
Ag 44.666907 33.850751 -7.818689
Ag 23.607088 52.635084 -10.037468
Ag 42.752378 11.651085 9.931549
Ag 40.837849 6.528085 60.963483
Ag 54.239552 42.389085 38.775686
Ag 17.863501 13.358752 -1.162349
Ag 35.094262 3.112752 69.838602
Ag 31.265204 6.528085 1.056430
Ag 8.290856 54.342751 3.275210
Ag 25.521617 1.405085 -7.818689
Ag 50.410494 33.850751 34.338126
Ag 35.094262 6.528085 67.619822
Ag -16.598021 47.512084 -12.256248
Ag -7.025376 47.512084 -10.037468
Ag 23.607088 11.651085 1.056430
Ag 27.436146 8.235752 34.338126
Ag 23.607088 -10.548581 7.712769
Ag 19.778030 -8.840915 -12.256248
Ag 14.034443 -8.840915 25.463007
Ag -5.110847 38.973751 -1.162349
Ag -5.110847 28.727751 65.401042
Ag 12.119914 8.235752 36.556906
Ag -14.683492 -2.010248 74.276161
Ag -14.683492 11.651085 65.401042
Ag 40.837849 54.342751 7.712769
Ag 33.179733 38.973751 16.587888
Ag 2.547269 45.804418 52.088364
Ag 14.034443 45.804418 38.775686
Ag 29.350675 38.973751 7.712769
Ag -5.110847 49.219751 12.150329
Ag -12.768963 1.405085 23.244227
Ag -18.512550 54.342751 54.307144
Ag -3.196318 -3.717915 49.869584
Ag 42.752378 15.066418 47.650804
Ag 23.607088 49.219751 3.275210
Ag 27.436146 -7.133248 7.712769
Ag 25.521617 9.943418 23.244227
Ag 4.461798 -3.717915 27.681787
Ag 17.863501 -7.133248 52.088364
Ag -3.196318 33.850751 1.056430
Ag 33.179733 -7.133248 12.150329
Ag 12.119914 8.235752 5.493990
Ag 35.094262 -7.133248 63.182262
Ag -10.854434 -0.302582 9.931549
Ag -3.196318 15.066418 67.619822
Ag 14.034443 33.850751 -7.818689
Ag 46.581436 -5.425581 60.963483
Ag 14.034443 6.528085 38.775686
Ag 42.752378 23.604751 16.587888
Ag 4.461798 38.973751 36.556906
Ag -12.768963 1.405085 18.806668
Ag -5.110847 35.558418 7.712769
Ag 23.607088 -8.840915 -12.256248
Ag 8.290856 13.358752 29.900567
Ag 2.547269 16.774085 9.931549
Ag 6.376327 -10.548581 56.525923
Ag -20.427079 50.927418 45.432025
Ag -12.768963 -7.133248 54.307144
Ag 52.325023 52.635084 47.650804
Ag 52.325023 44.096751 58.744703
Ag 37.008791 50.927418 14.369109
Ag -10.854434 -5.425581 3.275210
Ag 14.034443 33.850751 47.650804
Ag 52.325023 -8.840915 36.556906
Ag -20.427079 11.651085 45.432025
Ag 0.632740 21.897085 36.556906
Ag -8.939905 54.342751 14.369109
Ag -18.512550 32.143085 -5.599909
Ag 38.923320 32.143085 56.525923
Ag 21.692559 9.943418 56.525923
Ag -8.939905 -12.256248 16.587888
Ag 46.581436 40.681418 16.587888
Ag -1.281789 50.927418 60.963483
Ag 12.119914 21.897085 49.869584
Ag 6.376327 25.312418 45.432025
Ag -16.598021 21.897085 25.463007
Ag -12.768963 18.481752 72.057381
Ag 8.290856 -0.302582 69.838602
Ag 38.923320 25.312418 9.931549
Ag -14.683492 33.850751 74.276161
Ag 17.863501 54.342751 34.338126
Ag 2.547269 27.020085 32.119346
Ag 23.607088 33.850751 -3.381129
Ag 23.607088 25.312418 65.401042
Ag 23.607088 37.266085 -3.381129
Ag -14.683492 40.681418 7.712769
Ag 23.607088 50.927418 67.619822
Ag -18.512550 13.358752 -3.381129
Ag 42.752378 -0.302582 1.056430
Ag 35.094262 30.435418 -12.256248
Ag 14.034443 9.943418 49.869584
Ag 35.094262 -8.840915 29.900567
Ag 31.265204 6.528085 14.369109
Ag 12.119914 -0.302582 63.182262
Ag -8.939905 16.774085 65.401042
Ag -20.427079 -10.548581 23.244227
Ag 54.239552 28.727751 -10.037468
Ag 21.692559 38.973751 1.056430
Ag 25.521617 54.342751 52.088364
Ag 48.495965 3.112752 -5.599909
Ag 37.008791 16.774085 -7.818689
Ag 21.692559 42.389085 18.806668
Ag -8.939905 27.020085 36.556906
Ag 46.581436 40.681418 32.119346
Ag 29.350675 30.435418 43.213245
Ag 37.008791 30.435418 69.838602
Ag 19.778030 42.389085 43.213245
Ag 38.923320 18.481752 29.900567
Ag 17.863501 50.927418 27.681787
Ag -10.854434 21.897085 74.276161
Ag 27.436146 -3.717915 56.525923
Ag 29.350675 16.774085 67.619822
Ag 38.923320 49.219751 -1.162349
Ag 17.863501 27.020085 21.025448
Ag 50.410494 27.020085 -10.037468
Ag 52.325023 45.804418 72.057381
Ag 8.290856 -5.425581 -12.256248
Ag -16.598021 21.897085 69.838602
Ag 4.461798 3.112752 60.963483
Ag -18.512550 1.405085 14.369109
Ag 52.325023 21.897085 47.650804
Ag 25.521617 20.189418 23.244227
Ag 33.179733 6.528085 65.401042
Ag 10.205385 -0.302582 38.775686
Ag 25.521617 42.389085 58.744703
Ag 25.521617 -7.133248 12.150329
Ag 10.205385 32.143085 54.307144
Ag 12.119914 -7.133248 3.275210
Ag -20.427079 52.635084 74.276161
Ag -3.196318 30.435418 47.650804
Ag -7.025376 38.973751 16.587888
Ag -7.025376 15.066418 12.150329
Ag 21.692559 18.481752 16.587888
Ag 50.410494 30.435418 74.276161
Ag 17.863501 15.066418 7.712769
Ag -18.512550 -3.717915 27.681787
Ag -20.427079 33.850751 52.088364
Ag -10.854434 33.850751 27.681787
Ag 2.547269 49.219751 34.338126
Ag -3.196318 47.512084 56.525923
Ag 48.495965 -12.256248 36.556906
Ag -14.683492 21.897085 -7.818689
Ag 29.350675 47.512084 54.307144
Ag -7.025376 13.358752 43.213245
Ag 2.547269 6.528085 60.963483
Ag 44.666907 9.943418 14.369109
Ag 52.325023 44.096751 63.182262
Ag 35.094262 40.681418 65.401042
Ag 14.034443 11.651085 58.744703
Ag 2.547269 6.528085 32.119346
Ag 4.461798 4.820418 29.900567
Ag 25.521617 32.143085 3.275210
Ag -16.598021 15.066418 32.119346
Ag 19.778030 -2.010248 29.900567
Ag 19.778030 21.897085 45.432025
Ag 12.119914 20.189418 5.493990
Ag 4.461798 15.066418 60.963483
Ag 6.376327 16.774085 23.244227
Ag 38.923320 -10.548581 -7.818689
Ag 17.863501 33.850751 23.244227
Ag 35.094262 21.897085 21.025448
Ag 25.521617 52.635084 60.963483
Ag 44.666907 13.358752 25.463007
Ag 4.461798 -12.256248 67.619822
Ag 4.461798 37.266085 45.432025
Ag -1.281789 35.558418 32.119346
Ag 19.778030 50.927418 14.369109
Ag 31.265204 44.096751 47.650804
Ag 6.376327 13.358752 34.338126
Ag 0.632740 -8.840915 14.369109
Ag -8.939905 47.512084 1.056430
Ag 42.752378 33.850751 18.806668
Ag 46.581436 32.143085 60.963483
Ag -7.025376 37.266085 56.525923
Ag 40.837849 13.358752 9.931549
Ag 25.521617 52.635084 18.806668
Ag 38.923320 33.850751 3.275210
Ag -1.281789 40.681418 -7.818689
Ag 4.461798 -2.010248 12.150329
Ag -18.512550 54.342751 58.744703
Ag 21.692559 47.512084 54.307144
Ag -10.854434 -2.010248 72.057381
Ag 21.692559 37.266085 58.744703
Ag 19.778030 44.096751 14.369109
Ag 12.119914 -12.256248 67.619822
Ag -20.427079 20.189418 32.119346
Ag -20.427079 49.219751 69.838602
Ag 21.692559 30.435418 60.963483
Ag 21.692559 45.804418 -5.599909
Ag 19.778030 25.312418 -5.599909
Ag 33.179733 9.943418 18.806668
Ag 31.265204 35.558418 38.775686
Ag -10.854434 18.481752 27.681787
Ag -5.110847 28.727751 67.619822
Ag -8.939905 -0.302582 47.650804
Ag 8.290856 -0.302582 -10.037468
Ag 42.752378 16.774085 9.931549
Ag 42.752378 -7.133248 56.525923
Ag 38.923320 15.066418 36.556906
Ag 31.265204 37.266085 5.493990
Ag -14.683492 1.405085 -1.162349
Ag -3.196318 9.943418 -7.818689
Ag 12.119914 3.112752 -12.256248
Ag 0.632740 -12.256248 45.432025
Ag 54.239552 -8.840915 65.401042
Ag 31.265204 18.481752 12.150329
Ag 27.436146 -3.717915 47.650804
Ag 48.495965 -10.548581 43.213245
Ag 2.547269 32.143085 14.369109
Ag 17.863501 20.189418 32.119346
Ag 33.179733 40.681418 3.275210
Ag 27.436146 32.143085 7.712769
Ag 14.034443 50.927418 27.681787
Ag 33.179733 52.635084 74.276161
Ag -14.683492 35.558418 47.650804
Ag 33.179733 35.558418 -5.599909
Ag -14.683492 38.973751 45.432025
Ag 0.632740 -2.010248 14.369109
Ag 4.461798 -8.840915 -5.599909
Ag 15.948972 11.651085 16.587888
Ag 10.205385 42.389085 -3.381129
Ag -7.025376 37.266085 21.025448
Ag 37.008791 -0.302582 27.681787
Ag 2.547269 8.235752 -1.162349
Ag 50.410494 18.481752 -1.162349
Ag 52.325023 45.804418 21.025448
Ag 29.350675 49.219751 -10.037468
Ag -18.512550 -0.302582 -3.381129
Ag -12.768963 11.651085 -3.381129
Ag 25.521617 -0.302582 43.213245
Ag 33.179733 47.512084 56.525923
Ag 4.461798 -0.302582 58.744703
Ag 14.034443 33.850751 7.712769
Ag 12.119914 27.020085 49.869584
Ag 50.410494 21.897085 74.276161
Ag 25.521617 -8.840915 21.025448
Ag 8.290856 -12.256248 -1.162349
Ag 27.436146 32.143085 -10.037468
Ag -16.598021 -0.302582 -3.381129
Ag 8.290856 -12.256248 9.931549
Ag 19.778030 52.635084 23.244227
Ag 19.778030 32.143085 5.493990
Ag -14.683492 40.681418 29.900567
Ag 10.205385 54.342751 52.088364
Ag 44.666907 -5.425581 5.493990
Ag 33.179733 -3.717915 40.994465
Ag -12.768963 -12.256248 1.056430
Ag -20.427079 32.143085 45.432025
Ag 33.179733 23.604751 -3.381129
Ag 48.495965 16.774085 -7.818689
Ag -10.854434 -0.302582 16.587888
Ag -7.025376 16.774085 52.088364
Ag 40.837849 4.820418 47.650804
Ag 46.581436 4.820418 5.493990
Ag 14.034443 27.020085 -1.162349
Ag 19.778030 49.219751 23.244227
Ag 42.752378 44.096751 65.401042
Ag 10.205385 23.604751 67.619822
Ag 38.923320 15.066418 52.088364
Ag -14.683492 4.820418 65.401042
Ag -10.854434 28.727751 -1.162349
Ag 37.008791 38.973751 60.963483
Ag 21.692559 40.681418 16.587888
Ag 46.581436 8.235752 67.619822
Ag 38.923320 23.604751 36.556906
Ag 21.692559 32.143085 36.556906
Ag 48.495965 42.389085 67.619822
Ag -1.281789 1.405085 49.869584
Ag -18.512550 23.604751 69.838602
Ag 46.581436 8.235752 5.493990
Ag 31.265204 42.389085 -12.256248
Ag -18.512550 44.096751 60.963483
Ag -5.110847 15.066418 -12.256248
Ag 29.350675 37.266085 52.088364
Ag 46.581436 -3.717915 -5.599909
Ag -16.598021 33.850751 45.432025
Ag 4.461798 16.774085 -1.162349
Ag 27.436146 1.405085 49.869584
Ag 29.350675 16.774085 52.088364
Ag 15.948972 3.112752 27.681787
Ag -12.768963 -5.425581 34.338126
Ag 14.034443 15.066418 34.338126
Ag 29.350675 42.389085 -5.599909
Ag 29.350675 33.850751 74.276161
Ag 4.461798 52.635084 63.182262
Ag 46.581436 45.804418 5.493990
Ag -16.598021 3.112752 -10.037468
Ag 4.461798 13.358752 14.369109
Ag 15.948972 54.342751 -7.818689
Ag -3.196318 52.635084 34.338126
Ag -10.854434 18.481752 38.775686
Ag -1.281789 44.096751 16.587888
Ag 38.923320 -7.133248 9.931549
Ag 23.607088 23.604751 34.338126
Ag 25.521617 35.558418 18.806668
Ag 27.436146 9.943418 52.088364
Ag 42.752378 -3.717915 -5.599909
Ag 12.119914 15.066418 27.681787
Ag 40.837849 30.435418 18.806668
Ag 37.008791 3.112752 -7.818689
Ag -12.768963 38.973751 16.587888
Ag 37.008791 11.651085 47.650804
Ag -14.683492 -12.256248 29.900567
Ag 46.581436 37.266085 9.931549
Ag 35.094262 45.804418 47.650804
Ag 2.547269 -10.548581 67.619822
Ag -7.025376 54.342751 40.994465
Ag 35.094262 -5.425581 -12.256248
Ag 25.521617 49.219751 34.338126
Ag 2.547269 -12.256248 56.525923
Ag 6.376327 45.804418 54.307144
Ag -7.025376 27.020085 -7.818689
Ag 15.948972 -5.425581 16.587888
Ag 6.376327 27.020085 1.056430
Ag 12.119914 6.528085 58.744703
Ag -5.110847 13.358752 47.650804
Ag 2.547269 52.635084 40.994465
Ag 33.179733 -12.256248 23.244227
Ag 6.376327 50.927418 -10.037468
Ag 19.778030 11.651085 -7.818689
Ag 19.778030 42.389085 -7.818689
Ag 35.094262 44.096751 47.650804
Ag -8.939905 -3.717915 72.057381
Ag 25.521617 47.512084 1.056430
Ag 6.376327 38.973751 74.276161
Ag 27.436146 -3.717915 49.869584
Ag 42.752378 3.112752 65.401042
Ag 42.752378 47.512084 54.307144
Ag 38.923320 4.820418 60.963483
Ag 10.205385 -10.548581 45.432025
Ag -14.683492 52.635084 69.838602
Ag 33.179733 -0.302582 12.150329
Ag 17.863501 50.927418 -12.256248
Ag 31.265204 23.604751 54.307144
Ag 15.948972 47.512084 18.806668
Ag 50.410494 30.435418 7.712769
Ag 14.034443 30.435418 72.057381
Ag 44.666907 8.235752 27.681787
Ag 52.325023 45.804418 5.493990
Ag 27.436146 20.189418 7.712769
Ag -7.025376 15.066418 60.963483
Ag -20.427079 28.727751 12.150329
Ag -7.025376 -8.840915 12.150329
Ag 50.410494 49.219751 69.838602
Ag -12.768963 23.604751 21.025448
Ag 0.632740 -0.302582 69.838602
Ag -10.854434 11.651085 56.525923
Ag 31.265204 -2.010248 49.869584
Ag 33.179733 6.528085 74.276161
Ag -10.854434 11.651085 27.681787
Ag 6.376327 11.651085 63.182262
Ag 33.179733 33.850751 3.275210
Ag -18.512550 -0.302582 32.119346
Ag 27.436146 37.266085 49.869584
Ag 48.495965 18.481752 1.056430
Ag 10.205385 38.973751 27.681787
Ag -7.025376 -8.840915 72.057381
Ag 29.350675 49.219751 63.182262
Ag -3.196318 44.096751 -12.256248
Ag -12.768963 50.927418 25.463007
Ag 25.521617 30.435418 40.994465
Ag 52.325023 20.189418 -12.256248
Ag -18.512550 33.850751 32.119346
Ag -1.281789 -7.133248 72.057381
Ag -10.854434 35.558418 23.244227
Ag 44.666907 44.096751 32.119346
Ag 21.692559 9.943418 7.712769
Ag -14.683492 6.528085 25.463007
Ag 37.008791 -10.548581 -3.381129
Ag 8.290856 27.020085 -10.037468
Ag 31.265204 21.897085 63.182262
Ag 38.923320 27.020085 43.213245
Ag 33.179733 -3.717915 69.838602
Ag 29.350675 15.066418 23.244227
Ag 15.948972 42.389085 9.931549
Ag 40.837849 9.943418 -12.256248
Ag 19.778030 -10.548581 52.088364
Ag -18.512550 -0.302582 9.931549
Ag -7.025376 -2.010248 40.994465
Ag -18.512550 42.389085 34.338126
Ag 23.607088 23.604751 -10.037468
Ag 12.119914 47.512084 72.057381
Ag 15.948972 42.389085 36.556906
Ag 4.461798 -12.256248 65.401042
Ag -14.683492 -8.840915 -1.162349
Ag 17.863501 42.389085 40.994465
Ag 29.350675 35.558418 40.994465
Ag 35.094262 45.804418 7.712769
Ag 54.239552 45.804418 40.994465
Ag -3.196318 33.850751 23.244227
Ag -14.683492 6.528085 63.182262
Ag 4.461798 -0.302582 7.712769
Ag 37.008791 37.266085 -3.381129
Ag -1.281789 54.342751 63.182262
Ag -12.768963 -3.717915 36.556906
Ag 8.290856 3.112752 63.182262
Ag -8.939905 30.435418 60.963483
Ag 2.547269 -0.302582 12.150329
Ag 42.752378 -8.840915 67.619822
Ag -7.025376 42.389085 63.182262
Ag 14.034443 27.020085 69.838602
Ag 44.666907 38.973751 -7.818689
Ag 46.581436 -5.425581 38.775686
Ag 46.581436 6.528085 58.744703
Ag 17.863501 40.681418 49.869584
Ag 54.239552 11.651085 72.057381
Ag 50.410494 33.850751 52.088364
Ag 0.632740 18.481752 12.150329
Ag 33.179733 18.481752 -3.381129
Ag -7.025376 21.897085 34.338126
Ag 12.119914 -8.840915 38.775686
Ag 14.034443 15.066418 45.432025
Ag 46.581436 32.143085 43.213245
Ag 6.376327 27.020085 16.587888
Ag -18.512550 44.096751 29.900567
Ag 4.461798 -5.425581 23.244227
Ag 19.778030 49.219751 49.869584
Ag 4.461798 33.850751 23.244227
Ag 25.521617 23.604751 45.432025
Ag -5.110847 13.358752 21.025448
Ag 31.265204 1.405085 69.838602
Ag 40.837849 25.312418 12.150329
Ag 25.521617 52.635084 -7.818689
Ag 33.179733 18.481752 69.838602
Ag 38.923320 25.312418 49.869584
Ag 40.837849 16.774085 7.712769
Ag 52.325023 8.235752 -3.381129
Ag 38.923320 -0.302582 -12.256248
Ag -20.427079 -2.010248 67.619822
Ag 54.239552 28.727751 23.244227
Ag 8.290856 35.558418 29.900567
Ag -20.427079 15.066418 65.401042
Ag -14.683492 20.189418 5.493990
Ag 19.778030 32.143085 52.088364
Ag -7.025376 21.897085 52.088364
Ag 50.410494 18.481752 72.057381
Ag -5.110847 15.066418 60.963483
Ag 29.350675 52.635084 18.806668
Ag 14.034443 8.235752 14.369109
Ag -8.939905 33.850751 29.900567
Ag -18.512550 32.143085 29.900567
Ag 15.948972 11.651085 58.744703
Ag 15.948972 25.312418 -7.818689
Ag 0.632740 13.358752 7.712769
Ag 35.094262 30.435418 47.650804
Ag 15.948972 27.020085 38.775686
Ag 42.752378 13.358752 23.244227
Ag -14.683492 -5.425581 9.931549
Ag -16.598021 38.973751 25.463007
Ag 6.376327 40.681418 43.213245
Ag 21.692559 -0.302582 40.994465
Ag -1.281789 4.820418 34.338126
Ag 10.205385 18.481752 56.525923
Ag 54.239552 40.681418 47.650804
Ag -12.768963 -8.840915 47.650804
Ag 52.325023 -3.717915 54.307144
Ag -18.512550 1.405085 1.056430
Ag -5.110847 33.850751 45.432025
Ag -10.854434 50.927418 65.401042
Ag 29.350675 4.820418 43.213245
Ag 52.325023 4.820418 -10.037468
Ag 14.034443 -7.133248 40.994465
Ag -10.854434 50.927418 -10.037468
Ag 40.837849 4.820418 5.493990
Ag 29.350675 23.604751 58.744703
Ag 42.752378 18.481752 36.556906
Ag 33.179733 32.143085 56.525923
Ag 10.205385 -7.133248 58.744703
Ag 10.205385 -8.840915 -1.162349
Ag 10.205385 28.727751 9.931549
Ag 21.692559 33.850751 56.525923
Ag 54.239552 6.528085 7.712769
Ag -1.281789 32.143085 7.712769
Ag 14.034443 9.943418 1.056430
Ag 38.923320 20.189418 72.057381
Ag -16.598021 -3.717915 67.619822
Ag 42.752378 8.235752 32.119346
Ag 42.752378 3.112752 -10.037468
Ag -10.854434 33.850751 67.619822
Ag 31.265204 44.096751 36.556906
Ag -14.683492 -8.840915 52.088364
Ag 19.778030 25.312418 23.244227
Ag -8.939905 9.943418 45.432025
Ag 50.410494 45.804418 74.276161
Ag -5.110847 27.020085 69.838602
Ag -3.196318 -5.425581 25.463007
Ag 44.666907 9.943418 32.119346
Ag -8.939905 33.850751 43.213245
Ag -8.939905 32.143085 49.869584
Ag -7.025376 -3.717915 72.057381
Ag -20.427079 -10.548581 49.869584
Ag 54.239552 3.112752 72.057381
Ag -20.427079 16.774085 21.025448
Ag -1.281789 -5.425581 -10.037468
Ag 12.119914 18.481752 58.744703
Ag 12.119914 27.020085 67.619822
Ag 19.778030 45.804418 18.806668
Ag 40.837849 1.405085 63.182262
Ag 4.461798 15.066418 29.900567
Ag 27.436146 28.727751 14.369109
Ag 50.410494 9.943418 29.900567
Ag 23.607088 3.112752 25.463007
Ag -5.110847 -2.010248 36.556906
Ag 23.607088 54.342751 18.806668
Ag 21.692559 13.358752 49.869584
Ag -1.281789 6.528085 69.838602
Ag 23.607088 33.850751 72.057381
Ag 40.837849 -5.425581 16.587888
Ag -8.939905 -5.425581 -7.818689
Ag 54.239552 8.235752 25.463007
Ag -18.512550 42.389085 -10.037468
Ag 15.948972 42.389085 67.619822
Ag 0.632740 -12.256248 60.963483
Ag 42.752378 35.558418 43.213245
Ag -10.854434 15.066418 18.806668
Ag 15.948972 -3.717915 25.463007
Ag -7.025376 37.266085 63.182262
Ag 10.205385 47.512084 14.369109
Ag 21.692559 -12.256248 67.619822
Ag 21.692559 18.481752 -5.599909
Ag -8.939905 38.973751 36.556906
Ag 25.521617 54.342751 9.931549
Ag 40.837849 -12.256248 23.244227
Ag 14.034443 -7.133248 14.369109
Ag 37.008791 -2.010248 72.057381
Ag -20.427079 52.635084 54.307144
Ag -12.768963 9.943418 -7.818689
Ag 10.205385 44.096751 47.650804
Ag 54.239552 4.820418 1.056430
Ag -7.025376 37.266085 36.556906
Ag 21.692559 28.727751 12.150329
Ag 52.325023 21.897085 63.182262
Ag 35.094262 16.774085 9.931549
Ag 54.239552 1.405085 67.619822
Ag 21.692559 32.143085 -3.381129
Ag 27.436146 18.481752 14.369109
Ag -1.281789 45.804418 16.587888
Ag 46.581436 28.727751 63.182262
Ag 52.325023 -12.256248 32.119346
Ag 29.350675 38.973751 60.963483
Ag 54.239552 44.096751 23.244227
Ag -18.512550 9.943418 56.525923
Ag -8.939905 3.112752 -5.599909
Ag 40.837849 -2.010248 3.275210
Ag -16.598021 8.235752 21.025448
Ag -8.939905 20.189418 52.088364
Ag 2.547269 23.604751 36.556906
Ag 25.521617 52.635084 27.681787
Ag 40.837849 33.850751 25.463007
Ag -14.683492 33.850751 21.025448
Ag -10.854434 25.312418 3.275210
Ag -5.110847 52.635084 45.432025
Ag 46.581436 32.143085 25.463007
Ag 6.376327 52.635084 32.119346
Ag 35.094262 44.096751 -10.037468
Ag -14.683492 -2.010248 12.150329
Ag 52.325023 28.727751 18.806668
Ag 35.094262 -8.840915 38.775686
Ag 10.205385 -12.256248 7.712769
Ag 15.948972 13.358752 -3.381129
Ag 37.008791 -8.840915 1.056430
Ag -5.110847 20.189418 27.681787
Ag 17.863501 21.897085 67.619822
Ag 19.778030 32.143085 45.432025
Ag 23.607088 -10.548581 69.838602
Ag 23.607088 15.066418 -7.818689
Ag -20.427079 49.219751 -7.818689
Ag 10.205385 50.927418 25.463007
Ag 46.581436 23.604751 1.056430
Ag 46.581436 23.604751 43.213245
Ag -18.512550 52.635084 -1.162349
Ag 25.521617 -7.133248 -1.162349
Ag -8.939905 16.774085 47.650804
Ag 2.547269 33.850751 36.556906
Ag 14.034443 44.096751 43.213245
Ag 48.495965 20.189418 -7.818689
Ag -1.281789 27.020085 69.838602
Ag -3.196318 21.897085 -12.256248
Ag 48.495965 4.820418 21.025448
Ag -1.281789 6.528085 47.650804
Ag 19.778030 3.112752 69.838602
Ag 52.325023 27.020085 47.650804
Ag 21.692559 40.681418 27.681787
Ag 46.581436 -12.256248 38.775686
Ag 14.034443 47.512084 14.369109
Ag 25.521617 25.312418 47.650804
Ag -16.598021 20.189418 3.275210
Ag 23.607088 49.219751 9.931549
Ag 17.863501 1.405085 38.775686
Ag 23.607088 13.358752 60.963483
Ag -3.196318 25.312418 7.712769
Ag -20.427079 4.820418 40.994465
Ag 4.461798 35.558418 -12.256248
Ag 42.752378 21.897085 67.619822
Ag -20.427079 33.850751 -1.162349
Ag 44.666907 13.358752 32.119346
Ag 33.179733 3.112752 52.088364
Ag 15.948972 37.266085 58.744703
Ag -3.196318 -5.425581 -1.162349
Ag 19.778030 38.973751 1.056430
Ag 0.632740 4.820418 16.587888
Ag 23.607088 13.358752 -5.599909
Ag 27.436146 25.312418 27.681787
Ag 8.290856 25.312418 7.712769
Ag 8.290856 40.681418 74.276161
Ag 27.436146 20.189418 1.056430
Ag 42.752378 1.405085 60.963483
Ag 33.179733 42.389085 52.088364
Ag -14.683492 47.512084 -3.381129
Ag -14.683492 20.189418 -7.818689
Ag 0.632740 20.189418 27.681787
Ag 21.692559 -0.302582 54.307144
Ag 44.666907 3.112752 21.025448
Ag 2.547269 20.189418 54.307144
Ag 35.094262 8.235752 60.963483
Ag 42.752378 -0.302582 36.556906
Ag 17.863501 37.266085 34.338126
Ag -1.281789 -12.256248 32.119346
Ag 38.923320 -5.425581 12.150329
Ag 31.265204 33.850751 32.119346
Ag 10.205385 6.528085 16.587888
Ag 40.837849 20.189418 34.338126
Ag 46.581436 9.943418 56.525923
Ag -10.854434 40.681418 7.712769
Ag 8.290856 -12.256248 5.493990
