0.0000 0.0018
0.1112 35469364296.0049
0.2224 43755468165.8594
0.3336 400488542.9233
0.4448 38181309955.1013
0.5559 41821588988.4563
0.6671 210835426.9481
0.7783 40146525276.4404
0.8895 38369974344.4980
1.0007 310873203.0069
1.1119 40920564169.3661
1.2231 42432420451.7938
1.3343 457489811.8725
1.4454 39617950304.8996
1.5566 33254926663.1342
1.6678 242380588.7413
1.7790 37893757219.6937
1.8902 45826955965.6884
2.0014 340217822.6892
2.1126 40537176240.6548
2.2238 38327386342.1313
2.3349 137437459.3742
2.4461 43782451506.0832
2.5573 35830401002.9640
2.6685 498661772.7560
2.7797 36968703850.3536
2.8909 43876947408.9252
3.0021 447860803.4242
3.1133 40480445550.5750
3.2245 37032792795.6363
3.3356 166408390.2740
3.4468 37635054950.1988
3.5580 40238934948.5881
3.6692 90453917.8255
3.7804 41811378108.1536
3.8916 37707275291.7670
4.0028 701523932.6389
4.1140 37115698200.0442
4.2251 40945047276.3776
4.3363 309623632.4145
4.4475 47011725532.5307
4.5587 31868421751.2613
4.6699 658903331.9660
4.7811 36615431011.6891
4.8923 37233308997.7907
5.0035 351483281.3032
5.1146 42578780166.5855
5.2258 34442497601.5657
5.3370 348503777.1710
5.4482 36286582897.8285
5.5594 35167291371.7723
5.6706 206554485.5886
5.7818 39257878890.7678
5.8930 38935043268.1219
6.0042 302820151.1151
6.1153 38727642486.8746
6.2265 35954723287.7326
6.3377 277666933.1533
6.4489 39071980128.8489
6.5601 35831158050.8355
6.6713 512760151.1049
6.7825 33956436616.0692
6.8937 38630431183.4410
7.0048 452900769.0125
7.1160 37574400009.0751
7.2272 39551081405.2840
7.3384 469848056.0502
7.4496 38186497534.8701
7.5608 37247712064.6960
7.6720 419480390.2543
7.7832 34534366263.1453
7.8944 36999585058.8072
8.0055 424542722.4007
8.1167 35187573930.3487
8.2279 43555258538.3840
8.3391 349549306.1986
8.4503 36800155703.1059
8.5615 42132979725.5911
8.6727 314888495.8528
8.7839 37878458958.0884
8.8950 41071959205.1281
9.0062 341133487.1985
9.1174 34126841277.3054
9.2286 41534453658.2006
9.3398 331822332.3417
9.4510 37634898815.9369
9.5622 38725550304.4738
9.6734 353270903.8382
9.7845 43327220818.8874
9.8957 37437480073.4177
10.0069 368210654.2887
10.1181 37539606062.7299
10.2293 37975153649.1464
10.3405 422202837.2387
10.4517 36908308442.1945
10.5629 35979517458.4240
10.6741 369698793.9043
10.7852 35516410181.1151
10.8964 40957380059.5939
11.0076 439805007.9714
11.1188 37742348428.7358
11.2300 44233544333.2904
11.3412 367833416.2000
11.4524 36157358253.0537
11.5636 40044042928.3205
11.6747 409653700.6151
11.7859 38105665674.0757
11.8971 38231442661.4839
12.0083 388354834.0162
12.1195 31101064029.7758
12.2307 41537156665.8357
12.3419 443344486.8707
12.4531 37183453718.5092
12.5642 39705610993.6426
12.6754 470585051.2982
12.7866 44771840406.9958
12.8978 36939912707.3237
13.0090 435669355.3715
13.1202 43470966112.4329
13.2314 39941189309.0812
13.3426 483069040.2087
13.4538 40767360972.4880
13.5649 36015496110.2887
13.6761 487135016.2461
13.7873 42201652543.6644
13.8985 34887534961.9895
14.0097 510662107.0452
14.1209 35798552541.3305
14.2321 36873345032.1007
14.3433 461876643.3246
14.4544 33320525941.5639
14.5656 44022720621.0627
14.6768 504329781.1761
14.7880 38396202872.6336
14.8992 39961796087.3163
15.0104 668888523.6901
15.1216 36581160083.8035
15.2328 39564817035.7543
15.3439 540500430.5468
15.4551 35526039306.7116
15.5663 42350800094.3496
15.6775 531920455.6883
15.7887 36717339629.0484
15.8999 41388409517.1468
16.0111 546263531.8255
16.1223 33835625638.8697
16.2335 39591723996.1794
16.3446 493646464.2220
16.4558 37180583171.5569
16.5670 43568687849.6448
16.6782 571067307.7074
16.7894 39332971161.6647
16.9006 37013892689.8781
17.0118 552094000.2777
17.1230 39621317657.0719
17.2341 38963540879.3532
17.3453 580239044.5917
17.4565 37424092865.9452
17.5677 37919119195.7220
17.6789 636498948.1254
17.7901 39163226948.2732
17.9013 40769416315.3498
18.0125 587409503.7785
18.1236 33950389167.0291
18.2348 45076926053.1071
18.3460 527556707.0240
18.4572 44740123768.9036
18.5684 37051563544.4138
18.6796 607047022.4759
18.7908 37211771311.2596
18.9020 39332140091.7866
19.0132 574791646.4230
19.1243 38089823252.6799
19.2355 37106892479.6808
19.3467 650238270.0002
19.4579 36796688671.7346
19.5691 40202560166.9258
19.6803 616534472.7064
19.7915 39096865162.7550
19.9027 40879191832.4860
20.0138 588780819.9155
20.1250 39439200127.9178
20.2362 36632272069.7778
20.3474 623684252.5282
20.4586 36434077703.5417
20.5698 38391106385.8179
20.6810 646302683.5678
20.7922 37567976422.8758
20.9033 39481073927.0324
21.0145 635486519.7420
21.1257 37394848939.1618
21.2369 41717264837.1572
21.3481 699469690.9110
21.4593 40612826299.4944
21.5705 34191072322.2555
21.6817 633353081.7476
21.7929 34918232074.4787
21.9040 40828548980.8225
22.0152 677874128.7264
22.1264 39644969002.7387
22.2376 40760029472.3565
22.3488 694025028.0524
22.4600 42260826572.9672
22.5712 37939132646.3033
22.6824 700119811.7739
22.7935 41112197280.2297
22.9047 37094539453.4838
23.0159 832555084.2576
23.1271 39916297244.8398
23.2383 38133367427.7506
23.3495 699149851.2941
23.4607 37587906700.7631
23.5719 40435001504.9106
23.6831 660160418.3429
23.7942 40402626973.5233
23.9054 38209977131.1315
24.0166 698651338.8147
24.1278 38172816334.5580
24.2390 38503020957.4934
24.3502 711263661.6390
24.4614 39521165215.4591
24.5726 37460018891.2398
24.6837 737514145.4684
24.7949 37170663478.4245
24.9061 44137723891.5039
25.0173 710343283.1013
25.1285 42156839888.2652
25.2397 38345906555.7280
25.3509 688230958.1908
25.4621 38902435463.3260
25.5732 39189025337.4789
25.6844 703164146.2748
25.7956 38713801193.4206
25.9068 40742644230.5690
26.0180 750512231.7300
26.1292 38183594378.2423
26.2404 37180731255.3247
26.3516 725868455.5272
26.4628 37459116742.2186
26.5739 41324332947.0558
26.6851 706454214.2097
26.7963 39828638044.2571
26.9075 35961514048.4011
27.0187 691912387.7731
27.1299 36605989403.5744
27.2411 39254335036.0739
27.3523 767561831.2493
27.4634 36417631375.0369
27.5746 38945678245.2532
27.6858 725982050.8011
27.7970 40720287024.8650
27.9082 35169565351.7188
28.0194 734743312.9980
28.1306 38471384514.9052
28.2418 38157666130.6411
28.3529 689039150.6438
28.4641 36365938763.7504
28.5753 37761695213.8004
28.6865 796953772.3619
28.7977 40262475673.9261
28.9089 36952986142.7195
29.0201 746512382.2482
29.1313 39525528915.9569
29.2425 36922369840.6729
29.3536 723946177.8705
29.4648 39958571372.4728
29.5760 38563614059.2594
29.6872 778603222.2524
29.7984 37574467047.0375
29.9096 36798435894.3433
30.0208 771419158.5942
30.1320 37045818149.6611
30.2431 37070631850.7035
30.3543 803414276.0499
30.4655 38261467388.6156
30.5767 36862977715.9051
30.6879 783330074.5488
30.7991 38550759493.6095
30.9103 37571102874.5681
31.0215 765079659.3468
31.1326 37272066166.4708
31.2438 38965360807.4622
31.3550 795791216.7715
31.4662 35872394373.1083
31.5774 39378300336.8161
31.6886 783564704.0989
31.7998 39507348986.5873
31.9110 39180686687.5471
32.0222 805428272.3758
32.1333 35322845079.9771
32.2445 39031289777.9091
32.3557 811921258.7687
32.4669 38418448432.1857
32.5781 41889288984.0296
32.6893 826235192.7710
32.8005 38606455002.4239
32.9117 41590128956.5918
33.0228 814525638.0414
33.1340 37671725329.0197
33.2452 38327858875.0479
33.3564 851262145.7630
33.4676 37998799573.2898
33.5788 38307486070.4452
33.6900 852903312.2136
33.8012 39615853090.7975
33.9123 35743771743.4049
34.0235 818283835.8220
34.1347 38698298473.8741
34.2459 35910476326.4385
34.3571 890371495.5687
34.4683 33532345943.3446
34.5795 38378829993.1365
34.6907 830302870.1944
34.8019 38758975446.5713
34.9130 37456120868.4628
35.0242 860435922.5895
35.1354 39024628866.6132
35.2466 38352589253.1374
35.3578 862955781.9949
35.4690 37823523212.4980
35.5802 37809765347.9747
35.6914 844528971.5860
35.8025 38019368184.0834
35.9137 39355462462.3788
36.0249 835167838.1458
36.1361 39741835590.7240
36.2473 37304079626.3707
36.3585 818135577.9012
36.4697 38656259178.7614
36.5809 38160557706.7754
36.6921 777228728.9566
36.8032 37977462945.3495
36.9144 39255621305.0938
37.0256 848044886.8492
37.1368 40663612885.0333
37.2480 36458888341.0101
37.3592 808006998.1839
37.4704 38609334104.5243
37.5816 38579064480.3797
37.6927 890732412.8556
37.8039 39746226513.3431
37.9151 36319517362.7516
38.0263 880621904.4727
38.1375 37374262877.3786
38.2487 38827237799.3526
38.3599 897157921.1352
38.4711 40865391213.4697
38.5822 34164212908.2217
38.6934 886805273.8316
38.8046 39598076540.4625
38.9158 37459478074.7455
39.0270 924837548.9293
39.1382 36227977032.8568
39.2494 39309509310.5248
39.3606 927902521.0188
39.4718 38206458076.6353
39.5829 37186881440.6725
39.6941 866514649.6110
39.8053 38492162413.8168
39.9165 36223871300.9649
40.0277 923419531.9404
40.1389 39802124369.0213
40.2501 38007479972.1543
40.3613 899548803.4208
40.4724 37797439064.4537
40.5836 37303784110.0269
40.6948 929498612.6269
40.8060 39419158124.5571
40.9172 38631911685.2276
41.0284 843896923.3822
41.1396 39258870625.3421
41.2508 39974445587.0312
41.3619 932850080.4920
41.4731 38812603337.1476
41.5843 37137524732.5148
41.6955 917551215.0725
41.8067 36396879179.4720
41.9179 37294977100.1398
42.0291 922638767.5329
42.1403 37564805275.6667
42.2515 39153300037.6552
42.3626 910517848.9003
42.4738 39061237203.1763
42.5850 35699828517.6490
42.6962 964441766.7245
42.8074 38009914016.6602
42.9186 37797142583.1746
43.0298 937259044.9605
43.1410 38586294965.1762
43.2521 35537660764.5298
43.3633 930818449.7889
43.4745 36271746693.8713
43.5857 38797929106.5497
43.6969 912489146.9324
43.8081 37961251075.5068
43.9193 37761135974.7548
44.0305 911059676.7254
44.1416 39981371547.6174
44.2528 36161753348.0929
44.3640 912816388.5163
44.4752 37326202949.3189
44.5864 37825226931.8683
44.6976 919574254.3462
44.8088 38514646445.0167
44.9200 37251178625.1073
45.0312 906764203.3598
45.1423 40349903066.4904
45.2535 38638521383.2989
45.3647 937110215.1553
45.4759 38236874371.1087
45.5871 35568183275.8987
45.6983 946058966.4742
45.8095 38461199546.7418
45.9207 37080302691.4042
46.0318 936409597.7457
46.1430 36728888012.1392
46.2542 36037391085.5583
46.3654 907207329.5714
46.4766 35422063869.1909
46.5878 37747537723.1742
46.6990 946080524.2299
46.8102 38441898014.6242
46.9213 37782195997.6925
47.0325 905052347.7836
47.1437 37628251128.9962
47.2549 36578570499.9554
47.3661 897805944.9370
47.4773 39158687502.7820
47.5885 37580489246.0299
47.6997 929352863.6397
47.8109 39393961754.2655
47.9220 38445828333.4791
48.0332 979837787.1747
48.1444 37797751104.6475
48.2556 37606347984.8674
48.3668 973212719.4970
48.4780 38528365083.1902
48.5892 37110144436.4756
48.7004 971161766.3654
48.8115 36385843347.0084
48.9227 39111724774.7584
49.0339 963341582.0408
49.1451 39589120523.6419
49.2563 36479718763.7915
49.3675 911478997.1839
49.4787 37389762919.0966
49.5899 38487457948.1930
49.7011 924846283.3014
49.8122 35571385694.1582
49.9234 36936879389.0874
50.0346 937648589.1879
50.1458 37114747243.4242
50.2570 39244775937.5631
50.3682 949157365.9513
50.4794 37058349085.3353
50.5906 38134533538.7971
50.7017 927407867.1700
50.8129 37533946657.9282
50.9241 38763762778.8171
51.0353 919670155.5251
51.1465 38683816424.7609
51.2577 39419814950.0375
51.3689 877217534.7304
51.4801 38516173798.2735
51.5912 36127198667.1522
51.7024 943541730.2034
51.8136 36627359949.8180
51.9248 38665211298.9876
52.0360 944189261.2386
52.1472 37445939423.8910
52.2584 38738763130.3886
52.3696 1002769883.6651
52.4808 39160566433.1435
52.5919 37803199298.6988
52.7031 927321738.8616
52.8143 36557816209.9363
52.9255 38542398657.7812
53.0367 985006485.1657
53.1479 36818537591.8600
53.2591 37387047738.8167
53.3703 980831420.8517
53.4814 36950227026.5179
53.5926 39087788438.8295
53.7038 945361235.3776
53.8150 37294478442.6846
53.9262 37931280398.5292
54.0374 952645960.1187
54.1486 37332004686.9957
54.2598 39442352915.2513
54.3709 949397062.9910
54.4821 37590621424.3386
54.5933 39116679046.3155
54.7045 938695858.1832
54.8157 38374155977.7882
54.9269 38360419927.5707
55.0381 926645821.1005
55.1493 36767548605.6883
55.2605 36703695020.3073
55.3716 957345670.8788
55.4828 36645229498.0602
55.5940 38491000492.7851
55.7052 939069094.9772
55.8164 38237681263.4141
55.9276 38679343584.6376
56.0388 965290452.9590
56.1500 37122877390.7630
56.2611 38181465087.8689
56.3723 888316660.7710
56.4835 35885833939.7891
56.5947 37963388736.0584
56.7059 933895931.3724
56.8171 38013880474.5089
56.9283 38430391708.6145
57.0395 967595830.1660
57.1506 38996915961.0847
57.2618 37908880016.1534
57.3730 945406335.7527
57.4842 37991223008.2558
57.5954 38431945253.3797
57.7066 894399491.5515
57.8178 38159544751.7465
57.9290 38026491113.3146
58.0402 867547798.4958
58.1513 37810137336.9862
58.2625 36893553539.7098
58.3737 952216073.3329
58.4849 37298077110.4069
58.5961 38637432426.9053
58.7073 958807186.6272
58.8185 38387878252.3631
58.9297 36287775290.8298
59.0408 895429267.4382
59.1520 37781163886.6064
59.2632 37436540749.2585
59.3744 891017213.0868
59.4856 35187479169.3581
59.5968 38529645397.7331
59.7080 901640305.9439
59.8192 36500617689.2079
59.9303 38250206791.7417
60.0415 863524382.9628
60.1527 38149708453.5355
60.2639 36942897859.6074
60.3751 881191104.7253
60.4863 38505313380.6968
60.5975 36395315435.7867
60.7087 946948485.8162
60.8199 36644457130.4879
60.9310 38421832310.6129
61.0422 931404715.9004
61.1534 38436112816.5914
61.2646 37478361603.9524
61.3758 876757463.1962
61.4870 37837310582.8893
61.5982 39128576570.8606
61.7094 918278890.1844
61.8205 37507697785.8402
61.9317 37938857678.0525
62.0429 884165953.3523
62.1541 36400249378.7988
62.2653 38019516076.5498
62.3765 909319246.2296
62.4877 38526652897.4153
62.5989 36761374290.3187
62.7100 909828691.1900
62.8212 37789249393.9869
62.9324 38056027957.9278
63.0436 891724084.6318
63.1548 38452276894.8560
63.2660 38960288194.4596
63.3772 894224056.5959
63.4884 38452330581.1410
63.5996 37846953584.1710
63.7107 867051036.2551
63.8219 38332073130.2578
63.9331 37615277527.6488
64.0443 919776051.4969
64.1555 38123337404.9646
64.2667 39580075655.8850
64.3779 894862559.1226
64.4891 38209153363.6024
64.6002 38983147589.5629
64.7114 889308774.2339
64.8226 38894572420.5366
64.9338 37271238841.4687
65.0450 853443023.4496
65.1562 36336852143.6254
65.2674 40313694409.2153
65.3786 889686164.8467
65.4898 38993176604.6913
65.6009 36412085926.4305
65.7121 926236530.0461
65.8233 37355559822.9168
65.9345 37877706820.6001
66.0457 896052512.7757
66.1569 38830764153.5545
66.2681 38528595180.6889
66.3793 922290521.7800
66.4904 37841323828.9523
66.6016 36686834180.0325
66.7128 926677248.8524
66.8240 37609277159.6029
66.9352 37389439391.6033
67.0464 900400299.2612
67.1576 36458753578.1791
67.2688 38641281873.4130
67.3799 914329482.0992
67.4911 36784834186.8530
67.6023 36742835350.0521
67.7135 872768767.5967
67.8247 37330028797.1724
67.9359 36138556725.5493
68.0471 890430841.2680
68.1583 37735349195.1909
68.2695 36305788770.9592
68.3806 889906603.9546
68.4918 35630479667.8424
68.6030 38755216689.8550
68.7142 868810949.4965
68.8254 36226711186.6758
68.9366 38830848070.7941
69.0478 876316212.7092
69.1590 38184705048.8118
69.2701 36674823720.4065
69.3813 858715151.6978
69.4925 36111457150.9867
69.6037 38959867317.5214
69.7149 837361960.0733
69.8261 37719913267.3217
69.9373 37193060365.5532
70.0485 838297223.9296
70.1596 38650537286.5105
70.2708 36912219331.2334
70.3820 835729939.7665
70.4932 38508773663.8864
70.6044 36568368669.8953
70.7156 835922551.1778
70.8268 37599907544.1762
70.9380 37555086467.9226
71.0492 889764093.8920
71.1603 37978886555.1219
71.2715 36697746198.0769
71.3827 834414196.1645
71.4939 36896065760.2710
71.6051 37576220433.3951
71.7163 858639690.3698
71.8275 37275259164.6964
71.9387 38007207029.3583
72.0498 865371792.7970
72.1610 37632003737.2300
72.2722 37438576493.3590
72.3834 855261813.8903
72.4946 35634102366.7508
72.6058 38063257877.8988
72.7170 841188606.5656
72.8282 39794009896.0105
72.9393 38110194247.3423
73.0505 858496261.8689
73.1617 38569191229.1811
73.2729 36426388117.4351
73.3841 864750174.8236
73.4953 38515756167.9838
73.6065 36241227095.6823
73.7177 814641976.8300
73.8289 36885615965.1487
73.9400 36768410467.5143
74.0512 919600067.6313
74.1624 34987908350.5783
74.2736 38524307564.7836
74.3848 800037295.2897
74.4960 38951726854.6695
74.6072 36878279693.9591
74.7184 807380266.8930
74.8295 36642392202.1031
74.9407 37531435761.4995
75.0519 827954734.2457
75.1631 39922571073.8946
75.2743 37348023312.5909
75.3855 798988619.1636
75.4967 36993903560.3323
75.6079 38332343565.3362
75.7190 880900563.7361
75.8302 37139035014.4134
75.9414 37678810204.9522
76.0526 803205802.0345
76.1638 38195822511.7382
76.2750 37223874429.4667
76.3862 825194630.9939
76.4974 38448904649.4416
76.6086 37136046535.2592
76.7197 796617576.0174
76.8309 37170607101.3049
76.9421 35547452410.3338
77.0533 767149555.1426
77.1645 36871281367.8128
77.2757 37567853092.6199
77.3869 828839649.0697
77.4981 37000402277.0036
77.6092 38652331678.8743
77.7204 774933433.0337
77.8316 38059180206.1498
77.9428 37463205324.7239
78.0540 826201998.5551
78.1652 38907459962.9002
78.2764 36447983838.5199
78.3876 809946707.5605
78.4988 37399223426.7433
78.6099 36372917580.4358
78.7211 770524729.2105
78.8323 36886729287.1678
78.9435 38575523796.9656
79.0547 827692181.1388
79.1659 37764405762.6424
79.2771 38303642448.3685
79.3883 774116118.6099
79.4994 38893508740.9746
79.6106 37722986158.5200
79.7218 781957433.5603
79.8330 37360366521.1339
79.9442 37165668674.3364
80.0554 698560891.2418
80.1666 38663656957.4764
80.2778 36132390547.0704
80.3889 774170551.8809
80.5001 37393755501.5671
80.6113 36564848697.4803
80.7225 758941110.5547
80.8337 38642176551.4602
80.9449 36856005209.5865
81.0561 765424799.3146
81.1673 38956021832.3960
81.2785 36761113337.6642
81.3896 754595815.4669
81.5008 37549865998.1516
81.6120 37497008602.1153
81.7232 773445778.7334
81.8344 36371884800.9673
81.9456 37149040614.9770
82.0568 742389366.5101
82.1680 37249984204.8502
82.2791 37165573697.3901
82.3903 760071264.2978
82.5015 37135122661.2030
82.6127 36584037795.0603
82.7239 751932624.5082
82.8351 36395312151.1987
82.9463 38789308248.4641
83.0575 743263382.8210
83.1686 37316014401.5863
83.2798 38167824135.9971
83.3910 768041734.8906
83.5022 36930598166.3707
83.6134 37602100393.2237
83.7246 719645455.2966
83.8358 38272877869.7708
83.9470 37576369284.3570
84.0582 743004995.7494
84.1693 38546127914.2190
84.2805 35007096261.1545
84.3917 740413745.8592
84.5029 37050245520.7225
84.6141 35236729246.4335
84.7253 729213427.5743
84.8365 35774580789.2623
84.9477 38198993075.5122
85.0588 704925775.5197
85.1700 36237239571.7749
85.2812 37898937259.7462
85.3924 728682873.1732
85.5036 38333806108.6332
85.6148 37210917058.2735
85.7260 717047922.8922
85.8372 37088867797.7511
85.9483 37420640780.0152
86.0595 720832627.1104
86.1707 37061017851.7638
86.2819 38175068748.8610
86.3931 688666229.5322
86.5043 37424488547.7735
86.6155 37475440727.0718
86.7267 706670940.3896
86.8379 36463804108.2260
86.9490 38035628210.8640
87.0602 714620344.9455
87.1714 38807283659.7425
87.2826 36921651640.6443
87.3938 701483009.1601
87.5050 38136462876.0000
87.6162 37352507636.7755
87.7274 712126053.3181
87.8385 36934092743.8994
87.9497 38209230442.5123
88.0609 734143727.9548
88.1721 37789968612.7437
88.2833 37326489797.6584
88.3945 670652152.2042
88.5057 36000606371.7382
88.6169 38464887362.6103
88.7280 671523021.5703
88.8392 39238078767.0927
88.9504 36272547725.3334
89.0616 701340162.8795
89.1728 36946821460.7956
89.2840 38450771027.5017
89.3952 689805161.5824
89.5064 38255807546.2587
89.6176 36573145676.0271
89.7287 677525126.2939
89.8399 34554297044.9023
89.9511 39152086419.1531
90.0623 642001454.8568
90.1735 38602689501.9357
90.2847 36963427212.9489
90.3959 682077312.4088
90.5071 37509736730.1672
90.6182 36337097070.4445
90.7294 643423740.2601
90.8406 36883720377.7769
90.9518 36474536154.5964
91.0630 692541858.3874
91.1742 36404403087.3360
91.2854 38534817544.2973
91.3966 683920948.0147
91.5078 37395635139.7841
91.6189 36485331433.4572
91.7301 672836170.3280
91.8413 36903758124.1010
91.9525 38603254897.2346
92.0637 647521685.6553
92.1749 38193996473.2019
92.2861 36299175479.2128
92.3973 668531444.7037
92.5084 36652957277.8673
92.6196 36322526381.7760
92.7308 684087621.2396
92.8420 37161878185.0241
92.9532 37563286027.0096
93.0644 654444583.5829
93.1756 35650852955.0553
93.2868 37741497955.2511
93.3979 634311342.3707
93.5091 37575444561.7049
93.6203 36888401174.7586
93.7315 608689710.3847
93.8427 36629491011.7608
93.9539 37579711112.2746
94.0651 616009781.2141
94.1763 37416578970.7964
94.2875 36885410187.2174
94.3986 599266829.4220
94.5098 35930701185.6450
94.6210 38760293567.4102
94.7322 621011866.8610
94.8434 37284302092.8900
94.9546 36790826690.1307
95.0658 603442244.8731
95.1770 37924904571.4846
95.2881 35761507438.1175
95.3993 630935231.0804
95.5105 37543413661.4824
95.6217 37267212669.9134
95.7329 656728763.4044
95.8441 36724460180.0101
95.9553 38230983417.5865
96.0665 597901681.6692
96.1776 37806211902.3018
96.2888 37178883899.5115
96.4000 592182341.1854
96.5112 39399798208.3370
96.6224 37257398291.3485
96.7336 563131679.5732
96.8448 37280926150.9198
96.9560 36610365411.6381
97.0672 572966513.5989
97.1783 38073303900.4071
97.2895 37020761681.2428
97.4007 603191125.2942
97.5119 37399379219.9678
97.6231 36744801064.6238
97.7343 588481310.5665
97.8455 37686631156.2832
97.9567 37127665231.1993
98.0678 561953523.0604
98.1790 36886554457.4996
98.2902 37133958536.7309
98.4014 555133724.3500
98.5126 37377552189.7692
98.6238 36786433131.1700
98.7350 576701567.0856
98.8462 36662633341.6064
98.9573 38278285502.3444
99.0685 534086683.1232
99.1797 35766706315.5770
99.2909 38081051743.5280
99.4021 576243004.7889
99.5133 37700978379.3302
99.6245 37167096326.5707
99.7357 578770554.5160
99.8469 35643151593.2351
99.9580 37435591021.6967
100.0692 542435466.4732
100.1804 36789535416.7555
100.2916 37191452730.9954
100.4028 578110763.8541
100.5140 38895013035.1941
100.6252 37606983922.0952
100.7364 571499556.3916
100.8475 37290079379.9842
100.9587 37240767376.1961
101.0699 515477897.2227
101.1811 37103421761.1919
101.2923 36337765886.6958
101.4035 542629169.7247
101.5147 37920403510.4473
101.6259 37940548073.4303
101.7370 541426021.4562
101.8482 36724269014.9439
101.9594 37412289281.0274
102.0706 543895562.5161
102.1818 37676374188.8877
102.2930 36939665603.0522
102.4042 587949242.9049
102.5154 36919901829.0445
102.6266 37883252088.1103
102.7377 548323840.3888
102.8489 36946411203.1363
102.9601 38026112552.8028
103.0713 558626365.3799
103.1825 36421174600.5640
103.2937 36955256289.0125
103.4049 564427373.5788
103.5161 36945706294.9323
103.6272 35393222622.1925
103.7384 521864364.5089
103.8496 35853063664.6927
103.9608 37748756058.1963
104.0720 533890074.9455
104.1832 36436246077.0219
104.2944 37022613545.7244
104.4056 531983083.0308
104.5167 36828750865.7018
104.6279 36711366009.0936
104.7391 521529583.8544
104.8503 37279097611.5609
104.9615 36903327364.8963
105.0727 533898198.6672
105.1839 36724190867.1042
105.2951 37125744238.9315
105.4063 512722404.1630
105.5174 38045793945.0351
105.6286 36750529722.7138
105.7398 520762077.5460
105.8510 36239973597.5881
105.9622 37709815360.7015
106.0734 515774062.5921
106.1846 36513234123.5139
106.2958 38379711885.2349
106.4069 493657886.8656
106.5181 37063185039.6969
106.6293 36745141909.1088
106.7405 508356366.7816
106.8517 36913101000.5636
106.9629 37032960014.1296
107.0741 509268250.9293
107.1853 37614688161.5741
107.2965 36298247576.3509
107.4076 501417520.1422
107.5188 37017523850.7526
107.6300 36479702402.9780
107.7412 507012474.1148
107.8524 35713542297.3877
107.9636 37995172232.8128
108.0748 484475479.8156
108.1860 37250101356.6094
108.2971 36297827902.8703
108.4083 472693780.7320
108.5195 37821259903.8146
108.6307 36525502396.2779
108.7419 456416226.8777
108.8531 36220916956.7171
108.9643 36527240703.7891
109.0755 460855141.0221
109.1866 36521282264.4407
109.2978 37288852564.6788
109.4090 511300513.2870
109.5202 36919462089.5302
109.6314 37872732932.7122
109.7426 467321772.4279
109.8538 37051824409.0814
109.9650 37060626515.0997
110.0762 484369390.1583
110.1873 36791099355.0924
110.2985 37721171830.8621
110.4097 478743282.1219
110.5209 37425886325.1791
110.6321 38420556642.4486
110.7433 473569487.1197
110.8545 38399323434.8099
110.9657 38229579229.5733
111.0768 481721787.4047
111.1880 38542588464.3760
111.2992 36934029468.2020
111.4104 464158913.8821
111.5216 37487429894.6637
111.6328 36682567347.6067
111.7440 470614032.7154
111.8552 36283178140.2510
111.9663 37468709205.7906
112.0775 477972855.2510
112.1887 37747155137.0902
112.2999 35982911721.9740
112.4111 461617759.4215
112.5223 36761383535.9998
112.6335 35937175261.7477
112.7447 441408594.4074
112.8559 36438719927.8652
112.9670 36416343809.6382
113.0782 456968635.8927
113.1894 36320278562.2646
113.3006 37324018460.9639
113.4118 459066468.8992
113.5230 36925997579.2817
113.6342 37159888123.9153
113.7454 430045431.4978
113.8565 37755073538.5345
113.9677 36990780874.6149
114.0789 409500940.6786
114.1901 37167224176.0378
114.3013 37026566889.7627
114.4125 449810966.3441
114.5237 37678402159.6994
114.6349 37190708225.3052
114.7460 450368050.5909
114.8572 36300220001.5449
114.9684 37919298031.3873
115.0796 445050892.0530
115.1908 36841546019.9679
115.3020 37999751997.2843
115.4132 447701026.5589
115.5244 36035991044.9766
115.6356 37629298859.5246
115.7467 423301880.9818
115.8579 37466943116.5751
115.9691 36535353371.4881
116.0803 446085468.1904
116.1915 37000727239.0291
116.3027 36266809417.5026
116.4139 399335609.2535
116.5251 37274202996.9815
116.6362 37473524274.4094
116.7474 424944907.8160
116.8586 37417866467.9379
116.9698 36928875981.3925
117.0810 409123907.5749
117.1922 37297759829.6347
117.3034 37127183092.9390
117.4146 386617845.1449
117.5257 38297813029.0810
117.6369 36261871025.5777
117.7481 431334208.4531
117.8593 37279195306.4900
117.9705 37075748026.2976
118.0817 410051025.3481
118.1929 37244982111.2923
118.3041 37233200117.1998
118.4153 415101508.4340
118.5264 36001950208.0276
118.6376 36904289696.0790
118.7488 419981683.9199
118.8600 36858381582.5348
118.9712 35890671473.4980
119.0824 431455887.9002
119.1936 37865490589.9459
119.3048 35402873735.6856
119.4159 386227284.5055
119.5271 35734090216.2670
119.6383 37053251130.2686
119.7495 390743405.5259
119.8607 36180456747.9941
119.9719 36237883639.8567
120.0831 387205064.1137
120.1943 35969568565.5221
120.3055 37015370417.6245
120.4166 384578330.4946
120.5278 37122414061.1620
120.6390 37284371831.1986
120.7502 372854640.8107
120.8614 36905678256.5879
120.9726 37770448618.4207
121.0838 384956558.7361
121.1950 37151502961.7017
121.3061 36751310586.7383
121.4173 375910339.2258
121.5285 38070621772.4374
121.6397 37484643846.6629
121.7509 389190852.1450
121.8621 37703497575.4061
121.9733 36717299025.9841
122.0845 379055096.9954
122.1956 36289811615.9622
122.3068 36278271146.9740
122.4180 387233914.7399
122.5292 36692446396.6494
122.6404 37277688779.0011
122.7516 362857167.8908
122.8628 37150512562.7770
122.9740 36318098172.2636
123.0852 384285216.2419
123.1963 36603730515.1762
123.3075 37524879792.3492
123.4187 370284982.3220
123.5299 37359603624.8996
123.6411 36191776409.9350
123.7523 368318326.9915
123.8635 36583254459.7447
123.9747 36884530635.3239
124.0858 364873954.4744
124.1970 36510199723.2198
124.3082 37191638629.8208
124.4194 365783825.0749
124.5306 36962134236.6089
124.6418 37030935784.1779
124.7530 351177133.9906
124.8642 36788779655.7731
124.9753 37242897149.0175
125.0865 378276038.1960
125.1977 37352604310.7979
125.3089 36060516249.6428
125.4201 358094732.6798
125.5313 36716476288.1705
125.6425 37335279591.0522
125.7537 366812911.2106
125.8649 37161016561.0968
125.9760 37202909800.9204
126.0872 355101626.0210
126.1984 37483447379.4518
126.3096 36712754284.7507
126.4208 343388694.8705
126.5320 37504129601.0861
126.6432 36786506806.9017
126.7544 330967524.5162
126.8655 36921235959.7976
126.9767 36800891476.4208
127.0879 369703411.9797
127.1991 35311293202.0083
127.3103 38103586159.8584
127.4215 348789023.9035
127.5327 37174605271.5695
127.6439 36622758488.9013
127.7550 347756637.1147
127.8662 36660940691.1104
127.9774 36720492115.7440
128.0886 336286149.5930
128.1998 36041714278.9701
128.3110 37101155821.4828
128.4222 348197175.6454
128.5334 36804642225.9520
128.6446 36198647947.0412
128.7557 348910721.4460
128.8669 37129349522.4586
128.9781 37142634248.4214
129.0893 349951387.6366
129.2005 36850017511.8412
129.3117 36929214507.2889
129.4229 333895064.1252
129.5341 36983920063.6197
129.6452 35988345355.9159
129.7564 330438039.7967
129.8676 36379566456.6839
129.9788 36943309821.1801
130.0900 331218883.4456
130.2012 36918184568.7619
130.3124 36648177607.4463
130.4236 321017978.9030
130.5347 36465709608.2111
130.6459 37281437812.9745
130.7571 323191144.0067
130.8683 36198210027.7833
130.9795 37705055817.2975
131.0907 306782314.6223
131.2019 37585232560.2559
131.3131 36924145573.0390
131.4243 319354513.9068
131.5354 36596303026.2393
131.6466 37430918433.2500
131.7578 316018030.6987
131.8690 36814817381.1201
131.9802 36804878180.4168
132.0914 323675076.3761
132.2026 37607312907.8289
132.3138 36292853597.6694
132.4249 309432650.7965
132.5361 36630842617.9909
132.6473 36336828475.6111
132.7585 317539394.1235
132.8697 36881323188.0778
132.9809 36211184841.8649
133.0921 303755469.1649
133.2033 35696890882.8995
133.3145 37078372756.8929
133.4256 336327843.9555
133.5368 37190292737.7367
133.6480 37176521284.6608
133.7592 317223058.4595
133.8704 37153355031.9474
133.9816 36600387082.9358
134.0928 308032384.5989
134.2040 36712353938.0049
134.3151 37037602162.1770
134.4263 313144572.7403
134.5375 36472436059.4025
134.6487 37227020808.9724
134.7599 299836648.2520
134.8711 37079940953.9903
134.9823 35899651808.5968
135.0935 300037775.9775
135.2046 36117233919.7594
135.3158 36591388199.0742
135.4270 303271388.3163
135.5382 37033224844.7918
135.6494 36267572304.2809
135.7606 295212081.2655
135.8718 36302946783.1790
135.9830 37696168990.0163
136.0942 289094795.3529
136.2053 36603090024.4219
136.3165 37475351064.0044
136.4277 278529345.3052
136.5389 36638573110.4960
136.6501 37107349536.6694
136.7613 283718401.6082
136.8725 36978345954.5053
136.9837 37383969055.0347
137.0948 274479912.3906
137.2060 37470055028.0263
137.3172 36681755495.2689
137.4284 289013297.0678
137.5396 36752143126.7015
137.6508 37055396594.5936
137.7620 291354126.7679
137.8732 36769308535.0764
137.9843 36942024079.2732
138.0955 289162638.8951
138.2067 36854334396.8732
138.3179 36513635542.8330
138.4291 271465099.2038
138.5403 36916351990.8606
138.6515 36518302793.8001
138.7627 303024181.6011
138.8739 36340721314.8976
138.9850 36622717001.4432
139.0962 287730423.6810
139.2074 37039091077.9555
139.3186 36579357335.6857
139.4298 283924480.3516
139.5410 36856343585.9447
139.6522 36916931355.1645
139.7634 275121808.6263
139.8745 36341453117.3356
139.9857 36393348970.6349
140.0969 270367556.6923
140.2081 37125700399.2363
140.3193 36672848281.2525
140.4305 270396229.0688
140.5417 36785796349.0752
140.6529 37084203275.2166
140.7640 272081785.4744
140.8752 36515524625.1741
140.9864 36499832184.8110
141.0976 261272125.1491
141.2088 35924041231.7890
141.3200 36149661812.4968
141.4312 281582576.9466
141.5424 36152521630.6977
141.6536 36784447609.3037
141.7647 251707413.2464
141.8759 36983462075.4181
141.9871 36881812467.2296
142.0983 259314218.1122
142.2095 37067338099.3455
142.3207 36521758642.4020
142.4319 276847659.4629
142.5431 36425806035.1787
142.6542 36543140031.6544
142.7654 255641469.5511
142.8766 37014263518.2422
142.9878 37103594877.1482
143.0990 260481765.1389
143.2102 36221012968.5605
143.3214 36094703154.5091
143.4326 275565600.1779
143.5437 36947015223.4402
143.6549 36474273429.7730
143.7661 251427653.8321
143.8773 36339821183.5511
143.9885 36590527203.7632
144.0997 244696016.1165
144.2109 37183449388.4899
144.3221 35908077791.0163
144.4333 270187485.6594
144.5444 36657125954.5635
144.6556 36622362642.5262
144.7668 253619790.3625
144.8780 36621762998.2095
144.9892 36368237634.5667
145.1004 246371901.1423
145.2116 36658096099.2862
145.3228 36543687092.1564
145.4339 247245715.9866
145.5451 36121051897.8272
145.6563 36954982724.2194
145.7675 254623644.6342
145.8787 36513853125.3619
145.9899 36110948065.9122
146.1011 247684648.2944
146.2123 36725345555.5469
146.3234 36746810704.2326
146.4346 238377750.7976
146.5458 36446231445.8863
146.6570 36931984463.6074
146.7682 246291037.9112
146.8794 37536781132.0834
146.9906 36652355730.5258
147.1018 255796970.5809
147.2130 36739404545.7234
147.3241 36521389216.8381
147.4353 250274919.4335
147.5465 35922012481.2596
147.6577 36285296808.5527
147.7689 242216086.5827
147.8801 37043703492.9389
147.9913 36274996092.9944
148.1025 241718074.6085
148.2136 35909843222.8437
148.3248 36265543961.9925
148.4360 247112210.5954
148.5472 36005332624.4557
148.6584 36816322563.1530
148.7696 250107775.0788
148.8808 36347072808.4793
148.9920 36222844028.8626
149.1032 248382054.9095
149.2143 35733300466.8177
149.3255 36771644345.9667
149.4367 243707300.6079
149.5479 36984756767.3099
149.6591 36401213589.8970
149.7703 235494672.6403
149.8815 37236072316.5008
149.9927 36238976714.9749
150.1038 232773054.1649
150.2150 36482145340.5606
150.3262 36955206245.8830
150.4374 228251221.3051
150.5486 36111540778.9750
150.6598 35844142997.8461
150.7710 230968023.0257
150.8822 36229186909.0636
150.9933 36612986325.0892
151.1045 235166824.4146
151.2157 36235654170.9720
151.3269 36940385614.8900
151.4381 238834668.5785
151.5493 36113896901.0969
151.6605 36132595388.5842
151.7717 235699523.2387
151.8829 35867030126.6905
151.9940 37097830992.6361
152.1052 247038668.8988
152.2164 36160024695.0782
152.3276 36835444640.2518
152.4388 216126635.4619
152.5500 36593633041.8325
152.6612 36900610986.3971
152.7724 218945178.1259
152.8835 36292761839.8633
152.9947 36649837665.7533
153.1059 225761236.2786
153.2171 37278066361.8460
153.3283 36539508392.4905
153.4395 214634973.6829
153.5507 36980161565.3296
153.6619 36623000220.5259
153.7730 219726052.8441
153.8842 36367536626.4963
153.9954 36810308587.8380
154.1066 218135313.5358
154.2178 36355735680.4004
154.3290 36923972820.5005
154.4402 218216427.9210
154.5514 36776520106.4229
154.6626 36174036477.1683
154.7737 226566821.1310
154.8849 36530028271.3360
154.9961 36376616581.9626
155.1073 224409269.0470
155.2185 36399329605.1054
155.3297 36562749446.7134
155.4409 204048496.2022
155.5521 36543408934.9296
155.6632 36512243772.5762
155.7744 215185014.0832
155.8856 36605094557.8581
155.9968 35950912743.7551
156.1080 224993276.2261
156.2192 36514188758.2517
156.3304 36214650385.5963
156.4416 218511704.7698
156.5527 36837851872.8907
156.6639 35812718459.5820
156.7751 214944353.3675
156.8863 36179314570.3767
156.9975 36496758916.3175
157.1087 206330012.0395
157.2199 36273572820.0811
157.3311 36553625832.4085
157.4423 219707748.2701
157.5534 36024090153.7020
157.6646 36762813644.4497
157.7758 219452981.8370
157.8870 36793817173.1534
157.9982 36310903664.4990
158.1094 191229816.6419
158.2206 36331156612.7930
158.3318 36134731160.8722
158.4429 203364381.2488
158.5541 35946283047.4313
158.6653 36405996221.1094
158.7765 201768437.7636
158.8877 36809113026.2943
158.9989 36395078508.3349
159.1101 213546103.1991
159.2213 37094400153.5531
159.3324 36419601164.0304
159.4436 206480107.4996
159.5548 36104290638.0453
159.6660 36052869391.2017
159.7772 200632352.7548
159.8884 36312670937.3830
159.9996 35936434597.4825
160.1108 196197679.0832
160.2220 36230454139.1750
160.3331 36977529140.8047
160.4443 199743805.4960
160.5555 36996212118.4584
160.6667 36350722641.3703
160.7779 203809203.8151
160.8891 36658365170.3923
161.0003 36684340628.6962
161.1115 202948721.9783
161.2226 36441505108.9513
161.3338 37063647644.4581
161.4450 202184525.2355
161.5562 37057038783.8276
161.6674 36486463555.7570
161.7786 198904580.3878
161.8898 36576299331.5200
162.0010 36033656613.1033
162.1122 198440563.9859
162.2233 36757868413.7412
162.3345 36125882555.6157
162.4457 199279013.3956
162.5569 36220807085.1321
162.6681 36185666355.8712
162.7793 192404101.0654
162.8905 36848584231.7283
163.0017 36524543669.2422
163.1128 200560109.1566
163.2240 36909366851.0730
163.3352 35806160317.4676
163.4464 198260827.4706
163.5576 36466092629.1613
163.6688 36485412908.6491
163.7800 194206231.9113
163.8912 36564723004.1948
164.0023 36224167337.6062
164.1135 190657791.6415
164.2247 36474315895.9753
164.3359 36141328809.4251
164.4471 186489394.2270
164.5583 36195758525.9426
164.6695 36789286811.7380
164.7807 193682782.7380
164.8919 36479077050.6754
165.0030 36258697526.3502
165.1142 192331097.0671
165.2254 36520649967.0932
165.3366 36342298734.5086
165.4478 221289016.1652
165.5590 36821731505.4203
165.6702 36229958360.1825
165.7814 195443786.8942
165.8925 36144732745.9444
166.0037 36585392165.1999
166.1149 180868517.0932
166.2261 35449694547.8343
166.3373 36282475377.7668
166.4485 191896216.8820
166.5597 35836667174.5069
166.6709 36754757213.6056
166.7820 194772661.6005
166.8932 36420901812.9399
167.0044 36363217884.0076
167.1156 191770495.9783
167.2268 36290960254.8352
167.3380 36231281175.4096
167.4492 190972420.2156
167.5604 36225794711.2962
167.6716 36813612792.3692
167.7827 191041217.1426
167.8939 36302415170.6127
168.0051 36322355564.6047
168.1163 187737927.8465
168.2275 36171258161.1088
168.3387 36267141685.4538
168.4499 190390912.2819
168.5611 36954062960.4772
168.6722 36762450092.2301
168.7834 188152755.2743
168.8946 36593312958.5187
169.0058 35958386915.6128
169.1170 181840761.8972
169.2282 35947742504.6523
169.3394 36958122454.2594
169.4506 174741198.4883
169.5617 36303234062.9711
169.6729 36384980155.6918
169.7841 186600997.9371
169.8953 36964868375.3747
170.0065 36202385667.9279
170.1177 194528060.2409
170.2289 36543499082.2333
170.3401 35842415272.5151
170.4513 182056169.4496
170.5624 36262824715.1559
170.6736 35883933697.1510
170.7848 188493643.1846
170.8960 36056941075.0596
171.0072 36646349454.1063
171.1184 175624253.1329
171.2296 36581924228.9570
171.3408 35734148583.3674
171.4519 192381740.1418
171.5631 35857584666.9884
171.6743 36426337695.3605
171.7855 182095005.9849
171.8967 36203583627.1256
172.0079 35657006775.2076
172.1191 175276243.3019
172.2303 35899149468.1917
172.3414 36239199322.8032
172.4526 178553165.7730
172.5638 36112160598.5343
172.6750 35849841864.1413
172.7862 173813370.7421
172.8974 35495885485.5303
173.0086 36322769760.2349
173.1198 185263656.6102
173.2310 35905543308.1061
173.3421 36619401916.5261
173.4533 168673679.4306
173.5645 36288007760.4938
173.6757 36423102870.8313
173.7869 175504964.9798
173.8981 36050511681.5211
174.0093 36727463340.4592
174.1205 173550496.7059
174.2316 36498787756.1785
174.3428 35970513598.8957
174.4540 166924208.9460
174.5652 36680090406.8626
174.6764 36276466068.1839
174.7876 175270347.7299
174.8988 36595097519.0222
175.0100 36242328266.2427
175.1211 172938288.4492
175.2323 36029248832.5991
175.3435 36596994237.9739
175.4547 168405466.1908
175.5659 35931570377.4529
175.6771 36192204009.7759
175.7883 168280465.7764
175.8995 36252046179.4072
176.0107 36230735785.9885
176.1218 177144708.2391
176.2330 36289603983.7005
176.3442 36445715105.4657
176.4554 170245717.2701
176.5666 36245304325.0126
176.6778 35731639512.9871
176.7890 167452536.8823
176.9002 36459976201.7168
177.0113 35712180529.5847
177.1225 171679881.3431
177.2337 36644971855.6344
177.3449 36046971780.1545
177.4561 167643933.7534
177.5673 35972418929.1809
177.6785 36687372930.0112
177.7897 170094018.7614
177.9009 36004711770.5809
178.0120 36322417883.5983
178.1232 174403436.8594
178.2344 36197647564.4490
178.3456 36090769262.6831
178.4568 171214149.9076
178.5680 36096922026.2106
178.6792 36264815469.4221
178.7904 166559624.6086
178.9015 35735106805.9129
179.0127 36497440932.4094
179.1239 163404526.4140
179.2351 36217401101.5742
179.3463 36095883550.7967
179.4575 170763412.4556
179.5687 36608312588.3512
179.6799 36159644123.9204
179.7910 180073757.2714
179.9022 36777378099.8965
180.0134 35886439202.0385
180.1246 165185432.0948
180.2358 36573829268.8119
180.3470 35593223443.9476
180.4582 164910665.7283
180.5694 36060546878.2212
180.6806 35901348237.9594
180.7917 166668928.0224
180.9029 36002906919.2110
181.0141 35971401548.2869
181.1253 154399071.1323
181.2365 36136511475.9569
181.3477 35956264120.8073
181.4589 170667489.9086
181.5701 35957912008.4201
181.6812 36244536076.5579
181.7924 168153765.1653
181.9036 36124362663.6515
182.0148 35803062326.6912
182.1260 178548125.4543
182.2372 36079204583.1840
182.3484 36109199574.8860
182.4596 161524289.7131
182.5707 35875609841.1387
182.6819 36221089686.0987
182.7931 162897925.8807
182.9043 36450773359.8695
183.0155 35742724291.7122
183.1267 167466144.5459
183.2379 36504996370.5369
183.3491 35481659936.5233
183.4603 161626007.0920
183.5714 35837307622.2865
183.6826 35688830838.7986
183.7938 169040325.0101
183.9050 35843474533.7800
184.0162 36310256793.5117
184.1274 159460671.6373
184.2386 36208973645.8601
184.3498 36199713770.3253
184.4609 168748130.6245
184.5721 35923286899.1379
184.6833 36356920787.0340
184.7945 162714679.7385
184.9057 35969418170.0166
185.0169 36204108735.8572
185.1281 163332913.4506
185.2393 35992662302.3892
185.3504 35938572700.2782
185.4616 171749127.7661
185.5728 35954510595.1266
185.6840 35982969611.1456
185.7952 164084284.3129
185.9064 36117281334.8040
186.0176 36097958220.5734
186.1288 160437181.7931
186.2400 36148745270.0718
186.3511 35713367175.4226
186.4623 163860368.9501
186.5735 35913108797.9082
186.6847 35921018582.3681
186.7959 169033314.3320
186.9071 35993580568.6871
187.0183 35902981044.8810
187.1295 167101776.4326
187.2406 35832344880.5902
187.3518 36621296061.6460
187.4630 166207910.3266
187.5742 36016839195.7130
187.6854 36167489344.5082
187.7966 160533742.6111
187.9078 35813796587.8121
188.0190 36121525999.7543
188.1301 189126323.3568
188.2413 36116284634.7834
188.3525 36077573866.7044
188.4637 162103837.6822
188.5749 35571862643.6164
188.6861 36562351108.0260
188.7973 163918359.1466
188.9085 36143401954.2628
189.0197 36373541390.5428
189.1308 168387117.3351
189.2420 36370895625.1522
189.3532 35997958790.3144
189.4644 165866057.9750
189.5756 35849693179.1477
189.6868 36111471296.0516
189.7980 168176434.2685
189.9092 35994345820.6897
190.0203 35952574169.5250
190.1315 173848640.6489
190.2427 36343343188.4008
190.3539 35913922983.5414
190.4651 162361782.6255
190.5763 35867844005.1090
190.6875 36168911684.6126
190.7987 162217915.5176
190.9099 36272955816.9673
191.0210 35616249010.2763
191.1322 165470924.0736
191.2434 36364157267.9486
191.3546 35971848401.5511
191.4658 159180445.9074
191.5770 35877010320.1036
191.6882 36121682845.7372
191.7994 168463291.8621
191.9105 35635506112.2568
192.0217 36310054607.6832
192.1329 160289208.0956
192.2441 36025021749.9655
192.3553 36044810844.8222
192.4665 163467585.3287
192.5777 36000793178.5297
192.6889 35896558580.0369
192.8000 159315247.7891
192.9112 35698766440.8768
193.0224 36447732902.7110
193.1336 165338737.5605
193.2448 36272360427.4750
193.3560 36183823229.4515
193.4672 163246994.8608
193.5784 36104156125.4608
193.6896 36020228943.0361
193.8007 165945301.2053
193.9119 35808101974.8925
194.0231 35959386936.5827
194.1343 160680334.6729
194.2455 36066943720.8822
194.3567 35894495394.5882
194.4679 161895426.6717
194.5791 36105820535.1504
194.6902 35813446662.3260
194.8014 156393221.7612
194.9126 36292302836.5162
195.0238 36001578183.5001
195.1350 158732940.2380
195.2462 35989829752.7820
195.3574 35859400198.6009
195.4686 147800983.4839
195.5797 36221361775.6930
195.6909 36186571499.0152
195.8021 167597187.7171
195.9133 35971566483.0579
196.0245 36113867780.4967
196.1357 156666781.7668
196.2469 36646606126.7122
196.3581 35727944541.9366
196.4693 152782693.1359
196.5804 36045921642.5794
196.6916 36135892155.8166
196.8028 159254458.4722
196.9140 36053890229.6531
197.0252 35917904097.7346
197.1364 165447654.5026
197.2476 35906079294.6591
197.3588 36097114501.4286
197.4699 158425121.7296
197.5811 36215682864.2327
197.6923 35583513950.9996
197.8035 157171459.7895
197.9147 36224105127.3076
198.0259 36066268229.5108
198.1371 164069019.7809
198.2483 36176678234.7062
198.3594 35731277146.5780
198.4706 158414211.5130
198.5818 35877066939.9080
198.6930 35380303973.3562
198.8042 166047257.6557
198.9154 36057929214.7972
199.0266 35512814395.1116
199.1378 166411234.9515
199.2490 35554675839.6416
199.3601 35908866359.2812
199.4713 163800509.2133
199.5825 36341616972.1989
199.6937 35912055380.9237
199.8049 158811534.2340
199.9161 35718457659.8391
200.0273 35828024327.0822
200.1385 160757910.7985
200.2496 36086165924.8977
200.3608 35920890762.8446
200.4720 172447838.4571
200.5832 35630151739.1364
200.6944 35817047330.1476
200.8056 159598029.6510
200.9168 36108005350.3860
201.0280 35918120842.5973
201.1391 156986500.6503
201.2503 35641875728.4085
201.3615 35964244645.0795
201.4727 170361112.1450
201.5839 36127838324.8420
201.6951 36418995003.0075
201.8063 165147522.6380
201.9175 35884535535.7094
202.0287 35919735821.8948
202.1398 153566611.2182
202.2510 36027491379.9983
202.3622 35478785403.2432
202.4734 159321835.6575
202.5846 36016741659.2311
202.6958 35681541103.6371
202.8070 171589091.7201
202.9182 35881345537.9812
203.0293 35874530820.4258
203.1405 159567473.7471
203.2517 36113413254.7579
203.3629 35431164701.8363
203.4741 159158190.7549
203.5853 35996907955.8367
203.6965 35237585309.1080
203.8077 161525005.6685
203.9189 35528380381.9367
204.0300 35808938600.0665
204.1412 172616400.6030
204.2524 35367498697.5386
204.3636 35845319837.0902
204.4748 162347311.0030
204.5860 35431228758.0837
204.6972 35901752611.2425
204.8084 168139869.5554
204.9195 35926993990.8343
205.0307 35775135137.3773
205.1419 170945875.4967
205.2531 35664971522.7227
205.3643 35903976578.8943
205.4755 170768879.8052
205.5867 35679026261.9039
205.6979 36004088328.0348
205.8090 169555022.8896
205.9202 35655759735.3876
206.0314 35809831078.5192
206.1426 153261786.0746
206.2538 35916857745.0163
206.3650 35911410414.2514
206.4762 167188223.5244
206.5874 35846198854.3208
206.6986 35847031800.7228
206.8097 159809456.1989
206.9209 35805966841.0271
207.0321 35744818702.0920
207.1433 167572680.7878
207.2545 35884912265.9736
207.3657 35604798218.3718
207.4769 177265060.3261
207.5881 35738408040.9490
207.6992 36077373901.2261
207.8104 156527999.8964
207.9216 35738834795.3452
208.0328 35865968983.6920
208.1440 169240245.7833
208.2552 35815968385.8144
208.3664 35305871063.8634
208.4776 172272454.1197
208.5887 35567713774.5561
208.6999 35867842626.5082
208.8111 178749843.1161
208.9223 35645804821.2051
209.0335 36062292143.8368
209.1447 166639399.1475
209.2559 35567747661.1829
209.3671 35989187133.0186
209.4783 168498385.4902
209.5894 35986153832.9065
209.7006 35635023040.7890
209.8118 162005947.8778
209.9230 36025844034.0458
210.0342 35994667042.1486
210.1454 179986882.4278
210.2566 35998017095.4727
210.3678 35689300950.2565
210.4789 170729230.3785
210.5901 35445215620.3759
210.7013 36102867389.6070
210.8125 170217955.9467
210.9237 35544576072.4654
211.0349 36226895300.2651
211.1461 161448658.3012
211.2573 36067021101.1036
211.3684 35950321883.9997
211.4796 168688586.3698
211.5908 35777794729.4702
211.7020 35791126928.4287
211.8132 159466188.7205
211.9244 36192977139.1435
212.0356 35912757884.6443
212.1468 165954215.4077
212.2580 35852241311.6442
212.3691 35633699956.4280
212.4803 177040551.1170
212.5915 36064706470.0060
212.7027 35733963877.1271
212.8139 175872838.8352
212.9251 36152215174.4891
213.0363 35556350349.0400
213.1475 169433687.0765
213.2586 35501055299.8069
213.3698 35555632483.3276
213.4810 175657698.4274
213.5922 35790973507.7572
213.7034 35663046281.9480
213.8146 182622662.3663
213.9258 35656852896.1619
214.0370 35817309277.6295
214.1481 178831166.6094
214.2593 35649556309.6002
214.3705 35841071705.9963
214.4817 178790711.3984
214.5929 35616723379.3806
214.7041 35810873225.6249
214.8153 175122990.9712
214.9265 35299508431.8412
215.0377 36018790590.5116
215.1488 182641344.1510
215.2600 35559787737.8443
215.3712 36156428307.5943
215.4824 188651838.7274
215.5936 35738478814.7536
215.7048 35530133788.7770
215.8160 169915991.9464
215.9272 35998937059.4029
216.0383 36098333193.5950
216.1495 184061170.0061
216.2607 35873049328.0253
216.3719 35756599552.4269
216.4831 177681508.6497
216.5943 35783348674.6505
216.7055 35415806303.3629
216.8167 190191917.9771
216.9278 35213176357.8270
217.0390 35884277896.4891
217.1502 171718830.6781
217.2614 35991786171.4310
217.3726 35581962363.7007
217.4838 180992930.5548
217.5950 35789113271.7196
217.7062 35758401878.3068
217.8174 182128418.5670
217.9285 35564549842.9263
218.0397 35635046540.0779
218.1509 184360127.4697
218.2621 35926663421.3945
218.3733 35463000854.8166
218.4845 183803235.1807
218.5957 35826723570.6107
218.7069 35619431004.8177
218.8180 188914189.2093
218.9292 35619129031.8053
219.0404 35505627974.9953
219.1516 180596090.8423
219.2628 35607028125.4470
219.3740 35496179390.6419
219.4852 187059811.7454
219.5964 35723989175.5308
219.7076 35451546643.8965
219.8187 190340402.8553
219.9299 35642384963.7391
220.0411 35976699864.0859
220.1523 178032113.9737
220.2635 35293306913.6182
220.3747 35585898051.2661
220.4859 177840305.7775
220.5971 35852445892.5956
220.7082 35709048199.3713
220.8194 188856629.2519
220.9306 35552681917.2891
221.0418 35495161645.0095
221.1530 185207553.3171
221.2642 35781140225.7738
221.3754 35773566061.9577
221.4866 186464593.9040
221.5977 35916639148.3046
221.7089 35144382768.4571
221.8201 195611023.6860
221.9313 35688052203.9485
222.0425 35443191485.1419
222.1537 195694023.8398
222.2649 35157884208.4923
222.3761 35670205529.9620
222.4873 193237820.2549
222.5984 35430833636.4248
222.7096 35310787236.5940
222.8208 191702536.6089
222.9320 35475112729.1085
223.0432 35474405856.2101
223.1544 182371767.4660
223.2656 35437080292.7700
223.3768 35420400724.7976
223.4879 193198778.4942
223.5991 35388051130.4712
223.7103 35569723642.1316
223.8215 197237011.0866
223.9327 35552432289.4451
224.0439 35877627253.6527
224.1551 200676196.9607
224.2663 35486674091.9472
224.3774 35801966133.3314
224.4886 192382834.2849
224.5998 35712270862.6868
224.7110 35702947524.2447
224.8222 202275063.2164
224.9334 35943569002.3400
225.0446 35551435345.9624
225.1558 190222323.1807
225.2670 35590974614.1083
225.3781 35507186181.5335
225.4893 200341726.0900
225.6005 35647091243.1581
225.7117 35106198042.7690
225.8229 207514019.8878
225.9341 35228520715.7456
226.0453 35721033455.1294
226.1565 200634807.2856
226.2676 35391424271.7296
226.3788 35412432499.3225
226.4900 195467835.1076
226.6012 35625633753.9374
226.7124 35594227564.7455
226.8236 199859013.2630
226.9348 35732592752.8943
227.0460 35580117921.4986
227.1571 209415054.6620
227.2683 35625189559.0158
227.3795 35483487825.0634
227.4907 195749308.2993
227.6019 35592517438.7143
227.7131 35513659122.5738
227.8243 198805052.5962
227.9355 35539508566.9347
228.0467 35383460285.1368
228.1578 202618766.0244
228.2690 35604857500.4022
228.3802 35436884953.6209
228.4914 200982844.6042
228.6026 35731716948.6057
228.7138 35194445935.0843
228.8250 203065521.3016
228.9362 35503233126.3770
229.0473 35090509086.8488
229.1585 214853757.7243
229.2697 35375122024.4620
229.3809 35411675082.7881
229.4921 211001808.7177
229.6033 35065456239.6816
229.7145 35245547075.1394
229.8257 216591094.3151
229.9368 35107116700.9054
230.0480 35812423841.0103
230.1592 214761431.4929
230.2704 35648869436.4338
230.3816 35688734471.1959
230.4928 207559342.7213
230.6040 35229704528.7054
230.7152 35776595252.5549
230.8264 217348717.6223
230.9375 35427143432.8295
231.0487 35284357490.3276
231.1599 208351587.9660
231.2711 35522472644.9277
231.3823 35679593606.4440
231.4935 214296840.3210
231.6047 35534162382.3707
231.7159 35456579324.5561
231.8270 204393249.1302
231.9382 35364048757.1264
232.0494 35726064206.1447
232.1606 234764212.2919
232.2718 35214885622.9451
232.3830 35594091564.6973
232.4942 237898171.4345
232.6054 35459209702.9235
232.7166 35715854940.3621
232.8277 218233110.7997
232.9389 35768789629.5137
233.0501 35572172750.6695
233.1613 243982033.9596
233.2725 35635328923.4035
233.3837 35567660189.9340
233.4949 238615141.0287
233.6061 35278507686.5718
233.7172 35569606009.0089
233.8284 220170234.2262
233.9396 35566134676.0250
234.0508 35596748066.8429
234.1620 229328467.7355
234.2732 35719522654.1519
234.3844 35618217074.5974
234.4956 227873440.9242
234.6067 35776353863.1320
234.7179 35527157525.0238
234.8291 213922720.6535
234.9403 35669945787.4140
235.0515 35597969298.8973
235.1627 230094022.8987
235.2739 35681832489.4455
235.3851 35217334008.4705
235.4963 236511592.8033
235.6074 35347023786.2435
235.7186 35677060049.2415
235.8298 242009207.3250
235.9410 35406664523.5909
236.0522 35290972657.1698
236.1634 226400506.9566
236.2746 35676317318.5060
236.3858 34942900939.4368
236.4969 240190722.6015
236.6081 35339444135.1151
236.7193 35525998445.5118
236.8305 240422194.6638
236.9417 35578385118.6756
237.0529 35399429465.7623
237.1641 240770852.7604
237.2753 35299411098.8423
237.3864 35599001076.1488
237.4976 236185765.8652
237.6088 35407184959.8211
237.7200 35310175460.4996
237.8312 252132010.7925
237.9424 35451644758.9527
238.0536 35263854684.5634
238.1648 243117182.0234
238.2760 35217988923.7213
238.3871 35544508622.0579
238.4983 241551186.0849
238.6095 35566617273.5432
238.7207 35302436180.3698
238.8319 256614343.3411
238.9431 35419855936.6831
239.0543 35408175296.3932
239.1655 247482257.4792
239.2766 35156832653.3438
239.3878 35463978419.6741
239.4990 246109611.7188
239.6102 35545351980.8040
239.7214 34947444786.3744
239.8326 248625181.9418
239.9438 35488588957.2433
240.0550 35215589472.4974
240.1661 270085821.0824
240.2773 35620241650.4768
240.3885 35114468004.9280
240.4997 254102277.7680
240.6109 35312074754.0980
240.7221 35470657622.8340
240.8333 255439512.7245
240.9445 35621783383.0846
241.0557 35385511181.0042
241.1668 253036233.6471
241.2780 34987436207.8372
241.3892 35604943050.1458
241.5004 272285726.7380
241.6116 35270484219.2192
241.7228 35469006960.1783
241.8340 246296064.7358
241.9452 35306475441.9358
242.0563 35374767889.3034
242.1675 259567668.7869
242.2787 35354068440.1208
242.3899 35503681861.1291
242.5011 276177517.7237
242.6123 35297081891.6689
242.7235 35472978504.0241
242.8347 263717386.0050
242.9458 35446103644.7247
243.0570 34982106611.3525
243.1682 276225740.7038
243.2794 35628790791.1045
243.3906 35071623768.7162
243.5018 282635147.0481
243.6130 35708886068.4392
243.7242 35335324102.2935
243.8354 274787773.9333
243.9465 35426931728.8637
244.0577 35161080857.1583
244.1689 285819135.6988
244.2801 35373584757.0037
244.3913 35080360338.0713
244.5025 291924816.2704
244.6137 35156267721.4970
244.7249 35352007014.4350
244.8360 276554264.4484
244.9472 35248488141.4252
245.0584 35810643588.8225
245.1696 286230044.7831
245.2808 35233396060.4899
245.3920 35327177264.9523
245.5032 300622048.0539
245.6144 35139715826.3099
245.7256 35465225838.7398
245.8367 300677186.4625
245.9479 35339288756.7721
246.0591 35426421006.6643
246.1703 288874283.3530
246.2815 35238016094.5871
246.3927 35465659467.8324
246.5039 290800679.3641
246.6151 35590253671.0925
246.7262 35262673540.7102
246.8374 296495932.2412
246.9486 35218991270.6992
247.0598 35377707703.1502
247.1710 302224846.6912
247.2822 35463106515.2112
247.3934 35351171763.8338
247.5046 281328498.1957
247.6157 35664925352.8063
247.7269 34992910340.1989
247.8381 300072898.8279
247.9493 35195214133.3214
248.0605 35345299614.9762
248.1717 281081084.4874
248.2829 35265392940.6232
248.3941 35319117880.9319
248.5053 272296837.9424
248.6164 35271595195.2902
248.7276 35081385744.0260
248.8388 279198361.4968
248.9500 35378808691.4526
249.0612 35272286575.0081
249.1724 301705053.7179
249.2836 35120424816.0976
249.3948 35180037428.4057
249.5059 299118054.0773
249.6171 35112232935.3096
249.7283 35494268012.0298
249.8395 302648582.6866
249.9507 35272704514.1240
250.0619 35423137180.6338
250.1731 294773149.8272
250.2843 35391851470.6696
250.3954 35173067511.6489
250.5066 324701473.8136
250.6178 35357261689.8997
250.7290 35209877755.1414
250.8402 294165137.5576
250.9514 35311064313.5699
251.0626 35239148424.0558
251.1738 304364860.4112
251.2850 35016321562.7394
251.3961 35390760560.7959
251.5073 312704795.7290
251.6185 35303221744.2361
251.7297 34969929054.7912
251.8409 311037418.3859
251.9521 35147064177.2002
252.0633 34926501351.7124
252.1745 334595020.5506
252.2856 35077171230.6170
252.3968 35111868289.2007
252.5080 323354801.5515
252.6192 35073777049.5914
252.7304 35245704626.5656
252.8416 325784117.5514
252.9528 35225165980.9838
253.0640 35549712450.2579
253.1751 327978147.5375
253.2863 35381960941.2573
253.3975 35281287986.7439
253.5087 306779205.8497
253.6199 35221482788.6245
253.7311 35356035998.0329
253.8423 323653227.9203
253.9535 35256804180.8048
254.0647 35263518567.9234
254.1758 340119647.3773
254.2870 35316011233.1361
254.3982 35207916299.5434
254.5094 354438060.8904
254.6206 35073290379.2844
254.7318 35396577766.0029
254.8430 352070559.0553
254.9542 35092401307.9421
255.0653 34943134103.2942
255.1765 353936631.7316
255.2877 35031749985.0189
255.3989 35386674427.2913
255.5101 345577327.6368
255.6213 34885939967.5695
255.7325 35335710793.0578
255.8437 350942567.4756
255.9548 35061005764.1279
256.0660 35423196329.5990
256.1772 342554026.4535
256.2884 35279606871.9969
256.3996 35373942625.2558
256.5108 354125229.8599
256.6220 35417709300.0778
256.7332 34949588333.9854
256.8444 313837051.2057
256.9555 35259676262.7447
257.0667 35160203633.2004
257.1779 350636005.2214
257.2891 35519337565.5151
257.4003 34900173383.4052
257.5115 358064896.1158
257.6227 35143502797.4134
257.7339 35201421438.1917
257.8450 377373419.1233
257.9562 35095780873.7938
258.0674 35334860496.0239
258.1786 362646448.2170
258.2898 35107643301.5143
258.4010 35236095222.6023
258.5122 354562443.6561
258.6234 34801350359.3902
258.7345 35216827152.4440
258.8457 363185457.3582
258.9569 34841159185.9240
259.0681 35326148330.2678
259.1793 359899555.4927
259.2905 35336599546.1351
259.4017 35009497891.8171
259.5129 344516347.8899
259.6241 35221791637.4256
259.7352 35071546975.1936
259.8464 380210166.2801
259.9576 35148309275.2386
260.0688 35210525728.5840
260.1800 380121737.8598
260.2912 35366214305.4233
260.4024 35109572095.3803
260.5136 393580740.9191
260.6247 35313709247.4604
260.7359 35388888734.0641
260.8471 397014227.1447
260.9583 35283651215.6949
261.0695 35060439722.1665
261.1807 373544622.1573
261.2919 35077819796.4538
261.4031 35292596934.9046
261.5143 375434900.7641
261.6254 35135593494.1248
261.7366 35201037144.0643
261.8478 382507702.4355
261.9590 34965774641.1586
262.0702 35514665228.9724
262.1814 379529229.8597
262.2926 35280692001.4427
262.4038 35226982448.6108
262.5149 385363168.8180
262.6261 35416845196.8088
262.7373 35078059437.0371
262.8485 395576908.5859
262.9597 34976498513.9292
263.0709 35261421638.6731
263.1821 392014048.9907
263.2933 35286054936.0976
263.4044 35114613439.7758
263.5156 406134930.1677
263.6268 35234665976.5483
263.7380 34905624198.3737
263.8492 392203057.0377
263.9604 35154729024.2320
264.0716 35112412689.1361
264.1828 371576714.6799
264.2940 35310931568.6415
264.4051 35000001717.4776
264.5163 398738907.6099
264.6275 35143406327.8955
264.7387 34949512308.4670
264.8499 401633563.4358
264.9611 35214300663.9782
265.0723 34990221383.3485
265.1835 399847882.4462
265.2946 34662703778.7916
265.4058 35401363049.5020
265.5170 418246447.6221
265.6282 35136218846.8763
265.7394 35225272292.9614
265.8506 442640358.3124
265.9618 35458446631.9408
266.0730 35149293009.5210
266.1841 407029414.1858
266.2953 35269021609.7966
266.4065 35164354457.2019
266.5177 417088483.4982
266.6289 35250467188.0134
266.7401 35078011584.6403
266.8513 389323501.2767
266.9625 35377688792.6237
267.0737 34816196724.4005
267.1848 440440919.8703
267.2960 35217527296.6299
267.4072 34802817372.0316
267.5184 403084743.0705
267.6296 34782336052.2190
267.7408 34937114234.4434
267.8520 428503929.9827
267.9632 34958894600.2023
268.0743 35124564547.3166
268.1855 420458564.3197
268.2967 34942423676.6767
268.4079 35067179676.2738
268.5191 439522999.1919
268.6303 34875789460.3000
268.7415 34910073529.9638
268.8527 422725092.2729
268.9638 35088200272.8830
269.0750 35033740648.6239
269.1862 397931091.1198
269.2974 35061188090.8128
269.4086 34955555311.3831
269.5198 407837934.6706
269.6310 34972654435.5038
269.7422 34920485437.0980
269.8534 440922281.3194
269.9645 35111143351.7960
270.0757 35056708268.6816
270.1869 421151482.4031
270.2981 35154805554.8736
270.4093 34905943519.1917
270.5205 441701104.9168
270.6317 34635059955.0405
270.7429 35079341765.1111
270.8540 429469603.3700
270.9652 34961361689.8001
271.0764 35067324322.4050
271.1876 427724961.2111
271.2988 34984088825.5263
271.4100 35153447760.2521
271.5212 427692354.6577
271.6324 35073156488.0011
271.7435 35095997997.5605
271.8547 432873162.3688
271.9659 34837968440.2333
272.0771 35198111154.1642
272.1883 424654502.3422
272.2995 35005348117.7974
272.4107 35095872656.6504
272.5219 454197390.9472
272.6331 34975791995.3372
272.7442 34874455089.1679
272.8554 458479696.5530
272.9666 34810681024.1053
273.0778 34984017090.6124
273.1890 445317474.2244
273.3002 34795403711.2959
273.4114 34948419893.6706
273.5226 449749676.8367
273.6337 35007188464.0927
273.7449 34818312066.3576
273.8561 447020507.9341
273.9673 35093749355.8606
274.0785 34637628953.1833
274.1897 453673927.7329
274.3009 34720822718.7770
274.4121 35050465004.3342
274.5233 441901549.2532
274.6344 35098593267.5652
274.7456 34898493095.9807
274.8568 444021272.5015
274.9680 34929248652.3438
275.0792 35043097355.8744
275.1904 419685794.5069
275.3016 34759347105.3802
275.4128 34948533910.5320
275.5239 432053019.3829
275.6351 34865173957.5042
275.7463 34724705215.0694
275.8575 436346629.0248
275.9687 34786491452.5798
276.0799 34929975645.4153
276.1911 445300602.8342
276.3023 34592365130.1045
276.4134 34977461536.8621
276.5246 461149309.7496
276.6358 34760763801.8004
276.7470 35002166924.1787
276.8582 430762293.9118
276.9694 34997052194.5777
277.0806 34950361265.5909
277.1918 453534528.0629
277.3030 34764082631.5037
277.4141 35059825710.2514
277.5253 452907484.7094
277.6365 34790727043.2763
277.7477 34942001198.9058
277.8589 460438059.4281
277.9701 35075958092.2839
278.0813 34849391409.0469
278.1925 440333086.5359
278.3036 35124429107.5924
278.4148 34886551705.1167
278.5260 444640170.1549
278.6372 35090358476.8391
278.7484 35064582494.3531
278.8596 449949457.5559
278.9708 34679425711.7362
279.0820 35117866665.2089
279.1931 449081716.3051
279.3043 35100064222.0056
279.4155 34772257001.8325
279.5267 418252137.4498
279.6379 34784743959.0768
279.7491 34945281273.0728
279.8603 467236220.3603
279.9715 34976820026.1309
280.0827 34843453225.5008
280.1938 437120450.5455
280.3050 34856190601.1144
280.4162 34925913376.1546
280.5274 459007605.3445
280.6386 34770777660.9159
280.7498 35021113363.4042
280.8610 450557526.1149
280.9722 34888361165.3857
281.0833 34824727578.1144
281.1945 448503284.3083
281.3057 34989904463.7449
281.4169 34870770192.1648
281.5281 429127379.3024
281.6393 34898253826.0116
281.7505 34997479728.6176
281.8617 430067751.3002
281.9728 34884912043.2330
282.0840 34866662423.7058
282.1952 433681671.5077
282.3064 34743786831.1920
282.4176 34803390400.7938
282.5288 468465588.0527
282.6400 35007957711.5800
282.7512 34946525153.5540
282.8624 454928783.9780
282.9735 34920290699.6844
283.0847 34893062547.6951
283.1959 434084584.1545
283.3071 34821661917.4220
283.4183 34610609771.8060
283.5295 435786707.4753
283.6407 34822274509.2245
283.7519 34923416317.7598
283.8630 415126112.8483
283.9742 34804412856.7383
284.0854 35176249931.9163
284.1966 426100123.4385
284.3078 34689089481.4719
284.4190 34670913655.0283
284.5302 416221070.7713
284.6414 34836889761.6212
284.7525 35074743294.2574
284.8637 436024755.8781
284.9749 34728304412.7993
285.0861 35049089662.3122
285.1973 420752869.0518
285.3085 35043158914.5326
285.4197 34826679185.9543
285.5309 441320097.2297
285.6421 35072401524.6929
285.7532 35028626916.9692
285.8644 423536515.4471
285.9756 34972137361.9886
286.0868 34717301901.5942
286.1980 432469071.7096
286.3092 34935637082.4142
286.4204 34725990662.4643
286.5316 413832135.8901
286.6427 34767239841.9231
286.7539 34762460375.5962
286.8651 418962741.6226
286.9763 34566485161.9350
287.0875 35060050986.7323
287.1987 390343106.2589
287.3099 35285169247.2786
287.4211 34862327170.4792
287.5323 386488627.0332
287.6434 34918552085.6808
287.7546 34719391034.9937
287.8658 390854724.0235
287.9770 35024306007.2893
288.0882 34813581014.6462
288.1994 417257210.8689
288.3106 34402954627.2185
288.4218 35073443747.2997
288.5329 425209019.7922
288.6441 34785971670.2762
288.7553 34916343220.3286
288.8665 392193377.7949
288.9777 34706393116.8726
289.0889 34910388985.1650
289.2001 402159713.6671
289.3113 34746774575.9472
289.4224 34975119034.0424
289.5336 411852421.1990
289.6448 34860054279.8042
289.7560 34750158152.3093
289.8672 408666226.6582
289.9784 34717636961.1026
290.0896 35017348017.6924
290.2008 393852574.9806
290.3120 35142977521.2973
290.4231 34501106009.3762
290.5343 396913351.2781
290.6455 34957354682.7332
290.7567 34604106728.7411
290.8679 413101236.7789
290.9791 34637298769.4293
291.0903 34677883657.5058
291.2015 384942844.2297
291.3126 35027089808.3002
291.4238 34486457140.8735
291.5350 378342884.4826
291.6462 35033345101.3751
291.7574 34453416594.7733
291.8686 369835054.1096
291.9798 34855156081.6543
292.0910 34985989096.8752
292.2021 368056715.6970
292.3133 34775299503.4680
292.4245 34930691819.6255
292.5357 374250255.4928
292.6469 34836564650.4579
292.7581 34810420247.3029
292.8693 363987518.5454
292.9805 34719868603.6756
293.0917 34788916372.3464
293.2028 372320747.9608
293.3140 34524457430.0980
293.4252 34653119669.5920
293.5364 364596715.0133
293.6476 34571510195.6476
293.7588 34630242414.7992
293.8700 370080332.6723
293.9812 34572436316.2275
294.0923 35071573830.5676
294.2035 371347567.8041
294.3147 35214430568.2394
294.4259 34438838753.2928
294.5371 370405506.1548
294.6483 34626884784.6847
294.7595 34652530568.9309
294.8707 360146906.4637
294.9818 34539673447.7420
295.0930 34408547736.4266
295.2042 374564058.4637
295.3154 34492949200.8242
295.4266 34455090006.2911
295.5378 334636456.3901
295.6490 34608694626.3064
295.7602 35333586295.1746
295.8714 365851293.1531
295.9825 35209540291.5197
296.0937 34899766183.3613
296.2049 349383926.6929
296.3161 34898120210.4472
296.4273 34799431717.9362
296.5385 314366980.3780
296.6497 34816250010.1073
296.7609 34550253961.9842
296.8720 340267319.7019
296.9832 34843180251.9814
297.0944 34223390480.0100
297.2056 362961128.1501
297.3168 34697792624.4122
297.4280 34401997281.7390
297.5392 319556124.5447
297.6504 34848973914.8724
297.7615 34569557042.5800
297.8727 331463601.5929
297.9839 35192262737.3007
298.0951 34222689079.5819
298.2063 317970326.9131
298.3175 34743662351.2593
298.4287 34673810624.5383
298.5399 307455073.7257
298.6511 34694661918.6458
298.7622 34533372146.6843
298.8734 320676492.9989
298.9846 34963619787.6238
299.0958 34485318102.8967
299.2070 310056779.6381
299.3182 34696253922.0967
299.4294 34611808161.4429
299.5406 305033509.2751
299.6517 34804756826.0183
299.7629 34914269313.0632
299.8741 320199923.2224
299.9853 34894626436.9195
300.0965 34309807837.2309
300.2077 306654124.4595
300.3189 34744681062.0788
300.4301 34487998486.1458
300.5412 311575580.0915
300.6524 34619249297.1357
300.7636 34850668844.3534
300.8748 292036016.9668
300.9860 34502676809.3463
301.0972 34830786922.2382
301.2084 301125790.2777
301.3196 34516684772.9035
301.4308 34624604511.7279
301.5419 297799597.6734
301.6531 34905338228.3155
301.7643 34596283422.9050
301.8755 286550618.9321
301.9867 34483793921.9568
302.0979 34905416390.1126
302.2091 266136423.6639
302.3203 34784353253.2304
302.4314 34507056666.7767
302.5426 289627764.8286
302.6538 34843438020.5489
302.7650 33970967109.7890
302.8762 281799274.4725
302.9874 34556582097.9823
303.0986 34363383068.1322
303.2098 279211113.8797
303.3210 34528098294.7230
303.4321 34794092877.6327
303.5433 290986609.5514
303.6545 34879083172.4681
303.7657 34789289202.6638
303.8769 239185280.9904
303.9881 34562885624.4856
304.0993 34925644709.0809
304.2105 276233389.7099
304.3216 34828178156.3135
304.4328 34618399929.7606
304.5440 277788729.7118
304.6552 34804740329.7876
304.7664 34677171172.0774
304.8776 281283845.0141
304.9888 34587821187.1531
305.1000 34708751788.9665
305.2111 266927466.4956
305.3223 34796438971.9771
305.4335 34795011528.7708
305.5447 250722754.2408
305.6559 34507705675.7368
305.7671 34887482160.5544
305.8783 264967605.5048
305.9895 34810886869.0209
306.1007 34470644306.9167
306.2118 241695605.1712
306.3230 34885733701.1101
306.4342 34213593388.4176
306.5454 244815313.5600
306.6566 34612950295.5041
306.7678 34595249307.3429
306.8790 243162945.4582
306.9902 34813005769.4027
307.1013 34216688104.2819
307.2125 240928305.2451
307.3237 34612357470.1509
307.4349 34322938028.9989
307.5461 248748988.3851
307.6573 34500066923.3199
307.7685 34736197669.4484
307.8797 263476143.0263
307.9908 34318835518.7617
308.1020 34885422741.9955
308.2132 252278807.8856
308.3244 34505202721.4543
308.4356 34585640897.8636
308.5468 226820050.5306
308.6580 35013808714.8106
308.7692 34002818850.0838
308.8804 233766063.8704
308.9915 34544523115.0413
309.1027 34564117295.5784
309.2139 220018303.8753
309.3251 34462326257.8706
309.4363 35028448097.0457
309.5475 221858684.9401
309.6587 34764342362.5336
309.7699 34934031240.1094
309.8810 203129640.8312
309.9922 34923091887.0822
310.1034 34292288882.4866
310.2146 217711550.5859
310.3258 34784515776.6806
310.4370 34495308172.1136
310.5482 199461794.0925
310.6594 34696137288.2594
310.7705 34120185905.0705
310.8817 209179773.0558
310.9929 33979603525.0434
311.1041 33904606032.8558
311.2153 202101973.9199
311.3265 34021819267.8354
311.4377 34525782317.4600
311.5489 198162346.1248
311.6601 34181215063.0165
311.7712 34593199280.7873
311.8824 202130008.6500
311.9936 34372542541.0567
312.1048 34620040786.5919
312.2160 129719837.4717
312.3272 35066781349.8914
312.4384 34889165654.2510
312.5496 202935622.1813
312.6607 34360887348.4960
312.7719 35191248961.3445
312.8831 164048022.9230
312.9943 33966764248.2357
313.1055 35133489652.0135
313.2167 196998063.8541
313.3279 34631325581.8079
313.4391 34917220282.8161
313.5502 209008693.6829
313.6614 34923740976.6335
313.7726 34159818972.9927
313.8838 185229000.3512
313.9950 34327883365.1889
314.1062 34522118897.7882
314.2174 158749561.5398
314.3286 34926409191.5407
314.4398 34712186453.2694
314.5509 204507154.7896
314.6621 34892406666.3286
314.7733 34311235474.1560
314.8845 197312735.0701
314.9957 33901474337.0310
315.1069 34703739753.9931
315.2181 187585726.6411
315.3293 34405078362.7166
315.4404 34516852226.4824
315.5516 170270294.1899
315.6628 35027390552.7854
315.7740 34202736764.1695
315.8852 180263197.3546
315.9964 34549641800.9745
316.1076 34625781155.8600
316.2188 176875030.6968
316.3300 34458018960.7750
316.4411 34677113426.1880
316.5523 186530422.0115
316.6635 34121146021.4346
316.7747 34821523892.8855
316.8859 163906812.5749
316.9971 34874480636.0684
317.1083 34577828663.3882
317.2195 167044123.1066
317.3306 34997866045.8702
317.4418 34473485434.4401
317.5530 182822165.2717
317.6642 34890865450.7444
317.7754 34430548177.8598
317.8866 159357644.8165
317.9978 34637794836.7568
318.1090 34356524063.2504
318.2201 167510650.3085
318.3313 34656345910.8958
318.4425 34049182919.9257
318.5537 165158997.3279
318.6649 34392905040.5982
318.7761 34103457232.2188
318.8873 173486670.4550
318.9985 34128364525.8861
319.1097 34334734774.1103
319.2208 169164207.6095
319.3320 34618346260.9555
319.4432 34562105281.2614
319.5544 165966820.9691
319.6656 34255086556.3796
319.7768 34293423168.3605
319.8880 167750583.1645
319.9992 34338112371.7484
320.1103 34432931975.3945
320.2215 155988404.7194
320.3327 34921278590.5217
320.4439 34402792285.8511
320.5551 148885311.2937
320.6663 34477889993.8556
320.7775 34181688557.4947
320.8887 155024764.7209
320.9998 34375776127.3807
321.1110 34256662858.6965
321.2222 157997891.1574
321.3334 34366577427.1152
321.4446 34160238513.1319
321.5558 165604410.9902
321.6670 34428786872.4125
321.7782 34470109071.9860
321.8894 151961872.7169
322.0005 33984189053.5186
322.1117 34500685739.1213
322.2229 147159739.8076
322.3341 34165519425.2137
322.4453 34290411807.4126
322.5565 144898399.5232
322.6677 34601098300.8035
322.7789 34233494063.2616
322.8900 152445760.6789
323.0012 34733871846.8280
323.1124 34449706535.6181
323.2236 143642357.6933
323.3348 34395288157.3470
323.4460 34555520579.9836
323.5572 152963210.7118
323.6684 34309938375.7955
323.7795 34652902551.6519
323.8907 155818504.7254
324.0019 34780408905.7011
324.1131 34090954460.5678
324.2243 154623234.6290
324.3355 34332321112.1672
324.4467 34190724078.4441
324.5579 141307983.0962
324.6691 34348770714.9887
324.7802 34224632268.8944
324.8914 140117070.2083
325.0026 34267315561.9208
325.1138 34005209879.9691
325.2250 151466212.4089
325.3362 33960437970.0072
325.4474 34286462075.6462
325.5586 142339259.4693
325.6697 34507718597.5377
325.7809 34220951824.2715
325.8921 132376274.5201
326.0033 34240388253.5977
326.1145 34399971369.1388
326.2257 139074696.2062
326.3369 33820498996.6782
326.4481 34665083726.9564
326.5592 140428080.5229
326.6704 34301437164.9454
326.7816 34508882543.5033
326.8928 132921662.0010
327.0040 34473206616.9985
327.1152 34193268555.4696
327.2264 131094403.6770
327.3376 34499747558.4202
327.4488 34205529938.0655
327.5599 139696662.3490
327.6711 34330637469.3100
327.7823 34402520609.3717
327.8935 136694019.8557
328.0047 34020271072.5111
328.1159 34176218626.4531
328.2271 139548161.5594
328.3383 33799908089.6478
328.4494 34310462893.6112
328.5606 133096139.1308
328.6718 34180398229.7039
328.7830 34412527637.6952
328.8942 127106218.5364
329.0054 34285145606.9312
329.1166 34243115342.2780
329.2278 129116570.9684
329.3389 34185707890.7699
329.4501 34514987006.3531
329.5613 134277640.5544
329.6725 34527716069.8638
329.7837 34479106140.5979
329.8949 125787206.7106
330.0061 34085015277.8724
330.1173 34430550112.4606
330.2285 115887081.9549
330.3396 33978438169.6613
330.4508 34469720821.0839
330.5620 120179510.4395
330.6732 34371292023.4517
330.7844 34579609305.0054
330.8956 133284420.2685
331.0068 34308707928.9481
331.1180 33961901209.2148
331.2291 128196259.9900
331.3403 34233474999.7940
331.4515 34322706627.5611
331.5627 126526457.1784
331.6739 34389482541.6309
331.7851 34676346006.6656
331.8963 140556889.3935
332.0075 34354198753.2826
332.1187 34675668501.9823
332.2298 128848563.8269
332.3410 34214112757.9692
332.4522 34459865634.8943
332.5634 123713921.7783
332.6746 34494139197.3816
332.7858 34481475941.9625
332.8970 125325713.8643
333.0082 34522920175.5153
333.1193 34106563366.4776
333.2305 125548802.2242
333.3417 33962088712.1598
333.4529 34398690012.0685
333.5641 134146342.3464
333.6753 34528286894.0555
333.7865 34155141273.1579
333.8977 136702870.6674
334.0088 34090579849.1174
334.1200 34510231024.2663
334.2312 130947080.6332
334.3424 33941890540.0390
334.4536 34680480735.3552
334.5648 135737998.4813
334.6760 34256835591.3170
334.7872 34514290714.3753
334.8984 140257534.8837
335.0095 34500751475.1224
335.1207 33867934864.9182
335.2319 130712434.3263
335.3431 34473578156.1229
335.4543 34179519559.2853
335.5655 124613598.3220
335.6767 34241994412.1461
335.7879 34240682088.7525
335.8990 136751731.7999
336.0102 34004000100.0262
336.1214 34374576600.0349
336.2326 133498496.8687
336.3438 34437437873.6006
336.4550 34155985801.6332
336.5662 133702223.0793
336.6774 34368809700.6026
336.7885 34435090768.4542
336.8997 130210456.4276
337.0109 33970929832.1228
337.1221 34534898824.3091
337.2333 140082244.0755
337.3445 34464909819.5546
337.4557 34135010882.9621
337.5669 139446427.4286
337.6781 34447396338.9412
337.7892 34055477213.3267
337.9004 132361036.4143
338.0116 34130679596.1236
338.1228 34377331624.2539
338.2340 137033692.7028
338.3452 34263324280.3464
338.4564 34251096133.9282
338.5676 129836164.9120
338.6787 33914659955.6571
338.7899 34341606545.3935
338.9011 137472609.5487
339.0123 34244553153.9539
339.1235 34127532987.7686
339.2347 130055045.1080
339.3459 34502363166.2076
339.4571 34094478285.4346
339.5682 132997375.2869
339.6794 34304695251.6761
339.7906 34327151656.8010
339.9018 140433834.4087
340.0130 34479224740.7428
340.1242 33911081968.3522
340.2354 143461607.7671
340.3466 33838468582.5517
340.4578 34169007461.0003
340.5689 137830884.1578
340.6801 34348204448.5496
340.7913 33997684423.3488
340.9025 130975317.8120
341.0137 34223267429.1979
341.1249 34209804052.5260
341.2361 139477011.2315
341.3473 34088691543.0669
341.4584 34432828699.2844
341.5696 133059223.2588
341.6808 34063010984.0754
341.7920 34012002664.9736
341.9032 124323703.6810
342.0144 34126630271.8218
342.1256 34228113418.8845
342.2368 121579888.9159
342.3479 34212695756.0450
342.4591 34180986343.3167
342.5703 120211673.2770
342.6815 34256542978.1002
342.7927 33992043024.8147
342.9039 123261572.3786
343.0151 33811147174.9047
343.1263 34189110469.3583
343.2375 136865085.2971
343.3486 34169072695.5091
343.4598 33865791444.9612
343.5710 137097202.7680
343.6822 33850282769.9716
343.7934 34117855987.6094
343.9046 120762382.9592
344.0158 33968983563.3967
344.1270 34054050772.3726
344.2381 130142795.2907
344.3493 34154263464.8483
344.4605 34605529211.7946
344.5717 127036156.0781
344.6829 34261447646.9928
344.7941 34509001279.1948
344.9053 113007916.3346
345.0165 34172502881.8555
345.1277 34359183691.3975
345.2388 123540571.5587
345.3500 34557142654.9723
345.4612 34116331679.2609
345.5724 132950602.1208
345.6836 33706638799.5198
345.7948 34568822122.5426
345.9060 127651232.5019
346.0172 34577603731.8135
346.1283 34380412242.3891
346.2395 122407659.2821
346.3507 34763108433.3559
346.4619 33704769678.3163
346.5731 129731662.2397
346.6843 34192422880.4279
346.7955 34262429833.6675
346.9067 119863847.3808
347.0178 34376246085.9435
347.1290 34661925577.0863
347.2402 109593548.8078
347.3514 34179463033.7936
347.4626 34236544687.1670
347.5738 85610452.4349
347.6850 34729784815.9860
347.7962 33977975380.0508
347.9074 126650719.0648
348.0185 34224750699.5044
348.1297 34841667202.5010
348.2409 89008256.0906
348.3521 34706050858.4999
348.4633 33450528341.9733
348.5745 117154226.0624
348.6857 34225746786.5655
348.7969 34209607425.3245
348.9080 115826733.0440
349.0192 33941413753.3834
349.1304 33656676487.4340
349.2416 116692827.0899
349.3528 33686224712.5462
349.4640 34389721198.4248
349.5752 116694113.8703
349.6864 33563833869.3332
349.7975 33805941381.3986
349.9087 117458790.5330
350.0199 34729577706.3682
350.1311 33840887271.1172
350.2423 112299550.3423
350.3535 33412093702.3639
350.4647 33944633329.3992
350.5759 124912227.4621
350.6871 33989515329.6376
350.7982 34241566787.7216
350.9094 129797001.5686
351.0206 33960829504.4231
351.1318 33530497626.4585
351.2430 126175473.2803
351.3542 33797153036.2719
351.4654 33930517311.2783
351.5766 122001127.6946
351.6877 34153074198.9432
351.7989 34113698484.1509
351.9101 126906187.8200
352.0213 34067384086.6967
352.1325 34079584805.8322
352.2437 127448525.1396
352.3549 33678637684.3811
352.4661 33929655754.9789
352.5772 137890004.0356
352.6884 34186665001.1151
352.7996 33628386231.2540
352.9108 131084773.4469
353.0220 33926811602.5738
353.1332 33969633045.3903
353.2444 136716531.2343
353.3556 34178399331.1041
353.4668 33935308968.7272
353.5779 130229893.8282
353.6891 33880519639.3948
353.8003 34257187478.2260
353.9115 136110578.9103
354.0227 33913107048.4117
354.1339 33829840630.3902
354.2451 140756093.6801
354.3563 34061393138.9451
354.4674 34003985805.3091
354.5786 130422652.7698
354.6898 34054497061.4495
354.8010 34067097480.1905
354.9122 126695778.1979
355.0234 34047851265.8893
355.1346 33906842005.4263
355.2458 127231897.4076
355.3569 33885386017.4664
355.4681 34163222999.5675
355.5793 141387163.3164
355.6905 34058274973.5068
355.8017 34059262473.0286
355.9129 133512058.6141
356.0241 34092587771.5197
356.1353 34076578645.9543
356.2465 136001004.4043
356.3576 33840373495.2954
356.4688 34120500557.8321
356.5800 132377593.3904
356.6912 34365003631.9310
356.8024 33805037335.5293
356.9136 130104859.6580
357.0248 33907678517.0124
357.1360 34028466353.7897
357.2471 125245735.6361
357.3583 34044770263.2241
357.4695 33947544123.8726
357.5807 128714592.1486
357.6919 33940469151.9081
357.8031 34115873214.2289
357.9143 139444737.1055
358.0255 33967488919.7187
358.1367 34021375021.6700
358.2478 132937432.6601
358.3590 34286661851.6062
358.4702 34036892732.1836
358.5814 132539491.6693
358.6926 34040739598.1970
358.8038 33850590561.8275
358.9150 135238689.5913
359.0262 33856965770.7167
359.1373 34221617248.0191
359.2485 133226393.3366
359.3597 34092266968.8947
359.4709 34067088996.9755
359.5821 139790584.2522
359.6933 34058652682.7622
359.8045 34051588103.3641
359.9157 132903537.9933
360.0268 34061060235.7731
360.1380 33842167142.2005
360.2492 137404851.2566
360.3604 33685897185.8319
360.4716 34027318820.4503
360.5828 129864873.6325
360.6940 34015669394.5914
360.8052 34140237487.0815
360.9164 131513123.4132
361.0275 34236658040.2254
361.1387 33669773082.8307
361.2499 138207443.4569
361.3611 33848572699.0458
361.4723 33968959467.1409
361.5835 124636588.0921
361.6947 33913247429.2462
361.8059 34151358419.2759
361.9170 135210501.9223
362.0282 33957436675.4157
362.1394 34055801754.3542
362.2506 139065964.0920
362.3618 33841097211.7691
362.4730 34073410232.6847
362.5842 130934446.9989
362.6954 34125011824.3757
362.8065 33923256912.7868
362.9177 130965169.8093
363.0289 33980199460.5512
363.1401 34033113923.1784
363.2513 130859682.3674
363.3625 33755360253.7957
363.4737 33987823941.0597
363.5849 137460422.9994
363.6961 33932489480.8024
363.8072 34059017762.7377
363.9184 136783352.4207
364.0296 34100169916.6390
364.1408 33753726136.5390
364.2520 137756722.9071
364.3632 34181840279.2183
364.4744 33729508269.9345
364.5856 137108998.2948
364.6967 33807819902.8027
364.8079 33906095840.3365
364.9191 137603686.1706
365.0303 33889043942.0965
365.1415 33966470962.6317
365.2527 141849872.2334
365.3639 33965765197.0607
365.4751 33903851239.3079
365.5862 129590012.7862
365.6974 33895882916.6988
365.8086 33907236767.1628
365.9198 141286676.9268
366.0310 33824758924.0827
366.1422 33924579137.0035
366.2534 138297699.4666
366.3646 33827953538.4078
366.4758 34157940392.3389
366.5869 139421503.6675
366.6981 33985748322.1853
366.8093 33973751913.5541
366.9205 139630189.7238
367.0317 34004912125.1782
367.1429 34135746375.1335
367.2541 134789139.3793
367.3653 33937054035.0828
367.4764 33896521978.6177
367.5876 134512846.0774
367.6988 33928290687.5268
367.8100 33812309836.1740
367.9212 133889820.7119
368.0324 33705791224.0197
368.1436 34140630989.8729
368.2548 136627657.3715
368.3659 33950738773.6201
368.4771 33845587390.8984
368.5883 135161783.6951
368.6995 34001740785.5401
368.8107 33835281201.5566
368.9219 133610838.9502
369.0331 33858895982.3628
369.1443 33879178107.6600
369.2555 133522030.8636
369.3666 33838478313.8147
369.4778 33928534931.5018
369.5890 128160179.6774
369.7002 33758644539.0996
369.8114 34101605025.5516
369.9226 130842161.0777
370.0338 33788026058.2632
370.1450 34016888804.6065
370.2561 139453937.3869
370.3673 33958757204.2188
370.4785 33972679515.6343
370.5897 134772930.2707
370.7009 34000521033.1418
370.8121 33949007743.4264
370.9233 128643187.8695
371.0345 34034543762.9343
371.1456 33805750156.1454
371.2568 135821431.6229
371.3680 33717321111.4021
371.4792 33992340153.9338
371.5904 136583379.2156
371.7016 33914867955.3917
371.8128 33792805847.1302
371.9240 141687662.6551
372.0352 33793081295.9422
372.1463 34133032464.1658
372.2575 131703055.3999
372.3687 33643419105.8468
372.4799 33962713477.2079
372.5911 135790070.1103
372.7023 33817484506.8723
372.8135 34040358934.0476
372.9247 127184312.8624
373.0358 33890461819.7502
373.1470 33945219665.9946
373.2582 129419353.3544
373.3694 33880286923.9303
373.4806 33821676057.4987
373.5918 129424273.0474
373.7030 33954951697.8888
373.8142 33919870671.7360
373.9254 130823657.2484
374.0365 33778510908.3558
374.1477 33849504006.9053
374.2589 133412688.1832
374.3701 34044153188.7773
374.4813 33715020566.1259
374.5925 136278356.1699
374.7037 33656008047.7508
374.8149 33826529835.4686
374.9260 135304969.7932
375.0372 33900720211.4710
375.1484 33815136839.0975
375.2596 134704981.0569
375.3708 33751669090.6699
375.4820 34005630314.1635
375.5932 133118602.7139
375.7044 33768164385.5959
375.8155 33764822393.8781
375.9267 130186531.6124
376.0379 33981525635.1017
376.1491 33739753202.3561
376.2603 138245198.0775
376.3715 34036201825.6868
376.4827 33718912040.7051
376.5939 135270491.9402
376.7051 33805994518.2928
376.8162 33771861117.0807
376.9274 136512921.8884
377.0386 33818132557.3445
377.1498 33892981290.8803
377.2610 135343981.4294
377.3722 33841297354.5783
377.4834 33850310259.5129
377.5946 131538423.2412
377.7057 33847593731.7001
377.8169 33611297438.7653
377.9281 136062218.2852
378.0393 33540213070.9346
378.1505 33820338625.7862
378.2617 132658091.9046
378.3729 33657708282.1152
378.4841 33974380958.5900
378.5952 134770791.1774
378.7064 33894226468.2411
378.8176 33821720757.0076
378.9288 134409206.3063
379.0400 33819955157.1742
379.1512 33856468130.3423
379.2624 133117635.9664
379.3736 33739740020.6765
379.4848 33942726401.1866
379.5959 133352840.2836
379.7071 33780366128.2903
379.8183 33827531469.7498
379.9295 132419610.8176
380.0407 33793984777.2936
380.1519 33793114294.2614
380.2631 139928274.7674
380.3743 33898308197.9435
380.4854 33587239914.7445
380.5966 132388765.6333
380.7078 33604297022.4761
380.8190 33684702333.8013
380.9302 137362868.4559
381.0414 33650537214.1471
381.1526 33725044403.6140
381.2638 131364865.3218
381.3749 33597441348.0547
381.4861 33720562765.7101
381.5973 130291754.9884
381.7085 33745996559.9108
381.8197 33893961093.1511
381.9309 131639263.9578
382.0421 33767971210.7004
382.1533 33784271634.5247
382.2645 126081856.7961
382.3756 33676771194.7457
382.4868 33794023065.0347
382.5980 135397920.2645
382.7092 33790647614.8940
382.8204 33791730290.3228
382.9316 135401762.8941
383.0428 33689812891.4797
383.1540 33690606540.0929
383.2651 135724125.1326
383.3763 33742945568.6688
383.4875 33890401144.9357
383.5987 134076895.7049
383.7099 33684971173.9037
383.8211 33874144418.7361
383.9323 136111656.3991
384.0435 33768781995.0708
384.1546 33745916144.6792
384.2658 135006330.0923
384.3770 33786100073.7674
384.4882 33803353855.9534
384.5994 133651442.4327
384.7106 33660331966.8027
384.8218 33838682019.8173
384.9330 125750261.3593
385.0442 33886166303.4769
385.1553 33761996207.0909
385.2665 136345052.0296
385.3777 33709853975.2321
385.4889 33617028301.5467
385.6001 140550441.5748
385.7113 33652269241.6640
385.8225 33841410303.1909
385.9337 136396644.9973
386.0448 33713068932.5959
386.1560 33709754369.5003
386.2672 132295221.2608
386.3784 33575790286.1771
386.4896 33795586097.5713
386.6008 139005890.7876
386.7120 33673499093.1138
386.8232 33602582158.4825
386.9344 135416288.9295
387.0455 33763433225.5542
387.1567 33731407712.4538
387.2679 147040881.8921
387.3791 33621562740.4477
387.4903 33860679001.8838
387.6015 134438293.8209
387.7127 33635695126.5737
387.8239 33542258888.0545
387.9350 135470049.3926
388.0462 33565948683.5479
388.1574 33952066146.3499
388.2686 136188024.8453
388.3798 33726695224.3741
388.4910 33762806772.7233
388.6022 128721331.8674
388.7134 33642554163.0351
388.8245 33631388535.4526
388.9357 133516123.5372
389.0469 33778032230.2976
389.1581 33663845992.8070
389.2693 142957242.3507
389.3805 33752197622.5463
389.4917 33638791876.3646
389.6029 149933593.7262
389.7141 33621462477.4251
389.8252 33755682153.0728
389.9364 135883283.4023
390.0476 33733621364.4616
390.1588 33737403527.6314
390.2700 148957910.7106
390.3812 33721570960.1872
390.4924 33828436286.4898
390.6036 144440102.6823
390.7147 33649978416.4776
390.8259 33704363979.7814
390.9371 145252925.3986
391.0483 33722378851.4656
391.1595 33555900773.9198
391.2707 147591927.0412
391.3819 33533025896.3423
391.4931 33759898323.6362
391.6042 140896247.5486
391.7154 33647334753.5710
391.8266 33603488389.1674
391.9378 141338657.2265
392.0490 33859273912.5917
392.1602 33615127960.7393
392.2714 153280426.8931
392.3826 33689509395.8938
392.4938 33553735431.5208
392.6049 155288208.7208
392.7161 33547520468.8158
392.8273 33784165384.4069
392.9385 141881551.2305
393.0497 33657402767.9125
393.1609 33571901844.5134
393.2721 148967936.4080
393.3833 33572913620.3787
393.4944 33679198486.7556
393.6056 149988392.0959
393.7168 33583974108.3055
393.8280 33634064861.0531
393.9392 161657573.5734
394.0504 33665396523.8810
394.1616 33611889992.2076
394.2728 150191049.2300
394.3839 33640121009.4072
394.4951 33669100734.8605
394.6063 152077311.4041
394.7175 33665665903.6048
394.8287 33643872318.1842
394.9399 156992853.6879
395.0511 33640877776.3643
395.1623 33562837923.2850
395.2735 160728818.7313
395.3846 33782573133.1861
395.4958 33515290994.9252
395.6070 142776096.5883
395.7182 33494159984.1818
395.8294 33485946353.6667
395.9406 156525402.0507
396.0518 33593781498.1309
396.1630 33541739161.5454
396.2741 170376369.3543
396.3853 33546349605.1028
396.4965 33630937649.9964
396.6077 151351933.4359
396.7189 33580536085.6556
396.8301 33664277288.5554
396.9413 160134678.9064
397.0525 33446079425.9556
397.1636 33632661005.9204
397.2748 166310851.6024
397.3860 33535134177.1388
397.4972 33539100655.1291
397.6084 171294978.9268
397.7196 33587277624.2356
397.8308 33438946462.5169
397.9420 162589984.0903
398.0532 33437911400.5690
398.1643 33624471023.0222
398.2755 158311719.4661
398.3867 33614376395.3650
398.4979 33654596178.6044
398.6091 174365772.8348
398.7203 33617778001.0526
398.8315 33628794872.7611
398.9427 167992781.8384
399.0538 33629905807.7405
399.1650 33651097407.0707
399.2762 174294054.8518
399.3874 33638823645.6554
399.4986 33496508214.9573
399.6098 168164498.6578
399.7210 33586072789.8149
399.8322 33564941848.3294
399.9434 172450832.3222
400.0545 33444418728.2965
400.1657 33575440056.1550
400.2769 184129480.6888
400.3881 33570332232.0529
400.4993 33571839091.5108
400.6105 189330641.0427
400.7217 33555092277.7899
400.8329 33538061516.1634
400.9440 183548292.8172
401.0552 33637226010.7769
401.1664 33495852365.9505
401.2776 190743207.2912
401.3888 33591161518.5699
401.5000 33535849063.2241
401.6112 197681795.9678
401.7224 33521628967.7488
401.8335 33602114457.9603
401.9447 188180175.3023
402.0559 33525680506.1363
402.1671 33631165352.8169
402.2783 194260121.1458
402.3895 33718927369.3800
402.5007 33372421761.3705
402.6119 198582281.7536
402.7231 33565156190.6797
402.8342 33583824401.5533
402.9454 190668821.9204
403.0566 33600823149.7973
403.1678 33538824218.7585
403.2790 183636076.9614
403.3902 33493721622.9319
403.5014 33585886176.2325
403.6126 205567207.2972
403.7237 33719545552.6675
403.8349 33417022139.0563
403.9461 196200616.9658
404.0573 33483185069.4514
404.1685 33401929002.9808
404.2797 211356897.3737
404.3909 33564724901.7778
404.5021 33492940644.0535
404.6132 202332496.4252
404.7244 33447675502.8693
404.8356 33653513426.7875
404.9468 190411303.0830
405.0580 33689051539.0861
405.1692 33580087260.8756
405.2804 211521331.9979
405.3916 33335542901.0073
405.5028 33521658248.0505
405.6139 200629848.2534
405.7251 33439791994.4768
405.8363 33604164941.0652
405.9475 191863329.3805
406.0587 33529403636.4530
406.1699 33532842312.0180
406.2811 217235075.6885
406.3923 33501061844.7926
406.5034 33608474672.1029
406.6146 209275597.2722
406.7258 33595900837.7764
406.8370 33581201985.5916
406.9482 212841292.8161
407.0594 33643063871.8359
407.1706 33521512466.5778
407.2818 221035079.9028
407.3929 33612809395.2949
407.5041 33575847377.4366
407.6153 215180099.1406
407.7265 33553381276.8927
407.8377 33471389685.0455
407.9489 213893119.7337
408.0601 33570641337.5819
408.1713 33342425703.9970
408.2825 236002110.6859
408.3936 33472434524.1346
408.5048 33578605039.8876
408.6160 217281985.1704
408.7272 33533520455.0835
408.8384 33271994069.4181
408.9496 227594687.1828
409.0608 33398717742.2884
409.1720 33429985611.8186
409.2831 241357506.7756
409.3943 33365415490.5972
409.5055 33452173968.9387
409.6167 245496982.8848
409.7279 33488576757.4121
409.8391 33451672025.6804
409.9503 246879002.6975
410.0615 33401314778.5529
410.1726 33534116250.4026
410.2838 250444500.0341
410.3950 33665351709.7469
410.5062 33316088686.9750
410.6174 244396128.2986
410.7286 33538162649.3992
410.8398 33346316102.0308
410.9510 248022654.4615
411.0622 33484998094.2005
411.1733 33521837165.0038
411.2845 263561118.4364
411.3957 33247706691.5667
411.5069 33476942850.6191
411.6181 263723564.6838
411.7293 33328591212.6593
411.8405 33420184267.4260
411.9517 268868152.6570
412.0628 33665590232.6722
412.1740 33228090753.5794
412.2852 267326869.3657
412.3964 33400450903.1546
412.5076 33338179133.7524
412.6188 268703549.4817
412.7300 33401535057.8326
412.8412 33351072659.8186
412.9523 262558578.7402
413.0635 33264473508.0339
413.1747 33423117319.4742
413.2859 263134576.3470
413.3971 33344026433.4086
413.5083 33552518652.1292
413.6195 280766127.4801
413.7307 33460582334.9465
413.8419 33618863029.6123
413.9530 273753634.7685
414.0642 33468569109.8040
414.1754 33304811673.8548
414.2866 286603652.1880
414.3978 33538792384.8740
414.5090 33268326913.9523
414.6202 284390342.4351
414.7314 33330282955.0825
414.8425 33347196739.7664
414.9537 295920243.2970
415.0649 33290918354.7050
415.1761 33481157350.6513
415.2873 317946213.3577
415.3985 33410663890.2665
415.5097 33331944313.5898
415.6209 304891678.2942
415.7321 33291382869.2406
415.8432 33385917338.9333
415.9544 311265531.0624
416.0656 33139690939.1385
416.1768 33296745957.1930
416.2880 320121377.3335
416.3992 33353248164.5234
416.5104 33259678589.3032
416.6216 300867249.4545
416.7327 33364892905.5448
416.8439 33381008822.8773
416.9551 329182473.7601
417.0663 33506436935.1740
417.1775 33548999500.3026
417.2887 319183817.0829
417.3999 33474637243.0755
417.5111 33482390920.3156
417.6222 329085968.4839
417.7334 33521803747.4147
417.8446 33429856934.1669
417.9558 326366209.9620
418.0670 33377281360.0671
418.1782 33377224057.2999
418.2894 343413820.2337
418.4006 33342246452.9614
418.5118 33243045593.5449
418.6229 349221764.9013
418.7341 33487924472.5039
418.8453 33357139736.9100
418.9565 338989482.9197
419.0677 33461119688.9048
419.1789 33181615273.9624
419.2901 361758033.8858
419.4013 33225478266.3323
419.5124 33426603501.1123
419.6236 369497504.9794
419.7348 33354425492.6258
419.8460 33347789446.0225
419.9572 332613315.8878
420.0684 33284349419.9138
420.1796 33328529711.3745
420.2908 387410202.2862
420.4019 33253572833.7509
420.5131 33413137174.2771
420.6243 387666440.7178
420.7355 33261860494.4714
420.8467 33393305302.4360
420.9579 378902217.1999
421.0691 33576064392.8208
421.1803 33248611686.5267
421.2915 395413198.8189
421.4026 33248279010.1382
421.5138 33478802233.9907
421.6250 386042254.5593
421.7362 33381292509.8463
421.8474 33352768918.1275
421.9586 409304084.1212
422.0698 33154884283.5315
422.1810 33434404581.4816
422.2921 406410564.5220
422.4033 33474157167.0877
422.5145 33226719768.6301
422.6257 418160823.9327
422.7369 33168539589.8617
422.8481 33603143203.4868
422.9593 395432943.2302
423.0705 33299170382.9000
423.1816 33407255808.1888
423.2928 456637655.0970
423.4040 33258701585.4837
423.5152 33361975131.9946
423.6264 442626194.9514
423.7376 33390951789.5596
423.8488 33400942223.3667
423.9600 465569878.1942
424.0712 33315994730.2240
424.1823 33374581899.8881
424.2935 467250841.1191
424.4047 33369079047.2941
424.5159 33180696656.5351
424.6271 488065132.9122
424.7383 33243700857.9296
424.8495 33115825829.9801
424.9607 441838179.3603
425.0718 33011646354.5080
425.1830 33419233452.0994
425.2942 486203516.3405
425.4054 33269574624.9777
425.5166 33257409081.0977
425.6278 473682575.6975
425.7390 33254460561.7891
425.8502 33537571163.1420
425.9613 493219114.9555
426.0725 33284697593.8203
426.1837 33505511149.4385
426.2949 495943325.3285
426.4061 33400396958.4439
426.5173 33145713863.9778
426.6285 548315613.3050
426.7397 33520374604.6446
426.8509 33237850949.0812
426.9620 519087004.1228
427.0732 33229181877.8356
427.1844 33356901926.8994
427.2956 524696140.7786
427.4068 33519056435.5436
427.5180 33172523811.0645
427.6292 497046228.7567
427.7404 33194628599.9545
427.8515 33323679506.0525
427.9627 535613416.4116
428.0739 33343149107.1730
428.1851 32934045375.3074
428.2963 560214478.2699
428.4075 33163003287.5791
428.5187 33186387275.0617
428.6299 592580097.1184
428.7411 33207695540.0594
428.8522 33322403730.2243
428.9634 560065534.5077
429.0746 33218709061.4860
429.1858 33334377573.2315
429.2970 624000359.2993
429.4082 33339724146.5485
429.5194 33201372575.5081
429.6306 593504970.8398
429.7417 33337945666.5542
429.8529 33175010237.9579
429.9641 614477578.3309
430.0753 33193405116.7689
430.1865 33445850150.1079
430.2977 616314479.9067
430.4089 33351741591.0878
430.5201 32988240529.2896
430.6312 604961790.1996
430.7424 33355545290.9234
430.8536 33079758375.2338
430.9648 653521237.1977
431.0760 33220205634.9506
431.1872 33289306389.0413
431.2984 625942385.8141
431.4096 33192736223.9012
431.5208 33376979470.2254
431.6319 665845753.8940
431.7431 33190522434.9774
431.8543 33212493885.6157
431.9655 678115368.6739
432.0767 33346151143.1829
432.1879 33203722315.2727
432.2991 664497822.9462
432.4103 33097014847.2268
432.5214 33065347376.2056
432.6326 707267928.5002
432.7438 33328612612.5433
432.8550 33345899878.7792
432.9662 742296815.1157
433.0774 33419594569.2839
433.1886 32973987567.8095
433.2998 748642829.0320
433.4109 33079214959.1435
433.5221 33182181260.4026
433.6333 730089556.0029
433.7445 33311984732.5152
433.8557 33396049116.8824
433.9669 794387993.3519
434.0781 32925228226.2406
434.1893 33298634264.9950
434.3005 812554047.5591
434.4116 33462291015.8323
434.5228 32982247374.6590
434.6340 854764094.5505
434.7452 32963926574.6587
434.8564 33144857359.8271
434.9676 839784136.9988
435.0788 33315501708.2638
435.1900 33479445399.6610
435.3011 833157438.5524
435.4123 33102143538.3631
435.5235 33476661619.6950
435.6347 813262330.9981
435.7459 33364775359.0460
435.8571 33109216829.7733
435.9683 826325275.4575
436.0795 32995649060.8989
436.1906 33035649491.8600
436.3018 897515746.3064
436.4130 33144817755.9785
436.5242 33107969386.1474
436.6354 927808366.1001
436.7466 33131349471.1109
436.8578 33201753831.5405
436.9690 904440715.0306
437.0802 33202536470.8245
437.1913 33314901428.9740
437.3025 886372500.0900
437.4137 33463758197.8655
437.5249 32892916018.2937
437.6361 945299631.1392
437.7473 33169748637.7110
437.8585 33386584416.1636
437.9697 915434667.6379
438.0808 33324013837.6380
438.1920 33128510075.6994
438.3032 967114376.6167
438.4144 33321785364.4633
438.5256 32996750454.1754
438.6368 909508669.9651
438.7480 32979065182.8684
438.8592 33440215280.5949
438.9703 940077683.5598
439.0815 33191852485.7270
439.1927 32858960490.9956
439.3039 890252941.2654
439.4151 33016335310.7298
439.5263 33038295885.0962
439.6375 997752347.6475
439.7487 33269380295.6217
439.8599 32772210762.0685
439.9710 997247151.8813
440.0822 32953825359.2233
440.1934 33133763455.9927
440.3046 1033445008.7281
440.4158 32957244491.9900
440.5270 33089711372.1994
440.6382 978955111.8540
440.7494 33282247244.5583
440.8605 33315072777.2472
440.9717 1020654310.3137
441.0829 33453860660.3227
441.1941 32840628181.4790
441.3053 1091913729.1618
441.4165 33247325909.2903
441.5277 33081015545.8187
441.6389 1061248526.3371
441.7500 32878700061.3676
441.8612 33140090143.9167
441.9724 996707170.7982
442.0836 32886243016.9973
442.1948 33422976910.5678
442.3060 1011605890.8966
442.4172 33145957468.4717
442.5284 33172889771.7023
442.6396 1038213159.2863
442.7507 33181092799.9422
442.8619 33175010382.8231
442.9731 1046989688.9670
443.0843 33555729239.2942
443.1955 32832795416.6092
443.3067 1021836597.3238
443.4179 32849047558.2058
443.5291 33308605490.1397
443.6402 971519103.7994
443.7514 33116465868.5732
443.8626 33291757244.7475
443.9738 1019194979.9278
444.0850 33416230133.5861
444.1962 32903737264.5061
444.3074 1032390957.1903
444.4186 33015567087.2902
444.5298 33389499000.8385
444.6409 1016685645.5261
444.7521 32810182104.7999
444.8633 32592144859.7597
444.9745 946533260.0064
445.0857 33014699651.5074
445.1969 33341535457.7324
445.3081 1029101116.8400
445.4193 32800947826.1075
445.5304 33275352123.3607
445.6416 1019730727.2775
445.7528 33240450785.4284
445.8640 32884958206.2553
445.9752 1005955387.7154
446.0864 33047960581.9544
446.1976 32941597130.5761
446.3088 963177900.3959
446.4199 32794029495.8420
446.5311 32896853271.3145
446.6423 991119057.8141
446.7535 33521477436.5931
446.8647 32735285901.0215
446.9759 941403827.4602
447.0871 32989101562.2504
447.1983 32496803183.1238
447.3095 908933546.6976
447.4206 33407956092.9327
447.5318 33089949841.8453
447.6430 889787108.9613
447.7542 32633733556.2276
447.8654 32764916088.3186
447.9766 956648097.3104
448.0878 32241064476.6509
448.1990 33825622612.6388
448.3101 927675023.5478
448.4213 33131572432.3749
448.5325 32809688937.2271
448.6437 918253637.4234
448.7549 32735177945.9497
448.8661 33054169941.9996
448.9773 923859564.9059
449.0885 32793748821.6805
449.1996 32792668115.2213
449.3108 867389780.9676
449.4220 32504290665.7458
449.5332 32820071643.2064
449.6444 820866956.4191
449.7556 32842866100.8237
449.8668 32853019769.9064
449.9780 832663570.0442
450.0892 33026190935.5290
450.2003 33482487718.0269
450.3115 826023457.9660
450.4227 33665390589.2269
450.5339 33293110433.4806
450.6451 852483764.0964
450.7563 33017067180.6562
450.8675 33103959508.7231
450.9787 796736494.6744
451.0898 32864228263.7563
451.2010 33357401707.7202
451.3122 790258896.5853
451.4234 32755364172.2541
451.5346 32863805800.4173
451.6458 755717165.2681
451.7570 33453884754.5668
451.8682 32656207716.9912
451.9793 608128374.9066
452.0905 32944849343.4563
452.2017 32085885098.5787
452.3129 769943567.9051
452.4241 32402514894.0522
452.5353 33799623339.6344
452.6465 690940167.5614
452.7577 32057308164.3794
452.8689 32805556048.2525
452.9800 696421881.7717
453.0912 33118139520.8004
453.2024 33393011920.2060
453.3136 699115437.6132
453.4248 33967341911.0325
453.5360 32616566821.6625
453.6472 747622019.1496
453.7584 33086329849.7757
453.8695 33005102049.8490
453.9807 646309978.4369
454.0919 32454122512.5170
454.2031 33811133790.7858
454.3143 392943212.3654
454.4255 32042790735.9434
454.5367 33842097350.9244
454.6479 460266448.9355
454.7590 33079077541.3626
454.8702 33009080187.8997
454.9814 663387145.8830
455.0926 32655343828.3403
455.2038 33105811010.2870
455.3150 457605443.9426
455.4262 33323640970.2621
455.5374 33453904583.1898
455.6486 537624216.4897
455.7597 33612870269.8931
455.8709 32652587688.4179
455.9821 556804519.6170
456.0933 33241962917.5062
456.2045 31059774697.1548
456.3157 472319589.3278
456.4269 31426782277.4982
456.5381 33260285160.6604
456.6492 235349986.0491
456.7604 29819015803.6401
456.8716 34786873211.5252
456.9828 443531111.7789
457.0940 33144189197.2602
457.2052 31384623003.6745
457.3164 175157176.6063
457.4276 31141389918.0996
457.5388 34506498744.0765
457.6499 450279307.5920
457.7611 32574000440.8128
457.8723 32398111352.4270
457.9835 339061207.5268
458.0947 32188032972.1723
458.2059 33027019731.3104
458.3171 163283824.6576
458.4283 32043355215.3303
458.5394 32961041653.4588
458.6506 111863101.4094
458.7618 32236578485.6878
458.8730 33398061367.5023
458.9842 451065883.6631
459.0954 32171059395.4491
459.2066 32313569190.5295
459.3178 361292124.3053
459.4289 32033173802.2216
459.5401 34788518111.4926
459.6513 248272697.9289
459.7625 33609822674.0942
459.8737 32045809004.9152
459.9849 130670079.5816
460.0961 34798925947.3555
460.2073 31598346726.4565
460.3185 337490129.7589
460.4296 32147565962.0239
460.5408 32689663778.0151
460.6520 295220960.1732
460.7632 32174318334.8647
460.8744 32159253312.2931
460.9856 246960177.8581
461.0968 33510348771.2750
461.2080 33256051810.5517
461.3191 388960897.9757
461.4303 33707254983.6346
461.5415 30503654265.2795
461.6527 306931935.9079
461.7639 32238177878.1855
461.8751 32457429339.7820
461.9863 420765134.6980
462.0975 32213248777.8376
462.2086 32313822339.1764
462.3198 457245119.0946
462.4310 31596206173.0371
462.5422 33637286138.4716
462.6534 272450809.1762
462.7646 32965815698.9014
462.8758 32786516066.7885
462.9870 265129321.5193
463.0982 32638527853.1859
463.2093 32973383810.1300
463.3205 303945397.0426
463.4317 33727703037.0854
463.5429 32051165575.2223
463.6541 351525222.1260
463.7653 32536210892.7396
463.8765 32510746644.5327
463.9877 111100875.0799
464.0988 32934401996.1591
464.2100 33942811380.2301
464.3212 401991543.4000
464.4324 34515640512.3293
464.5436 33059878846.8546
464.6548 271271339.9838
464.7660 32206358598.0292
464.8772 33200884916.3874
464.9883 238867866.7730
465.0995 33400228669.1755
465.2107 32777673341.8768
465.3219 320889643.5645
465.4331 32799653991.7970
465.5443 31940932720.8787
465.6555 294211617.5595
465.7667 33249101834.4888
465.8779 32213109790.9046
465.9890 245546330.7190
466.1002 32446312041.1509
466.2114 31780128708.0618
466.3226 283652093.4672
466.4338 32546894740.9995
466.5450 33546675407.1900
466.6562 311699418.3010
466.7674 31823514449.7776
466.8785 33083602469.7469
466.9897 343867242.2751
467.1009 33307278984.5202
467.2121 32047363675.2976
467.3233 328430360.3549
467.4345 32427024045.6974
467.5457 32620836123.6072
467.6569 272413058.4352
467.7680 32826150565.2892
467.8792 33028616588.8656
467.9904 321027331.3410
468.1016 33494556714.0355
468.2128 32517377635.2962
468.3240 285372015.7464
468.4352 32440393225.0344
468.5464 32750704579.3430
468.6576 290716299.2264
468.7687 32234607012.8954
468.8799 32982538942.4219
468.9911 278752724.8252
469.1023 31751842791.9777
469.2135 33022473847.0274
469.3247 230425350.7493
469.4359 32693945735.1410
469.5471 32947720598.7487
469.6582 289548399.1290
469.7694 33364283848.6951
469.8806 32383954731.7930
469.9918 269828032.9885
470.1030 32169318644.0730
470.2142 32815718504.6634
470.3254 267688558.2617
470.4366 33148226955.7797
470.5478 32821785633.6232
470.6589 293521045.0839
470.7701 32642030824.4584
470.8813 32867136558.1142
470.9925 275795071.3728
471.1037 32839226308.3223
471.2149 33645107053.2101
471.3261 255343933.7699
471.4373 32964615303.8574
471.5484 33550205252.4255
471.6596 267144302.0093
471.7708 33303818868.7874
471.8820 32152778994.0535
471.9932 269634406.4186
472.1044 32705700288.2590
472.2156 32889599623.2651
472.3268 271412710.9805
472.4379 33006294413.4140
472.5491 32515797949.5056
472.6603 229092751.4603
472.7715 33019248536.4706
472.8827 32338879821.3555
472.9939 230451022.4011
473.1051 32618908961.7544
473.2163 32835014317.1644
473.3275 248786043.3737
473.4386 32734044391.6382
473.5498 32317885378.7933
473.6610 231753474.8951
473.7722 32638236528.4456
473.8834 32685838931.1604
473.9946 228164930.0261
474.1058 32974905874.4371
474.2170 33150581259.9689
474.3281 248561741.7756
474.4393 32882869615.6398
474.5505 32884059556.7857
474.6617 220774120.1916
474.7729 32830598454.2202
474.8841 32844663191.1182
474.9953 225336438.0034
475.1065 33176197406.7798
475.2176 33036741585.0765
475.3288 229179688.6911
475.4400 33136490204.6752
475.5512 32556402335.6084
475.6624 204039659.2769
475.7736 32814831729.5887
475.8848 32788527322.7394
475.9960 208783872.0510
476.1072 32678499123.9330
476.2183 32586671309.8814
476.3295 200611865.1483
476.4407 32758007020.0114
476.5519 32788867718.6602
476.6631 199677558.4609
476.7743 32507060599.2332
476.8855 32186326831.6505
476.9967 202771957.4661
477.1078 32406029321.4230
477.2190 32570744853.4458
477.3302 207450522.7976
477.4414 32956907865.2475
477.5526 32844165011.1877
477.6638 190707060.7309
477.7750 32572114772.9275
477.8862 33076930864.9213
477.9973 193338075.7783
478.1085 32551664713.7644
478.2197 32655075925.8827
478.3309 173010389.5703
478.4421 32853890862.0718
478.5533 32452949369.9095
478.6645 187110484.5691
478.7757 33070045758.8209
478.8869 32813217411.4754
478.9980 201098278.2608
479.1092 32672398571.2518
479.2204 32734671913.3692
479.3316 185721748.4294
479.4428 32646712053.6956
479.5540 32850172174.6606
479.6652 191159944.9992
479.7764 33139056304.9865
479.8875 32530997490.5972
479.9987 182016891.3195
480.1099 32995165709.8561
480.2211 32532646112.5606
480.3323 181853917.7044
480.4435 32832095531.4778
480.5547 32631940254.4880
480.6659 175620393.4493
480.7770 32533924441.6972
480.8882 32580697194.5609
480.9994 174243171.9752
481.1106 32460982879.5359
481.2218 32999649107.3496
481.3330 171897240.2112
481.4442 32721870961.9615
481.5554 32877852739.0648
481.6666 163175750.3122
481.7777 32510004150.4828
481.8889 32707245800.7236
482.0001 140919217.7915
482.1113 32625548205.1021
482.2225 32573927189.5311
482.3337 159373850.2028
482.4449 32437306304.3559
482.5561 32835263288.1776
482.6672 171364920.2715
482.7784 32898310106.6834
482.8896 32935579473.9417
483.0008 155437343.2964
483.1120 32746884672.9773
483.2232 32723693769.6460
483.3344 155360647.8675
483.4456 32934793115.3520
483.5567 32689857717.5631
483.6679 155406609.5350
483.7791 32749718099.4664
483.8903 32747516644.4938
484.0015 152431059.3499
484.1127 32766189358.6404
484.2239 32565501159.5062
484.3351 159491087.2442
484.4463 32720491522.6810
484.5574 32416960395.0099
484.6686 153924340.7092
484.7798 32739243816.3543
484.8910 32663181095.7713
485.0022 146198442.6075
485.1134 32654341013.9237
485.2246 32906784012.5053
485.3358 141173044.5055
485.4469 32782152360.3120
485.5581 32704916662.0104
485.6693 145191296.4065
485.7805 32658992167.8093
485.8917 32693826929.7660
486.0029 142001963.5935
486.1141 33101082343.0158
486.2253 32276862486.2905
486.3365 137611027.1656
486.4476 32627552819.8373
486.5588 32790685267.1927
486.6700 144527433.4822
486.7812 32746825475.4505
486.8924 32726432251.2593
487.0036 127840267.8708
487.1148 32933323204.2394
487.2260 32190931706.2652
487.3371 129296472.2741
487.4483 32411513937.6563
487.5595 32644675740.2048
487.6707 126569653.6382
487.7819 32748205584.7212
487.8931 32669334379.5176
488.0043 122002639.1489
488.1155 32742017688.1992
488.2266 32553291617.7521
488.3378 127662309.1018
488.4490 32621110964.3207
488.5602 32598155579.2804
488.6714 117573933.3668
488.7826 32561149013.4603
488.8938 32412585856.5058
489.0050 126661164.7544
489.1162 32393568495.1861
489.2273 32422070613.9545
489.3385 133407192.6467
489.4497 32219060100.7151
489.5609 32763060075.7566
489.6721 133944171.1702
489.7833 32457439433.4133
489.8945 32939339158.1579
490.0057 124734348.7535
490.1168 32629209260.6257
490.2280 32645145560.1291
490.3392 103960922.7747
490.4504 32903749553.8387
490.5616 33078896294.7775
490.6728 118582943.1277
490.7840 33145071852.1645
490.8952 32189131382.6203
491.0063 127804347.0802
491.1175 32490611472.3890
491.2287 32600280690.0011
491.3399 126520874.2577
491.4511 32710261238.9153
491.5623 31771790530.4973
491.6735 94387191.0683
491.7847 32560081173.0204
491.8959 32745470020.0230
492.0070 125924134.8951
492.1182 32605134961.7062
492.2294 32562390583.8385
492.3406 105796632.8189
492.4518 32828107625.8499
492.5630 32715023177.9405
492.6742 132245610.2093
492.7854 32917410999.7588
492.8965 32332901655.7349
493.0077 109281698.8037
493.1189 32415664623.7745
493.2301 32333245836.2563
493.3413 105107954.1367
493.4525 32844565829.5406
493.5637 32163510786.6047
493.6749 111299601.2275
493.7860 31488058888.1193
493.8972 32935614611.8925
494.0084 103210169.2283
494.1196 32768365728.6805
494.2308 32376061959.4530
494.3420 115285633.4360
494.4532 32486495807.7161
494.5644 32001440820.0475
494.6756 108784268.4597
494.7867 32427212815.1198
494.8979 33338553458.9069
495.0091 105290794.8231
495.1203 32232843844.9632
495.2315 32802580298.9762
495.3427 120366838.8788
495.4539 32697733211.9953
495.5651 33179854419.5492
495.6762 70563357.2955
495.7874 32504484903.4545
495.8986 32219728326.5620
496.0098 107446159.3643
496.1210 32736123823.3741
496.2322 32310970999.6306
496.3434 121105567.1068
496.4546 32477110926.3114
496.5657 32217530725.2520
496.6769 122161884.1667
496.7881 31839954577.8733
496.8993 32824697586.5574
497.0105 115001671.3318
497.1217 32583165999.1678
497.2329 32484335760.1474
497.3441 96734440.5768
497.4553 32561690706.0548
497.5664 32713981861.3336
497.6776 125253731.1726
497.7888 32421056813.0781
497.9000 32534980891.7065
498.0112 107539171.8408
498.1224 33012992461.9311
498.2336 32445647007.8364
498.3448 122628717.4458
498.4559 32240587205.2946
498.5671 32763929695.8668
498.6783 115617129.4727
498.7895 32994921145.4424
498.9007 32396674838.9716
499.0119 130925719.3984
499.1231 32808633809.1240
499.2343 32046387005.1158
499.3455 121845737.7712
499.4566 32213200488.3439
499.5678 32778624155.0475
499.6790 98688871.6613
499.7902 32707819293.7166
499.9014 32459652471.5244
500.0126 110495970.1164
500.1238 32677613565.2294
500.2350 32714040261.8741
500.3461 118186994.0317
500.4573 32820933028.6802
500.5685 32198346671.8617
500.6797 107823250.1644
500.7909 32192018962.6791
500.9021 32547608689.7357
501.0133 108404455.0404
501.1245 32195535849.3017
501.2356 33110362426.6532
501.3468 97990095.5980
501.4580 32721183495.1846
501.5692 32032632179.0013
501.6804 125004331.8931
501.7916 32512460750.5951
501.9028 32570499573.7470
502.0140 124828352.6364
502.1252 32704177343.8524
502.2363 31918371954.0039
502.3475 124032222.9866
502.4587 32201643264.5769
502.5699 32470424785.3202
502.6811 126267040.3218
502.7923 32440974799.3361
502.9035 32598489985.9495
503.0147 121174477.0233
503.1258 32875210967.2797
503.2370 32589267134.9627
503.3482 116605289.5948
503.4594 32529523574.2838
503.5706 32608319779.1616
503.6818 123436213.0876
503.7930 32534186725.4050
503.9042 32042199583.0411
504.0153 127130533.1874
504.1265 32499863297.9862
504.2377 32239035523.5288
504.3489 132141317.2511
504.4601 32277449409.7502
504.5713 32693591559.4158
504.6825 130557033.0809
504.7937 32716257187.5860
504.9049 32447325774.8288
505.0160 125861410.5341
505.1272 32568572293.6337
505.2384 32154178329.3387
505.3496 131224026.1287
505.4608 32093168379.5491
505.5720 32547527973.5991
505.6832 115549471.9245
505.7944 32437648054.3620
505.9055 32313760975.3082
506.0167 126891256.0779
506.1279 32657129703.9196
506.2391 32649856258.0796
506.3503 123618065.9602
506.4615 32670732663.4126
506.5727 32295073564.6322
506.6839 123526764.3023
506.7950 32740111665.6476
506.9062 31829998160.6182
507.0174 123545860.7611
507.1286 32060303989.1640
507.2398 32484533114.1110
507.3510 123164572.9743
507.4622 32482188660.5183
507.5734 32524460655.2182
507.6846 131129597.2880
507.7957 32232897722.0585
507.9069 32743311660.1022
508.0181 126720932.8422
508.1293 32511406582.0235
508.2405 32501366717.1593
508.3517 128780340.2758
508.4629 32488839718.8683
508.5741 32494907304.6809
508.6852 125812513.0263
508.7964 32510083108.3282
508.9076 32312379973.4178
509.0188 125652060.6554
509.1300 32747980010.7128
509.2412 32469267216.7765
509.3524 122742618.0689
509.4636 32645127772.5708
509.5747 31954465024.3252
509.6859 126527810.4761
509.7971 32107869287.4164
509.9083 32519699756.7773
510.0195 118354189.0986
510.1307 32447830438.2518
510.2419 32017788125.2353
510.3531 123320299.7855
510.4643 32309256378.6701
510.5754 32456671976.3842
510.6866 129549899.6317
510.7978 32358221354.4044
510.9090 32296157366.6455
511.0202 119023400.8076
511.1314 32348687215.3729
511.2426 32529097914.1602
511.3538 129198965.3756
511.4649 32690901056.5218
511.5761 32579931600.1038
511.6873 126874595.5535
511.7985 32692411718.0913
511.9097 32458871217.2342
512.0209 123828558.6924
512.1321 32478787495.8347
512.2433 32115877045.9325
512.3545 128617812.9844
512.4656 32287728378.1059
512.5768 32280740051.0746
512.6880 120078376.1439
512.7992 32316331532.4038
512.9104 32387146342.8899
513.0216 126742615.4715
513.1328 32851930708.7624
513.2440 32074158781.1201
513.3551 126265345.6187
513.4663 32157194267.8663
513.5775 32261669177.8235
513.6887 130004425.3627
513.7999 32509282724.7379
513.9111 32045472806.9983
514.0223 124809233.9777
514.1335 32023444912.4869
514.2446 32347695978.7135
514.3558 121962369.5589
514.4670 32219610913.2845
514.5782 32041769281.1636
514.6894 115300172.5130
514.8006 32445699876.1686
514.9118 32518336393.2051
515.0230 117737654.7611
515.1342 32258874549.8981
515.2453 32604310280.0200
515.3565 125443620.3654
515.4677 32673207440.0294
515.5789 32220433301.8549
515.6901 113720386.2095
515.8013 32398309951.2734
515.9125 32149687237.2260
516.0237 120039554.2512
516.1348 32312262497.1453
516.2460 32310902985.2021
516.3572 124385297.4285
516.4684 32177116389.7604
516.5796 32332097758.9658
516.6908 125475198.0841
516.8020 32243962399.1401
516.9132 32483720053.1425
517.0243 127271491.9399
517.1355 32457686070.2773
517.2467 32145927774.3463
517.3579 122692857.4791
517.4691 32218929629.8989
517.5803 32193713246.0815
517.6915 129568679.7910
517.8027 32144525568.5413
517.9139 32526511536.0290
518.0250 117611361.9946
518.1362 32573702071.3817
518.2474 32120344059.1263
518.3586 130614278.3896
518.4698 32137255421.2188
518.5810 32419145120.6156
518.6922 124551087.8558
518.8034 32636424395.4686
518.9145 32234306798.6221
519.0257 128595822.9303
519.1369 32267472727.0500
519.2481 32720295575.7923
519.3593 122184907.0932
519.4705 32483805588.2577
519.5817 32471340037.2038
519.6929 108686151.1198
519.8040 32300282555.2190
519.9152 32226177492.9085
520.0264 115472087.6327
520.1376 31945980395.0579
520.2488 32223883872.7240
520.3600 101877678.1956
520.4712 32586793321.6113
520.5824 32371806861.8097
520.6936 122206318.5095
520.8047 32203134328.7573
520.9159 32193742722.8141
521.0271 117996720.5041
521.1383 32610247956.8946
521.2495 32464605655.7797
521.3607 124884818.1905
521.4719 32420483704.7209
521.5831 32211184572.9992
521.6942 117228661.0109
521.8054 32350371302.6811
521.9166 32328173728.5314
522.0278 113239949.3111
522.1390 32694883635.0296
522.2502 32264612793.3233
522.3614 119567388.7501
522.4726 32036197832.1922
522.5837 32375943730.0280
522.6949 118431221.5471
522.8061 32385975777.9672
522.9173 31912660729.4932
523.0285 124542393.8744
523.1397 32541600040.9792
523.2509 31952919335.7772
523.3621 120824417.3732
523.4733 32444390816.6647
523.5844 31881029692.6278
523.6956 112735571.1033
523.8068 32136869670.3821
523.9180 32523914901.9356
524.0292 124446494.3147
524.1404 32197703190.9259
524.2516 32092595588.5459
524.3628 114439852.8171
524.4739 32125595598.3589
524.5851 32167249224.6057
524.6963 116563532.6808
524.8075 32345585155.7420
524.9187 32275366017.4893
525.0299 119336560.7106
525.1411 31885543369.1478
525.2523 32287258850.3207
525.3634 115038908.0731
525.4746 31969345209.3783
525.5858 32336711368.3100
525.6970 113405075.8053
525.8082 31816600944.6087
525.9194 31774849382.1238
526.0306 115140716.1627
526.1418 32153426154.6424
526.2530 32072462193.2937
526.3641 126420035.7302
526.4753 32008192201.6798
526.5865 32590395622.5292
526.6977 122537877.6754
526.8089 32131678478.8366
526.9201 32212972503.1055
527.0313 112902788.3815
527.1425 31989786968.0761
527.2536 32376338701.9842
527.3648 116314631.7859
527.4760 32449674250.8991
527.5872 32202504878.2788
527.6984 69398996.6250
527.8096 32609472284.7437
527.9208 32409200720.2428
528.0320 121349074.9119
528.1432 32352407865.0327
528.2543 32205769092.9218
528.3655 115526528.3443
528.4767 32155498003.5043
528.5879 32232011955.1056
528.6991 112401180.9665
528.8103 32173529934.8641
528.9215 32258138341.9047
529.0327 114247271.5665
529.1438 32107464753.6944
529.2550 32489681057.5524
529.3662 103322709.9114
529.4774 31748168681.1018
529.5886 32470500335.9506
529.6998 101275709.1539
529.8110 32351392991.0862
529.9222 32246648957.8187
530.0333 96269762.2112
530.1445 31753474595.5260
530.2557 32164583734.9459
530.3669 58370217.7448
530.4781 32279883283.3323
530.5893 32560814148.8530
530.7005 122441108.9223
530.8117 32031552213.6301
530.9229 32517386741.2102
531.0340 122557748.5054
531.1452 32200365105.1469
531.2564 31924178816.5217
531.3676 121332448.3148
531.4788 31919697285.9357
531.5900 32344489775.8512
531.7012 120551462.5373
531.8124 32252739815.0891
531.9235 32315341245.0769
532.0347 118665722.0366
532.1459 32024211776.4418
532.2571 32299661654.9121
532.3683 116254715.9420
532.4795 31716517431.0154
532.5907 32236695897.7022
532.7019 108189281.5643
532.8130 32147440556.5791
532.9242 32245220262.2625
533.0354 105488107.4254
533.1466 32096404043.1237
533.2578 32554175962.4425
533.3690 121933339.0166
533.4802 32288354581.0684
533.5914 32558721689.5223
533.7026 117192423.1883
533.8137 32323921490.8878
533.9249 32323591103.0626
534.0361 110329301.5806
534.1473 32643681561.4434
534.2585 31853675704.4989
534.3697 111176699.0807
534.4809 32261980996.9834
534.5921 32018689975.9295
534.7032 110345835.1379
534.8144 31832763913.9911
534.9256 32357002679.3780
535.0368 104131649.1916
535.1480 32028940983.6186
535.2592 31991286130.9074
535.3704 102648410.9790
535.4816 32367427848.1997
535.5927 32230015732.5326
535.7039 118355915.0463
535.8151 32422726710.4121
535.9263 32054279023.7693
536.0375 117136493.1725
536.1487 31975413178.7713
536.2599 32381852528.7611
536.3711 105861928.4063
536.4823 32045766250.4146
536.5934 32093772794.6952
536.7046 116419294.8784
536.8158 32293209766.2851
536.9270 31970870444.7283
537.0382 116446940.5796
537.1494 32544713007.3039
537.2606 32344853181.1179
537.3718 107354656.7683
537.4829 31859870213.4345
537.5941 31802525516.6174
537.7053 110542736.4545
537.8165 32106823879.0430
537.9277 31835930171.7179
538.0389 117270668.4775
538.1501 32327817600.4340
538.2613 31503856438.0056
538.3724 121704552.3277
538.4836 31619299779.9911
538.5948 32200057775.3093
538.7060 123566757.3236
538.8172 31918449877.8307
538.9284 32696633757.6225
539.0396 118261021.0385
539.1508 32335548062.5888
539.2620 31577420580.4164
539.3731 121310892.5416
539.4843 31954892497.9380
539.5955 32087123230.9625
539.7067 116042005.5149
539.8179 31890649378.9764
539.9291 32248587843.0861
540.0403 120097543.2856
540.1515 32013219043.5083
540.2626 32197407277.5522
540.3738 110544448.5944
540.4850 32363632780.4927
540.5962 32354302389.2434
540.7074 111968397.9715
540.8186 32390602472.7510
540.9298 31740269992.4698
541.0410 108824642.4140
541.1522 31733836640.5385
541.2633 32039624267.7219
541.3745 111091474.3424
541.4857 32161357469.2398
541.5969 32170857021.8190
541.7081 123687844.9215
541.8193 32095168261.3566
541.9305 32151523891.0450
542.0417 116810693.2775
542.1528 32135403558.7172
542.2640 32170294823.0413
542.3752 105375854.0920
542.4864 32017796257.7581
542.5976 32502846325.4483
542.7088 110547663.3743
542.8200 32677332966.3364
542.9312 31899025826.2340
543.0423 122383792.1202
543.1535 32452742287.9675
543.2647 32055533541.9452
543.3759 90228645.6512
543.4871 32343014515.2144
543.5983 31706775698.4693
543.7095 122282569.9953
543.8207 32163379773.8152
543.9319 32067335967.6484
544.0430 123785256.5359
544.1542 32537945388.8051
544.2654 31645415722.2745
544.3766 117225282.7026
544.4878 32233927246.6797
544.5990 31647126702.8980
544.7102 120264407.0772
544.8214 32109394781.9877
544.9325 31934748250.0537
545.0437 91870372.1675
545.1549 31807166338.1028
545.2661 32083953911.7167
545.3773 103536036.9760
545.4885 31914330159.0616
545.5997 31881094195.9036
545.7109 125648087.0329
545.8220 32085080006.5647
545.9332 31835212505.9049
546.0444 121532287.5503
546.1556 31840068066.7651
546.2668 32317457787.4128
546.3780 112309135.1082
546.4892 31895079555.6406
546.6004 31735123960.9540
546.7116 120567673.8950
546.8227 31734520785.8840
546.9339 31946359026.1655
547.0451 111027148.8835
547.1563 32008611185.8736
547.2675 32078333133.4851
547.3787 111148144.7874
547.4899 31933033928.6753
547.6011 31874061476.7037
547.7122 109586438.5629
547.8234 32027348400.1202
547.9346 31634029213.2834
548.0458 109781534.9987
548.1570 31860643092.5026
548.2682 32130963824.3431
548.3794 114369780.9829
548.4906 31900110439.6445
548.6017 32181272855.7041
548.7129 105495305.4720
548.8241 32367309131.9455
548.9353 31874919715.0420
549.0465 112847968.8237
549.1577 32226449574.0218
549.2689 31714614212.5607
549.3801 118025334.1437
549.4913 32254929905.2903
549.6024 32329595116.0681
549.7136 110288721.1582
549.8248 32251479859.3338
549.9360 32084738801.1628
550.0472 91860290.2807
550.1584 31760144668.3608
550.2696 31832961362.4433
550.3808 122588593.6600
550.4919 32062097271.8463
550.6031 31727391754.7697
550.7143 116448205.1235
550.8255 31812761781.9056
550.9367 32207855667.7959
551.0479 120530059.5627
551.1591 32359949553.2410
551.2703 31991798066.5302
551.3814 98103845.5837
551.4926 31543151524.3491
551.6038 31679581104.8871
551.7150 117773543.6715
551.8262 31778191729.4175
551.9374 32358276687.5324
552.0486 110516150.8684
552.1598 32071135895.1364
552.2710 31992179762.8542
552.3821 117477378.9715
552.4933 32033126159.0815
552.6045 32136176681.2589
552.7157 115732061.5806
552.8269 32428072409.3758
552.9381 31733132868.2179
553.0493 96884384.9383
553.1605 31776202260.4642
553.2716 31410460135.5312
553.3828 127372696.8092
553.4940 31826834728.9873
553.6052 31621965187.8648
553.7164 122699195.6971
553.8276 31391618406.7483
553.9388 31873413927.9576
554.0500 103323477.8027
554.1612 31996546538.3336
554.2723 32639449915.8247
554.3835 117172019.1120
554.4947 32147548474.4166
554.6059 31761545647.4371
554.7171 103714402.3231
554.8283 31261013442.9411
554.9395 32174012391.6142
555.0507 105871929.5841
555.1618 31318390902.1378
555.2730 32282360442.5230
555.3842 59422424.3807
555.4954 33166281410.3908
555.6066 32019642622.9173
555.7178 76540686.8287
555.8290 32160987585.0743
555.9402 32365581605.2458
556.0513 108814317.2901
556.1625 32565153350.7705
556.2737 32160876053.5738
556.3849 83622342.9160
556.4961 31316403315.1388
556.6073 32483090458.8163
556.7185 108832579.2114
556.8297 32455386929.2956
556.9409 31764311671.8336
557.0520 93724825.7522
557.1632 32024526001.3077
557.2744 31880913144.2266
557.3856 90951677.0370
557.4968 32988159535.1850
557.6080 31694669850.2795
557.7192 30341425.4738
557.8304 33075256802.2089
557.9415 31358333146.0221
558.0527 125938006.0206
558.1639 31847103001.3523
558.2751 33893158282.2163
558.3863 0.0000
558.4975 32666127332.5252
558.6087 30015898673.0750
558.7199 26725411.5655
558.8310 31179304732.2798
558.9422 30690225987.2436
559.0534 124653.0180
559.1646 33823269170.3539
559.2758 31341920873.3007
559.3870 0.0000
559.4982 31243686311.9053
559.6094 30963023781.4283
559.7206 8371386.9959
559.8317 31664877257.6325
559.9429 31836035918.6378
560.0541 0.0000
560.1653 31646028456.8880
560.2765 30301443452.7425
560.3877 0.0000
560.4989 32707642442.9856
560.6101 29547718636.6422
560.7212 0.0000
560.8324 29529227699.0950
560.9436 29281100934.4349
561.0548 0.0000
561.1660 30705285175.5664
561.2772 28592764019.6737
561.3884 0.0000
561.4996 28265778243.8132
561.6107 33794856614.9801
561.7219 0.0000
561.8331 30180582461.0171
561.9443 33545638193.7043
562.0555 62575837.5631
562.1667 33232273206.5825
562.2779 29921572656.0821
562.3891 0.0000
562.5003 31540806702.7057
562.6114 31852686492.4004
562.7226 0.0000
562.8338 31110661852.1274
562.9450 31560287842.8005
563.0562 84032341.9001
563.1674 30352923908.1713
563.2786 31240885225.0294
563.3898 0.0000
563.5009 30363975711.4767
563.6121 31492666334.5857
563.7233 0.0000
563.8345 32158832339.4986
563.9457 31828994311.7503
564.0569 10012350.1830
564.1681 31015355328.7732
564.2793 32298147807.8122
564.3904 0.0000
564.5016 32755977118.5529
564.6128 32567138095.2697
564.7240 0.0000
564.8352 31920746583.7006
564.9464 31595059752.5299
565.0576 101451653.5480
565.1688 31586258482.0686
565.2800 32394120025.1606
565.3911 28907527.0992
565.5023 31756261572.5604
565.6135 31622151496.8309
565.7247 111972970.8761
565.8359 31131831124.8609
565.9471 32393040050.2547
566.0583 94462253.9246
566.1695 32284174996.8900
566.2806 31724952857.4063
566.3918 111914815.8090
566.5030 31636021043.2641
566.6142 32210170330.4384
566.7254 80576090.1106
566.8366 31729442979.0635
566.9478 31822231037.5209
567.0590 108178825.6230
567.1701 31639411636.5378
567.2813 31287687548.3439
567.3925 113309606.2086
567.5037 31757268993.3757
567.6149 31658697964.0734
567.7261 92875251.9614
567.8373 31318185081.6403
567.9485 32055637699.1675
568.0597 113330234.1122
568.1708 31904949131.6278
568.2820 32096779695.4652
568.3932 118908476.5511
568.5044 32130144813.8266
568.6156 31845918818.0084
568.7268 118232768.7493
568.8380 31512437683.8307
568.9492 31807347377.0340
569.0603 107857073.3272
569.1715 31480874418.4776
569.2827 31895606459.9875
569.3939 105820186.1046
569.5051 31986815405.6079
569.6163 31916737356.4386
569.7275 126196147.8542
569.8387 31612537000.5775
569.9499 32157376582.6202
570.0610 117765371.0117
570.1722 31833138767.1233
570.2834 31982054135.4117
570.3946 109264239.9406
570.5058 32386554637.4810
570.6170 31690930279.9831
570.7282 121858739.2628
570.8394 31804784035.6326
570.9505 32143989046.7675
571.0617 119802234.8206
571.1729 32214161868.3404
571.2841 31793455953.0957
571.3953 115986051.4023
571.5065 31474207668.2769
571.6177 31922099420.6613
571.7289 113867187.7729
571.8400 31838176772.8456
571.9512 31768536884.6004
572.0624 117911786.0912
572.1736 31789002246.6531
572.2848 31482341429.6762
572.3960 111322784.6415
572.5072 31575270966.9778
572.6184 32074294409.4670
572.7296 126764809.7173
572.8407 31715708724.0140
572.9519 31844873697.3407
573.0631 123442644.9420
573.1743 31959971151.1504
573.2855 31564677172.5531
573.3967 120474324.0419
573.5079 31703201841.1051
573.6191 31837768757.2051
573.7302 118106536.9719
573.8414 31664309253.8921
573.9526 31743727167.2005
574.0638 120402573.1913
574.1750 31615302186.0989
574.2862 31724657469.7875
574.3974 121218006.2708
574.5086 31601875997.4977
574.6197 31501864975.1229
574.7309 124413391.0054
574.8421 31628577785.3048
574.9533 31673186475.6488
575.0645 120915609.4304
575.1757 31439584425.0870
575.2869 31819385800.6158
575.3981 122911644.5890
575.5093 31779609921.9199
575.6204 31690960132.4558
575.7316 125709804.9626
575.8428 31569457846.9382
575.9540 31788944781.8885
576.0652 118582115.8881
576.1764 31692027650.7456
576.2876 31769433649.9296
576.3988 112935373.4532
576.5099 31871031685.4966
576.6211 31550039685.4744
576.7323 114584664.3537
576.8435 31653933851.6090
576.9547 32001944452.5518
577.0659 116336773.4952
577.1771 32185962844.8665
577.2883 31551239235.5290
577.3994 123236914.0725
577.5106 31642486681.3274
577.6218 32000830888.3676
577.7330 112442231.2124
577.8442 31863614117.8019
577.9554 31604470100.2073
578.0666 128504495.3588
578.1778 31597936002.4747
578.2890 31689440359.7624
578.4001 128763708.7183
578.5113 31638653369.4821
578.6225 31698865223.8466
578.7337 122361569.3777
578.8449 31653450243.9424
578.9561 31627591260.1968
579.0673 123425504.1813
579.1785 31830426726.4350
579.2896 31685758726.4728
579.4008 128102921.1769
579.5120 31535422077.0099
579.6232 31806394747.7430
579.7344 126040623.5132
579.8456 31715888214.9034
579.9568 31865113326.7291
580.0680 129018742.6458
580.1791 31630674119.8606
580.2903 31874444484.3742
580.4015 121522353.0535
580.5127 31764609955.3095
580.6239 31823172571.7224
580.7351 121917968.8416
580.8463 32103163289.5340
580.9575 31834483900.3730
581.0687 123464918.8817
581.1798 31690970059.2072
581.2910 31760783185.2220
581.4022 125373839.8689
581.5134 31771182187.7860
581.6246 31750699900.2920
581.7358 121918091.1622
581.8470 31440661799.0390
581.9582 31943257096.3027
582.0693 119902057.2967
582.1805 31656312719.3511
582.2917 31975685419.9098
582.4029 128828326.4256
582.5141 31898049803.9474
582.6253 31874419687.2075
582.7365 121739662.3111
582.8477 31543170119.5353
582.9589 31813075011.1169
583.0700 119680395.0590
583.1812 31842013483.6436
583.2924 31869611724.5745
583.4036 124311975.3979
583.5148 31937173292.9434
583.6260 31523282890.9146
583.7372 118244962.1411
583.8484 31443981282.0317
583.9595 31825765097.7177
584.0707 113053490.6593
584.1819 31813857321.8688
584.2931 31887912211.2011
584.4043 122288106.3611
584.5155 31915602074.8534
584.6267 31289784210.9963
584.7379 126582802.0689
584.8490 31633421066.5023
584.9602 31657715420.6993
585.0714 122001683.5069
585.1826 31362176068.8790
585.2938 31757795518.1221
585.4050 119507664.9851
585.5162 31702023246.5651
585.6274 31614877918.8395
585.7386 126374703.2571
585.8497 31810560367.2848
585.9609 31401630299.1613
586.0721 128385001.4609
586.1833 31497460807.4359
586.2945 31735447116.7783
586.4057 127023061.6364
586.5169 31662445504.6178
586.6281 31710303648.1936
586.7392 125783969.2307
586.8504 31474831842.5374
586.9616 31463654707.4276
587.0728 123870960.8988
587.1840 31591902873.2095
587.2952 31490651579.6725
587.4064 124726059.0823
587.5176 31612531483.8852
587.6287 31587672143.6196
587.7399 123685269.3424
587.8511 31485321524.2712
587.9623 31782409495.8178
588.0735 121078344.2072
588.1847 31694034856.0741
588.2959 31560132596.1774
588.4071 119154451.0144
588.5183 31799901236.2858
588.6294 31561560323.2666
588.7406 120266415.6761
588.8518 31702302397.9398
588.9630 31743258500.0668
589.0742 126673631.9685
589.1854 31727385140.9503
589.2966 31823284137.9302
589.4078 119255818.5415
589.5189 31681464165.1259
589.6301 31372776591.7982
589.7413 115739558.6654
589.8525 31500175278.6012
589.9637 31756613818.6252
590.0749 123548025.5807
590.1861 31784645372.7429
590.2973 31658048962.8896
590.4084 127923103.7300
590.5196 31694114082.0979
590.6308 31568489982.6657
590.7420 117272413.7608
590.8532 31493317000.4188
590.9644 31796472622.0947
591.0756 118466167.4817
591.1868 31521891039.9167
591.2980 31347998998.7425
591.4091 127069332.0482
591.5203 31645983962.6669
591.6315 31446301920.0719
591.7427 123971684.4666
591.8539 31412144636.9622
591.9651 31507138918.4900
592.0763 121315773.0707
592.1875 31519533242.1746
592.2986 31703302603.4841
592.4098 128639746.1738
592.5210 31730066034.4075
592.6322 31527556585.2296
592.7434 127192769.8990
592.8546 31453974680.0863
592.9658 31464157985.7871
593.0770 118233295.5029
593.1881 31362652265.8971
593.2993 31598539942.5273
593.4105 124136655.0610
593.5217 31685554715.4497
593.6329 31751741712.3563
593.7441 129086316.5097
593.8553 31842459835.2914
593.9665 31374100111.2533
594.0777 125787025.8701
594.1888 31468773170.5580
594.3000 31486525264.8298
594.4112 124578542.7834
594.5224 31491305863.3756
594.6336 31790996779.0157
594.7448 121460756.6104
594.8560 31709406213.6670
594.9672 31520886956.6638
595.0783 124961790.1887
595.1895 31534000955.3728
595.3007 31751476619.5125
595.4119 119898589.4562
595.5231 31741622893.8960
595.6343 31526097881.6592
595.7455 121370612.9561
595.8567 31588267152.1670
595.9678 31343900567.1693
596.0790 121634817.9444
596.1902 31582654127.0189
596.3014 31694636582.4127
596.4126 115727443.6998
596.5238 31707711203.0975
596.6350 31424621876.5961
596.7462 121865446.7394
596.8574 31424945279.6861
596.9685 31583854591.7322
597.0797 119384919.5343
597.1909 31437259140.9611
597.3021 31498799559.4819
597.4133 122849887.3052
597.5245 31066648344.9465
597.6357 31450738104.1788
597.7469 115651320.2207
597.8580 31493692080.8668
597.9692 31803838673.7170
598.0804 120797847.2685
598.1916 31645620113.1719
598.3028 31671350729.4894
598.4140 125808149.2328
598.5252 31639730594.6435
598.6364 31536525695.6826
598.7476 118660115.7804
598.8587 31493066869.3788
598.9699 31532464362.6770
599.0811 122291707.4065
599.1923 31487627900.2380
599.3035 31744386605.3760
599.4147 120576838.4032
599.5259 31609573590.3639
599.6371 31705583790.8761
599.7482 110599358.9118
599.8594 31596042295.9770
599.9706 31383041805.9843
600.0818 121623915.9574
600.1930 31691645740.5968
600.3042 31255110708.2302
600.4154 117749916.4099
600.5266 31352238348.0134
600.6377 31714833590.5208
600.7489 99891899.3729
600.8601 31662685747.1056
600.9713 31268229671.9136
601.0825 122686622.8010
601.1937 31383295566.0041
601.3049 31702568091.1424
601.4161 123796455.1143
601.5273 31576706865.5983
601.6384 31411438415.9854
601.7496 119254751.5594
601.8608 31615921820.7392
601.9720 31027509572.4757
602.0832 113195781.5000
602.1944 31731084868.2230
602.3056 31345570661.9480
602.4168 117200958.7579
602.5279 31289292103.9483
602.6391 31491060576.4793
602.7503 113317776.4444
602.8615 31718167166.1084
602.9727 31496423948.7061
603.0839 126392614.3602
603.1951 31547355518.4237
603.3063 31435323973.4513
603.4174 108350005.8209
603.5286 31266926969.5256
603.6398 31252046929.2710
603.7510 107388097.9859
603.8622 31390889862.2778
603.9734 31469309167.1655
604.0846 122310878.5904
604.1958 31381758849.1373
604.3070 31294524337.2271
604.4181 119284451.1699
604.5293 31311778889.2807
604.6405 31791480294.8694
604.7517 120161687.8363
604.8629 31365285999.0728
604.9741 31657296184.3742
605.0853 127897563.5376
605.1965 31688870627.5800
605.3076 31462848354.0279
605.4188 128000329.6157
605.5300 31273429763.2437
605.6412 31558506875.1825
605.7524 112530311.3904
605.8636 31278643208.9742
605.9748 31353342524.3216
606.0860 95035737.3085
606.1971 31678323539.3847
606.3083 31568131801.5171
606.4195 110534016.2353
606.5307 31724325599.8762
606.6419 31641112816.5897
606.7531 99694507.8812
606.8643 31216138668.5604
606.9755 31560375128.6753
607.0867 105850937.3278
607.1978 31463444921.2946
607.3090 31228605725.2595
607.4202 81092879.4265
607.5314 31316025672.8339
607.6426 31758141882.7122
607.7538 102564800.6956
607.8650 31449638497.6394
607.9762 31693277642.3657
608.0873 122408302.9615
608.1985 31716015933.0198
608.3097 31404622004.1420
608.4209 120859676.9204
608.5321 31644353980.5986
608.6433 30988482668.3367
608.7545 104386786.4860
608.8657 31314687128.1551
608.9768 31515240410.3201
609.0880 112050215.1671
609.1992 31295971054.1740
609.3104 31411184362.9969
609.4216 110468370.9207
609.5328 31509497610.9508
609.6440 31443993108.4348
609.7552 120120308.8073
609.8664 31513742131.4105
609.9775 31869273929.9130
610.0887 66827654.7021
610.1999 31154633836.7894
610.3111 31272887122.5289
610.4223 86816751.7146
610.5335 31314378481.5373
610.6447 31376227804.7511
610.7559 108807618.0851
610.8670 31212718512.5465
610.9782 31941698105.5948
611.0894 74971090.8106
611.2006 30769778067.1313
611.3118 31738570760.3976
611.4230 102827452.1163
611.5342 31702717647.3478
611.6454 31263069028.6427
611.7566 119083405.9925
611.8677 31182830000.9295
611.9789 32425953543.4416
612.0901 106080044.5623
612.2013 31301928270.5580
612.3125 31451961271.1941
612.4237 118749722.9526
612.5349 31824758360.5336
612.6461 31452358164.9404
612.7572 120040428.4565
612.8684 31047434679.3504
612.9796 31860606719.8245
613.0908 87698813.7133
613.2020 31192979859.8053
613.3132 31315886571.0621
613.4244 108213286.9400
613.5356 31339687233.2601
613.6467 31223062339.2066
613.7579 119574694.7429
613.8691 31306482079.5849
613.9803 31368219848.6540
614.0915 109596583.3186
614.2027 30997309874.9148
614.3139 31402429172.5812
614.4251 120437106.2395
614.5363 31449968603.8616
614.6474 31232095374.6524
614.7586 119683136.2518
614.8698 31213276494.9026
614.9810 31729966832.9756
615.0922 110303640.1465
615.2034 31328965275.8961
615.3146 31637266691.4311
615.4258 118823162.1165
615.5369 31708920993.9545
615.6481 31340601829.9594
615.7593 118803576.4171
615.8705 31471538122.4862
615.9817 31361037243.5883
616.0929 112863686.8076
616.2041 31798269195.4533
616.3153 31298791158.2059
616.4264 124096941.6346
616.5376 31887049303.4733
616.6488 31247833350.1338
616.7600 114883547.0333
616.8712 31561193196.4819
616.9824 31104775055.4198
617.0936 117913058.8147
617.2048 31372395018.7487
617.3160 31314436426.2289
617.4271 126394262.1570
617.5383 31358089807.0432
617.6495 31279346979.4907
617.7607 115702925.3392
617.8719 31308760181.2519
617.9831 31222960587.3093
618.0943 121966662.2726
618.2055 31334627214.1440
618.3166 31185079883.2602
618.4278 116492570.9516
618.5390 31391700420.5296
618.6502 31211531531.6176
618.7614 119857306.8235
618.8726 31364926039.0846
618.9838 31298773537.2298
619.0950 122521228.7668
619.2061 31614670574.4887
619.3173 31348153199.5376
619.4285 123545393.1129
619.5397 31508114603.3628
619.6509 31242398899.5103
619.7621 123130793.3741
619.8733 31362911929.8668
619.9845 31270975884.8727
620.0957 123371002.1680
620.2068 31272231361.7006
620.3180 31336481271.9232
620.4292 123646245.2336
620.5404 31349127533.5012
620.6516 31195118275.8294
620.7628 126688440.7577
620.8740 31168392791.8855
620.9852 31364936054.7219
621.0963 125756660.2364
621.2075 31309840422.2734
621.3187 31374095065.7585
621.4299 122487443.4891
621.5411 31287370058.9138
621.6523 31350068131.9103
621.7635 125882843.3063
621.8747 31262185179.5103
621.9858 31467292411.9528
622.0970 123912928.9722
622.2082 31412717289.6820
622.3194 31403676375.6827
622.4306 119485202.4313
622.5418 31326560147.9773
622.6530 31203282642.9117
622.7642 122213371.3854
622.8754 31247594276.8964
622.9865 31419706986.6909
623.0977 121425552.4360
623.2089 31355586401.0165
623.3201 31477104044.7128
623.4313 122779746.2884
623.5425 31428161699.9501
623.6537 31295647490.3971
623.7649 119440522.5064
623.8760 31338397420.6507
623.9872 31401537656.9955
624.0984 124505719.1262
624.2096 31477796918.0271
624.3208 31277666547.9819
624.4320 122731648.6420
624.5432 31195309415.4695
624.6544 31252709447.2320
624.7656 122886673.9846
624.8767 31258913769.1524
624.9879 31132082978.1526
625.0991 123302706.4599
625.2103 31230929314.1935
625.3215 31404036728.7273
625.4327 126185529.3615
625.5439 31237929777.3618
625.6551 31295285736.8447
625.7662 125323376.0858
625.8774 31209664531.2678
625.9886 31258295764.4138
626.0998 121228622.1439
626.2110 31090943137.2420
626.3222 31397213921.1524
626.4334 124977329.1541
626.5446 31487667804.1122
626.6557 31270169056.4641
626.7669 125686956.5494
626.8781 31289133652.8491
626.9893 31188674041.8175
627.1005 119183251.9246
627.2117 31345277274.1988
627.3229 31349873249.9028
627.4341 123470213.0449
627.5453 31416147426.2181
627.6564 31257023118.1329
627.7676 124261606.9828
627.8788 31299184398.1894
627.9900 31262060946.4055
628.1012 125351895.7844
628.2124 31384998071.7735
628.3236 31436554050.3941
628.4348 124431581.1645
628.5459 31351651021.4530
628.6571 31274488623.3906
628.7683 123592150.6854
628.8795 31258872493.6649
628.9907 31236174673.0448
629.1019 121873419.3491
629.2131 31231888796.4165
629.3243 31392669769.8932
629.4354 125225885.4398
629.5466 31342812941.3715
629.6578 31219292144.7136
629.7690 125833965.0959
629.8802 31208172554.2513
629.9914 31180206073.7081
630.1026 124968921.4260
630.2138 31185954273.7416
630.3250 31306276491.0381
630.4361 127164223.3750
630.5473 31278976792.7800
630.6585 31278451708.3567
630.7697 126607509.2496
630.8809 31227184239.8221
630.9921 31222604031.1017
631.1033 124923263.5573
631.2145 31328530833.7635
631.3256 31296467186.9035
631.4368 126075887.3671
631.5480 31327327951.7850
631.6592 31367174403.7760
631.7704 123432193.5558
631.8816 31227894693.6109
631.9928 31279677821.9359
632.1040 125592407.6502
632.2151 31311711270.0151
632.3263 31405229960.0305
632.4375 122329006.8542
632.5487 31294095258.0033
632.6599 31329555734.0533
632.7711 121252339.8217
632.8823 31277164192.3904
632.9935 31130720262.5385
633.1047 122901257.3765
633.2158 31213634930.6726
633.3270 31234872283.8280
633.4382 124392686.5613
633.5494 31288440346.4060
633.6606 31173300105.4157
633.7718 123887437.9314
633.8830 31184808227.8459
633.9942 31180384081.6887
634.1053 124036268.3186
634.2165 31290488916.5281
634.3277 31216849725.1670
634.4389 125076290.4183
634.5501 31176934202.9610
634.6613 31153396059.0116
634.7725 126021759.4166
634.8837 31139467077.3361
634.9948 31339528817.3245
635.1060 124076630.1325
635.2172 31317884830.6048
635.3284 31267620096.8531
635.4396 125571328.7762
635.5508 31252535360.4903
635.6620 31127629044.0215
635.7732 121219989.3672
635.8844 31153860362.8608
635.9955 31264675620.0536
636.1067 122464840.1618
636.2179 31310051560.2517
636.3291 31249738867.2150
636.4403 123874352.2304
636.5515 31179124035.3571
636.6627 31184950423.8993
636.7739 125812158.8095
636.8850 31162223009.1205
636.9962 31063487556.8053
637.1074 123830326.1710
637.2186 31240178922.0181
637.3298 31141456445.8345
637.4410 119745860.3776
637.5522 31300230530.7735
637.6634 31090036464.9666
637.7745 120852833.6625
637.8857 31267766078.0376
637.9969 31067780015.4397
638.1081 124404944.4615
638.2193 31156129346.5252
638.3305 31229435610.4613
638.4417 122717090.5481
638.5529 31097691104.4406
638.6641 31130216915.9054
638.7752 124180751.8029
638.8864 31046980024.5434
638.9976 31106042997.1320
639.1088 125687187.6974
639.2200 31203288760.2273
639.3312 31221192963.2237
639.4424 126167733.4187
639.5536 31091907677.0004
639.6647 31207245068.1881
639.7759 125082221.6182
639.8871 31202878285.9159
639.9983 31214500784.3199
640.1095 124854710.9637
640.2207 31126551451.2658
640.3319 31163893430.5564
640.4431 125383948.8111
640.5543 31031282745.4399
640.6654 31173279422.1681
640.7766 120839727.5842
640.8878 31217477509.0836
640.9990 31274063660.4858
641.1102 125325353.9251
641.2214 31205607084.8588
641.3326 31066595704.4364
641.4438 123789546.5698
641.5549 31211465367.7339
641.6661 31179157428.5096
641.7773 126157318.6343
641.8885 31193814021.9847
641.9997 31059363095.5726
642.1109 125186317.6914
642.2221 31130775582.8469
642.3333 31144854046.7291
642.4444 126025001.3147
642.5556 31171039716.2861
642.6668 31150714567.9291
642.7780 124402945.9405
642.8892 31121124245.2831
643.0004 31144481574.5777
643.1116 124928147.6524
643.2228 31148319619.4363
643.3340 31170438512.6384
643.4451 125074436.3632
643.5563 31096025038.4832
643.6675 31041431289.1718
643.7787 123103878.1427
643.8899 31094554952.1965
644.0011 31181854775.4756
644.1123 121038688.6416
644.2235 31203673468.3728
644.3346 31191159769.3337
644.4458 127031286.4214
644.5570 31147208131.3427
644.6682 31095557995.4645
644.7794 125885184.8350
644.8906 31102602273.9811
645.0018 31164337684.3436
645.1130 122143832.7208
645.2241 31081641461.3224
645.3353 31117366606.7425
645.4465 124549165.3957
645.5577 31084821928.7029
645.6689 31203723492.4122
645.7801 124800445.5620
645.8913 31110300260.1433
646.0025 31194329342.1137
646.1137 122662101.9011
646.2248 31158456062.6633
646.3360 31188780687.2639
646.4472 123426513.6739
646.5584 31300955910.2710
646.6696 31146651617.2488
646.7808 123266040.7064
646.8920 31094280637.1078
647.0032 31025766680.4906
647.1143 122388523.1975
647.2255 30995743748.8389
647.3367 31204217144.0900
647.4479 122412916.8736
647.5591 31229037084.2854
647.6703 30949259177.3077
647.7815 126579260.5877
647.8927 31216686543.3443
648.0038 31030087691.6625
648.1150 123064131.3733
648.2262 31129076210.1421
648.3374 31111986199.5580
648.4486 122130276.3666
648.5598 31069236108.3046
648.6710 31086731406.3675
648.7822 123796487.8720
648.8934 31071848521.7844
649.0045 31158946068.3748
649.1157 124916129.4427
649.2269 31074527615.1375
649.3381 31179242434.7882
649.4493 123573904.8059
649.5605 31088175444.7334
649.6717 31100386088.4113
649.7829 120667594.8323
649.8940 31124719094.8873
650.0052 31135261075.9309
650.1164 122892085.3644
650.2276 31030477493.6306
650.3388 31229223617.8236
650.4500 122625613.2694
650.5612 31076087892.4799
650.6724 31140620515.6830
650.7835 122983996.0832
650.8947 31194538272.7660
651.0059 31062880901.6311
651.1171 125258334.2684
651.2283 31077313812.3080
651.3395 31137709323.9167
651.4507 126488876.8112
651.5619 31088318505.7403
651.6731 31130757490.3753
651.7842 124262439.9313
651.8954 31108400972.0013
652.0066 31006272938.9681
652.1178 122167194.6721
652.2290 31159844329.8214
652.3402 31056562760.8590
652.4514 124275388.7938
652.5626 31052455823.5410
652.6737 31105230718.3077
652.7849 122700611.3680
652.8961 31180351372.2650
653.0073 31044423976.2369
653.1185 122451744.5395
653.2297 31169049651.3982
653.3409 30959289478.9325
653.4521 121752138.6329
653.5633 30942106054.1224
653.6744 31010029542.6399
653.7856 123692694.4467
653.8968 30951964496.4121
654.0080 31116008865.8781
654.1192 124430915.1780
654.2304 31048137936.8130
654.3416 30878707787.7213
654.4528 122725654.9590
654.5639 31052155320.7682
654.6751 31092708014.0460
654.7863 124662553.5873
654.8975 31029176966.5246
655.0087 30952840995.1067
655.1199 123756439.0413
655.2311 30937731010.7623
655.3423 31129247312.4840
655.4534 122291696.0975
655.5646 31073574355.9001
655.6758 31040001746.5037
655.7870 123580137.8435
655.8982 31083965251.6049
656.0094 31012863283.9726
656.1206 124412018.1583
656.2318 30904255930.9550
656.3430 31033540189.8306
656.4541 122345601.8767
656.5653 30992320705.6274
656.6765 31125000543.5798
656.7877 124495882.6462
656.8989 31007852344.4469
657.0101 31054221341.4446
657.1213 123388242.5443
657.2325 30892881027.5556
657.3436 31033414222.0418
657.4548 123694205.1577
657.5660 31040549465.3721
657.6772 31117842785.0030
657.7884 123391747.7430
657.8996 30945109811.9495
658.0108 31059827909.1811
658.1220 124010611.5561
658.2331 31025507399.6170
658.3443 31080402226.1128
658.4555 123850078.5361
658.5667 31109749694.3838
658.6779 30909443750.1500
658.7891 122846691.4390
658.9003 30979507507.2653
659.0115 31056949558.4921
659.1227 124618581.1313
659.2338 31133224404.1603
659.3450 30922943640.5432
659.4562 121337740.6347
659.5674 30919700783.3534
659.6786 30995288215.9488
659.7898 125332594.5257
659.9010 31002882486.2823
660.0122 31045977678.1617
660.1233 123392270.4711
660.2345 31063545452.4119
660.3457 31008560201.4377
660.4569 120580822.9045
660.5681 30912987285.7384
660.6793 31063743339.7638
660.7905 120122186.6586
660.9017 30896481077.7774
661.0128 31088259232.3469
661.1240 118795407.4630
661.2352 31031197131.5756
661.3464 31170721062.3432
661.4576 125711352.9744
661.5688 31010540256.8689
661.6800 31025681089.0823
661.7912 120466522.9453
661.9024 30927125105.7033
662.0135 31075712653.2971
662.1247 121274308.1516
662.2359 31022116088.4704
662.3471 30896476408.6974
662.4583 121154815.0824
662.5695 30969831455.0096
662.6807 31031940589.7221
662.7919 124321191.8447
662.9030 31026757472.6452
663.0142 31009462300.2077
663.1254 126303120.3544
663.2366 30942410278.2511
663.3478 30879993723.9437
663.4590 123823712.5883
663.5702 30951422193.5767
663.6814 30915876313.2495
663.7925 126454412.4133
663.9037 31134302602.2606
664.0149 30830528101.3058
664.1261 124372068.5602
664.2373 30867476477.6304
664.3485 30861444438.6742
664.4597 126547651.4197
664.5709 30865870418.9152
664.6821 30998508630.7167
664.7932 122265641.8803
664.9044 30958078538.0056
665.0156 30885424574.7598
665.1268 125338031.4956
665.2380 30939399450.2366
665.3492 30957459950.9459
665.4604 123591720.0201
665.5716 31058768258.7946
665.6827 30921460707.9149
665.7939 122952651.3759
665.9051 30844592755.7578
666.0163 30962628223.0049
666.1275 122911233.1751
666.2387 30976745241.8379
666.3499 30778207367.9504
666.4611 123277342.8875
666.5723 31002672189.8610
666.6834 30887939318.0597
666.7946 123508395.6303
666.9058 31021652738.2681
667.0170 30937823766.6933
667.1282 121855238.4560
667.2394 30849473170.0663
667.3506 30878407939.1884
667.4618 123983257.7163
667.5729 30989930929.2688
667.6841 30896775097.3448
667.7953 118165921.1774
667.9065 30807081902.1571
668.0177 30948696031.9682
668.1289 121728076.2305
668.2401 30942444477.7654
668.3513 30830190809.7952
668.4624 121945069.9396
668.5736 30869702859.4162
668.6848 30892113878.9697
668.7960 119418720.5120
668.9072 30981531316.9873
669.0184 30920160690.7387
669.1296 120300396.1466
669.2408 30839369519.5638
669.3520 30974560001.4344
669.4631 121839343.0311
669.5743 30980615523.3020
669.6855 30783587949.7930
669.7967 120249936.4083
669.9079 30774836278.6528
670.0191 31049147047.4753
670.1303 124054491.6749
670.2415 30874580512.5996
670.3526 31055403610.0706
670.4638 119779924.0164
670.5750 30959214246.8054
670.6862 31011739291.4901
670.7974 121623538.1595
670.9086 30750224433.7101
671.0198 30942789885.1799
671.1310 122517276.8948
671.2421 30878363582.5187
671.3533 30959695690.4140
671.4645 120325372.4014
671.5757 30767195851.5960
671.6869 30871986527.4219
671.7981 122362668.5937
671.9093 30982162108.5364
672.0205 30875790897.3678
672.1317 120081429.0098
672.2428 30832042644.3430
672.3540 30905446773.3592
672.4652 120425937.1371
672.5764 30836902072.1516
672.6876 30981550578.0084
672.7988 119567441.2893
672.9100 30872134985.6732
673.0212 30868569989.7277
673.1323 124293619.8979
673.2435 30832252780.6941
673.3547 31036216750.1584
673.4659 120014661.6648
673.5771 30863705424.1478
673.6883 31041608394.4399
673.7995 124131631.1671
673.9107 31021139902.8718
674.0218 30774267711.0210
674.1330 120064515.7210
674.2442 30910536761.8507
674.3554 30857513153.1187
674.4666 123756609.0815
674.5778 30996820500.9012
674.6890 30889061683.8949
674.8002 119507701.5645
674.9114 30764138800.4992
675.0225 30961895156.9659
675.1337 120628537.5280
675.2449 30861385130.5604
675.3561 30847904760.0310
675.4673 122449428.7007
675.5785 30845164980.4077
675.6897 30942889108.2548
675.8009 122538239.1500
675.9120 30875313663.4853
676.0232 30768530429.9910
676.1344 116258605.1898
676.2456 30955741669.1950
676.3568 30727788990.7795
676.4680 124306158.6863
676.5792 30702701030.6203
676.6904 30872912905.1727
676.8015 120504028.8062
676.9127 30895676445.8462
677.0239 30804530315.3807
677.1351 120136083.5414
677.2463 30780022584.8703
677.3575 30828288907.4256
677.4687 120409373.6328
677.5799 30839091529.9749
677.6911 30962378569.6006
677.8022 121397849.0862
677.9134 30960582957.8527
678.0246 30788921582.8745
678.1358 121717464.7869
678.2470 30834673505.9837
678.3582 30780646918.8055
678.4694 117586321.3367
678.5806 30893046852.0047
678.6917 30961114666.2759
678.8029 125808614.2893
678.9141 30901404477.8742
679.0253 30767733963.4281
679.1365 119930438.5775
679.2477 30899819019.4447
679.3589 30865878895.5299
679.4701 123759273.8707
679.5812 30812973211.7143
679.6924 30746017308.8651
679.8036 121797144.1968
679.9148 30629410998.2987
680.0260 30840979170.4308
680.1372 120114668.7666
680.2484 30861897114.3008
680.3596 30947042731.1983
680.4708 124217097.1132
680.5819 30837218639.6584
680.6931 30817660388.5189
680.8043 120366578.7809
680.9155 30798126852.2611
681.0267 30770910981.1089
681.1379 117035314.6969
681.2491 30638406052.6542
681.3603 31007583156.6710
681.4714 123121933.2808
681.5826 30806118302.0005
681.6938 30905190793.9864
681.8050 121178694.8028
681.9162 30710509587.4908
682.0274 30937592238.1228
682.1386 121185685.4770
682.2498 30925319111.9914
682.3610 30752238868.3212
682.4721 121454476.8810
682.5833 30951932979.7680
682.6945 30808482501.3823
682.8057 123956997.6534
682.9169 30778794308.8321
683.0281 30772757604.3339
683.1393 120367192.9297
683.2505 30777159097.9072
683.3616 30791011698.0561
683.4728 121038970.3039
683.5840 30720275142.5748
683.6952 31006678567.5329
683.8064 120740532.8624
683.9176 30712644224.1315
684.0288 30857859890.4508
684.1400 123534443.7215
684.2511 30772525131.3825
684.3623 30877135289.3040
684.4735 114488933.4730
684.5847 30881990220.6845
684.6959 30727430895.6314
684.8071 115289658.1041
684.9183 30990769483.8648
685.0295 30675602383.3550
685.1407 122906709.9542
685.2518 30594647208.9129
685.3630 31017535330.8024
685.4742 121002304.9325
685.5854 30919249860.5478
685.6966 30759556337.1389
685.8078 120456676.4067
685.9190 30934179218.1307
686.0302 30607717217.9140
686.1413 122787711.9834
686.2525 30727557723.4447
686.3637 30620843563.0865
686.4749 118696393.7298
686.5861 30898367835.2260
686.6973 30504679632.0193
686.8085 122318568.9268
686.9197 30627926800.6995
687.0308 30682829140.7057
687.1420 118702047.5510
687.2532 30683650180.6019
687.3644 30709406261.5814
687.4756 122240180.1442
687.5868 30697062227.1578
687.6980 30737602938.8671
687.8092 119621905.1632
687.9204 30708363825.8510
688.0315 30779128724.8041
688.1427 120054976.7768
688.2539 30511698147.5132
688.3651 30967693022.1861
688.4763 120393356.0234
688.5875 30625324531.7806
688.6987 30808129136.0810
688.8099 118127403.8054
688.9210 30704290668.7489
689.0322 30828473577.4491
689.1434 121335319.9334
689.2546 30746127984.2423
689.3658 30679720847.4181
689.4770 122195258.6321
689.5882 30540922350.4178
689.6994 30894371906.4309
689.8105 118033101.0885
689.9217 30690349409.1353
690.0329 30726186162.3305
690.1441 125561310.0010
690.2553 30779153373.9234
690.3665 30668498966.3262
690.4777 123733582.2740
690.5889 30843415084.2161
690.7001 30636202544.5162
690.8112 124713256.0208
690.9224 30684059709.7991
691.0336 30665632363.8661
691.1448 121779152.1888
691.2560 30859533780.6721
691.3672 30393078892.0420
691.4784 120902753.0406
691.5896 30488200802.0754
691.7007 30764633255.1298
691.8119 120556435.3154
691.9231 30540173097.3144
692.0343 30821494689.7131
692.1455 116792077.3623
692.2567 30815370465.5246
692.3679 30808494156.4496
692.4791 121623028.2511
692.5902 30484157756.3400
692.7014 30870283864.0082
692.8126 119295993.0494
692.9238 30810837492.6347
693.0350 30665038412.3822
693.1462 119305649.8512
693.2574 30751624172.8672
693.3686 30820659210.6728
693.4798 119977018.4727
693.5909 30741601508.0485
693.7021 30885924705.6509
693.8133 121730658.8422
693.9245 30921748931.2405
694.0357 30714230659.9417
694.1469 119602247.6891
694.2581 30671309324.9058
694.3693 30847333820.2528
694.4804 116450032.3800
694.5916 30656312952.0778
694.7028 30695765198.3018
694.8140 122652519.8554
694.9252 30664994422.8406
695.0364 30887509799.2192
695.1476 113912934.8096
695.2588 30474537565.8776
695.3700 30771846921.9445
695.4811 118889986.9888
695.5923 30712755013.5239
695.7035 30812136322.8389
695.8147 111908543.2980
695.9259 30630193627.1507
696.0371 30758259053.6081
696.1483 122740809.8094
696.2595 30682738848.1080
696.3706 30688570882.5451
696.4818 117357314.4896
696.5930 30834458151.7440
696.7042 30763345989.3266
696.8154 123878248.5613
696.9266 30922461507.8637
697.0378 30435435472.1425
697.1490 114852461.3358
697.2601 30823234328.4996
697.3713 30359338661.3143
697.4825 120011127.0874
697.5937 30668858578.7722
697.7049 30634384781.6038
697.8161 120025309.6199
697.9273 30928902660.3041
698.0385 30583944908.5793
698.1497 121536915.1945
698.2608 30720053622.1567
698.3720 30319966804.1136
698.4832 116010812.8860
698.5944 30558069095.3438
698.7056 30659806934.6877
698.8168 122804965.2469
698.9280 30628107419.8033
699.0392 30579821789.6733
699.1503 121093355.4720
699.2615 30523191520.6275
699.3727 30682648517.3883
699.4839 117250138.6338
699.5951 30878383125.3324
699.7063 30430180777.5044
699.8175 119494467.8358
699.9287 30515920433.4600
700.0398 30671367406.9825
700.1510 117326851.0445
700.2622 30815943253.4179
700.3734 30556279656.8152
700.4846 119432321.2525
700.5958 30781233536.0301
700.7070 30422321044.6439
700.8182 117857545.0092
700.9294 30656964223.2591
701.0405 30582929252.3177
701.1517 114429424.8161
701.2629 30715962605.5910
701.3741 30565065545.3835
701.4853 113347816.2097
701.5965 30565929026.9210
701.7077 30689032648.2183
701.8189 115160926.4219
701.9300 30250620335.5243
702.0412 30962279091.5441
702.1524 121091514.1956
702.2636 30649051855.0786
702.3748 30724609399.7315
702.4860 112723689.6101
702.5972 30605165786.2446
702.7084 30807986462.1320
702.8195 118312161.7646
702.9307 30229400620.8386
703.0419 30838038565.5079
703.1531 110808886.1384
703.2643 30747185148.8468
703.3755 30648876026.2689
703.4867 121505119.8961
703.5979 30290564779.5770
703.7091 30728764162.8821
703.8202 109320347.3492
703.9314 30735757678.2636
704.0426 30607428716.2411
704.1538 119661983.8950
704.2650 30638279217.6266
704.3762 30678248709.4641
704.4874 117668840.9714
704.5986 30447045476.1751
704.7097 30596425993.1100
704.8209 107747070.2013
704.9321 30671536618.0426
705.0433 30635252374.2743
705.1545 117355042.1329
705.2657 30755266431.1867
705.3769 30642523209.8754
705.4881 115939827.9886
705.5992 30342214371.7876
705.7104 30865729015.2070
705.8216 111469887.9490
705.9328 30855632598.0171
706.0440 30862099648.5892
706.1552 112864947.4813
706.2664 30740056391.1714
706.3776 30557920220.5368
706.4888 116035298.4277
706.5999 30534753016.3288
706.7111 30621948016.4823
706.8223 109403582.9670
706.9335 30574124851.7345
707.0447 30588570756.4671
707.1559 112658504.4393
707.2671 30572485179.3471
707.3783 30346014118.9020
707.4894 120554071.2391
707.6006 30644295289.7252
707.7118 30582982461.0849
707.8230 110571131.8111
707.9342 30711330138.6079
708.0454 30156291017.1515
708.1566 123173154.9506
708.2678 30413539879.2090
708.3790 30652438621.5683
708.4901 120867170.7342
708.6013 30665276474.5042
708.7125 30382524501.0854
708.8237 113985302.8098
708.9349 30914571808.1455
709.0461 30418105041.2362
709.1573 118526032.0700
709.2685 30383534364.1974
709.3796 30483749550.4534
709.4908 110025995.2830
709.6020 31003983560.6801
709.7132 30325458210.5149
709.8244 121728740.2888
709.9356 30736619054.1008
710.0468 30257928022.8005
710.1580 104224305.2521
710.2691 30655756235.1928
710.3803 30630922469.7786
710.4915 106231246.6455
710.6027 30866885011.3515
710.7139 30252073001.1424
710.8251 118667608.0293
710.9363 30478462261.5559
711.0475 30266128588.8740
711.1587 120611842.7211
711.2698 30573445989.4199
711.3810 30351132392.8502
711.4922 104452200.2619
711.6034 30660421242.8409
711.7146 30482436368.2173
711.8258 116637995.9305
711.9370 30449354144.3842
712.0482 30612007430.4858
712.1593 118845589.5750
712.2705 30537411669.9006
712.3817 30189710359.6537
712.4929 107966114.0314
712.6041 30425416307.6707
712.7153 30298277634.7844
712.8265 97665965.9312
712.9377 30223841038.2269
713.0488 30944991921.8232
713.1600 117420459.1775
713.2712 31112930898.2028
713.3824 30317958245.1268
713.4936 104400741.4040
713.6048 30430879653.7650
713.7160 30318994733.9679
713.8272 92178597.3595
713.9384 30777210261.9975
714.0495 30770117644.6512
714.1607 119080234.6526
714.2719 30970623000.7748
714.3831 30279577067.0793
714.4943 90561731.8128
714.6055 30382774193.4159
714.7167 30732023279.8287
714.8279 93769439.5554
714.9390 30308470905.7144
715.0502 30732636618.1072
715.1614 82745284.5125
715.2726 30418208091.4242
715.3838 31085925607.0517
715.4950 104332670.3408
715.6062 30749107996.1614
715.7174 30497699009.0230
715.8285 98609289.1897
715.9397 30093976952.3427
716.0509 30448123734.9045
716.1621 119947052.1666
716.2733 30125157168.7954
716.3845 30857515516.9631
716.4957 112789266.5927
716.6069 30665072066.4094
716.7181 30459612076.9306
716.8292 72587343.5729
716.9404 30737300735.2657
717.0516 30545693218.2610
717.1628 84438891.3036
717.2740 30320067281.1058
717.3852 30697593399.7634
717.4964 102814341.2608
717.6076 30832384107.4373
717.7187 30817890486.8283
717.8299 90289471.5458
717.9411 31418088388.9858
718.0523 29282664944.4804
718.1635 68984912.6743
718.2747 30267432121.6478
718.3859 30354979736.7413
718.4971 94489470.2365
718.6082 31116671668.7034
718.7194 31050161901.5108
718.8306 60669557.7308
718.9418 31223412761.6491
719.0530 28985261761.3127
719.1642 81928868.2141
719.2754 29936508416.5883
719.3866 30854437288.2692
719.4978 114033260.0647
719.6089 30279856221.5889
719.7201 30879107986.4567
719.8313 15433334.3077
719.9425 30716610490.8094
720.0537 30383117038.1744
720.1649 24894605.7660
720.2761 30245048461.0647
720.3873 30201216901.2378
720.4984 92448049.2881
720.6096 30363404224.2207
720.7208 30438807217.3895
720.8320 72428667.1542
720.9432 30540176558.5662
721.0544 31112353629.8662
721.1656 98877622.1586
721.2768 30084316957.6436
721.3879 30845983199.0035
721.4991 80979151.6273
721.6103 30939764182.5089
721.7215 30275039846.2329
721.8327 87712415.2134
721.9439 30795894490.5228
722.0551 29887371119.2613
722.1663 80111046.9180
722.2775 30319589358.5672
722.3886 30389243000.8012
722.4998 86833205.3370
722.6110 30494877581.1108
722.7222 30572834185.0817
722.8334 100392903.9913
722.9446 30437393147.8303
723.0558 30103411246.7899
723.1670 106040361.1224
723.2781 30923197194.5550
723.3893 29655545752.9638
723.5005 107076290.5077
723.6117 30359943523.0647
723.7229 30497524118.8746
723.8341 90125280.4207
723.9453 30679214758.5413
724.0565 29939629965.7360
724.1677 108023745.9235
724.2788 30671361989.8925
724.3900 29515707376.5435
724.5012 80481086.3063
724.6124 30500433247.5136
724.7236 30120651008.6874
724.8348 85833176.0765
724.9460 30683259703.0575
725.0572 30019662567.9620
725.1683 76521948.1599
725.2795 30444030233.0161
725.3907 30318768878.7239
725.5019 74531452.0474
725.6131 30038915943.8390
725.7243 30353074815.7305
725.8355 65704091.6644
725.9467 30815116863.7006
726.0578 30375666969.8168
726.1690 85859336.1260
726.2802 30198300318.9348
726.3914 29501852520.9608
726.5026 89325345.5073
726.6138 30394627358.8883
726.7250 30645302533.9870
726.8362 11236432.1453
726.9474 29912272084.9634
727.0585 30497051443.1257
727.1697 576043.2678
727.2809 29829516019.5680
727.3921 30018797292.1804
727.5033 0.0000
727.6145 30595633666.1380
727.7257 30563127279.6104
727.8369 80829843.2567
727.9480 30150173598.2031
728.0592 30797524296.5572
728.1704 91006136.0593
728.2816 31203861030.0043
728.3928 29691831955.6936
728.5040 9875619.9461
728.6152 28703975100.8654
728.7264 30906167829.4375
728.8375 0.0000
728.9487 30473616926.9739
729.0599 30662845745.3140
729.1711 28630486.0266
729.2823 30201913793.1014
729.3935 30427431488.7317
729.5047 0.0000
729.6159 29538666714.7920
729.7271 30460583968.0498
729.8382 41487198.6196
729.9494 30214952211.4607
730.0606 30931837097.4016
730.1718 104681162.4940
730.2830 30727203634.2562
730.3942 31148556975.8252
730.5054 33952457.1051
730.6166 30232401756.4934
730.7277 29729539891.7746
730.8389 90568529.3274
730.9501 30177766195.1730
731.0613 31104649993.9171
731.1725 51050515.1709
731.2837 30620236538.8935
731.3949 29906260954.5572
731.5061 103821304.4562
731.6172 30133408093.3934
731.7284 30955791063.9870
731.8396 97885708.4113
731.9508 30152562738.8711
732.0620 30638216200.7805
732.1732 95506675.2883
732.2844 30699054000.3900
732.3956 30481975731.0915
732.5068 104402019.1730
732.6179 30144125123.6486
732.7291 30712678314.5757
732.8403 38581322.9933
732.9515 30626106845.4588
733.0627 29617367632.2404
733.1739 86324205.6461
733.2851 30758373714.7965
733.3963 30521618297.0248
733.5074 85142702.4807
733.6186 30136356328.0676
733.7298 29855533308.9508
733.8410 63309344.7198
733.9522 30255164177.4223
734.0634 30951886666.2783
734.1746 97814975.8827
734.2858 29907362975.2134
734.3969 30836716056.0951
734.5081 117182030.2848
734.6193 30618363851.9946
734.7305 30369777077.2403
734.8417 80232048.2250
734.9529 30917991970.9610
735.0641 29963642405.4528
735.1753 101991068.4984
735.2865 30841855233.4773
735.3976 29961684705.5396
735.5088 81138504.5299
735.6200 30547965390.2372
735.7312 30366930639.0843
735.8424 82663857.5118
735.9536 29517737713.4711
736.0648 30468232908.8921
736.1760 92185300.5641
736.2871 30393969808.5366
736.3983 30302813732.1451
736.5095 71423866.3953
736.6207 29976077598.5741
736.7319 30327095269.1802
736.8431 113921544.7634
736.9543 29996995194.4216
737.0655 30892547610.1509
737.1767 91588173.2368
737.2878 30687971310.4286
737.3990 30313826436.5643
737.5102 89791545.3314
737.6214 30168331444.2452
737.7326 30702680248.6295
737.8438 81110919.1153
737.9550 30542734926.2488
738.0662 29774329177.3101
738.1773 103631604.8844
738.2885 29715350022.6249
738.3997 30646945265.7306
738.5109 87909537.5632
738.6221 30125698359.5436
738.7333 30331386791.6461
738.8445 93472499.1781
738.9557 30415625825.2956
739.0668 30679877898.4154
739.1780 55600507.3521
739.2892 30541036783.9327
739.4004 29807304023.1865
739.5116 116977407.9418
739.6228 30464975132.9473
739.7340 30131334541.4529
739.8452 113469612.1878
739.9564 29964736083.7301
740.0675 30130441130.7115
740.1787 59223471.1461
740.2899 30081237224.9742
740.4011 30253193619.1570
740.5123 105804172.6303
740.6235 30705000772.6469
740.7347 29993584612.2718
740.8459 109070540.8039
740.9570 30328228087.0322
741.0682 29814524249.7865
741.1794 103883724.0708
741.2906 30329598139.2374
741.4018 29927742445.8221
741.5130 97456507.4533
741.6242 29963319460.0810
741.7354 30786546216.2976
741.8465 96449148.5514
741.9577 30623619013.2648
742.0689 30461379541.9648
742.1801 91188473.2363
742.2913 32041629583.7544
742.4025 29085865572.3898
742.5137 93639684.6638
742.6249 31253872540.7389
742.7361 29754347270.8166
742.8472 0.0000
742.9584 30943974411.5106
743.0696 29071237269.1117
743.1808 8354524.7403
743.2920 31370314468.5824
743.4032 29565974145.2894
743.5144 90298186.0079
743.6256 30121023541.4101
743.7367 30518265478.4378
743.8479 47231963.0239
743.9591 30441224675.0617
744.0703 29487474906.6147
744.1815 83500714.1084
744.2927 31338292072.4781
744.4039 29167538663.3673
744.5151 72002922.5272
744.6262 30465300043.4849
744.7374 29355945432.8361
744.8486 39855042.6146
744.9598 31111068293.3339
745.0710 28450187241.2735
745.1822 2104615.4102
745.2934 31219141064.4686
745.4046 29362596612.0714
745.5158 0.0000
745.6269 30920481054.2528
745.7381 30056681479.9974
745.8493 0.0000
745.9605 31352083346.3225
746.0717 29173439669.4700
746.1829 80001722.8333
746.2941 30696042126.7905
746.4053 30326025166.9465
746.5164 69205281.2523
746.6276 30661348899.1698
746.7388 29490692042.2566
746.8500 54429516.8069
746.9612 31112637263.1705
747.0724 29598432495.8360
747.1836 107017504.9959
747.2948 30923252314.5375
747.4059 30181528457.5658
747.5171 0.0000
747.6283 30871133115.9329
747.7395 28737323385.1350
747.8507 23166472.1050
747.9619 30397207877.7635
748.0731 29740893643.6260
748.1843 57461884.4739
748.2955 29905172571.0779
748.4066 29859694921.2785
748.5178 0.0000
748.6290 30427106669.0530
748.7402 29683189985.5182
748.8514 0.0000
748.9626 31175303244.2782
749.0738 29633814553.1281
749.1850 69540097.9882
749.2961 29919949232.5114
749.4073 29972678220.4656
749.5185 51814181.7781
749.6297 30247667694.9646
749.7409 29249200075.1714
749.8521 87060778.0180
749.9633 29699339166.8124
750.0745 31125388266.9652
750.1856 79254270.0169
750.2968 28664343276.3214
750.4080 31276958509.3110
750.5192 22174162.8947
750.6304 31044581564.2794
750.7416 30010775842.9863
750.8528 66830499.1645
750.9640 30089930035.1071
751.0752 30181977251.6281
751.1863 67391777.3768
751.2975 29342123820.7406
751.4087 30118066510.2389
751.5199 33023266.9259
751.6311 29895619653.4063
751.7423 30065099302.0770
751.8535 59536461.8223
751.9647 29493443056.9935
752.0758 30938882116.2889
752.1870 43298086.1847
752.2982 29462011464.6060
752.4094 30432636646.0339
752.5206 47193942.8819
752.6318 30743249725.1253
752.7430 29173786558.7139
752.8542 89092978.2138
752.9654 29882248897.8876
753.0765 30562246565.1266
753.1877 81762936.1737
753.2989 29612991552.1897
753.4101 30508240641.3848
753.5213 62606229.0789
753.6325 29842707630.0662
753.7437 29945409902.3155
753.8549 100977966.5266
753.9660 29559812149.8770
754.0772 31049247324.8085
754.1884 93760468.3106
754.2996 29751764452.5781
754.4108 30591165714.3907
754.5220 109835639.5770
754.6332 30327852948.1837
754.7444 29310170831.7855
754.8555 88380330.9595
754.9667 30241808813.2189
755.0779 30051905603.0955
755.1891 102930960.7626
755.3003 29745988062.1700
755.4115 30129727722.7313
755.5227 59815486.6005
755.6339 30750955818.4758
755.7451 30330120617.8957
755.8562 107307961.7247
755.9674 30433930867.5550
756.0786 30161918073.8196
756.1898 46006513.8108
756.3010 29697239986.6334
756.4122 30435950812.3046
756.5234 114487840.1761
756.6346 29893604213.7964
756.7457 29962993451.4530
756.8569 92431808.7225
756.9681 29760587585.5433
757.0793 30086471647.3582
757.1905 113045708.6472
757.3017 29659298491.5282
757.4129 30707050621.9629
757.5241 114517592.7856
757.6352 30569729636.8527
757.7464 30218217284.3710
757.8576 115700111.1275
757.9688 30603841282.1816
758.0800 29801402399.9129
758.1912 132459316.5417
758.3024 29922405564.3123
758.4136 30351114867.8865
758.5248 130829886.6975
758.6359 30057739269.9536
758.7471 30234620354.3117
758.8583 117065200.6723
758.9695 30482545222.9738
759.0807 30391803445.1410
759.1919 118684985.2436
759.3031 29985642228.9238
759.4143 30402467873.2508
759.5254 113124798.7309
759.6366 30335126421.1488
759.7478 30278745589.0908
759.8590 138428674.3981
759.9702 30326028800.9324
760.0814 30283583038.7345
760.1926 139466943.5518
760.3038 30067726888.8372
760.4149 30268970704.0847
760.5261 135748827.0963
760.6373 30011386971.2999
760.7485 29942982938.3882
760.8597 142338962.3526
760.9709 30077775195.4340
761.0821 30404838007.4864
761.1933 129947182.7645
761.3045 30114282904.3927
761.4156 29989734588.0646
761.5268 136262067.6777
761.6380 30053269971.4583
761.7492 29997265748.0519
761.8604 156798776.4292
761.9716 30016113733.0591
762.0828 30286415889.0565
762.1940 150554581.3458
762.3051 30201363041.9896
762.4163 30215641406.8070
762.5275 154642469.8967
762.6387 30081280817.6291
762.7499 30182583065.4562
762.8611 161246442.7976
762.9723 30307013681.2665
763.0835 29850004438.1939
763.1946 146440117.5658
763.3058 30468287506.2453
763.4170 30043405366.5098
763.5282 165240163.3952
763.6394 30134478534.8968
763.7506 29862670644.1076
763.8618 148052261.8445
763.9730 29434212839.8021
764.0842 30359471579.9413
764.1953 170433100.6884
764.3065 30039066128.6820
764.4177 30437603475.4183
764.5289 170362931.7785
764.6401 30117959072.3222
764.7513 29928311022.8803
764.8625 175078155.1703
764.9737 30070147809.0448
765.0848 30047065436.0999
765.1960 178568473.9030
765.3072 30221126824.4183
765.4184 29956318178.4410
765.5296 172515841.4394
765.6408 30198298018.9416
765.7520 29898783136.6770
765.8632 182960391.3383
765.9744 30074175628.3028
766.0855 30227847003.7270
766.1967 183408043.9748
766.3079 29867535143.6385
766.4191 30024799698.1293
766.5303 193369635.1005
766.6415 30026262500.3306
766.7527 30016316658.8622
766.8639 191164784.0157
766.9750 30129023451.9753
767.0862 29787278324.6814
767.1974 199628434.3765
767.3086 30089073443.4007
767.4198 30172019041.1899
767.5310 195781811.5500
767.6422 30371656781.3117
767.7534 29836457154.6716
767.8645 188026511.4651
767.9757 30111518264.2788
768.0869 30141542124.4937
768.1981 188995805.8186
768.3093 29838616029.8922
768.4205 30009064158.9280
768.5317 206996371.3438
768.6429 30145235858.1129
768.7541 30048286372.1038
768.8652 214909791.6552
768.9764 30060885635.3524
769.0876 30038423274.0580
769.1988 201555638.9334
769.3100 30082148764.8406
769.4212 29948372904.1566
769.5324 215655337.0741
769.6436 30265943049.6510
769.7547 29645499928.8946
769.8659 226113968.2060
769.9771 30108087803.6006
770.0883 29852630983.6606
770.1995 229620865.6780
770.3107 29940501097.8566
770.4219 29921637392.2908
770.5331 208660320.0862
770.6442 30279744029.7995
770.7554 29917022111.1025
770.8666 223682189.2483
770.9778 29919783486.8712
771.0890 30010491554.4082
771.2002 227462191.1829
771.3114 30061665361.8143
771.4226 30001331961.5318
771.5338 229045657.6476
771.6449 30072997054.2484
771.7561 30109628907.5215
771.8673 242647701.9877
771.9785 29986482206.8381
772.0897 29910445318.1614
772.2009 238942209.6698
772.3121 30060519884.8494
772.4233 29972957380.3315
772.5344 263272723.5345
772.6456 30149514275.6033
772.7568 29955048662.5649
772.8680 261771512.3423
772.9792 30091179465.2389
773.0904 30002790565.4778
773.2016 258369471.5270
773.3128 30091088186.5456
773.4239 29953316441.0015
773.5351 272649824.9774
773.6463 30132276629.8924
773.7575 29733831815.9802
773.8687 257191316.4240
773.9799 30173177214.7671
774.0911 29677618671.7970
774.2023 254839007.8643
774.3135 29722663469.8782
774.4246 30203436307.5668
774.5358 281101884.6186
774.6470 30275097676.8886
774.7582 29596937515.0113
774.8694 271801144.6635
774.9806 29681465640.0221
775.0918 29826326427.4006
775.2030 291156521.8594
775.3141 29836049787.7414
775.4253 30260021341.8537
775.5365 304044941.5385
775.6477 30067776805.1856
775.7589 29867888387.2830
775.8701 305529629.7130
775.9813 30014861387.7157
776.0925 30088956621.1525
776.2036 334187922.5668
776.3148 30174433395.7377
776.4260 29918063386.7272
776.5372 316078472.7631
776.6484 30076094133.1339
776.7596 29737531328.0022
776.8708 319718862.3067
776.9820 30024316586.5059
777.0932 30023395698.0271
777.2043 348050214.2977
777.3155 29834015107.4979
777.4267 30000215641.4308
777.5379 343650650.1254
777.6491 30099232146.6515
777.7603 29954619835.0455
777.8715 349534150.3137
777.9827 29840790766.2379
778.0938 30001877763.9346
778.2050 356778510.4699
778.3162 29953874119.0708
778.4274 30093080192.6037
778.5386 371674253.7407
778.6498 29952240892.3728
778.7610 29736641216.9031
778.8722 380924399.6717
778.9834 29851640271.7070
779.0945 30174394704.1215
779.2057 377795204.3339
779.3169 30003140643.4396
779.4281 30069094986.8847
779.5393 376096640.9201
779.6505 29837911799.1345
779.7617 30151093252.9152
779.8729 394454367.9786
779.9840 29914560242.2332
780.0952 30103371894.4314
780.2064 413213557.0547
780.3176 29957458488.3264
780.4288 29925816996.9704
780.5400 416690883.4906
780.6512 29920489574.1180
780.7624 29990497146.1311
780.8735 407069883.8601
780.9847 30076662025.7457
781.0959 30027812626.0511
781.2071 414020544.6757
781.3183 29886003877.8024
781.4295 30096750097.8450
781.5407 435275829.3670
781.6519 30063606271.6582
781.7631 29894488709.9586
781.8742 458216934.3998
781.9854 29817928103.9492
782.0966 29876069930.2357
782.2078 449479208.4667
782.3190 29975824865.8115
782.4302 29899862544.0183
782.5414 487750179.7795
782.6526 30053843955.9487
782.7637 29956090880.5657
782.8749 505912867.0947
782.9861 29886115048.9911
783.0973 30093945839.6117
783.2085 486849994.5607
783.3197 29865984346.2164
783.4309 30065169941.0664
783.5421 516084248.1948
783.6532 30021299765.2206
783.7644 30010308451.4125
783.8756 499005409.9808
783.9868 29988563228.5563
784.0980 30059960859.4247
784.2092 577046281.2163
784.3204 30190049510.1313
784.4316 29911851624.9782
784.5428 563138368.2730
784.6539 30074825165.1453
784.7651 29936539315.7939
784.8763 587563461.8745
784.9875 29937982331.2612
785.0987 29937853199.3119
785.2099 610671471.0681
785.3211 30151492446.6637
785.4323 29830401499.0666
785.5434 580130594.0420
785.6546 29767701797.0197
785.7658 30129026475.2543
785.8770 591533110.7003
785.9882 29886074453.9113
786.0994 30035131901.4316
786.2106 623570710.9524
786.3218 29932684206.1895
786.4329 30022218921.1652
786.5441 644058390.4647
786.6553 29902148704.4600
786.7665 29936373617.4717
786.8777 672411536.5549
786.9889 29977804951.1307
787.1001 29871680374.2862
787.2113 698410021.2741
787.3225 29923051780.8097
787.4336 30012491593.6268
787.5448 735092349.0934
787.6560 29835968622.4339
787.7672 29996368395.9777
787.8784 729377388.0687
787.9896 30133770412.0359
788.1008 29999340786.5430
788.2120 794561661.5075
788.3231 30014893746.7859
788.4343 29814159851.0784
788.5455 790347571.2789
788.6567 29804739828.4703
788.7679 29925236565.5479
788.8791 837327727.9590
788.9903 29858435365.1952
789.1015 29719873451.7377
789.2126 786791161.8507
789.3238 29995166796.3525
789.4350 29798025406.0209
789.5462 842936236.9167
789.6574 29860493317.9103
789.7686 29936109998.5652
789.8798 852298311.2872
789.9910 29852569537.8975
790.1022 29919977343.7500
790.2133 909527451.9596
790.3245 29697555885.8565
790.4357 29993348906.5591
790.5469 954638799.7541
790.6581 29630269176.4176
790.7693 30134556869.4985
790.8805 1013942882.5213
790.9917 29995155599.7895
791.1028 29854116999.7416
791.2140 1078173953.9661
791.3252 29917931947.9561
791.4364 29909909033.1533
791.5476 1058368862.2888
791.6588 29716195821.9474
791.7700 29976764887.5697
791.8812 1080618054.1184
791.9923 29933808531.5963
792.1035 29650152847.3841
792.2147 1081487159.9900
792.3259 29886622056.4938
792.4371 29924865953.3081
792.5483 1226601883.8992
792.6595 29690686653.8413
792.7707 30083367046.8794
792.8819 1255170245.1030
792.9930 29897557469.6433
793.1042 29733673618.0341
793.2154 1215911568.3003
793.3266 29957059488.7497
793.4378 29749353548.1924
793.5490 1308732433.6350
793.6602 29571604078.7612
793.7714 30035168770.4145
793.8825 1264996839.1512
793.9937 29770878798.8794
794.1049 29866224225.6994
794.2161 1409359693.1599
794.3273 29747386278.4967
794.4385 29890648371.2164
794.5497 1469528228.2058
794.6609 29693942250.0140
794.7721 29846760604.1195
794.8832 1537084402.9314
794.9944 29877302088.3785
795.1056 29713131600.8136
795.2168 1609376913.2226
795.3280 29903951071.2671
795.4392 29810153176.5804
795.5504 1589195765.6437
795.6616 29743611788.3587
795.7727 30032386400.3165
795.8839 1638154000.0579
795.9951 29911660742.9641
796.1063 29719514224.6227
796.2175 1722596200.5519
796.3287 29957264165.2775
796.4399 29804422910.3797
796.5511 1723484134.2225
796.6622 29889235636.5130
796.7734 29927348676.1647
796.8846 1874339939.5097
796.9958 29702460621.5640
797.1070 29819422755.7544
797.2182 1872969964.9645
797.3294 29885621288.4637
797.4406 29789524992.8032
797.5518 1856869230.9228
797.6629 29804522970.4583
797.7741 29907648574.5279
797.8853 1945432199.2378
797.9965 29731495600.5468
798.1077 29998247793.6146
798.2189 2146214762.1218
798.3301 29797491111.6722
798.4413 29730861685.6381
798.5524 2067408245.4396
798.6636 29678246656.6467
798.7748 29698403998.6200
798.8860 2099381920.4428
798.9972 29909230040.2031
799.1084 29629693890.1604
799.2196 2008281984.0960
799.3308 29946434335.7496
799.4419 29680446538.2479
799.5531 2143086567.3674
799.6643 29929341412.6871
799.7755 29738163695.7319
799.8867 2218696552.3757
799.9979 29685868227.6735
800.1091 29915918574.6042
800.2203 2245289328.4429
800.3315 29698029796.0020
800.4426 29819696598.0496
800.5538 2228723006.1252
800.6650 29558121758.9155
800.7762 30009608790.5277
800.8874 2107800871.2648
800.9986 29727966198.4169
801.1098 29961187589.3925
801.2210 2127364084.4442
801.3321 29819044315.9810
801.4433 29659608263.1645
801.5545 2267236802.0863
801.6657 29797007093.3127
801.7769 29721313875.6943
801.8881 2125130775.8842
801.9993 29875568469.0594
802.1105 29784615781.9706
802.2216 2272262966.3624
802.3328 29669349984.6271
802.4440 29908041915.0412
802.5552 2114055467.2377
802.6664 29780129946.4256
802.7776 29831220565.5880
802.8888 2217683959.7309
803.0000 29784552693.3289
803.1112 29846231405.0267
803.2223 2166562317.5281
803.3335 29757423151.9568
803.4447 29746481782.8302
803.5559 1892698011.7325
803.6671 29880216086.5979
803.7783 29718696879.9251
803.8895 1993947135.0514
804.0007 29634879361.7341
804.1118 29988133536.5769
804.2230 2002731498.4902
804.3342 29657090595.4973
804.4454 29662389034.1523
804.5566 1892163410.2415
804.6678 29553049185.1165
804.7790 29885376207.8588
804.8902 1883335326.6520
805.0013 29768543244.2556
805.1125 29732061663.2852
805.2237 1877121232.6794
805.3349 29766050130.8202
805.4461 29621664119.5241
805.5573 1777185238.3886
805.6685 29767987478.7209
805.7797 29632514296.8525
805.8909 1719518895.1535
806.0020 29669704108.4576
806.1132 29745787935.3834
806.2244 1641890171.0805
806.3356 29746567761.5821
806.4468 29684919387.7036
806.5580 1570239378.2231
806.6692 29782077833.0349
806.7804 29696053828.8495
806.8915 1462314185.5585
807.0027 29763022636.4409
807.1139 29601726644.7997
807.2251 1527291536.3572
807.3363 29618654136.0714
807.4475 29762846792.1433
807.5587 1448783388.0821
807.6699 29811771968.9672
807.7811 29765242178.5054
807.8922 1361964853.8703
808.0034 29638508590.8127
808.1146 29888673359.1376
808.2258 1337027156.2644
808.3370 29806395624.0769
808.4482 29858871061.3932
808.5594 1272606031.9277
808.6706 29726464839.0685
808.7817 29788628177.0450
808.8929 1246802154.7179
809.0041 29569935426.0160
809.1153 29740590775.4384
809.2265 1225681423.7365
809.3377 29955929093.0555
809.4489 29564768862.9338
809.5601 1198150745.7471
809.6712 29753547210.4178
809.7824 29715101778.2586
809.8936 1128756623.7115
810.0048 29939441441.8507
810.1160 29539086899.4927
810.2272 1026076852.7117
810.3384 29702968769.6335
810.4496 29774007646.5246
810.5608 1005680158.0782
810.6719 29667637919.7893
810.7831 29796400030.8218
810.8943 1039131689.9970
811.0055 29556123376.2908
811.1167 29926999351.0544
811.2279 934527098.6940
811.3391 29643762036.0080
811.4503 29859714574.4857
811.5614 928595624.0177
811.6726 29597884248.4374
811.7838 29854971133.5698
811.8950 895823780.3455
812.0062 29737505832.5728
812.1174 29597165922.1801
812.2286 866332484.9388
812.3398 29883179090.7224
812.4509 29609914524.9927
812.5621 848466735.8660
812.6733 29663296845.1800
812.7845 29855206736.4348
812.8957 873474200.4624
813.0069 29689385211.2825
813.1181 29781235641.6632
813.2293 792850747.0110
813.3405 29710789602.5808
813.4516 29655308265.0030
813.5628 767573863.7566
813.6740 29743597425.0925
813.7852 29801284032.4919
813.8964 737719416.0177
814.0076 29806728765.1925
814.1188 29594723381.4149
814.2300 698460506.0043
814.3411 29772661517.1423
814.4523 29732690870.5029
814.5635 722588267.2545
814.6747 29552596338.6797
814.7859 29674144868.2132
814.8971 708087527.5706
815.0083 29852306527.1135
815.1195 29614661042.7907
815.2306 674274245.9639
815.3418 29753066899.1480
815.4530 29803270436.1269
815.5642 647251218.2618
815.6754 29552163652.7235
815.7866 29751322173.8776
815.8978 597688304.2913
816.0090 29666595380.9497
816.1202 29624445144.9960
816.2313 631599324.7148
816.3425 29773672159.7085
816.4537 29471131893.5900
816.5649 602892521.3544
816.6761 29852119936.9098
816.7873 29529200794.8749
816.8985 591268633.3871
817.0097 29656795645.7591
817.1208 29563832711.9631
817.2320 578518676.9643
817.3432 29710696464.9330
817.4544 29564364988.8694
817.5656 553861729.3885
817.6768 29842541613.9470
817.7880 29569715927.2042
817.8992 530596079.8828
818.0103 29681688643.4697
818.1215 29585783023.1539
818.2327 546037348.2323
818.3439 29778792768.4571
818.4551 29662416394.4516
818.5663 519233188.4743
818.6775 29528401996.4346
818.7887 29899546998.8136
818.8999 500315213.8088
819.0110 29796908997.0243
819.1222 29624392956.9664
819.2334 483130641.1865
819.3446 29730503817.5693
819.4558 29584733246.0946
819.5670 506473325.1134
819.6782 29804614917.8118
819.7894 29716093997.9554
819.9005 496136595.6217
820.0117 29651526649.6792
820.1229 29632441335.9072
820.2341 462289816.1517
820.3453 29651088309.0102
820.4565 29470515769.6307
820.5677 462693411.7687
820.6789 29677420120.5925
820.7901 29616523666.8310
820.9012 445554482.7451
821.0124 29530398886.6740
821.1236 29736088225.8390
821.2348 447283318.0389
821.3460 29566491398.7614
821.4572 29654063749.3833
821.5684 433387123.7817
821.6796 29511568480.9782
821.7907 29914315008.2459
821.9019 438779641.7433
822.0131 29534061627.6661
822.1243 29601661653.9676
822.2355 415975356.3990
822.3467 29611218235.4423
822.4579 29720589453.7354
822.5691 367622299.1974
822.6802 29636505338.9229
822.7914 29718475818.7364
822.9026 408491040.4784
823.0138 29548929390.9752
823.1250 29607924347.2903
823.2362 403333826.2295
823.3474 29542506141.6719
823.4586 29659960773.0835
823.5698 393837547.6257
823.6809 29555414955.4329
823.7921 29472493484.1791
823.9033 363873305.3272
824.0145 29526501533.7444
824.1257 29712619806.7694
824.2369 371649698.5656
824.3481 29434189586.9338
824.4593 29651464155.6939
824.5704 354617003.2465
824.6816 29548838145.3161
824.7928 29648891834.9960
824.9040 358243770.0671
825.0152 29648530432.3952
825.1264 29641015496.0393
825.2376 368323860.8360
825.3488 29604506809.2855
825.4599 29600898503.2972
825.5711 333866202.6943
825.6823 29611934765.8830
825.7935 29579800734.8968
825.9047 345856812.2136
826.0159 29573123238.6311
826.1271 29572361789.8759
826.2383 335034965.6543
826.3495 29568545863.2196
826.4606 29505003409.6712
826.5718 326321158.8579
826.6830 29514470844.7218
826.7942 29507603255.0229
826.9054 325107354.1432
827.0166 29464932393.6426
827.1278 29652250722.5111
827.2390 306215289.1083
827.3501 29582438624.2966
827.4613 29537884813.1652
827.5725 330937347.9524
827.6837 29637657244.3282
827.7949 29482610288.0932
827.9061 330019614.4173
828.0173 29442092463.1901
828.1285 29674795164.0485
828.2396 294233977.8172
828.3508 29572492226.7800
828.4620 29597970285.4754
828.5732 304896032.0345
828.6844 29573059005.1250
828.7956 29574561633.6124
828.9068 293650168.3273
829.0180 29519449362.6656
829.1292 29648692600.6181
829.2403 292884268.4444
829.3515 29600707289.8116
829.4627 29602904902.9291
829.5739 289943461.3001
829.6851 29573789779.7039
829.7963 29534891206.8049
829.9075 290747898.6810
830.0187 29566410716.2621
830.1298 29509806702.7181
830.2410 285828157.7581
830.3522 29703869195.5905
830.4634 29635354982.9461
830.5746 297471455.3100
830.6858 29597182493.6482
830.7970 29547091769.1854
830.9082 289670761.6156
831.0193 29628943514.6972
831.1305 29580497171.0843
831.2417 265823251.3299
831.3529 29475883771.1879
831.4641 29722183649.7582
831.5753 278988301.8974
831.6865 29530968597.8345
831.7977 29609811417.5423
831.9089 275279902.4971
832.0200 29692530756.6935
832.1312 29552766921.0051
832.2424 273587706.8512
832.3536 29515506806.2217
832.4648 29623990177.4589
832.5760 257197795.3053
832.6872 29494995485.5885
832.7984 29613687702.2474
832.9095 264478957.3680
833.0207 29656848620.0552
833.1319 29440777766.9415
833.2431 267947174.8967
833.3543 29628050073.2810
833.4655 29571317728.0358
833.5767 272778169.7262
833.6879 29476260338.7862
833.7990 29570429050.9346
833.9102 248946094.5603
834.0214 29528530871.0065
834.1326 29623955165.1935
834.2438 247585351.6807
834.3550 29587305991.7355
834.4662 29669517391.4632
834.5774 247360129.3498
834.6886 29618470069.5908
834.7997 29500667021.0417
834.9109 268193851.4357
835.0221 29659030050.3883
835.1333 29392769911.1582
835.2445 249887848.6631
835.3557 29447565719.1137
835.4669 29480356066.1538
835.5781 253224851.4057
835.6892 29529838375.2905
835.8004 29567352678.5966
835.9116 245103285.5186
836.0228 29385101763.7991
836.1340 29469464934.1848
836.2452 238064677.9594
836.3564 29447258280.5402
836.4676 29681681613.6689
836.5788 233746601.9886
836.6899 29603776974.5079
836.8011 29553232004.3111
836.9123 244091770.4712
837.0235 29569127269.7579
837.1347 29597074054.4292
837.2459 236837814.0800
837.3571 29583149451.4053
837.4683 29678538319.1760
837.5794 242880036.8935
837.6906 29514607506.2198
837.8018 29570210933.6443
837.9130 231616621.8364
838.0242 29531835982.4857
838.1354 29505351567.1818
838.2466 224174447.9969
838.3578 29572154898.6764
838.4689 29606996415.0107
838.5801 219219135.6113
838.6913 29595117542.8927
838.8025 29463974619.2272
838.9137 242714518.7671
839.0249 29535207779.6672
839.1361 29498157144.1992
839.2473 248085215.4214
839.3585 29456741894.6032
839.4696 29573425239.3524
839.5808 226640807.8578
839.6920 29437088727.7132
839.8032 29542534841.9553
839.9144 241879964.4040
840.0256 29422038639.9951
840.1368 29533449369.5141
840.2480 229825968.8958
840.3591 29642818598.6356
840.4703 29566633497.0496
840.5815 225997259.2791
840.6927 29670934807.9801
840.8039 29427063410.9022
840.9151 223399759.9783
841.0263 29489082088.1896
841.1375 29498624329.7155
841.2486 229755521.0414
841.3598 29436176047.1843
841.4710 29590077988.4345
841.5822 219154795.3369
841.6934 29430086022.7876
841.8046 29534027119.2549
841.9158 218801334.5839
842.0270 29406572452.3050
842.1382 29484749737.7046
842.2493 233268759.2865
842.3605 29466900914.4126
842.4717 29456523343.5137
842.5829 225411956.1370
842.6941 29618400495.0002
842.8053 29359085741.5092
842.9165 224683596.6666
843.0277 29459405730.9361
843.1388 29491616197.9828
843.2500 223037661.3447
843.3612 29620688759.3005
843.4724 29554139414.2288
843.5836 219653516.3103
843.6948 29248113961.7284
843.8060 29705824044.2190
843.9172 228614776.0569
844.0283 29341223596.6305
844.1395 29502810644.7365
844.2507 214382224.4240
844.3619 29651365065.1816
844.4731 29499687914.2333
844.5843 227616865.1111
844.6955 29372681468.1527
844.8067 29588750036.2436
844.9179 237671956.8084
845.0290 29520081214.3587
845.1402 29443022257.8554
845.2514 209115030.5136
845.3626 29519604172.9854
845.4738 29597409768.7689
845.5850 220472077.1702
845.6962 29228282696.2227
845.8074 29587071971.1437
845.9185 227121967.3112
846.0297 29436452091.8972
846.1409 29443764379.1418
846.2521 233457275.3111
846.3633 29457745232.3544
846.4745 29618489473.2761
846.5857 229364942.9928
846.6969 29401274456.9682
846.8080 29385345387.4491
846.9192 214741186.8254
847.0304 29722988100.2043
847.1416 29119800985.1832
847.2528 233847752.0228
847.3640 29447947831.0664
847.4752 29380056554.2135
847.5864 232591940.0243
847.6976 29357766823.1024
847.8087 29312082501.0502
847.9199 231888095.6252
848.0311 29288566918.3778
848.1423 29567568892.5848
848.2535 237027475.2754
848.3647 28984135983.0157
848.4759 29683381677.5065
848.5871 242895522.4152
848.6982 29459882998.7941
848.8094 29438489088.0664
848.9206 243363349.7232
849.0318 29318501624.4086
849.1430 29537131689.7679
849.2542 248280735.9444
849.3654 29317406120.8444
849.4766 29543286650.7746
849.5878 246474939.7516
849.6989 29528249298.3520
849.8101 29463016139.1271
849.9213 248461086.6530
850.0325 29397949141.7424
850.1437 29470092940.3978
850.2549 250579919.8642
850.3661 29407870884.6788
850.4773 29480992157.7844
850.5884 244793087.7450
850.6996 29259863947.3166
850.8108 29556816962.9647
850.9220 253716071.6049
851.0332 29240098263.6253
851.1444 29446432114.6628
851.2556 257783960.4754
851.3668 29518033315.3842
851.4779 29340737698.1947
851.5891 259237679.4337
851.7003 29271211438.4255
851.8115 29615670813.1879
851.9227 264832868.6588
852.0339 29513861978.0397
852.1451 29348313742.3453
852.2563 245608110.0386
852.3675 29621822582.2048
852.4786 29460635991.9944
852.5898 270284099.4698
852.7010 29440752336.6324
852.8122 29483861835.8890
852.9234 270897814.7047
853.0346 29430764150.9833
853.1458 29362358353.9639
853.2570 277803773.1501
853.3681 29317511075.7909
853.4793 29604381168.8467
853.5905 278714063.0297
853.7017 29230154344.3479
853.8129 29349250191.2272
853.9241 291186701.8139
854.0353 29358401229.8395
854.1465 29274144979.0149
854.2576 306809890.7031
854.3688 29392835739.3720
854.4800 29600861878.8665
854.5912 271390660.2880
854.7024 29703606868.8681
854.8136 29206162891.6865
854.9248 321570146.9239
855.0360 29231695251.6456
855.1472 29400439777.2369
855.2583 318781694.7978
855.3695 29292971819.6693
855.4807 29612521309.5004
855.5919 295696273.5839
855.7031 29408342163.7359
855.8143 29491887059.8408
855.9255 308653825.7168
856.0367 29228576894.5501
856.1478 29509948652.2668
856.2590 335581591.2158
856.3702 29434333314.1048
856.4814 29486406185.6668
856.5926 333779289.0912
856.7038 29342562050.1068
856.8150 29398254597.3536
856.9262 341499075.1022
857.0373 29626676492.2605
857.1485 29390821441.5849
857.2597 355902592.4975
857.3709 29727314361.3507
857.4821 29470517238.2992
857.5933 346814562.5473
857.7045 29192117128.3403
857.8157 29608026560.3245
857.9269 366305964.8222
858.0380 29485431550.4042
858.1492 29357721691.3906
858.2604 369591715.1002
858.3716 29458389923.9402
858.4828 29434897232.0905
858.5940 366166197.6129
858.7052 29149565135.1642
858.8164 29355793209.9411
858.9275 382907528.4447
859.0387 29638131319.9661
859.1499 29373709706.6403
859.2611 403558737.5881
859.3723 29431612559.8784
859.4835 29446796471.8096
859.5947 440505953.5097
859.7059 29625522649.9673
859.8170 29086345333.9640
859.9282 409044873.6605
860.0394 29687740687.8670
860.1506 29137006178.2773
860.2618 426571306.2073
860.3730 29198526786.9672
860.4842 29559555515.4130
860.5954 406026311.0386
860.7066 29273389949.5444
860.8177 29185900237.5463
860.9289 447051285.8106
861.0401 29328027235.9394
861.1513 29448447953.3435
861.2625 455582115.3880
861.3737 29240318000.3282
861.4849 29470889981.7553
861.5961 487610067.2798
861.7072 29377345557.5708
861.8184 28878207782.9633
861.9296 484689376.5185
862.0408 29148468827.8195
862.1520 29119914790.0771
862.2632 523083481.9830
862.3744 29498763205.3450
862.4856 29109057532.9668
862.5968 546549195.6629
862.7079 29194825331.5140
862.8191 29147077135.4176
862.9303 546751120.7815
863.0415 29431218674.2569
863.1527 29685519594.3620
863.2639 580151056.8099
863.3751 29828864758.8003
863.4863 28915653199.6504
863.5974 558902759.2795
863.7086 29050684932.2525
863.8198 29440413781.3490
863.9310 588220127.1516
864.0422 29400296686.5184
864.1534 29709042850.4727
864.2646 597702376.0664
864.3758 29039945671.5975
864.4869 29395112235.4818
864.5981 617916919.5575
864.7093 28766549838.0109
864.8205 29817987301.0446
864.9317 602574367.1493
865.0429 29350567726.1439
865.1541 29329363273.8334
865.2653 619725193.6032
865.3765 29215949898.3046
865.4876 29319838611.3590
865.5988 640291968.4491
865.7100 29302866207.1597
865.8212 29175496883.9859
865.9324 695146966.0367
866.0436 29765830579.0494
866.1548 28778577417.1610
866.2660 660272929.3371
866.3771 29382302057.5945
866.4883 28916325870.6867
866.5995 699988974.6099
866.7107 29260167660.2128
866.8219 29223095789.7849
866.9331 652816225.3891
867.0443 28947433672.5110
867.1555 29945076046.5964
867.2666 689317623.5247
867.3778 29072589223.8607
867.4890 29111165188.4585
867.6002 777709954.4462
867.7114 29599528445.1068
867.8226 29139591074.6370
867.9338 768503651.3755
868.0450 28926891870.4704
868.1562 29408705591.7900
868.2673 766513976.9900
868.3785 29223667365.8659
868.4897 28789373161.7511
868.6009 775820936.5610
868.7121 29574322182.3635
868.8233 29035451865.8074
868.9345 772034599.1618
869.0457 29337853132.7080
869.1568 29085713015.3308
869.2680 786677236.4441
869.3792 29503184074.4063
869.4904 29304298534.8412
869.6016 758154365.8327
869.7128 29848670482.5458
869.8240 28928711731.5416
869.9352 782800881.2865
870.0463 29711147030.1941
870.1575 29440082420.7363
870.2687 756154780.6758
870.3799 29432186413.3642
870.4911 29306405947.9250
870.6023 770434073.9332
870.7135 28680703123.3507
870.8247 29361264067.7445
870.9359 883622574.3585
871.0470 28955621830.9265
871.1582 29396607785.8781
871.2694 805873069.3776
871.3806 29091302227.5786
871.4918 29482129947.0925
871.6030 760514394.0414
871.7142 28822615603.9799
871.8254 29088303883.8370
871.9365 778541983.6326
872.0477 29723841877.4524
872.1589 28781044260.4486
872.2701 803277306.9198
872.3813 29325433979.0701
872.4925 29062205925.2232
872.6037 856193295.9957
872.7149 29602734333.0481
872.8260 28567735076.6944
872.9372 787746687.3202
873.0484 29691518131.0943
873.1596 28862482388.6250
873.2708 830517133.9220
873.3820 29615669297.6780
873.4932 28514131211.1697
873.6044 782474206.4619
873.7156 28629847790.4729
873.8267 29347525094.0345
873.9379 805463222.9771
874.0491 29003466609.4205
874.1603 29452912210.3530
874.2715 775299390.4695
874.3827 29256954917.0107
874.4939 29236685688.7645
874.6051 758856434.4387
874.7162 29090711559.6194
874.8274 29354961842.3683
874.9386 742402444.8492
875.0498 29442336119.0434
875.1610 28797329942.6778
875.2722 734545852.8335
875.3834 29557853806.0626
875.4946 28730269652.9722
875.6057 754826497.2192
875.7169 29620749933.8735
875.8281 28815437142.9633
875.9393 702939233.9956
876.0505 29534226655.2051
876.1617 28878933895.7285
876.2729 724110668.3416
876.3841 29325908209.9293
876.4953 28792594021.7363
876.6064 654566343.8824
876.7176 29090479438.3345
876.8288 29152017477.9729
876.9400 639204513.1027
877.0512 29257556314.0049
877.1624 29133007063.5920
877.2736 638237541.2458
877.3848 29230081832.7719
877.4959 29195124734.7101
877.6071 590667220.0608
877.7183 29196829456.6778
877.8295 28994870051.2084
877.9407 570432370.7224
878.0519 29018061844.4755
878.1631 29071227086.8588
878.2743 562163968.8997
878.3855 29120219019.7138
878.4966 29165457886.7700
878.6078 592543862.1181
878.7190 29122520148.3529
878.8302 29200887651.3280
878.9414 552022405.7444
879.0526 29251320875.7578
879.1638 29257845399.3094
879.2750 558385351.5916
879.3861 29063035247.4863
879.4973 29159946015.0487
879.6085 492931495.5811
879.7197 29158550297.1901
879.8309 29151563253.2397
879.9421 517265686.8196
880.0533 29367453290.8658
880.1645 29118457017.0309
880.2756 525084743.0062
880.3868 29249163258.7488
880.4980 29219828434.1778
880.6092 533601524.2774
880.7204 29384937512.9902
880.8316 29076414844.1522
880.9428 484303378.4852
881.0540 29118938651.2768
881.1652 29139049932.8719
881.2763 460961845.6701
881.3875 29010714017.3340
881.4987 29387222291.0190
881.6099 441074309.6105
881.7211 28932346434.9400
881.8323 29222523418.9195
881.9435 457309664.1524
882.0547 29046465868.5918
882.1658 28850313146.7938
882.2770 462699701.1877
882.3882 28885938269.0354
882.4994 29542024139.6413
882.6106 394585925.8073
882.7218 29309744464.1752
882.8330 29257689710.9407
882.9442 434495543.4227
883.0553 29510380403.2101
883.1665 29096724859.6264
883.2777 402174689.8231
883.3889 29619058549.1161
883.5001 28906688956.7457
883.6113 398022606.3225
883.7225 29343020535.8798
883.8337 29210746855.6228
883.9449 408602552.9785
884.0560 29074792533.8494
884.1672 29334248447.7777
884.2784 373691352.4121
884.3896 29072281432.0271
884.5008 29508255460.2185
884.6120 359273511.9868
884.7232 29623908041.0966
884.8344 28651655762.1049
884.9455 368593046.6578
885.0567 28949597170.9518
885.1679 29129875284.0659
885.2791 363655643.9699
885.3903 29074172465.7409
885.5015 29285940038.2734
885.6127 349931316.5259
885.7239 29260918319.3355
885.8350 29021618001.1249
885.9462 361136294.2564
886.0574 29203920069.3010
886.1686 29087928864.0558
886.2798 328208269.6240
886.3910 29083781769.2362
886.5022 29325618062.4439
886.6134 327505752.0810
886.7246 29425202571.8492
886.8357 29142272541.5643
886.9469 337899681.0144
887.0581 29011930170.0385
887.1693 29426530434.0475
887.2805 305701500.5720
887.3917 29008472448.9314
887.5029 29408368324.0840
887.6141 290454216.6516
887.7252 29260748094.3878
887.8364 29085393730.2497
887.9476 324949353.8260
888.0588 29206049619.9511
888.1700 29039876840.6444
888.2812 320607997.2411
888.3924 29117483760.4599
888.5036 29389135794.1869
888.6147 296380522.1672
888.7259 29305896183.0134
888.8371 29281084144.2312
888.9483 289869096.5165
889.0595 29033656982.0780
889.1707 29131501232.2229
889.2819 278422780.1652
889.3931 29271887969.0660
889.5043 29252134581.9507
889.6154 306912607.1695
889.7266 29172410403.9573
889.8378 29270606968.7256
889.9490 283062612.6076
890.0602 29346666571.0381
890.1714 29104283929.9580
890.2826 285064697.7236
890.3938 29323920901.3317
890.5049 29098217120.5385
890.6161 277268877.3923
890.7273 29075700751.3082
890.8385 29077634356.6358
890.9497 266725115.2336
891.0609 29112478980.2068
891.1721 29250958679.4142
891.2833 259336321.9313
891.3945 29268526142.1076
891.5056 29002978647.0139
891.6168 268173109.3900
891.7280 29015547569.2516
891.8392 29245678603.0674
891.9504 265191663.0769
892.0616 29380422831.8540
892.1728 29029015072.3437
892.2840 235208768.5527
892.3951 29294675285.3943
892.5063 29042497928.9232
892.6175 241860945.6483
892.7287 29064338425.5694
892.8399 29130604178.9586
892.9511 248509480.6026
893.0623 29226263566.0777
893.1735 29027917367.1849
893.2846 242648140.5817
893.3958 29150549244.6786
893.5070 29050927035.6267
893.6182 232400898.1681
893.7294 29063649831.6820
893.8406 29155690188.1990
893.9518 238968765.6708
894.0630 29275737358.1834
894.1742 29025887429.7091
894.2853 235197471.2376
894.3965 29064632685.3623
894.5077 29209037075.5383
894.6189 233079945.9173
894.7301 28917178646.9490
894.8413 29195511952.7054
894.9525 238815767.9506
895.0637 29024210710.2135
895.1748 29121375967.2611
895.2860 234069703.4544
895.3972 29214108867.0537
895.5084 28914844404.9976
895.6196 235972336.1800
895.7308 29215736426.6395
895.8420 28980930817.3244
895.9532 250837606.7456
896.0643 29181251767.1453
896.1755 29040293035.9966
896.2867 221024849.8770
896.3979 29013523701.7580
896.5091 29188945310.2720
896.6203 221294002.6398
896.7315 29108130510.8718
896.8427 29058070678.9232
896.9539 235297853.0596
897.0650 29032872426.9729
897.1762 29002522893.2560
897.2874 222933778.7348
897.3986 29044616056.5475
897.5098 29039495902.4394
897.6210 218871589.2303
897.7322 28897343494.0936
897.8434 29113334616.3301
897.9545 202253717.9743
898.0657 28866772340.9714
898.1769 29082287045.3008
898.2881 224820678.8802
898.3993 29090963131.6370
898.5105 29129797170.9691
898.6217 215244662.8376
898.7329 28992874053.0826
898.8440 29194797208.7310
898.9552 205089325.9716
899.0664 29016075595.9629
899.1776 29191020001.1436
899.2888 213406083.1063
899.4000 29048648104.1178
899.5112 29056773398.0723
899.6224 203722475.8149
899.7336 29175498984.5991
899.8447 29009901906.1036
899.9559 202452717.7116
900.0671 29071938798.4818
900.1783 29042025514.6748
900.2895 207267385.1544
900.4007 29003368790.4009
900.5119 29130190975.9705
900.6231 202082107.3845
900.7342 29019910632.1083
900.8454 28985838321.9299
900.9566 213410043.2561
901.0678 28865661564.4607
901.1790 29200091346.7654
901.2902 212124830.8525
901.4014 29007867467.2287
901.5126 29112997243.9396
901.6237 213182002.5916
901.7349 29139774637.1805
901.8461 29118406674.8841
901.9573 189175749.4823
902.0685 29073519515.8918
902.1797 29050391929.0036
902.2909 194019731.4910
902.4021 29171065487.2787
902.5133 29134270895.3131
902.6244 185331111.9830
902.7356 29048568203.3092
902.8468 29076512604.6344
902.9580 206827277.9279
903.0692 29001403510.2415
903.1804 29021426869.3598
903.2916 196695724.9083
903.4028 29175585714.5753
903.5139 28904545748.7323
903.6251 204927476.0666
903.7363 29056131901.7114
903.8475 28916805528.2682
903.9587 197410381.9349
904.0699 28824498495.0210
904.1811 29123953737.7831
904.2923 184048412.5533
904.4034 29036977882.1526
904.5146 29095613891.4814
904.6258 203272422.9299
904.7370 29166230166.7089
904.8482 29100003127.3558
904.9594 197074107.9444
905.0706 28869844109.1378
905.1818 29212730803.3591
905.2930 183977995.7010
905.4041 29161710866.7129
905.5153 29026634182.3918
905.6265 193322904.3887
905.7377 29061935132.0469
905.8489 28990309645.1515
905.9601 181402946.1724
906.0713 28925543308.9181
906.1825 29069315240.1263
906.2936 183668214.9286
906.4048 28973021991.0460
906.5160 29080913046.1249
906.6272 185274138.8251
906.7384 28996962333.4264
906.8496 29043521658.0006
906.9608 178688930.2193
907.0720 28975370047.3054
907.1832 29141063657.5855
907.2943 189411744.0153
907.4055 28996995826.6783
907.5167 29002492986.9463
907.6279 173051305.1298
907.7391 29064394020.3919
907.8503 28910653164.5683
907.9615 180501539.1065
908.0727 29096939903.1493
908.1838 28927393419.5988
908.2950 187366327.4328
908.4062 28812547205.6579
908.5174 29033903128.7038
908.6286 177644597.3627
908.7398 29085773650.7409
908.8510 28922649688.5854
908.9622 186280720.1256
909.0733 28967288902.6294
909.1845 29155011354.4057
909.2957 182693791.0154
909.4069 28840819366.8507
909.5181 29234789721.9002
909.6293 182535440.6852
909.7405 29071290439.7684
909.8517 28901429362.1358
909.9629 176846529.9696
910.0740 29035511548.4486
910.1852 28940365753.1221
910.2964 177493843.8593
910.4076 29059899726.4279
910.5188 28793109963.8706
910.6300 189855915.4736
910.7412 28962305400.8404
910.8524 28985975875.1926
910.9635 175479839.3253
911.0747 28980516881.2559
911.1859 29039920218.9873
911.2971 176883986.2222
911.4083 28868526292.6690
911.5195 29082162104.5458
911.6307 185667088.2085
911.7419 28924828532.9889
911.8530 29075818619.7906
911.9642 188180920.9779
912.0754 29066452910.7681
912.1866 28947362808.9798
912.2978 173880913.3575
912.4090 28984303012.0954
912.5202 28847153353.3284
912.6314 170620118.2955
912.7426 28964755193.3794
912.8537 28926864053.9319
912.9649 176855647.9441
913.0761 29049861809.5125
913.1873 28841034402.2120
913.2985 195524876.0113
913.4097 28940402412.6383
913.5209 28909074977.5720
913.6321 179764686.4079
913.7432 28896307601.0653
913.8544 28950697323.6091
913.9656 183261588.6771
914.0768 28872427496.3673
914.1880 28933709905.4970
914.2992 201298736.1670
914.4104 28882502769.6725
914.5216 28933743624.9977
914.6327 190914810.1804
914.7439 29035548363.3426
914.8551 28936519813.4607
914.9663 186398524.2281
915.0775 29037962104.4330
915.1887 28916759537.4486
915.2999 195136622.5866
915.4111 28919298279.5951
915.5223 28964648365.4106
915.6334 195144411.4500
915.7446 28883072155.7727
915.8558 29001077274.2554
915.9670 195111578.0488
916.0782 28890050176.7038
916.1894 29012822272.3385
916.3006 194595955.5333
916.4118 28987780798.8734
916.5229 28908602561.6263
916.6341 190276186.7604
916.7453 28889500092.2409
916.8565 28939566249.9371
916.9677 193095044.2233
917.0789 29095490239.3496
917.1901 28761922573.1680
917.3013 197038114.1730
917.4124 28969321888.1551
917.5236 28909524846.1271
917.6348 197956158.2845
917.7460 28964668043.8377
917.8572 28898816910.2675
917.9684 184954946.2478
918.0796 28910930213.6042
918.1908 28958387430.4589
918.3020 195235367.2463
918.4131 28938319231.5345
918.5243 28931312824.2886
918.6355 184312410.5198
918.7467 28888600643.7004
918.8579 29058924296.0955
918.9691 185165456.4179
919.0803 28792924542.7334
919.1915 29021925675.0689
919.3026 196047107.4455
919.4138 28805084595.9196
919.5250 29046505401.0955
919.6362 193606443.5146
919.7474 28857023430.1428
919.8586 29101203599.2509
919.9698 200825207.4052
920.0810 28899583717.8946
920.1922 28956246204.6082
920.3033 201070915.5007
920.4145 28928922702.6156
920.5257 28910380443.9014
920.6369 200457357.9225
920.7481 28956746522.9993
920.8593 28930733701.6845
920.9705 205321100.7052
921.0817 29018694363.6068
921.1928 28838706981.8814
921.3040 199530821.6088
921.4152 28914268880.4080
921.5264 29008233466.6613
921.6376 193057769.2443
921.7488 28925433230.8323
921.8600 28956093887.9006
921.9712 200507117.4462
922.0823 28867653669.8719
922.1935 28900878005.5194
922.3047 210497843.0883
922.4159 28804827911.9000
922.5271 28947360261.8165
922.6383 214729558.6958
922.7495 28902583400.5046
922.8607 28995161140.9236
922.9719 211108527.4408
923.0830 29028061765.7141
923.1942 28964752169.4458
923.3054 203066154.7488
923.4166 28910621136.4633
923.5278 28924257538.4675
923.6390 226119707.7352
923.7502 28990892518.3103
923.8614 28833727441.0798
923.9725 217984148.6666
924.0837 28927752741.6468
924.1949 28933243022.5479
924.3061 214751902.0623
924.4173 28880251248.6304
924.5285 28879532404.8694
924.6397 213732457.3853
924.7509 28960688524.7574
924.8620 28891724511.4060
924.9732 232696627.7236
925.0844 28936099744.3204
925.1956 28859327816.1011
925.3068 214180544.8826
925.4180 28922096784.1777
925.5292 28857447441.9949
925.6404 226196999.2371
925.7516 28886421803.5938
925.8627 28944843892.9468
925.9739 218752818.6332
926.0851 28870983310.0831
926.1963 28957398181.0103
926.3075 220492065.3870
926.4187 28874544496.5186
926.5299 28847155110.9737
926.6411 224879103.9875
926.7522 28974207202.4061
926.8634 28888357996.8379
926.9746 226256801.1505
927.0858 28829303352.5049
927.1970 28951661427.5098
927.3082 229213948.2859
927.4194 28810208723.4751
927.5306 28796675662.1101
927.6417 244469556.6721
927.7529 28860613572.0920
927.8641 28861461743.3153
927.9753 239991763.8138
928.0865 28942952289.9827
928.1977 28827021685.4907
928.3089 249614733.4095
928.4201 28867133327.1436
928.5313 28858505695.8080
928.6424 251553137.5175
928.7536 28945488909.2126
928.8648 28815978588.8175
928.9760 241082097.4444
929.0872 28838274462.7609
929.1984 28937249997.0154
929.3096 235978589.0357
929.4208 28800603405.2100
929.5319 28997517785.7404
929.6431 246484425.3110
929.7543 28799736797.4050
929.8655 28972637555.7705
929.9767 261737612.6655
930.0879 28805739777.3915
930.1991 28759700292.9382
930.3103 268925385.3807
930.4214 28892025070.1749
930.5326 28763139704.2601
930.6438 262678756.0670
930.7550 28909709946.7032
930.8662 28744289148.3694
930.9774 264417116.4765
931.0886 28921907693.0533
931.1998 28855114238.3810
931.3110 255805838.2009
931.4221 28840658318.4571
931.5333 28809779982.6442
931.6445 271174646.5114
931.7557 28935580695.2931
931.8669 28765950923.3555
931.9781 267622459.2421
932.0893 28770757518.9930
932.2005 28864678249.6256
932.3116 272700753.9711
932.4228 28799154595.9202
932.5340 28798054651.0824
932.6452 290820180.3039
932.7564 28848520148.2469
932.8676 28844981738.3990
932.9788 287431407.4887
933.0900 28808081957.0625
933.2012 28735749040.0501
933.3123 275226488.5620
933.4235 28868224716.7838
933.5347 28736489446.6652
933.6459 294745207.6036
933.7571 28727087936.3053
933.8683 28893270619.6090
933.9795 284043504.7930
934.0907 28788003241.7601
934.2018 28887827158.7772
934.3130 291920533.9875
934.4242 28817682911.2573
934.5354 28768232364.8674
934.6466 321302720.3498
934.7578 28911267505.7672
934.8690 28758270657.1579
934.9802 308991512.7489
935.0913 28805893042.5277
935.2025 28789812013.9320
935.3137 325858760.0502
935.4249 28776362827.9010
935.5361 28833218279.0105
935.6473 285065239.4092
935.7585 28849418526.3193
935.8697 28778340481.9197
935.9809 310551535.9693
936.0920 28828554914.2409
936.2032 28741260437.6852
936.3144 318252806.5752
936.4256 28917625791.1745
936.5368 28706149901.1369
936.6480 319888246.0366
936.7592 28816536985.1666
936.8704 28722579137.7080
936.9815 320882706.0150
937.0927 28704556862.0554
937.2039 28901425282.7922
937.3151 348072374.0564
937.4263 28648200154.1292
937.5375 28904495337.4849
937.6487 316352198.7755
937.7599 28690639240.1606
937.8710 28892175847.0333
937.9822 366031233.4947
938.0934 28810629340.8560
938.2046 28760354632.6617
938.3158 356949834.0183
938.4270 28862215921.9800
938.5382 28699639498.0449
938.6494 347255385.7666
938.7606 28788444781.2506
938.8717 28683001274.6570
938.9829 349253330.2563
939.0941 28933261647.9487
939.2053 28609027156.2578
939.3165 341174083.1724
939.4277 28707652090.7457
939.5389 28854160452.4718
939.6501 336223587.2180
939.7612 28709897170.2339
939.8724 28904322585.4381
939.9836 358880192.9341
940.0948 28692068320.6092
940.2060 28868180491.1259
940.3172 360573942.7021
940.4284 28818327482.8820
940.5396 28759658129.1498
940.6507 365668653.8999
940.7619 28765377407.3690
940.8731 28758490222.6320
940.9843 372128810.0676
941.0955 28766115950.1670
941.2067 28822944393.1735
941.3179 373471724.5620
941.4291 28781695891.0451
941.5403 28833338003.1224
941.6514 373365354.4447
941.7626 28786453294.2624
941.8738 28789633328.8894
941.9850 353494595.1857
942.0962 28875065206.1381
942.2074 28686350005.1517
942.3186 366221027.6959
942.4298 28757981277.8870
942.5409 28798526070.0460
942.6521 377333709.8953
942.7633 28776462149.6231
942.8745 28694843395.5310
942.9857 368348921.1499
943.0969 28855342174.3325
943.2081 28701161016.2714
943.3193 394587505.3789
943.4304 28819367611.0097
943.5416 28698450858.3354
943.6528 394090336.7502
943.7640 28724824415.8238
943.8752 28799773715.0744
943.9864 389056587.4830
944.0976 28687816329.7018
944.2088 28827756213.9056
944.3200 393627845.3935
944.4311 28663159789.9281
944.5423 28816916552.6539
944.6535 392538275.1170
944.7647 28769908151.5925
944.8759 28721352066.6170
944.9871 375188621.5103
945.0983 28785001177.6788
945.2095 28707454982.9116
945.3206 375435004.2297
945.4318 28779330711.0906
945.5430 28651944970.0413
945.6542 381768916.0268
945.7654 28696795573.4724
945.8766 28779099812.4316
945.9878 370998992.5596
946.0990 28726247439.7860
946.2101 28766146506.7776
946.3213 376774143.8098
946.4325 28768931923.4005
946.5437 28705842312.1987
946.6549 365490547.5634
946.7661 28800510832.9797
946.8773 28740735250.8690
946.9885 366186179.2034
947.0997 28795446995.1180
947.2108 28758767999.7666
947.3220 359545003.8226
947.4332 28719912230.8785
947.5444 28756912288.1568
947.6556 361336738.0176
947.7668 28717521813.6492
947.8780 28783192012.3726
947.9892 358669898.4632
948.1003 28665335609.1853
948.2115 28736319456.5523
948.3227 356356645.4455
948.4339 28698090694.7754
948.5451 28727340082.8894
948.6563 353114788.3321
948.7675 28696721072.6865
948.8787 28690954779.3876
948.9899 366379794.1278
949.1010 28791049188.1800
949.2122 28657134807.0202
949.3234 369881920.9111
949.4346 28715579979.7913
949.5458 28727912668.7530
949.6570 341786139.1946
949.7682 28685324307.1459
949.8794 28723200824.5463
949.9905 373725130.9214
950.1017 28664897020.3650
950.2129 28737259525.5359
950.3241 337440758.3886
950.4353 28685451869.3900
950.5465 28703819071.7396
950.6577 311461589.6865
950.7689 28685355463.5800
950.8800 28720567623.0517
950.9912 320221508.2133
951.1024 28766199042.3316
951.2136 28739303983.7744
951.3248 336202770.7231
951.4360 28698087707.7148
951.5472 28783638886.3039
951.6584 303076610.5793
951.7696 28730645727.8092
951.8807 28635857698.2422
951.9919 319774110.3260
952.1031 28722005778.7990
952.2143 28701076535.7628
952.3255 327918645.2332
952.4367 28728646950.8879
952.5479 28621322934.4652
952.6591 301609210.2212
952.7702 28693547358.1337
952.8814 28654367974.4856
952.9926 309786732.0416
953.1038 28735077226.7640
953.2150 28665167720.8053
953.3262 289315727.2561
953.4374 28709209734.4643
953.5486 28665657916.4592
953.6597 300546834.7699
953.7709 28762402926.7895
953.8821 28605009957.4743
953.9933 278834542.9803
954.1045 28721337434.0212
954.2157 28624918546.9964
954.3269 289271743.3067
954.4381 28687340120.1123
954.5493 28677743100.9669
954.6604 262123521.1794
954.7716 28638954396.0635
954.8828 28738210189.5116
954.9940 271222217.1706
955.1052 28712119145.8862
955.2164 28613608926.7779
955.3276 264382800.4925
955.4388 28671186992.8283
955.5499 28597286992.7143
955.6611 266659662.4409
955.7723 28596918840.0159
955.8835 28730804025.5733
955.9947 266041948.3300
956.1059 28667913429.0638
956.2171 28681308742.9188
956.3283 253572948.8136
956.4394 28639407462.0123
956.5506 28667380106.4329
956.6618 254618540.4682
956.7730 28673306453.8291
956.8842 28643463368.5902
956.9954 238899347.9455
957.1066 28666616018.1738
957.2178 28649212295.9043
957.3290 238661439.7861
957.4401 28645208471.6445
957.5513 28714998813.4018
957.6625 254603735.4663
957.7737 28580068158.9981
957.8849 28633213401.2625
957.9961 230268599.4551
958.1073 28621250530.2313
958.2185 28708167544.7446
958.3296 233632060.1940
958.4408 28603186251.3396
958.5520 28654322152.0330
958.6632 235148851.9509
958.7744 28635770751.3819
958.8856 28700554941.7366
958.9968 234258614.8727
959.1080 28673824674.1831
959.2191 28557980738.1062
959.3303 220327781.0380
959.4415 28682406739.9269
959.5527 28695641054.4734
959.6639 214823954.9179
959.7751 28654674303.6027
959.8863 28655175530.9811
959.9975 223675635.2797
960.1087 28621743362.0469
960.2198 28670616968.2793
960.3310 203795985.5126
960.4422 28667435418.5823
960.5534 28625329696.5820
960.6646 217471870.3883
960.7758 28561899413.3569
960.8870 28650852945.5250
960.9982 207777691.9431
961.1093 28632393812.8454
961.2205 28703714201.8081
961.3317 222385032.8889
961.4429 28652318255.0486
961.5541 28591873651.9594
961.6653 207058653.6170
961.7765 28659543944.2392
961.8877 28628827369.8157
961.9989 212599265.7034
962.1100 28659449563.7106
962.2212 28591206120.0051
962.3324 199582654.8338
962.4436 28643680978.8107
962.5548 28538357551.2179
962.6660 191124043.6522
962.7772 28622028324.1205
962.8884 28623144725.8777
962.9995 199126124.4110
963.1107 28650989989.9112
963.2219 28647132357.6152
963.3331 199358227.9966
963.4443 28635054834.3804
963.5555 28558366985.1816
963.6667 188795112.4510
963.7779 28618595373.4675
963.8890 28558842064.7714
964.0002 195531751.8442
964.1114 28609949453.9030
964.2226 28636520030.4650
964.3338 193635964.0489
964.4450 28611197082.0339
964.5562 28663790894.6242
964.6674 196076320.4408
964.7786 28649428903.1585
964.8897 28634578206.0171
965.0009 196021655.7300
965.1121 28561458825.7347
965.2233 28594173325.3402
965.3345 184943148.1262
965.4457 28596933290.3108
965.5569 28551426006.0438
965.6681 178573286.9350
965.7792 28613571283.2024
965.8904 28563917079.5532
966.0016 174797762.5190
966.1128 28667784338.3795
966.2240 28597951428.8417
966.3352 173438996.5794
966.4464 28645798718.3918
966.5576 28536776809.2160
966.6687 180709572.3842
966.7799 28616221773.2472
966.8911 28613900995.2367
967.0023 180213023.2741
967.1135 28472122204.0027
967.2247 28635767697.1186
967.3359 174702528.1296
967.4471 28602298109.4306
967.5583 28579836578.6342
967.6694 176553311.3409
967.7806 28638113158.2934
967.8918 28554991197.2513
968.0030 171888735.6095
968.1142 28619137961.1953
968.2254 28531701273.5552
968.3366 166932550.6011
968.4478 28538507495.7145
968.5589 28502256573.6380
968.6701 171872975.8529
968.7813 28506756000.2728
968.8925 28601849453.0595
969.0037 162079284.8667
969.1149 28610368891.2069
969.2261 28511026167.8474
969.3373 172468385.7459
969.4484 28537748458.6646
969.5596 28517121810.8997
969.6708 168952750.2228
969.7820 28597751635.0429
969.8932 28555161432.4371
970.0044 175562128.1533
970.1156 28559632410.1964
970.2268 28643827605.0577
970.3380 162847379.4327
970.4491 28613595432.6871
970.5603 28530206882.7158
970.6715 168892833.6087
970.7827 28613817229.1856
970.8939 28534048451.5415
971.0051 164953202.5315
971.1163 28560696899.0243
971.2275 28540445615.2593
971.3386 165907710.8539
971.4498 28519739101.9645
971.5610 28528951056.6027
971.6722 168647142.4658
971.7834 28593912472.3480
971.8946 28504591949.4373
972.0058 164274112.5299
972.1170 28512760930.9795
972.2281 28556651258.1484
972.3393 157986283.7271
972.4505 28475460256.2800
972.5617 28618602583.4292
972.6729 161926096.0834
972.7841 28589507995.6785
972.8953 28506149301.3692
973.0065 169245448.9548
973.1177 28528682191.5341
973.2288 28568385256.2107
973.3400 161826184.3258
973.4512 28567217741.4410
973.5624 28540867103.4417
973.6736 165072187.3964
973.7848 28545105341.7855
973.8960 28500928171.8949
974.0072 159221137.3599
974.1183 28595428151.0212
974.2295 28520019805.9598
974.3407 168419538.9384
974.4519 28502944467.0710
974.5631 28565447370.3076
974.6743 169999201.8133
974.7855 28441486275.0192
974.8967 28649812204.4241
975.0079 160833960.4192
975.1190 28549585130.3223
975.2302 28524357139.9823
975.3414 172412765.4532
975.4526 28602917503.8659
975.5638 28484152685.4831
975.6750 167644618.3979
975.7862 28519904830.9629
975.8974 28530014874.4785
976.0085 162380004.4324
976.1197 28430550701.8805
976.2309 28565743249.7116
976.3421 166523756.8677
976.4533 28565135373.7603
976.5645 28494542189.3742
976.6757 165626187.1154
976.7869 28513971533.5453
976.8980 28545136695.0143
977.0092 171538091.8289
977.1204 28511957138.7096
977.2316 28558613055.1583
977.3428 160369708.8020
977.4540 28574410001.9436
977.5652 28509883591.7692
977.6764 179817217.7778
977.7876 28551720791.1631
977.8987 28497143130.0779
978.0099 179634979.6393
978.1211 28552792749.5168
978.2323 28509369586.1581
978.3435 160497222.3736
978.4547 28547122096.9200
978.5659 28493348875.5082
978.6771 181361398.1119
978.7882 28508828526.7767
978.8994 28540947004.7174
979.0106 172104090.2493
979.1218 28555977285.2456
979.2330 28497974632.8098
979.3442 171960385.0314
979.4554 28503856395.3594
979.5666 28507616047.7577
979.6777 173541477.2175
979.7889 28506611938.8154
979.9001 28474777215.8989
980.0113 175236459.3642
980.1225 28532640118.1401
980.2337 28432482780.4555
980.3449 172681549.2651
980.4561 28477716857.5338
980.5673 28461710592.5612
980.6784 175717230.5226
980.7896 28435554371.8710
980.9008 28449722956.4468
981.0120 178586113.7463
981.1232 28487092174.0555
981.2344 28443696862.5467
981.3456 183546628.0719
981.4568 28456999659.5358
981.5679 28506373676.3190
981.6791 182221265.6655
981.7903 28480425342.3807
981.9015 28509677991.5219
982.0127 192062790.4665
982.1239 28456700197.1030
982.2351 28501408634.3334
982.3463 182106546.4318
982.4574 28449189552.6335
982.5686 28490179792.2258
982.6798 184197452.5463
982.7910 28452193259.7205
982.9022 28470647003.1309
983.0134 190129910.0952
983.1246 28468858666.0502
983.2358 28406308895.3501
983.3470 183101663.7603
983.4581 28517201244.4535
983.5693 28472297637.1446
983.6805 179996539.8249
983.7917 28524021911.8382
983.9029 28464568264.1978
984.0141 194850084.6112
984.1253 28384735088.2304
984.2365 28451138508.3173
984.3476 187981948.9837
984.4588 28464061557.6920
984.5700 28471102118.4822
984.6812 202698653.1615
984.7924 28460572217.0751
984.9036 28462768872.3175
985.0148 208875472.9176
985.1260 28436408909.4396
985.2371 28468141632.1746
985.3483 202730037.6824
985.4595 28459512263.8816
985.5707 28443543022.5863
985.6819 213167127.6898
985.7931 28431244668.0861
985.9043 28493913698.1458
986.0155 208975439.6364
986.1267 28443884113.6804
986.2378 28450693822.9940
986.3490 211281524.3783
986.4602 28443819042.9438
986.5714 28452868597.7460
986.6826 204224269.2116
986.7938 28464815040.1807
986.9050 28418140970.6245
987.0162 211244484.8306
987.1273 28452786376.9269
987.2385 28474963623.9168
987.3497 207371009.0817
987.4609 28531615540.1901
987.5721 28387394492.1328
987.6833 219836307.2239
987.7945 28422374871.2825
987.9057 28459351395.3701
988.0168 220589668.9028
988.1280 28525856822.0344
988.2392 28364246070.5068
988.3504 226131235.8382
988.4616 28456896110.7158
988.5728 28371124394.0083
988.6840 230248416.9387
988.7952 28375131705.9057
988.9064 28465379502.2681
989.0175 225939445.0981
989.1287 28354926965.0608
989.2399 28445283061.4353
989.3511 240144180.8570
989.4623 28379912840.8061
989.5735 28492731502.3098
989.6847 242415764.5631
989.7959 28447616862.7308
989.9070 28436833393.2215
990.0182 263317672.6503
990.1294 28454276026.9178
990.2406 28416144449.8630
990.3518 243948801.7739
990.4630 28493486153.2727
990.5742 28399307270.6472
990.6854 260901006.9292
990.7966 28494774210.5802
990.9077 28382294801.9484
991.0189 246373584.2633
991.1301 28398177384.1104
991.2413 28381155709.8270
991.3525 242865599.9642
991.4637 28417086012.5849
991.5749 28385877263.3924
991.6861 275371279.3955
991.7972 28434728844.9988
991.9084 28392668910.5551
992.0196 269747779.1145
992.1308 28406467077.8854
992.2420 28463451381.9201
992.3532 286789791.9339
992.4644 28426749341.5879
992.5756 28338585141.4651
992.6867 266414282.5691
992.7979 28396425464.6879
992.9091 28416386031.4566
993.0203 289994744.9927
993.1315 28425465401.9410
993.2427 28429714275.5075
993.3539 276572451.5026
993.4651 28360673688.7099
993.5763 28426509658.4194
993.6874 303096994.0821
993.7986 28443957348.0937
993.9098 28405279221.0185
994.0210 295393472.1728
994.1322 28396681392.5605
994.2434 28376372146.8296
994.3546 321157971.7490
994.4658 28465563295.5942
994.5769 28355457538.2389
994.6881 308317239.8318
994.7993 28425300228.6929
994.9105 28372927918.3857
995.0217 349536956.2157
995.1329 28391027651.9661
995.2441 28417004696.8667
995.3553 346255918.2771
995.4664 28476238229.1589
995.5776 28474404626.3481
995.6888 343985772.1240
995.8000 28414139742.3172
995.9112 28406755108.7440
996.0224 353622517.4219
996.1336 28451580717.1088
996.2448 28382931410.1677
996.3560 357447497.0859
996.4671 28419228558.0439
996.5783 28418534427.6447
996.6895 370580625.6635
996.8007 28419311859.5775
996.9119 28377252291.6000
997.0231 372413928.7535
997.1343 28380527007.8533
997.2455 28338058689.0787
997.3566 396827156.0301
997.4678 28463620832.1508
997.5790 28357426913.8368
997.6902 395507839.7786
997.8014 28391846055.5570
997.9126 28381040024.6023
998.0238 392154014.2658
998.1350 28373725516.9202
998.2461 28345479098.9130
998.3573 407037209.9456
998.4685 28354557194.0830
998.5797 28407343691.4108
998.6909 418234099.2042
998.8021 28394070464.6542
998.9133 28336051535.9863
999.0245 448069788.9874
999.1357 28416913694.8846
999.2468 28318899744.6124
999.3580 443079941.1420
999.4692 28360516189.1522
999.5804 28343085724.6196
999.6916 453847607.2827
999.8028 28365116006.1669
999.9140 28300548880.8973
1000.0252 453568409.6580
1000.1363 28381555348.8067
1000.2475 28346981959.7482
1000.3587 493501259.4314
1000.4699 28377032063.4826
1000.5811 28352027742.0362
1000.6923 496461449.3919
1000.8035 28315599923.3303
1000.9147 28347169409.2701
1001.0258 495158155.0285
1001.1370 28333704418.6224
1001.2482 28367226122.6343
1001.3594 537288780.9045
1001.4706 28373411953.6650
1001.5818 28325635605.8454
1001.6930 556614846.2936
1001.8042 28366976149.6118
1001.9154 28351004104.8603
1002.0265 552829067.7374
1002.1377 28336398792.9049
1002.2489 28336195774.0840
1002.3601 563037359.5949
1002.4713 28350355479.9958
1002.5825 28317266078.8741
1002.6937 588520427.6557
1002.8049 28362305355.6146
1002.9160 28302179442.4184
1003.0272 586648173.4083
1003.1384 28357995768.9753
1003.2496 28283920418.9908
1003.3608 620923016.6874
1003.4720 28335564264.0167
1003.5832 28295842750.0505
1003.6944 627581976.7955
1003.8056 28302895431.1296
1003.9167 28350850162.7219
1004.0279 649560080.9140
1004.1391 28357922991.4300
1004.2503 28330554417.6725
1004.3615 701378872.3983
1004.4727 28307659003.2037
1004.5839 28301262104.8621
1004.6951 679000865.1667
1004.8062 28325765631.2632
1004.9174 28334056008.3587
1005.0286 710079162.0705
1005.1398 28281712326.6159
1005.2510 28352356081.7860
1005.3622 716728413.4329
1005.4734 28299996551.2015
1005.5846 28314819388.5136
1005.6957 780301889.1050
1005.8069 28400196405.4733
1005.9181 28316168353.7735
1006.0293 776026447.3032
1006.1405 28355949273.9378
1006.2517 28294529474.6917
1006.3629 773440941.1006
1006.4741 28284956385.6732
1006.5853 28285532951.3160
1006.6964 834580049.0032
1006.8076 28323353415.6170
1006.9188 28307763800.6278
1007.0300 819297047.7647
1007.1412 28359543589.8818
1007.2524 28282798620.3649
1007.3636 914938596.0331
1007.4748 28353611511.1538
1007.5859 28251048506.0986
1007.6971 957555211.7856
1007.8083 28294028561.8003
1007.9195 28328288874.0037
1008.0307 895947657.7683
1008.1419 28282592517.4728
1008.2531 28313558385.9434
1008.3643 981415303.7726
1008.4754 28296337529.2055
1008.5866 28356259439.8028
1008.6978 920166794.2703
1008.8090 28285668481.2559
1008.9202 28344682579.3144
1009.0314 1024546885.6120
1009.1426 28355321866.1142
1009.2538 28278929635.5745
1009.3650 1089915393.2914
1009.4761 28311507662.7426
1009.5873 28314936787.1830
1009.6985 1118441984.5287
1009.8097 28259680492.5776
1009.9209 28304755098.9283
1010.0321 1102829518.8602
1010.1433 28377643292.8773
1010.2545 28244414850.0552
1010.3656 1166151207.7291
1010.4768 28336463695.2762
1010.5880 28354684184.5716
1010.6992 1299698570.5413
1010.8104 28309301424.8344
1010.9216 28314653691.2083
1011.0328 1195401460.2264
1011.1440 28363458444.3507
1011.2551 28294410221.8392
1011.3663 1256710864.2887
1011.4775 28287430559.4255
1011.5887 28274503134.4615
1011.6999 1375850902.6180
1011.8111 28282677088.3025
1011.9223 28327246682.4817
1012.0335 1420460553.7166
1012.1447 28352108747.5864
1012.2558 28262757492.9955
1012.3670 1442536457.1415
1012.4782 28243114098.9840
1012.5894 28302356749.3725
1012.7006 1601798605.1680
1012.8118 28351560908.3656
1012.9230 28287973425.9618
1013.0342 1610160059.7577
1013.1453 28319008874.2831
1013.2565 28264238846.2924
1013.3677 1673460549.4462
1013.4789 28343924369.4579
1013.5901 28170116855.8305
1013.7013 1726456576.4146
1013.8125 28280422385.7763
1013.9237 28281176069.7857
1014.0348 1812213277.8098
1014.1460 28286056779.7339
1014.2572 28301776799.6380
1014.3684 1747010250.6389
1014.4796 28322445215.6475
1014.5908 28241048471.8081
1014.7020 1829966111.8512
1014.8132 28318460864.1060
1014.9244 28241096681.4424
1015.0355 2000946130.5791
1015.1467 28354639356.0076
1015.2579 28218769270.6608
1015.3691 2072796237.6151
1015.4803 28284071144.2266
1015.5915 28284990198.5287
1015.7027 2289597565.4114
1015.8139 28241361374.0151
1015.9250 28214205558.8834
1016.0362 2313640837.8746
1016.1474 28293802147.3352
1016.2586 28240457334.5796
1016.3698 2358149481.5550
1016.4810 28220420266.1325
1016.5922 28284387110.4450
1016.7034 2441963166.9589
1016.8145 28287515663.7856
1016.9257 28245898937.9512
1017.0369 2664837891.4012
1017.1481 28277781480.4894
1017.2593 28232975352.1432
1017.3705 2890723504.4157
1017.4817 28251320071.2117
1017.5929 28242220005.4253
1017.7041 2736154742.9014
1017.8152 28243653203.1958
1017.9264 28206754719.9603
1018.0376 3029714906.1124
1018.1488 28194969988.8655
1018.2600 28287582233.2601
1018.3712 3192609000.2716
1018.4824 28324340685.8423
1018.5936 28150746098.5274
1018.7047 3243197993.6853
1018.8159 28331548390.8636
1018.9271 28125848935.9003
1019.0383 3643645697.1636
1019.1495 28243561998.7280
1019.2607 28182081492.2999
1019.3719 3701648733.2267
1019.4831 28186096598.8083
1019.5943 28204495887.0878
1019.7054 3982283367.5558
1019.8166 28327537529.1320
1019.9278 28161452319.6080
1020.0390 4066683812.0966
1020.1502 28200915467.2275
1020.2614 28197462829.2909
1020.3726 4393581003.0648
1020.4838 28186670616.9351
1020.5949 28216015332.4365
1020.7061 4530546286.0962
1020.8173 28300760217.0998
1020.9285 28156908034.6552
1021.0397 4561458880.5730
1021.1509 28335121245.0505
1021.2621 28058335717.7650
1021.3733 4670102238.3067
1021.4844 28172767943.2607
1021.5956 28212132698.8373
1021.7068 4971226509.9380
1021.8180 28274222818.8708
1021.9292 28213491588.2062
1022.0404 5087020957.4569
1022.1516 28228409365.5623
1022.2628 28141076177.4069
1022.3740 5191162800.4463
1022.4851 28190448183.4264
1022.5963 28187973794.0286
1022.7075 5300458820.4678
1022.8187 28277150941.4895
1022.9299 28076760583.5018
1023.0411 5078132316.5319
1023.1523 28110331500.3608
1023.2635 28208535669.4483
1023.3746 5482813280.3317
1023.4858 28229754129.3481
1023.5970 28170383880.1505
1023.7082 5646218609.0390
1023.8194 28216120480.5156
1023.9306 28152182834.5366
1024.0418 5487205823.7984
1024.1530 28147191918.6957
1024.2641 28152953571.1143
1024.3753 5276037945.6293
1024.4865 28166245240.2051
1024.5977 28105366534.0619
1024.7089 5216589587.4446
1024.8201 28105489627.9048
1024.9313 28122020660.5165
1025.0425 5068149729.8451
1025.1537 28215078131.6035
1025.2648 28216221696.1564
1025.3760 4675257970.4310
1025.4872 28194133310.6476
1025.5984 28061164167.1962
1025.7096 5020121139.6684
1025.8208 28167113008.5691
1025.9320 28062756840.9482
1026.0432 4862704395.9150
1026.1543 28023252518.5085
1026.2655 28166923913.0828
1026.3767 4511285212.3977
1026.4879 28135158421.9105
1026.5991 28211723049.5985
1026.7103 4480364772.8413
1026.8215 28123221402.7286
1026.9327 28170026215.3999
1027.0438 4116345778.7401
1027.1550 28112838266.0633
1027.2662 28169221604.2026
1027.3774 4042224475.0448
1027.4886 28208523038.1380
1027.5998 28170710276.1587
1027.7110 3745971670.2463
1027.8222 28020120003.8476
1027.9334 28226431762.7483
1028.0445 3437244803.7323
1028.1557 28140902624.7407
1028.2669 28107234235.4804
1028.3781 3304648800.8864
1028.4893 28153673840.6312
1028.6005 28213142156.9199
1028.7117 3160748781.5539
1028.8229 28261801614.6967
1028.9340 28076350921.7982
1029.0452 2960038749.7009
1029.1564 28047290712.7546
1029.2676 28121792917.7878
1029.3788 2657942082.2834
1029.4900 28115510676.7977
1029.6012 28265056832.1057
1029.7124 2761119861.8080
1029.8235 28202088808.7085
1029.9347 27996437785.7059
1030.0459 2537065561.6249
1030.1571 28240441105.6157
1030.2683 28038937703.3663
1030.3795 2297908001.8942
1030.4907 28200931505.2198
1030.6019 27913555586.9098
1030.7131 2144414651.4891
1030.8242 27986102591.9835
1030.9354 28246428938.7496
1031.0466 2024717839.7263
1031.1578 28061649583.5514
1031.2690 28247908879.0553
1031.3802 2016952571.1322
1031.4914 28138765940.6711
1031.6026 28173510040.1055
1031.7137 1992911858.4426
1031.8249 28125950817.8045
1031.9361 28038323401.3717
1032.0473 1792131455.8033
1032.1585 28153512192.4762
1032.2697 28214690187.3021
1032.3809 1652969001.5308
1032.4921 28180718173.0547
1032.6033 28226922468.8338
1032.7144 1679627820.2522
1032.8256 28161750257.7050
1032.9368 28031107334.0504
1033.0480 1559202487.0327
1033.1592 28105669542.6437
1033.2704 28064921801.2419
1033.3816 1427575902.4464
1033.4928 27978464872.3872
1033.6039 28144644358.6128
1033.7151 1473735928.1661
1033.8263 28148798321.7289
1033.9375 28252905736.1499
1034.0487 1370554451.7745
1034.1599 28107491771.8387
1034.2711 28296902447.8283
1034.3823 1345947928.4471
1034.4934 28178668060.6672
1034.6046 28170983393.3186
1034.7158 1274196001.2707
1034.8270 28053996336.5699
1034.9382 28168512709.5809
1035.0494 1106777508.1415
1035.1606 28241818823.7761
1035.2718 28266134598.4702
1035.3830 1094389691.3222
1035.4941 28287229161.6495
1035.6053 28247449180.1016
1035.7165 1085247605.4768
1035.8277 28183839206.8819
1035.9389 28184532277.0007
1036.0501 985460106.6630
1036.1613 28138718714.7015
1036.2725 28130176263.1962
1036.3836 972246223.7670
1036.4948 28095068039.3810
1036.6060 28339924772.4635
1036.7172 950310310.8576
1036.8284 28288020342.3608
1036.9396 28005733256.5484
1037.0508 909598868.0265
1037.1620 28058755164.3994
1037.2731 28247598523.9543
1037.3843 863462666.8402
1037.4955 28309808362.1089
1037.6067 28448494995.1469
1037.7179 852730311.5962
1037.8291 28504473394.9605
1037.9403 27895284009.1189
1038.0515 784573344.7509
1038.1627 28372779353.9223
1038.2738 28203949518.0396
1038.3850 801896762.7242
1038.4962 28205599961.7571
1038.6074 27948105890.1485
1038.7186 738156806.9448
1038.8298 28419750602.6444
1038.9410 28136983302.5158
1039.0522 698745828.8960
1039.1633 28032699010.1201
1039.2745 28098430253.5630
1039.3857 662650991.0427
1039.4969 28318870243.7908
1039.6081 27962517890.5823
1039.7193 670382098.2523
1039.8305 28071658719.0195
1039.9417 27815271846.4613
1040.0528 652637391.4425
1040.1640 27781518385.5874
1040.2752 27976527294.9577
1040.3864 619780048.3252
1040.4976 28254635920.3399
1040.6088 28003800997.0184
1040.7200 628345604.3533
1040.8312 27938407530.7289
1040.9424 28390840044.8919
1041.0535 554131159.2208
1041.1647 28084290937.0670
1041.2759 27998363594.7720
1041.3871 552931227.1658
1041.4983 28000606496.3918
1041.6095 27873129879.4204
1041.7207 535999692.0131
1041.8319 28320386667.3793
1041.9430 27885251641.4433
1042.0542 514643234.3249
1042.1654 28252393869.3289
1042.2766 27940991309.2890
1042.3878 505368878.9321
1042.4990 27970150619.0514
1042.6102 28400163432.0514
1042.7214 507285272.6420
1042.8325 28284113693.8664
1042.9437 27874298730.2783
1043.0549 497842014.0170
1043.1661 28107860028.3351
1043.2773 27795549509.0534
1043.3885 452826201.0266
1043.4997 27669474418.9941
1043.6109 28148780727.2250
1043.7221 468386125.5650
1043.8332 28243663304.2835
1043.9444 28057787121.2715
1044.0556 495395044.5358
1044.1668 28002787752.7883
1044.2780 27976917735.8376
1044.3892 431057820.0447
1044.5004 27827568376.7309
1044.6116 28191926679.8027
1044.7227 459752046.8804
1044.8339 28103786706.8784
1044.9451 28225757366.4038
1045.0563 377720108.6980
1045.1675 27858676282.2418
1045.2787 27774511341.3160
1045.3899 417709851.5502
1045.5011 28111481435.3141
1045.6123 28084122379.6692
1045.7234 358369682.9077
1045.8346 27639294804.4002
1045.9458 28259308081.4054
1046.0570 342181195.0023
1046.1682 28720715583.8451
1046.2794 27548693324.9629
1046.3906 337391675.7501
1046.5018 27697813767.7732
1046.6129 27915928530.9910
1046.7241 359347807.0852
1046.8353 27694495334.3113
1046.9465 28469445994.4742
1047.0577 323067087.5701
1047.1689 28787634457.2062
1047.2801 27782127225.7202
1047.3913 313301309.3328
1047.5024 28134769704.3208
1047.6136 27577676527.8360
1047.7248 308230909.9504
1047.8360 28641815199.9980
1047.9472 28208862621.6765
1048.0584 300456433.1047
1048.1696 27470568830.5376
1048.2808 28660555163.8188
1048.3920 201916593.5720
1048.5031 27988081380.1366
1048.6143 27164578833.6980
1048.7255 293618188.3783
1048.8367 27834636571.5135
1048.9479 28083120442.2223
1049.0591 125863936.9001
1049.1703 28675957976.3835
1049.2815 28010118709.3824
1049.3926 220679400.3758
1049.5038 27703991150.7770
1049.6150 27936089008.5075
1049.7262 248788512.9016
1049.8374 27284715543.5382
1049.9486 28116229394.6841
1050.0598 260180941.0814
1050.1710 28202244953.5540
1050.2821 28164617207.8556
1050.3933 224172341.2515
1050.5045 28342559392.4450
1050.6157 27794275187.0926
1050.7269 186453614.4721
1050.8381 27195168405.2720
1050.9493 27831206712.1914
1051.0605 208922556.5207
1051.1717 28279841940.7377
1051.2828 28297187649.6725
1051.3940 234889381.1145
1051.5052 28279969725.7205
1051.6164 27625075871.3459
1051.7276 223397622.6443
1051.8388 27862945317.7233
1051.9500 28139473738.9624
1052.0612 243142846.5213
1052.1723 28198653170.0658
1052.2835 28251607484.0283
1052.3947 205348790.1613
1052.5059 28039114580.0825
1052.6171 27827135074.5984
1052.7283 206434326.4500
1052.8395 28505061837.2079
1052.9507 27758595958.4353
1053.0618 219458171.3673
1053.1730 27955475942.0895
1053.2842 27934235302.4110
1053.3954 211492947.8923
1053.5066 28042135144.4276
1053.6178 28129516857.5406
1053.7290 202745973.3295
1053.8402 27656267739.0103
1053.9514 28049262820.8545
1054.0625 218009900.7115
1054.1737 28564162268.7678
1054.2849 27683671080.0669
1054.3961 208728750.1513
1054.5073 27769985951.0809
1054.6185 28028543777.7279
1054.7297 189952305.4637
1054.8409 27963554622.1121
1054.9520 27923312426.5804
1055.0632 200518264.5016
1055.1744 27940998871.8508
1055.2856 27875088447.1124
1055.3968 186220822.4797
1055.5080 28050881912.1731
1055.6192 27741166738.8190
1055.7304 165302219.9892
1055.8415 27959578824.6583
1055.9527 28327458896.5699
1056.0639 164693802.4562
1056.1751 27892369265.6110
1056.2863 28298412483.1118
1056.3975 195187571.5389
1056.5087 28722070039.7150
1056.6199 27842846419.7632
1056.7311 167374844.1367
1056.8422 27669580122.1983
1056.9534 28131292418.5665
1057.0646 176719113.6279
1057.1758 28358637203.4749
1057.2870 28022026353.4179
1057.3982 170955622.8868
1057.5094 28053140391.2920
1057.6206 27822767075.6362
1057.7317 164097578.0611
1057.8429 27959066416.2189
1057.9541 27747254528.4357
1058.0653 171569768.3958
1058.1765 27862657825.1391
1058.2877 28149941647.0373
1058.3989 156752491.5040
1058.5101 28179623603.2815
1058.6212 27732333483.2974
1058.7324 153215450.7842
1058.8436 28155725996.8095
1058.9548 27512982372.7407
1059.0660 165755565.8992
1059.1772 27432963509.3718
1059.2884 28308996703.4001
1059.3996 145648280.8693
1059.5108 28104035008.9454
1059.6219 27799349596.2029
1059.7331 153073666.9880
1059.8443 28093701959.3853
1059.9555 27856598259.8161
1060.0667 145176992.3412
1060.1779 28030686550.7780
1060.2891 27774423167.1137
1060.4003 149108413.4807
1060.5114 28141600887.2998
1060.6226 27579399312.0933
1060.7338 148228312.9577
1060.8450 27646000713.5894
1060.9562 27842557979.5016
1061.0674 133917013.4944
1061.1786 27892944609.6953
1061.2898 27812199582.7630
1061.4010 139322196.9176
1061.5121 27590670749.1363
1061.6233 28208154515.6974
1061.7345 132885666.0120
1061.8457 27915522262.4682
1061.9569 27939427269.2900
1062.0681 141831981.5150
1062.1793 28155014539.2763
1062.2905 27577906426.6943
1062.4016 131625505.2576
1062.5128 27545859760.9147
1062.6240 28083971824.4878
1062.7352 131471834.9836
1062.8464 27885886628.8349
1062.9576 27919961052.3676
1063.0688 130185089.9242
1063.1800 28008172214.8214
1063.2911 27842335675.1248
1063.4023 139186981.5995
1063.5135 27908410524.3357
1063.6247 27844730976.8881
1063.7359 133138392.8327
1063.8471 27850063730.7286
1063.9583 27890595766.0616
1064.0695 127398985.4816
1064.1807 27900831235.5308
1064.2918 27763195616.7323
1064.4030 109825337.3703
1064.5142 27962766832.3269
1064.6254 27770599623.8703
1064.7366 116457990.0767
1064.8478 27764218798.7863
1064.9590 28110993977.0791
1065.0702 115639089.2827
1065.1813 27899732290.6367
1065.2925 27832452409.6785
1065.4037 118026932.2415
1065.5149 27901580973.6985
1065.6261 28073202644.3250
1065.7373 123682808.0591
1065.8485 27966046477.7900
1065.9597 28005978269.5238
1066.0708 110087412.2991
1066.1820 27843239543.6330
1066.2932 27851637028.5763
1066.4044 114882243.9465
1066.5156 27861989742.7399
1066.6268 28190246461.9278
1066.7380 108542834.3595
1066.8492 27938679758.1720
1066.9604 28072412670.7519
1067.0715 105393193.7204
1067.1827 27994262179.0838
1067.2939 27781005781.7666
1067.4051 111149861.0419
1067.5163 27878574991.8658
1067.6275 27715135365.2057
1067.7387 108745350.4505
1067.8499 27784177164.0134
1067.9610 27934414184.1956
1068.0722 111834885.5159
1068.1834 27886368149.8263
1068.2946 28010761310.1377
1068.4058 105251468.7473
1068.5170 27784500831.5841
1068.6282 27897355843.7411
1068.7394 110426857.3822
1068.8505 28047438441.1461
1068.9617 27728473530.0380
1069.0729 110901480.6624
1069.1841 27663129483.0134
1069.2953 27814992857.9994
1069.4065 107890131.4087
1069.5177 27824779067.5765
1069.6289 27973226196.1228
1069.7401 109119817.4992
1069.8512 27908159890.1498
1069.9624 28041390454.6495
1070.0736 110462693.2915
1070.1848 27907768363.3678
1070.2960 27831065498.4182
1070.4072 105062654.0372
1070.5184 27901201570.8915
1070.6296 27812447189.8681
1070.7407 108283355.7913
1070.8519 27789265684.7811
1070.9631 28038401780.2575
1071.0743 105886749.6448
1071.1855 27929885395.6815
1071.2967 27904768873.9395
1071.4079 110120464.8306
1071.5191 27846836094.2609
1071.6302 27974359064.5938
1071.7414 110824870.1543
1071.8526 27932517024.0704
1071.9638 27984543106.6673
1072.0750 112244194.3401
1072.1862 27960976999.0570
1072.2974 27978491312.3578
1072.4086 110476059.8886
1072.5198 27962318535.6263
1072.6309 27735399900.8557
1072.7421 110386987.6732
1072.8533 27886905024.0912
1072.9645 27896046125.0964
1073.0757 111998184.7296
1073.1869 27805159013.0406
1073.2981 27952508978.2498
1073.4093 108062953.7678
1073.5204 27862276129.7579
1073.6316 27932405341.1731
1073.7428 111260237.0832
1073.8540 28031175024.2816
1073.9652 27892541294.6185
1074.0764 110391776.8057
1074.1876 27924801658.0286
1074.2988 27806678614.8685
1074.4100 106988326.3904
1074.5211 27869103378.5979
1074.6323 27966925454.9234
1074.7435 107774597.0280
1074.8547 27848973124.6736
1074.9659 28044160002.2448
1075.0771 109245081.5938
1075.1883 27914700110.2972
1075.2995 27840445921.9511
1075.4106 113145536.0897
1075.5218 27860271915.9726
1075.6330 28048273581.5889
1075.7442 107784148.3214
1075.8554 27922042354.2811
1075.9666 27998663798.8678
1076.0778 109948546.1710
1076.1890 27871848364.6051
1076.3001 27775228475.6098
1076.4113 107486398.8314
1076.5225 27763679457.6518
1076.6337 27974134164.4308
1076.7449 112738254.8220
1076.8561 27950166286.1205
1076.9673 27814655363.6873
1077.0785 111619502.7556
1077.1897 27881967606.9874
1077.3008 27883976616.0976
1077.4120 111175165.6263
1077.5232 27918652188.6645
1077.6344 27830569296.7399
1077.7456 107047980.9173
1077.8568 27870129279.1578
1077.9680 27877105027.1482
1078.0792 109901928.4632
1078.1903 27826659785.8910
1078.3015 27751322683.0510
1078.4127 107524486.4123
1078.5239 27900693329.2423
1078.6351 27865450382.3739
1078.7463 106230405.5584
1078.8575 27878204713.7462
1078.9687 27866787520.5345
1079.0798 110763305.6012
1079.1910 27890589196.2207
1079.3022 27797950695.3414
1079.4134 106220982.3606
1079.5246 27819852569.6412
1079.6358 27926137701.2044
1079.7470 108091357.8460
1079.8582 27870252360.6586
1079.9694 27845136309.9942
1080.0805 107740923.6395
1080.1917 27828179401.4929
1080.3029 27896675074.1416
1080.4141 107978157.6633
1080.5253 27971980982.7277
1080.6365 27723219519.9279
1080.7477 111618547.1518
1080.8589 27959426801.3098
1080.9700 27875183257.7614
1081.0812 107285744.8113
1081.1924 27790334761.4973
1081.3036 27899295731.0533
1081.4148 108796527.6219
1081.5260 28061151040.1023
1081.6372 27796991502.3005
1081.7484 108833087.8603
1081.8595 27937223295.5820
1081.9707 27828696157.4457
1082.0819 111704678.3463
1082.1931 27944696350.4513
1082.3043 27753497186.5456
1082.4155 107660453.4883
1082.5267 27792342123.2711
1082.6379 27933789758.2075
1082.7491 106525665.7788
1082.8602 27891176333.1596
1082.9714 27693008160.4085
1083.0826 111242496.5081
1083.1938 27781359757.5157
1083.3050 27894778837.5424
1083.4162 111523314.0060
1083.5274 27808709014.4825
1083.6386 27825202603.3712
1083.7497 110727909.8565
1083.8609 27880539938.2283
1083.9721 27770183546.9253
1084.0833 112021813.4962
1084.1945 27732259964.3881
1084.3057 27935359510.9928
1084.4169 108874413.4684
1084.5281 27938608332.7069
1084.6392 27766516670.5178
1084.7504 110473140.6653
1084.8616 27876624785.0076
1084.9728 27803693308.2276
1085.0840 109854770.1538
1085.1952 27872685035.3063
1085.3064 27793048490.0165
1085.4176 109042293.5885
1085.5288 27970412425.3368
1085.6399 27851500405.2173
1085.7511 111889600.6753
1085.8623 27867506098.4653
1085.9735 27800882276.9690
1086.0847 107603431.4621
1086.1959 27808249396.9882
1086.3071 27768971110.5812
1086.4183 112302408.9390
1086.5294 27864951337.5585
1086.6406 27761647714.8771
1086.7518 109999120.9843
1086.8630 27869823590.2098
1086.9742 27690575288.9162
1087.0854 111591270.5236
1087.1966 27788772919.9531
1087.3078 27746829702.2819
1087.4190 110666179.8524
1087.5301 27753306942.1020
1087.6413 27658819353.8424
1087.7525 111974046.6785
1087.8637 27760624515.8893
1087.9749 27796929470.8394
1088.0861 111176038.6085
1088.1973 27861144742.9433
1088.3085 27670353747.8356
1088.4196 112739892.1112
1088.5308 27724384627.7292
1088.6420 27707603431.0099
1088.7532 108733592.0496
1088.8644 27739095785.8685
1088.9756 27784024230.6227
1089.0868 110588369.6271
1089.1980 27826197718.9819
1089.3091 27740689880.5896
1089.4203 111307881.9168
1089.5315 27751998622.4683
1089.6427 27799223224.2799
1089.7539 110901928.6920
1089.8651 27807833176.5708
1089.9763 27658870355.0040
1090.0875 110994536.8785
1090.1987 27789605605.1809
1090.3098 27680195242.8066
1090.4210 108663517.0123
1090.5322 27817805811.7453
1090.6434 27769060825.2027
1090.7546 110152487.2091
1090.8658 27777163952.2284
1090.9770 27657752954.7184
1091.0882 112905648.9804
1091.1993 27693294889.3379
1091.3105 27724007060.3631
1091.4217 110968280.6233
1091.5329 27841587071.6781
1091.6441 27688998860.3697
1091.7553 110898037.2430
1091.8665 27762389342.7525
1091.9777 27669367612.6539
1092.0888 111792066.4746
1092.2000 27691693356.9357
1092.3112 27713137462.2544
1092.4224 108022820.9611
1092.5336 27733251144.7659
1092.6448 27718141950.0074
1092.7560 107388726.7548
1092.8672 27735718575.7351
1092.9784 27758165827.2912
1093.0895 110423621.1662
1093.2007 27707808772.7385
1093.3119 27793141278.9134
1093.4231 111309631.6102
1093.5343 27695729298.5887
1093.6455 27780962961.2329
1093.7567 110799278.7815
1093.8679 27720779345.2302
1093.9790 27819708643.6361
1094.0902 109783862.7123
1094.2014 27747116286.9308
1094.3126 27694493348.6135
1094.4238 111945496.8683
1094.5350 27721069610.1186
1094.6462 27712419509.3548
1094.7574 109496487.5053
1094.8685 27777240211.5388
1094.9797 27793820864.4630
1095.0909 111434968.6786
1095.2021 27695094364.7546
1095.3133 27830017242.0925
1095.4245 109079153.4230
1095.5357 27668988488.7547
1095.6469 27707638223.9136
1095.7581 111241212.5471
1095.8692 27749638902.7742
1095.9804 27716817980.3138
1096.0916 108664209.3864
1096.2028 27742809674.2162
1096.3140 27851680350.9380
1096.4252 109119304.1975
1096.5364 27785457353.0801
1096.6476 27807600969.0525
1096.7587 106844079.8563
1096.8699 27779393677.9780
1096.9811 27756716829.4494
1097.0923 110740777.0003
1097.2035 27740209781.1883
1097.3147 27713684822.6011
1097.4259 108685823.3722
1097.5371 27821390263.0233
1097.6482 27740193485.8574
1097.7594 109224007.6584
1097.8706 27772045534.7929
1097.9818 27741674402.3798
1098.0930 110405533.1839
1098.2042 27794349850.2674
1098.3154 27799164619.8723
1098.4266 107667190.8854
1098.5378 27787003907.9259
1098.6489 27800574326.8575
1098.7601 109859334.0684
1098.8713 27784848650.7524
1098.9825 27752210913.5857
1099.0937 108859201.5459
1099.2049 27736373908.8606
1099.3161 27681557124.9297
1099.4273 111006644.0880
1099.5384 27861270884.7966
1099.6496 27733785467.8305
1099.7608 104721110.7195
1099.8720 27774070827.4616
1099.9832 27752865469.1952
1100.0944 111207243.6345
1100.2056 27836936704.0720
1100.3168 27607515159.6161
1100.4279 109819957.6708
1100.5391 27744028314.1135
1100.6503 27757695719.2908
1100.7615 109609864.2293
1100.8727 27769262444.3386
1100.9839 27684882836.6844
1101.0951 108849245.8600
1101.2063 27817122661.5864
1101.3175 27715176625.4073
1101.4286 110458810.8017
1101.5398 27774704471.2511
1101.6510 27674209108.8155
1101.7622 109301382.0562
1101.8734 27779738339.9080
1101.9846 27698269313.3055
1102.0958 107704935.9383
1102.2070 27692126838.1918
1102.3181 27673757876.3748
1102.4293 110226886.2401
1102.5405 27709651770.5344
1102.6517 27636994087.6758
1102.7629 109830454.0903
1102.8741 27560550254.1940
1102.9853 27705089234.7361
1103.0965 112170445.7008
1103.2077 27756225019.2821
1103.3188 27655726615.2403
1103.4300 111831830.5737
1103.5412 27702222272.5494
1103.6524 27708885352.9556
1103.7636 110931204.3803
1103.8748 27734373851.8238
1103.9860 27615857734.2017
1104.0972 112133057.4250
1104.2083 27742331326.9726
1104.3195 27562986796.8654
1104.4307 109141751.7371
1104.5419 27753065072.3514
1104.6531 27581555840.6758
1104.7643 110043853.7456
1104.8755 27649723936.8516
1104.9867 27781534742.0977
1105.0978 110916148.7328
1105.2090 27791164831.1952
1105.3202 27683031513.0960
1105.4314 110744912.6190
1105.5426 27617740296.9087
1105.6538 27679782269.9663
1105.7650 110941437.3702
1105.8762 27628671173.2518
1105.9874 27580413994.5765
1106.0985 108902246.3281
1106.2097 27647867836.4808
1106.3209 27687791144.6278
1106.4321 111001347.9732
1106.5433 27567094638.7918
1106.6545 27724444736.8924
1106.7657 110449171.2713
1106.8769 27747098072.3365
1106.9880 27714660834.8833
1107.0992 111490892.5384
1107.2104 27595611447.9521
1107.3216 27622462367.1631
1107.4328 110812187.5200
1107.5440 27788294375.6366
1107.6552 27624929268.6581
1107.7664 107962476.1397
1107.8775 27627063664.6322
1107.9887 27626968187.1896
1108.0999 109982789.8122
1108.2111 27638313951.7674
1108.3223 27735365407.9632
1108.4335 111361520.0346
1108.5447 27687538363.4688
1108.6559 27755316205.7706
1108.7671 110245404.7496
1108.8782 27775503139.8636
1108.9894 27599001279.5055
1109.1006 108697281.2750
1109.2118 27606846282.2817
1109.3230 27725651964.6110
1109.4342 108441831.9500
1109.5454 27641646156.5728
1109.6566 27654320621.6996
1109.7677 111382084.5764
1109.8789 27700413192.1566
1109.9901 27623040035.6372
1110.1013 110385347.2361
1110.2125 27666278459.9132
1110.3237 27647005709.5304
1110.4349 111682364.5532
1110.5461 27649832141.3552
1110.6572 27568505053.6509
1110.7684 112171840.6745
1110.8796 27514494475.7357
1110.9908 27733173662.3041
1111.1020 109321448.8735
1111.2132 27597916603.3033
1111.3244 27656078384.1861
1111.4356 112009877.6838
1111.5468 27638168992.9827
1111.6579 27548751257.5478
1111.7691 111135391.4476
1111.8803 27652401286.2525
1111.9915 27733451576.0704
1112.1027 109445140.4824
1112.2139 27744831338.2235
1112.3251 27585268201.4297
1112.4363 109881504.7882
1112.5474 27616888162.7106
1112.6586 27657834627.1902
1112.7698 107454450.2079
1112.8810 27569123771.6161
1112.9922 27665635056.3476
1113.1034 109761880.8917
1113.2146 27600928454.5280
1113.3258 27807838406.8316
1113.4369 109115237.0124
1113.5481 27700465794.2361
1113.6593 27691894238.5455
1113.7705 110071795.7227
1113.8817 27625540620.5779
1113.9929 27561826676.1177
1114.1041 109625988.3346
1114.2153 27469750080.8001
1114.3265 27675099146.9788
1114.4376 111261512.9871
1114.5488 27611607159.0428
1114.6600 27592732973.8970
1114.7712 109657740.8117
1114.8824 27486946670.0999
1114.9936 27725757475.5260
1115.1048 106159256.0379
1115.2160 27577331311.0150
1115.3271 27628051903.4236
1115.4383 107866318.0988
1115.5495 27664491867.8798
1115.6607 27621671112.9675
1115.7719 108518316.6107
1115.8831 27645214138.7960
1115.9943 27652106342.7215
1116.1055 110429372.9542
1116.2167 27649936571.4068
1116.3278 27530483511.0909
1116.4390 105885324.1670
1116.5502 27564131439.1310
1116.6614 27715031759.6779
1116.7726 110577316.3688
1116.8838 27624388391.2373
1116.9950 27708775752.2462
1117.1062 111661073.7666
1117.2173 27734361616.3974
1117.3285 27665293369.5595
1117.4397 107816384.8125
1117.5509 27623846858.9721
1117.6621 27553614961.9107
1117.7733 109728425.2230
1117.8845 27553691865.9765
1117.9957 27655602730.2363
1118.1068 110363171.2880
1118.2180 27731544037.0557
1118.3292 27706915247.8390
1118.4404 108662922.9794
1118.5516 27655128006.4667
1118.6628 27559305760.5190
1118.7740 109887130.5912
1118.8852 27626706286.2334
1118.9964 27596708811.2219
1119.1075 107171335.7767
1119.2187 27745394698.2356
1119.3299 27531235785.6511
1119.4411 109343231.3156
1119.5523 27639266804.4191
1119.6635 27587897220.5210
1119.7747 109382419.7403
1119.8859 27532715121.9778
1119.9970 27569211615.9547
1120.1082 106984507.6368
1120.2194 27732613552.3314
1120.3306 27374764062.1077
1120.4418 110139900.6012
1120.5530 27544530267.9990
1120.6642 27627104843.1216
1120.7754 108321724.4154
1120.8865 27511453723.1857
1120.9977 27536371647.9323
1121.1089 106598952.6680
1121.2201 27630072719.9018
1121.3313 27486612396.3950
1121.4425 109416087.7721
1121.5537 27378622996.5861
1121.6649 27883975993.9257
1121.7761 108123205.3165
1121.8872 27674677468.0286
1121.9984 27492132283.7194
1122.1096 109422811.6910
1122.2208 27774197677.5101
1122.3320 27474217242.3365
1122.4432 110790437.5048
1122.5544 27407090472.2054
1122.6656 27581522158.9893
1122.7767 108985470.3407
1122.8879 27605144724.0346
1122.9991 27484697834.5831
1123.1103 108594432.0338
1123.2215 27630686447.0779
1123.3327 27637611904.1287
1123.4439 109749726.3998
1123.5551 27437597975.5284
1123.6662 27715677673.0985
1123.7774 107118565.4274
1123.8886 27630778121.0972
1123.9998 27441343799.7337
1124.1110 107774244.8709
1124.2222 27619400649.3711
1124.3334 27626571265.0404
1124.4446 107970457.3628
1124.5558 27431378110.0936
1124.6669 27586691100.1444
1124.7781 106465021.8670
1124.8893 27704594086.3443
1125.0005 27427428618.2391
1125.1117 110631436.0831
1125.2229 27610937182.0764
1125.3341 27533012276.7488
1125.4453 110943640.0340
1125.5564 27599413583.0142
1125.6676 27536032528.7642
1125.7788 107410308.9495
1125.8900 27509674228.0695
1126.0012 27467135400.9704
1126.1124 111521135.8689
1126.2236 27530224055.3537
1126.3348 27510940783.0694
1126.4459 109053895.4109
1126.5571 27611236164.4980
1126.6683 27500686211.5876
1126.7795 108644824.9822
1126.8907 27530328454.1737
1127.0019 27530594291.3083
1127.1131 110621229.2831
1127.2243 27552260365.7290
1127.3355 27443781419.6102
1127.4466 107616963.1125
1127.5578 27531711129.8543
1127.6690 27526082354.7578
1127.7802 110457308.2357
1127.8914 27451310533.2175
1128.0026 27554309852.2486
1128.1138 106588282.9776
1128.2250 27568793795.9113
1128.3361 27710270875.1005
1128.4473 107598941.1399
1128.5585 27660268993.1827
1128.6697 27426338221.5175
1128.7809 109967238.7175
1128.8921 27444598182.4770
1129.0033 27530049292.2803
1129.1145 109361491.9608
1129.2257 27494396874.5426
1129.3368 27486168879.7603
1129.4480 109813253.5413
1129.5592 27516427340.0833
1129.6704 27437787594.0075
1129.7816 108474192.0769
1129.8928 27442132037.7038
1130.0040 27597710663.4983
1130.1152 105076921.7824
1130.2263 27602149695.3331
1130.3375 27480729422.6175
1130.4487 108784478.0764
1130.5599 27514746871.7394
1130.6711 27591088584.8507
1130.7823 109784366.7395
1130.8935 27486246384.9712
1131.0047 27548347192.2560
1131.1158 110563618.0232
1131.2270 27399237268.4349
1131.3382 27498144108.7683
1131.4494 104913689.5491
1131.5606 27457967956.3417
1131.6718 27592910179.5109
1131.7830 107768053.5191
1131.8942 27588256173.8760
1132.0054 27482404529.6678
1132.1165 108259600.7484
1132.2277 27480756200.2189
1132.3389 27617449174.7249
1132.4501 107332264.3843
1132.5613 27521897339.2275
1132.6725 27545721036.6094
1132.7837 111266465.9624
1132.8949 27572291983.0113
1133.0060 27477078579.1418
1133.1172 108122268.6954
1133.2284 27521122345.9112
1133.3396 27468694721.8385
1133.4508 109098771.7012
1133.5620 27449853299.2839
1133.6732 27495521434.5782
1133.7844 108465147.6942
1133.8955 27601938712.9190
1134.0067 27385880134.8559
1134.1179 108360746.3360
1134.2291 27389895024.7031
1134.3403 27448285353.2928
1134.4515 109407779.4393
1134.5627 27455178780.0066
1134.6739 27604450227.8116
1134.7851 106328627.2784
1134.8962 27565093041.8522
1135.0074 27529233831.2061
1135.1186 105967372.6679
1135.2298 27512516214.1749
1135.3410 27710355294.5166
1135.4522 108626611.3280
1135.5634 27588664097.0944
1135.6746 27464909681.6638
1135.7857 110284836.1005
1135.8969 27602996850.1014
1136.0081 27402793454.6152
1136.1193 109314803.3881
1136.2305 27442575823.1811
1136.3417 27464799056.9262
1136.4529 108526410.3315
1136.5641 27495234325.2595
1136.6752 27442048507.4173
1136.7864 105282052.1952
1136.8976 27457766897.2214
1137.0088 27474967186.8921
1137.1200 110781911.0959
1137.2312 27537988892.6172
1137.3424 27539739674.7054
1137.4536 111126789.3515
1137.5648 27379150800.0754
1137.6759 27552271223.7713
1137.7871 107602966.2035
1137.8983 27492226255.5439
1138.0095 27431982896.9011
1138.1207 106075600.8729
1138.2319 27515100202.7074
1138.3431 27563185823.8872
1138.4543 108547008.0271
1138.5654 27377936268.6838
1138.6766 27566792821.5573
1138.7878 104111257.0014
1138.8990 27574008402.7884
1139.0102 27440967045.2615
1139.1214 105575158.7239
1139.2326 27519837472.4890
1139.3438 27478394583.1147
1139.4549 108148761.4342
1139.5661 27538907602.3052
1139.6773 27414839460.6410
1139.7885 108016521.0851
1139.8997 27445017649.3975
1140.0109 27340430530.2397
1140.1221 110212724.2086
1140.2333 27537713023.2258
1140.3445 27465040482.3017
1140.4556 105407428.7842
1140.5668 27513012236.2542
1140.6780 27399548101.9464
1140.7892 108494566.9597
1140.9004 27635384978.3288
1141.0116 27333906783.5264
1141.1228 107771516.8437
1141.2340 27477934231.5495
1141.3451 27449660822.5408
1141.4563 105347101.7956
1141.5675 27414846108.2215
1141.6787 27583622966.3072
1141.7899 107839992.2111
1141.9011 27429294009.1236
1142.0123 27436295434.4388
1142.1235 108991124.2886
1142.2346 27458770249.8494
1142.3458 27452591655.9810
1142.4570 103999280.8423
1142.5682 27314944181.5195
1142.6794 27568550984.6958
1142.7906 109507465.5413
1142.9018 27652928428.3121
1143.0130 27396658816.4174
1143.1242 105731683.8659
1143.2353 27667620552.9445
1143.3465 27385033989.2090
1143.4577 108986365.1853
1143.5689 27719219186.8602
1143.6801 27263677896.3105
1143.7913 105720487.6571
1143.9025 27592647527.9006
1144.0137 27259430278.0011
1144.1248 105053243.1075
1144.2360 27418311044.8987
1144.3472 27222026765.9263
1144.4584 107058725.8190
1144.5696 27360775000.8856
1144.6808 27430266274.0581
1144.7920 108642852.2457
1144.9032 27458697919.2234
1145.0144 27313753441.1934
1145.1255 104568489.2835
1145.2367 27358426715.7252
1145.3479 27463613533.4256
1145.4591 107475297.3150
1145.5703 27265971083.1579
1145.6815 27394410713.0659
1145.7927 109074836.3580
1145.9039 27472639673.5059
1146.0150 27286957448.3045
1146.1262 107569939.2073
1146.2374 27295532711.8025
1146.3486 27445403596.4295
1146.4598 104791919.4272
1146.5710 27473369155.4209
1146.6822 27476231350.5019
1146.7934 101759128.4609
1146.9045 27452977942.1092
1147.0157 27377129234.7436
1147.1269 108329723.9806
1147.2381 27496227252.6344
1147.3493 27409281037.3318
1147.4605 110621567.3413
1147.5717 27498668089.1963
1147.6829 27425827854.1149
1147.7941 108610984.3615
1147.9052 27452739476.5282
1148.0164 27315032011.6174
1148.1276 107399602.6716
1148.2388 27335134949.2523
1148.3500 27285172613.2701
1148.4612 107762009.7292
1148.5724 27082052184.0060
1148.6836 27380277217.1820
1148.7947 104749382.3236
1148.9059 27377319045.0733
1149.0171 27216122615.9960
1149.1283 109529990.1025
1149.2395 27162145449.8451
1149.3507 27320682650.5832
1149.4619 104659821.8642
1149.5731 27091571772.3582
1149.6842 27468237921.1043
1149.7954 95147336.8419
1149.9066 27263840154.9447
1150.0178 27605463687.9115
1150.1290 97523584.3581
1150.2402 27407146252.1588
1150.3514 27619075426.0371
1150.4626 103916428.7083
1150.5738 27364189674.9986
1150.6849 27762594674.4306
1150.7961 98843264.3244
1150.9073 27388190726.1702
1151.0185 27452734381.6692
1151.1297 109508222.8186
1151.2409 27347661931.2985
1151.3521 27526965964.5850
1151.4633 105841878.1654
1151.5744 27473328045.6333
1151.6856 27634135596.6334
1151.7968 104888287.9386
1151.9080 27466373367.6136
1152.0192 27368499833.7890
1152.1304 97634890.6425
1152.2416 27609154369.7929
1152.3528 27290592703.5198
1152.4639 103267549.4279
1152.5751 27376054886.2083
1152.6863 27495189529.0557
1152.7975 93830826.5737
1152.9087 27456117552.9471
1153.0199 27127167302.3066
1153.1311 105714230.6463
1153.2423 27109106833.7263
1153.3535 27442475017.1302
1153.4646 102185064.7492
1153.5758 27501861892.5522
1153.6870 27269832862.0238
1153.7982 104088705.4985
1153.9094 27265328400.3072
1154.0206 27557919659.9922
1154.1318 103036819.7271
1154.2430 27267052317.8709
1154.3541 27549875550.2109
1154.4653 99143903.9270
1154.5765 27074152434.4807
1154.6877 27550864292.2060
1154.7989 100252822.2312
1154.9101 27228825179.3906
1155.0213 27724985700.1826
1155.1325 99185476.0578
1155.2436 27474447210.5548
1155.3548 27585672487.3926
1155.4660 102359116.0511
1155.5772 27860183725.6104
1155.6884 27121532656.1597
1155.7996 105598974.7359
1155.9108 27571101416.9994
1156.0220 27339733949.3354
1156.1332 98804550.8087
1156.2443 27745097401.9836
1156.3555 27013270169.1252
1156.4667 104374892.7519
1156.5779 27675117657.9575
1156.6891 27026558266.5310
1156.8003 93854945.3464
1156.9115 27282030589.7392
1157.0227 27271499416.8515
1157.1338 92782179.9953
1157.2450 27376820449.0899
1157.3562 27300028822.5872
1157.4674 104187153.9781
1157.5786 27225397521.1247
1157.6898 27681223298.3103
1157.8010 93894825.9573
1157.9122 26652145584.3501
1158.0234 27622915765.5208
1158.1345 103053919.1950
1158.2457 27265195315.9019
1158.3569 27722140779.3015
1158.4681 103367258.4258
1158.5793 27180657848.4350
1158.6905 28145323125.2464
1158.8017 88132936.1524
1158.9129 28036005758.3260
1159.0240 27082991337.6569
1159.1352 65578360.8338
1159.2464 28317195251.4498
1159.3576 27417832204.3684
1159.4688 93236906.9762
1159.5800 28548773548.2714
1159.6912 27127236809.4506
1159.8024 20098603.7296
1159.9135 27024060669.7440
1160.0247 26725512141.8301
1160.1359 106056462.2274
1160.2471 26950740455.9604
1160.3583 27576035578.7567
1160.4695 32946803.5884
1160.5807 26550183753.7495
1160.6919 27623990904.6834
1160.8031 71534020.2334
1160.9142 26518698102.9314
1161.0254 27441257437.0141
1161.1366 74877586.3562
1161.2478 27680856890.8072
1161.3590 26587007214.0669
1161.4702 72677245.8590
1161.5814 27466713430.0025
1161.6926 26698267378.3408
1161.8037 75917813.5155
1161.9149 26933500146.1216
1162.0261 26811834679.7363
1162.1373 0.0000
1162.2485 27585807854.1998
1162.3597 28356069018.1035
1162.4709 55578646.7118
1162.5821 26759684372.2486
1162.6932 28144106111.9395
1162.8044 89423317.1247
1162.9156 27028904266.1794
1163.0268 28212187191.1941
1163.1380 31014175.0575
1163.2492 28395203038.1082
1163.3604 27252197244.0079
1163.4716 51024246.4509
1163.5828 27248430050.8550
1163.6939 27439321184.9488
1163.8051 0.0000
1163.9163 28715801031.9357
1164.0275 25878385146.4561
1164.1387 0.0000
1164.2499 27556514772.6356
1164.3611 27988283894.3901
1164.4723 33425074.4137
1164.5834 27889427664.6707
1164.6946 26567281049.3956
1164.8058 36258186.6128
1164.9170 27968958225.1484
1165.0282 26686047309.6256
1165.1394 0.0000
1165.2506 26133305134.3472
1165.3618 26173555901.1400
1165.4729 19258932.9788
1165.5841 27744682976.4337
1165.6953 26242753860.6995
1165.8065 0.0000
1165.9177 26164826829.6167
1166.0289 26849899699.5863
1166.1401 0.0000
1166.2513 26699824991.3127
1166.3625 27408548192.7314
1166.4736 0.0000
1166.5848 27126311104.3491
1166.6960 27543880939.2787
1166.8072 22887606.3186
1166.9184 27339385281.6480
1167.0296 27681015275.9513
1167.1408 0.0000
1167.2520 27387649244.6667
1167.3631 27371795522.9810
1167.4743 0.0000
1167.5855 27113341666.2737
1167.6967 27748141723.8674
1167.8079 87638807.6241
1167.9191 26938670639.6339
1168.0303 28325629531.4292
1168.1415 11931381.8896
1168.2526 27336841904.8506
1168.3638 27375182318.0475
1168.4750 42078433.1153
1168.5862 26845528833.7211
1168.6974 27690858573.3305
1168.8086 23457143.6512
1168.9198 27475798226.9548
1169.0310 27231854699.0798
1169.1422 14288381.7720
1169.2533 28450695502.7062
1169.3645 26670814696.1146
1169.4757 92003356.2291
1169.5869 27702505333.2049
1169.6981 27009454994.7357
1169.8093 31648747.3084
1169.9205 27318420269.6683
1170.0317 27010812238.8050
1170.1428 96811230.4328
1170.2540 27139485943.8387
1170.3652 27180450482.9059
1170.4764 62305168.4852
1170.5876 26365584908.1526
1170.6988 27182572399.1234
1170.8100 104961761.9252
1170.9212 27010069469.8565
1171.0323 26389541931.6837
1171.1435 90771156.2515
1171.2547 27082731981.5771
1171.3659 27242967612.6770
1171.4771 62044129.3984
1171.5883 27522265772.4535
1171.6995 27079782639.6879
1171.8107 90638384.7490
1171.9219 28116143782.1015
1172.0330 26402022775.9726
1172.1442 80149463.2055
1172.2554 26815058270.6851
1172.3666 27143582760.4361
1172.4778 94329999.9045
1172.5890 27072629634.8433
1172.7002 27067232623.7300
1172.8114 95959741.4384
1172.9225 27102149494.5757
1173.0337 27288216489.0968
1173.1449 107283788.9647
1173.2561 27073128704.0844
1173.3673 27144008370.2530
1173.4785 90424896.7908
1173.5897 27487496827.3662
1173.7009 26957061215.0089
1173.8121 90492300.3297
1173.9232 26922758349.3797
1174.0344 27622709882.6044
1174.1456 73045543.9371
1174.2568 27533589695.9343
1174.3680 26871788317.1242
1174.4792 78770612.8003
1174.5904 27098336755.9756
1174.7016 27277212674.8901
1174.8127 102566155.9384
1174.9239 26787636736.4835
1175.0351 27440737656.9548
1175.1463 103029748.9372
1175.2575 27357056812.5842
1175.3687 27235745616.0213
1175.4799 107898392.8592
1175.5911 27128394783.6868
1175.7022 27386466499.8757
1175.8134 85112688.5221
1175.9246 27431888692.1299
1176.0358 27069377884.1813
1176.1470 95650919.1974
1176.2582 27374399251.5702
1176.3694 27153873488.3106
1176.4806 102748222.6060
1176.5918 27324905225.8446
1176.7029 27178733092.9412
1176.8141 96541393.1175
1176.9253 26995079279.1556
1177.0365 27066398079.4009
1177.1477 102410240.5077
1177.2589 27345273581.5816
1177.3701 27072041549.0083
1177.4813 93837083.1966
1177.5924 26907311204.1686
1177.7036 27203349042.7148
1177.8148 101773794.1351
1177.9260 27067722803.8717
1178.0372 27213517975.0449
1178.1484 70514337.5270
1178.2596 26884265906.7573
1178.3708 27421730405.9815
1178.4819 86198327.1046
1178.5931 27626019229.4031
1178.7043 27061619751.9563
1178.8155 79781006.8874
1178.9267 27379251401.5285
1179.0379 27247552095.5391
1179.1491 98758239.8681
1179.2603 27170103643.4684
1179.3715 26893737282.8121
1179.4826 94771093.5462
1179.5938 27338509940.9282
1179.7050 27063237879.3826
1179.8162 101457207.2802
1179.9274 26978840302.1725
1180.0386 27200667914.2010
1180.1498 103797029.8842
1180.2610 27081584579.7859
1180.3721 27659198828.8057
1180.4833 104388117.7514
1180.5945 27191753595.0459
1180.7057 27623765945.1318
1180.8169 106110383.6960
1180.9281 27195567007.1308
1181.0393 27430672297.0663
1181.1505 98711152.8686
1181.2616 27399403514.9107
1181.3728 27056240565.0903
1181.4840 108052270.8764
1181.5952 27225915907.1366
1181.7064 27408901229.8029
1181.8176 101852121.4832
1181.9288 27298453038.3959
1182.0400 27080966727.9425
1182.1512 102307325.7717
1182.2623 26920821973.7550
1182.3735 27116048900.0697
1182.4847 105569409.9172
1182.5959 27033885651.4236
1182.7071 27371806958.7146
1182.8183 108013419.7725
1182.9295 27318126243.3567
1183.0407 27145434421.9009
1183.1518 106696555.5018
1183.2630 26607582394.2056
1183.3742 27440180694.2167
1183.4854 93727820.6559
1183.5966 27592023325.8752
1183.7078 27297055251.2098
1183.8190 108997896.7267
1183.9302 27153604225.6783
1184.0413 27282096350.7122
1184.1525 105889613.0058
1184.2637 27450084308.6600
1184.3749 26868140184.7195
1184.4861 103190019.6988
1184.5973 27183161302.3819
1184.7085 27112936814.4534
1184.8197 109122997.7367
1184.9309 27146194468.0727
1185.0420 27339088284.4458
1185.1532 92592563.6391
1185.2644 27342759310.6904
1185.3756 27198154740.7326
1185.4868 103274793.5400
1185.5980 27157870882.6720
1185.7092 27458753012.0309
1185.8204 92253720.2509
1185.9315 27247110345.9246
1186.0427 26999836614.7793
1186.1539 99543779.1229
1186.2651 27191784531.7983
1186.3763 27096277294.4285
1186.4875 103125906.6191
1186.5987 27482192996.4562
1186.7099 27052825274.5998
1186.8211 109275200.8869
1186.9322 27381654680.7581
1187.0434 27124087470.2352
1187.1546 103786013.2233
1187.2658 26882131273.7728
1187.3770 27273140584.6238
1187.4882 100252752.4135
1187.5994 27236712158.7736
1187.7106 27322415615.1784
1187.8217 110201552.3828
1187.9329 27311666006.3920
1188.0441 27362426467.9582
1188.1553 98815555.8450
1188.2665 27005824469.1092
1188.3777 27000557477.5808
1188.4889 104589436.6849
1188.6001 27213094656.4106
1188.7112 27160488811.7543
1188.8224 103216601.5753
1188.9336 27170467587.2212
1189.0448 27020904281.7824
1189.1560 106297395.6410
1189.2672 27180063090.3609
1189.3784 26926660417.0509
1189.4896 105434627.2910
1189.6008 27014985376.7769
1189.7119 27199066470.0482
1189.8231 106980297.3529
1189.9343 27017681864.3780
1190.0455 27352031376.5095
1190.1567 107950614.3568
1190.2679 27300186927.1514
1190.3791 27128224921.9801
1190.4903 107690899.9462
1190.6014 27066406976.5786
1190.7126 27233057229.2247
1190.8238 108040077.9061
1190.9350 27131438500.1559
1191.0462 27046256623.4076
1191.1574 101748623.2128
1191.2686 27371116881.4712
1191.3798 27167619993.2781
1191.4909 106272927.2840
1191.6021 27043459402.2262
1191.7133 27126328750.4764
1191.8245 91153651.0957
1191.9357 27175653330.3352
1192.0469 27130520338.8693
1192.1581 107100138.0323
1192.2693 27320337960.5162
1192.3805 27150002153.7110
1192.4916 97292465.0724
1192.6028 26954409807.4649
1192.7140 27376769348.8911
1192.8252 104412240.1280
1192.9364 27285156530.0568
1193.0476 27018082837.2525
1193.1588 102950323.8004
1193.2700 27000572584.7774
1193.3811 27288697064.8824
1193.4923 101044426.4380
1193.6035 27244207477.7472
1193.7147 27114244639.2974
1193.8259 106137665.0966
1193.9371 27202398151.4572
1194.0483 27022638964.2138
1194.1595 106923494.5747
1194.2706 26979181086.7270
1194.3818 26865963706.0181
1194.4930 100574440.9621
1194.6042 27162320979.5797
1194.7154 27327313494.6562
1194.8266 107526421.1217
1194.9378 27050413327.0227
1195.0490 27282759546.6676
1195.1602 106035383.6169
1195.2713 27281587990.4812
1195.3825 27025306476.5228
1195.4937 106612311.3985
1195.6049 27283857593.3010
1195.7161 27149204357.2021
1195.8273 105577152.8385
1195.9385 27013033293.9292
1196.0497 27296662348.0233
1196.1608 105276278.0560
1196.2720 27124234152.2418
1196.3832 27250235416.8903
1196.4944 105583957.1459
1196.6056 27149653062.3166
1196.7168 27103961288.6413
1196.8280 105985583.2866
1196.9392 26945201487.4732
1197.0503 27388591381.7766
1197.1615 107673043.5654
1197.2727 27345891621.2204
1197.3839 27126460062.6415
1197.4951 102793081.9992
1197.6063 27127704948.7433
1197.7175 27145383206.3027
1197.8287 108419945.4994
1197.9399 27322421996.0255
1198.0510 27095586077.4406
1198.1622 108606438.0229
1198.2734 27180308722.4400
1198.3846 27217001066.3264
1198.4958 107513461.4506
1198.6070 27156344923.4936
1198.7182 27125067481.3953
1198.8294 106507889.0355
1198.9405 27121488859.3248
1199.0517 27124361133.5061
1199.1629 101802733.6476
1199.2741 26904889699.5630
1199.3853 27098199115.5823
1199.4965 105261051.7063
1199.6077 27030346704.6379
1199.7189 27202353304.6878
1199.8301 106231166.2833
1199.9412 27027307292.2098
1200.0524 27140578028.7858
1200.1636 107992656.1234
1200.2748 27078328995.2455
1200.3860 27114774957.4800
1200.4972 106071704.0780
1200.6084 27180408900.9778
1200.7196 27019455887.5428
1200.8307 107689895.4672
1200.9419 26996005385.2790
1201.0531 27267687177.7719
1201.1643 106880977.3123
1201.2755 27126746634.8403
1201.3867 27043986080.4045
1201.4979 105181119.3463
1201.6091 26984006363.5916
1201.7202 27278502952.5966
1201.8314 107128773.5347
1201.9426 27035672370.9084
1202.0538 27322379202.6176
1202.1650 103996115.1126
1202.2762 27126682789.3270
1202.3874 27333748834.8828
1202.4986 106846348.0526
1202.6098 27013577048.9765
1202.7209 27304299387.3173
1202.8321 102627233.3010
1202.9433 27030672332.5798
1203.0545 27093719990.3136
1203.1657 108766699.8897
1203.2769 27286728250.8326
1203.3881 27171684071.2888
1203.4993 109078960.0913
1203.6104 27058253512.1640
1203.7216 27166864119.1458
1203.8328 107890802.0782
1203.9440 27122553127.7716
1204.0552 26997779643.9213
1204.1664 107148776.7067
1204.2776 27101310285.9302
1204.3888 27109251319.3710
1204.4999 106793287.8542
1204.6111 26873585151.6127
1204.7223 27223441227.5281
1204.8335 104153123.6572
1204.9447 27101364524.8364
1205.0559 27026898460.2667
1205.1671 107016979.7771
1205.2783 26988720038.8170
1205.3895 27200173778.9252
1205.5006 107541451.8954
1205.6118 27145061175.4694
1205.7230 27164393720.8943
1205.8342 107527352.9220
1205.9454 27315662137.2549
1206.0566 26937373116.6911
1206.1678 101422552.5353
1206.2790 27190391384.4711
1206.3901 27208223121.1294
1206.5013 99050038.2480
1206.6125 27260993467.5082
1206.7237 27024769106.9441
1206.8349 104451949.9276
1206.9461 27138940741.2613
1207.0573 26794905502.2873
1207.1685 106951641.4046
1207.2796 27067737879.7023
1207.3908 27137405338.4865
1207.5020 106678484.2345
1207.6132 27123270302.2448
1207.7244 26882294711.2869
1207.8356 104448017.1260
1207.9468 27143199513.3123
1208.0580 27004100286.5759
1208.1692 108150681.2044
1208.2803 26984856726.9572
1208.3915 27072399264.1177
1208.5027 107176313.2082
1208.6139 27133020196.3152
1208.7251 26948052224.6976
1208.8363 107315137.5406
1208.9475 27237367654.2578
1209.0587 27031103645.7783
1209.1698 107358279.6846
1209.2810 27099102147.4198
1209.3922 27061296561.3174
1209.5034 104911005.4032
1209.6146 27075321181.8866
1209.7258 26976079419.4321
1209.8370 103503707.4761
1209.9482 27051960591.6072
1210.0593 27253704549.6013
1210.1705 104963904.8237
1210.2817 27199224904.5127
1210.3929 27041002561.1590
1210.5041 105381658.4258
1210.6153 27072084682.1880
1210.7265 26850905642.1120
1210.8377 103464845.9755
1210.9489 27117524208.6309
1211.0600 27135894804.2899
1211.1712 107223116.0230
1211.2824 27107964286.2687
1211.3936 27054619130.5306
1211.5048 103847903.3143
1211.6160 26772843764.1360
1211.7272 27053141792.2734
1211.8384 105514791.0856
1211.9495 27028687104.8169
1212.0607 27176336472.2147
1212.1719 107754208.3528
1212.2831 26832451644.4696
1212.3943 27087732030.1928
1212.5055 104918580.5904
1212.6167 26998467806.0865
1212.7279 27133426062.2963
1212.8390 105615264.2286
1212.9502 27127349383.3219
1213.0614 27113635982.8399
1213.1726 108822973.0406
1213.2838 27164883891.5488
1213.3950 27054063628.6460
1213.5062 103290096.5090
1213.6174 27074520571.2423
1213.7286 26961429098.2679
1213.8397 108447017.1494
1213.9509 27133891894.6041
1214.0621 26956314687.4024
1214.1733 100361009.3152
1214.2845 26978386085.4365
1214.3957 26971025105.5766
1214.5069 104031884.1683
1214.6181 26926274664.3709
1214.7292 27039904752.0061
1214.8404 105079998.0230
1214.9516 27056981467.2640
1215.0628 27027746904.8555
1215.1740 108858867.3637
1215.2852 26970534715.3203
1215.3964 26957943770.1579
1215.5076 105660152.9704
1215.6188 26975153392.6444
1215.7299 27051676705.4452
1215.8411 107028021.0923
1215.9523 27058530307.9055
1216.0635 26944709993.0329
1216.1747 107663667.9279
1216.2859 26833403095.7333
1216.3971 27017486140.8468
1216.5083 106793053.8057
1216.6194 27040858222.8726
1216.7306 27029091513.0651
1216.8418 101686550.1787
1216.9530 26820288356.7096
1217.0642 26945888209.4612
1217.1754 100404994.8991
1217.2866 26920662224.7617
1217.3978 27241099703.9374
1217.5089 105147006.5074
1217.6201 26976247562.1866
1217.7313 27010258341.7576
1217.8425 102788158.4927
1217.9537 26788193562.4403
1218.0649 27106072196.5798
1218.1761 107497979.8945
1218.2873 27107748868.0211
1218.3985 26949754356.5960
1218.5096 104583571.8511
1218.6208 26964477304.4342
1218.7320 26953560009.7730
1218.8432 100397085.6689
1218.9544 27096278025.3188
1219.0656 27078626070.9371
1219.1768 103649514.2391
1219.2880 26802573578.7705
1219.3991 27004350247.6831
1219.5103 105488284.8084
1219.6215 27108239748.5542
1219.7327 27159146356.4748
1219.8439 102007672.7394
1219.9551 26971279845.9714
1220.0663 26911624320.2649
1220.1775 103628215.2841
1220.2886 26892743501.0022
1220.3998 27078693213.2148
1220.5110 106317568.6336
1220.6222 26946911374.2280
1220.7334 26911903003.0364
1220.8446 104374191.3264
1220.9558 26859777128.5413
1221.0670 27042382232.2680
1221.1782 107308843.7055
1221.2893 26917438559.8629
1221.4005 26936017216.0683
1221.5117 103085125.4690
1221.6229 27016647834.3954
1221.7341 27143895691.5869
1221.8453 103555370.1724
1221.9565 27058548619.5255
1222.0677 27048694534.4490
1222.1788 105776122.8108
1222.2900 26889617141.5814
1222.4012 26917644940.1826
1222.5124 106835048.9802
1222.6236 27039370401.9005
1222.7348 26866856716.8614
1222.8460 99394094.3150
1222.9572 26911644000.2758
1223.0683 27071192292.2902
1223.1795 107702878.0638
1223.2907 26895879439.5672
1223.4019 27044961739.9652
1223.5131 107335772.0510
1223.6243 27077925097.8978
1223.7355 26928151131.2205
1223.8467 101553091.3775
1223.9579 27083580147.4621
1224.0690 26936030477.5790
1224.1802 104407992.1910
1224.2914 27111252378.6538
1224.4026 27000702043.5318
1224.5138 94874952.1956
1224.6250 26900440135.9198
1224.7362 26900561533.3056
1224.8474 103528655.9484
1224.9585 26940906482.3876
1225.0697 26987738900.1804
1225.1809 102960058.0341
1225.2921 27150554187.3033
1225.4033 26981975297.5855
1225.5145 105877139.3065
1225.6257 26977722268.9279
1225.7369 26865021370.7887
1225.8480 103321665.1029
1225.9592 26760857896.7562
1226.0704 27118158935.0862
1226.1816 107730192.2145
1226.2928 27014538620.0343
1226.4040 26805743987.3366
1226.5152 107083987.0156
1226.6264 26851298269.2652
1226.7376 27118263191.4637
1226.8487 106955040.6096
1226.9599 27113513408.9123
1227.0711 26835102101.3826
1227.1823 104292866.3200
1227.2935 26916995545.6792
1227.4047 26976340932.2485
1227.5159 108655288.0744
1227.6271 26958931767.8107
1227.7382 26967127199.7004
1227.8494 103541346.4773
1227.9606 26898013006.7804
1228.0718 27085319000.5408
1228.1830 102439463.3722
1228.2942 27216234696.6345
1228.4054 26841730792.5812
1228.5166 100010598.4612
1228.6278 27073276280.8099
1228.7389 26815224871.2235
1228.8501 101043599.0056
1228.9613 26803698149.7680
1229.0725 27128319150.5108
1229.1837 105222398.3027
1229.2949 27204644584.6664
1229.4061 26760161399.6800
1229.5173 98402027.1839
1229.6284 26719924287.4255
1229.7396 26952577336.0277
1229.8508 102982582.9401
1229.9620 26809643917.4157
1230.0732 27266299072.1790
1230.1844 93587011.3456
1230.2956 26739999686.0765
1230.4068 26970828915.8718
1230.5179 105117696.8875
1230.6291 26991234704.4538
1230.7403 26883338599.3441
1230.8515 108481470.5404
1230.9627 26761265398.1664
1231.0739 27118177361.1406
1231.1851 103547850.5015
1231.2963 26889647583.6714
1231.4075 26977534944.8462
1231.5186 101661972.9661
1231.6298 27171997682.2228
1231.7410 26863599663.3951
1231.8522 104233311.8728
1231.9634 27144939008.1242
1232.0746 26794785435.7857
1232.1858 105132844.4916
1232.2970 26919445044.1563
1232.4081 26773365124.0482
1232.5193 96862672.6591
1232.6305 26572120292.8698
1232.7417 27159159826.6432
1232.8529 101055094.3413
1232.9641 26886835086.3821
1233.0753 27047669435.5131
1233.1865 101320405.6098
1233.2976 26626685359.9009
1233.4088 26903189294.0934
1233.5200 107993799.5117
1233.6312 26578706209.0183
1233.7424 27112349058.3049
1233.8536 104168199.0626
1233.9648 27174594738.3260
1234.0760 26965672058.4462
1234.1872 107249031.9091
1234.2983 26990893043.3119
1234.4095 26842225024.2036
1234.5207 105932279.3066
1234.6319 26649814177.4148
1234.7431 27180666833.2046
1234.8543 105027439.0161
1234.9655 27018535644.1726
1235.0767 27084783089.7985
1235.1878 103905719.6040
1235.2990 27254921448.5944
1235.4102 26710942002.1495
1235.5214 86867382.4130
1235.6326 26848066167.1146
1235.7438 26857754370.1397
1235.8550 102098678.0299
1235.9662 26739814532.1717
1236.0773 27099593023.4628
1236.1885 102494989.3098
1236.2997 26772835363.2939
1236.4109 26837883855.8523
1236.5221 101106982.2810
1236.6333 26738033514.0237
1236.7445 26861890900.4599
1236.8557 72369510.1734
1236.9669 27039739543.7833
1237.0780 27166480286.4171
1237.1892 98504250.5310
1237.3004 27326441970.5471
1237.4116 26684307435.1066
1237.5228 96785369.1935
1237.6340 26877958983.1292
1237.7452 26847625146.9891
1237.8564 90884886.6492
1237.9675 27228927824.5095
1238.0787 26530276481.4833
1238.1899 97015841.3833
1238.3011 26921925178.9157
1238.4123 26896640849.5002
1238.5235 107853879.5993
1238.6347 27031142452.3962
1238.7459 26836867380.6302
1238.8570 90814717.0698
1238.9682 26644548108.9928
1239.0794 26968057219.3884
1239.1906 94468165.5748
1239.3018 26645499405.8077
1239.4130 27390756273.6721
1239.5242 92030027.4073
1239.6354 27372491708.1337
1239.7466 26575523526.3025
1239.8577 101481399.9328
1239.9689 26711040448.6833
1240.0801 26951253223.2351
1240.1913 73273497.6790
1240.3025 26766510448.5741
1240.4137 27012376621.7851
1240.5249 88237024.1062
1240.6361 27027210338.2290
1240.7472 26403072220.2360
1240.8584 93019445.2769
1240.9696 27131218593.3141
1241.0808 26563188220.0658
1241.1920 66202071.0994
1241.3032 27071956692.4586
1241.4144 26599241181.0949
1241.5256 90201448.8398
1241.6368 27109122489.3271
1241.7479 26525414660.6374
1241.8591 80994992.6398
1241.9703 27272342258.1274
1242.0815 26747319080.0840
1242.1927 85502021.2959
1242.3039 26503661295.1883
1242.4151 26555491760.3775
1242.5263 92099332.8749
1242.6374 26540491562.7029
1242.7486 27038364466.2679
1242.8598 61747815.3235
1242.9710 26931307235.4298
1243.0822 27138637201.8388
1243.1934 82580202.2270
1243.3046 27013864462.6324
1243.4158 27063138684.5663
1243.5269 35532077.6201
1243.6381 26517538417.7140
1243.7493 26736902275.9081
1243.8605 25778655.3447
1243.9717 26872942801.1971
1244.0829 26645687748.7321
1244.1941 80682923.8889
1244.3053 27569787637.2686
1244.4165 25836982724.9144
1244.5276 42092471.7459
1244.6388 27078639107.5182
1244.7500 26196420247.2799
1244.8612 39144603.7823
1244.9724 26235003409.8839
1245.0836 27656942468.6900
1245.1948 49127780.7542
1245.3060 26536677176.3360
1245.4171 27064187660.0488
1245.5283 17416031.8973
1245.6395 26499857942.1196
1245.7507 26218870457.6226
1245.8619 19060608.4160
1245.9731 26343885023.2050
1246.0843 27193283185.1562
1246.1955 10413663.1869
1246.3066 27220997881.5783
1246.4178 27209745736.4080
1246.5290 0.0000
1246.6402 26577713299.3349
1246.7514 26256047055.7618
1246.8626 70551544.6074
1246.9738 27250315782.2303
1247.0850 25596766805.6477
1247.1962 0.0000
1247.3073 27490372064.1710
1247.4185 26157476699.2112
1247.5297 23138532.2692
1247.6409 27449307457.3295
1247.7521 25559611719.0253
1247.8633 0.0000
1247.9745 25315481815.4099
1248.0857 26409621044.7445
1248.1968 0.0000
1248.3080 22947369685.9604
1248.4192 29000887992.1320
1248.5304 0.0000
1248.6416 26922585104.7462
1248.7528 24833119704.4451
1248.8640 0.0000
1248.9752 26430347094.9372
1249.0863 25437252801.1270
1249.1975 0.0000
1249.3087 25059235999.5568
1249.4199 30519219189.1529
1249.5311 0.0000
1249.6423 25204558274.6845
1249.7535 28289093704.2253
1249.8647 0.0000
1249.9759 27286969327.5557
1250.0870 23773959221.3509
1250.1982 0.0000
1250.3094 27193807689.8435
1250.4206 25502691274.5751
1250.5318 0.0000
1250.6430 26675880130.2852
1250.7542 25597895559.4223
1250.8654 0.0000
1250.9765 26211507190.5597
1251.0877 28579361885.2055
1251.1989 0.0000
1251.3101 25530326149.3206
1251.4213 25578652303.7168
1251.5325 0.0000
1251.6437 26334850344.1631
1251.7549 26970832950.7625
1251.8660 0.0000
1251.9772 26649726191.1040
1252.0884 26545745881.0527
1252.1996 0.0000
1252.3108 29742194994.1419
1252.4220 24670101353.8871
1252.5332 0.0000
1252.6444 27961240537.8351
1252.7556 23876254482.6567
1252.8667 0.0000
1252.9779 27446448100.8950
1253.0891 27248645144.3143
1253.2003 0.0000
1253.3115 28018946468.2841
1253.4227 25710666807.3299
1253.5339 0.0000
1253.6451 27102665659.5698
1253.7562 25667379122.2698
1253.8674 54902684.4157
1253.9786 27556986180.4910
1254.0898 25870835419.8814
1254.2010 0.0000
1254.3122 25479111520.1578
1254.4234 28251165487.4639
1254.5346 0.0000
1254.6457 25629412899.7541
1254.7569 26520568858.0678
1254.8681 0.0000
1254.9793 27083330981.5563
1255.0905 25312626155.0672
1255.2017 35224676.1914
1255.3129 26443839880.1777
1255.4241 26609546643.5586
1255.5353 0.0000
1255.6464 25846046236.8214
1255.7576 26134462018.1812
1255.8688 0.0000
1255.9800 25942061159.6464
1256.0912 26467544740.2178
1256.2024 8387143.7072
1256.3136 27202977688.9380
1256.4248 26171084568.2215
1256.5359 73696250.6555
1256.6471 25948561760.5973
1256.7583 27175368925.9734
1256.8695 59628150.8530
1256.9807 25870279283.5891
1257.0919 27515655131.7100
1257.2031 6164631.7074
1257.3143 26843347163.4062
1257.4255 26947425636.2528
1257.5366 35970887.5180
1257.6478 26539023825.2593
1257.7590 27046397110.0864
1257.8702 0.0000
1257.9814 26084513042.9619
1258.0926 26300877276.0817
1258.2038 87122520.1396
1258.3150 26517756539.0036
1258.4261 26424127724.6013
1258.5373 39538203.4763
1258.6485 27255616389.4472
1258.7597 26934824274.9495
1258.8709 86439308.1272
1258.9821 26747597210.7857
1259.0933 26894546746.7775
1259.2045 76676487.6563
1259.3156 26296031237.2316
1259.4268 26836836630.2863
1259.5380 100139151.3599
1259.6492 26391724945.2819
1259.7604 26696744304.2551
1259.8716 68748399.0692
1259.9828 26476235633.4674
1260.0940 27101766307.4187
1260.2052 84251508.5752
1260.3163 26065517130.5161
1260.4275 27417000726.2188
1260.5387 98686093.2650
1260.6499 26653715781.6293
1260.7611 27247589086.7780
1260.8723 61896069.4866
1260.9835 26301328125.3696
1261.0947 26872385753.5327
1261.2058 89689634.1865
1261.3170 26909975827.7639
1261.4282 26647745559.4157
1261.5394 72408736.6283
1261.6506 26923776100.5221
1261.7618 26514767315.1941
1261.8730 52187789.4691
1261.9842 26568593406.1434
1262.0953 26669326365.2619
1262.2065 99678843.2517
1262.3177 26196087665.6719
1262.4289 27284270224.4202
1262.5401 88538417.7635
1262.6513 26141468093.7253
1262.7625 27299860327.6133
1262.8737 92239729.3557
1262.9849 26664910678.0602
1263.0960 27015724491.5144
1263.2072 105812073.6951
1263.3184 26851256943.0676
1263.4296 26660874672.9548
1263.5408 97735177.6479
1263.6520 26463279709.3388
1263.7632 26943660619.0440
1263.8744 89316751.2490
1263.9855 26070053449.0678
1264.0967 26851969290.7777
1264.2079 84607835.9228
1264.3191 26857833563.4286
1264.4303 27018825803.8730
1264.5415 98809610.0548
1264.6527 26698194439.9337
1264.7639 26618227450.3290
1264.8750 69688172.2544
1264.9862 26771731738.3492
1265.0974 26906023351.6120
1265.2086 80609342.2947
1265.3198 27285355718.2873
1265.4310 26874631639.4604
1265.5422 106411021.5813
1265.6534 26897294281.8996
1265.7646 26823532905.3138
1265.8757 96919250.7305
1265.9869 26430981891.2876
1266.0981 27253145076.1029
1266.2093 98575890.9005
1266.3205 26716951987.5555
1266.4317 27140391977.8848
1266.5429 90081112.0083
1266.6541 27016574088.4522
1266.7652 26505783188.0842
1266.8764 93282271.8707
1266.9876 26724218326.1512
1267.0988 26691688304.5459
1267.2100 102177923.7480
1267.3212 26630051033.7625
1267.4324 26900173621.1563
1267.5436 96533083.8192
1267.6547 26436917534.3516
1267.7659 27127662413.1480
1267.8771 100691008.6757
1267.9883 26824852810.2734
1268.0995 26809413451.6617
1268.2107 91318485.1033
1268.3219 26911249576.5720
1268.4331 26609021203.4241
1268.5443 84110524.6461
1268.6554 26708912025.8367
1268.7666 26766052306.1914
1268.8778 92993302.6806
1268.9890 26826757531.5737
1269.1002 26841771183.8612
1269.2114 89215510.2318
1269.3226 26865385030.9686
1269.4338 26954124176.3263
1269.5449 98003061.2741
1269.6561 26510203254.8568
1269.7673 26781641212.8170
1269.8785 99403599.9838
1269.9897 26729137680.3722
1270.1009 26720094991.4947
1270.2121 102170663.4465
1270.3233 26944682244.8106
1270.4345 26724783992.1972
1270.5456 99569389.4681
1270.6568 26581427353.7586
1270.7680 26668382756.0228
1270.8792 105723375.0636
1270.9904 26707236233.6991
1271.1016 26698900341.9940
1271.2128 98838128.2033
1271.3240 26986195711.0206
1271.4351 26439312177.6678
1271.5463 89159575.1992
1271.6575 27450054429.9674
1271.7687 26431457826.2524
1271.8799 101294907.6134
1271.9911 26600189345.0835
1272.1023 26676060901.0404
1272.2135 96638619.9044
1272.3246 26650836453.3985
1272.4358 26729893270.3438
1272.5470 103077648.8100
1272.6582 27027716714.7465
1272.7694 26557056169.9850
1272.8806 107665392.9787
1272.9918 26826666049.6676
1273.1030 26715502120.8139
1273.2142 104481719.7167
1273.3253 26707962735.9798
1273.4365 26786454252.5763
1273.5477 105088794.8883
1273.6589 26387693114.0893
1273.7701 26807976591.8632
1273.8813 103692628.8794
1273.9925 26551537256.7506
1274.1037 27117152164.1857
1274.2148 104716978.0013
1274.3260 26834014279.1780
1274.4372 26961471559.2818
1274.5484 77228500.6576
1274.6596 26698989900.2622
1274.7708 26803568299.8870
1274.8820 101953871.2841
1274.9932 26843978640.3536
1275.1043 26811922839.2076
1275.2155 104881537.1400
1275.3267 26579136892.7161
1275.4379 26883285860.3043
1275.5491 105034827.6524
1275.6603 26796363786.1218
1275.7715 26733348559.2331
1275.8827 98620329.2011
1275.9939 26841856076.8016
1276.1050 26704663609.9399
1276.2162 104563950.2094
1276.3274 26617367472.1854
1276.4386 26894206595.6388
1276.5498 101286450.0820
1276.6610 26607485610.9315
1276.7722 26810676302.1918
1276.8834 85774083.7981
1276.9945 26779098637.8765
1277.1057 26683559175.8442
1277.2169 102117421.8668
1277.3281 26687651433.8467
1277.4393 26820560282.2415
1277.5505 107494671.7896
1277.6617 26761196293.0777
1277.7729 27119770550.4140
1277.8840 99976347.2346
1277.9952 26790515770.3033
1278.1064 26724673081.0830
1278.2176 93241752.9260
1278.3288 26726180296.2706
1278.4400 26521619825.9524
1278.5512 100811962.7207
1278.6624 26731554615.3097
1278.7736 26779199221.3327
1278.8847 100301153.1999
1278.9959 26455242812.7086
1279.1071 26833363148.8419
1279.2183 102980919.6342
1279.3295 26693811133.6375
1279.4407 26621337026.4995
1279.5519 94114383.9604
1279.6631 26446931191.8618
1279.7742 26555724511.0923
1279.8854 100827857.6223
1279.9966 26660466951.7363
1280.1078 26755067912.2760
1280.2190 105240119.5846
1280.3302 26774468121.0747
1280.4414 26509872460.0127
1280.5526 99741723.6767
1280.6637 26573486445.2655
1280.7749 26580517409.2712
1280.8861 98534429.3349
1280.9973 26723413783.4929
1281.1085 26705945114.2512
1281.2197 106706071.0141
1281.3309 26810743722.7007
1281.4421 26536259906.8241
1281.5533 97489800.2863
1281.6644 26480044911.5153
1281.7756 26395375956.7373
1281.8868 103275604.9895
1281.9980 26686455247.0223
1282.1092 26498949234.6610
1282.2204 99040847.9958
1282.3316 26866371850.3255
1282.4428 26610385835.3532
1282.5539 99581310.7192
1282.6651 26529679051.6179
1282.7763 26774828809.1057
1282.8875 105335806.1203
1282.9987 26579787046.7300
1283.1099 26561326240.1637
1283.2211 106069052.7938
1283.3323 26662424573.1341
1283.4435 26802987018.0675
1283.5546 113322393.1978
1283.6658 26482696528.3447
1283.7770 26746982183.0431
1283.8882 109764687.2649
1283.9994 26525891452.7586
1284.1106 26834666147.8181
1284.2218 114715421.6805
1284.3330 26575828749.3359
1284.4441 26730042900.4804
1284.5553 118738882.9909
1284.6665 26313322972.9525
1284.7777 26811852759.8577
1284.8889 121408069.5280
1285.0001 26756880020.6017
1285.1113 26523769727.6523
1285.2225 124267140.6244
1285.3336 26611753138.2450
1285.4448 26823982681.7146
1285.5560 120865941.0347
1285.6672 26504023425.1969
1285.7784 26875369447.3971
1285.8896 114384375.9822
1286.0008 26702330281.6973
1286.1120 26807735073.3561
1286.2232 116849040.1272
1286.3343 26655919929.8905
1286.4455 26631904929.1179
1286.5567 101251937.7684
1286.6679 26505360608.1467
1286.7791 26741223970.6144
1286.8903 120347920.8297
1287.0015 26677530767.8639
1287.1127 26731426116.6648
1287.2238 126847580.6964
1287.3350 26593425923.3436
1287.4462 26414273183.3971
1287.5574 119652445.6228
1287.6686 26340770047.0397
1287.7798 26675803712.9026
1287.8910 133583209.7817
1288.0022 26376387272.0509
1288.1133 26529416511.9495
1288.2245 130724115.1607
1288.3357 26648128795.6178
1288.4469 26743376144.4766
1288.5581 129235644.0559
1288.6693 26433806304.5308
1288.7805 26388551470.2160
1288.8917 128072384.7040
1289.0029 26469683385.3666
1289.1140 26882124355.2121
1289.2252 140465954.8688
1289.3364 26593030583.2283
1289.4476 26767527780.4596
1289.5588 132985880.0875
1289.6700 26638893543.7744
1289.7812 26738388033.4270
1289.8924 131092021.0473
1290.0035 26418304679.0832
1290.1147 26838356074.0782
1290.2259 120431500.9730
1290.3371 26419021769.5148
1290.4483 26649060125.1086
1290.5595 132388335.8348
1290.6707 26686981229.0637
1290.7819 26674561175.0575
1290.8930 142540125.7890
1291.0042 26816272948.6140
1291.1154 26595001707.1969
1291.2266 148819748.4880
1291.3378 26707847437.9595
1291.4490 26806837399.0904
1291.5602 146894702.6011
1291.6714 26452766640.6572
1291.7826 26684367547.2186
1291.8937 153221263.7509
1292.0049 26750296777.5390
1292.1161 26574594115.2481
1292.2273 146472025.0415
1292.3385 26775023326.7133
1292.4497 26573746266.6222
1292.5609 151812843.0928
1292.6721 26622336298.5216
1292.7832 26700135172.4181
1292.8944 153758720.4093
1293.0056 26544520886.2259
1293.1168 26822717420.3821
1293.2280 164547594.3144
1293.3392 26701616772.6438
1293.4504 26608735601.1733
1293.5616 142844277.7385
1293.6727 26546208968.7587
1293.7839 26787181487.0226
1293.8951 173096730.4695
1294.0063 26760946173.9225
1294.1175 26741408937.8853
1294.2287 172088777.8040
1294.3399 26480244287.3816
1294.4511 26657336290.4750
1294.5623 158324235.0562
1294.6734 26860810566.4188
1294.7846 26480329975.1278
1294.8958 174958978.3548
1295.0070 26809854382.9496
1295.1182 26542483769.4190
1295.2294 161330961.4129
1295.3406 26646124095.7533
1295.4518 26495819161.1016
1295.5629 183653274.0132
1295.6741 26512328692.8136
1295.7853 26594872121.3582
1295.8965 184721238.4852
1296.0077 26591931332.6428
1296.1189 26680301277.8489
1296.2301 186044577.4268
1296.3413 26926287706.0420
1296.4524 26518423021.3704
1296.5636 189966259.5561
1296.6748 26663827871.3030
1296.7860 26684616542.6562
1296.8972 190830665.4877
1297.0084 26663753480.4917
1297.1196 26574904017.3179
1297.2308 193319350.2312
1297.3420 26480537706.3201
1297.4531 26580226237.7161
1297.5643 190081898.7157
1297.6755 26365756590.1078
1297.7867 26886440966.6586
1297.8979 192392151.8505
1298.0091 26878080555.0034
1298.1203 26621651657.9923
1298.2315 206199122.0103
1298.3426 26693530452.9955
1298.4538 26502742894.4279
1298.5650 209281099.6168
1298.6762 26315702189.1263
1298.7874 26894240535.2241
1298.8986 187346657.2510
1299.0098 26707260947.7296
1299.1210 26324020605.4454
1299.2322 207199884.8820
1299.3433 26490452859.8489
1299.4545 26613401127.8832
1299.5657 209579564.6558
1299.6769 26484871347.5257
1299.7881 26411432699.3450
1299.8993 196858342.4466
1300.0105 26199219576.8075
1300.1217 26777769547.3471
1300.2328 211705941.9133
1300.3440 26450671349.9270
1300.4552 26860498913.6121
1300.5664 208590475.3338
1300.6776 26598805184.3457
1300.7888 26614746649.1683
1300.9000 201289817.4106
1301.0112 26648684844.4549
1301.1223 26507078363.3513
1301.2335 212006723.7002
1301.3447 26490705476.6935
1301.4559 26873447313.8806
1301.5671 224534350.6001
1301.6783 26596252325.2360
1301.7895 26669457017.5401
1301.9007 213717490.2899
1302.0119 26530269158.4627
1302.1230 26450161896.1084
1302.2342 219497605.0662
1302.3454 26171138006.3453
1302.4566 26967333301.8061
1302.5678 247722116.5527
1302.6790 26476521615.1488
1302.7902 26828461754.2983
1302.9014 230401129.1196
1303.0125 26606714737.4903
1303.1237 26375252689.8596
1303.2349 234994626.7140
1303.3461 26424321238.6982
1303.4573 26415664861.9675
1303.5685 235079775.9716
1303.6797 26688392588.9143
1303.7909 26574906175.0917
1303.9020 268111117.2717
1304.0132 26564667090.0675
1304.1244 26506516257.3343
1304.2356 259851812.6666
1304.3468 26502786414.9965
1304.4580 26536482742.0546
1304.5692 264005196.2854
1304.6804 26747049797.8410
1304.7916 26375456348.9903
1304.9027 248678343.5455
1305.0139 26131082378.9392
1305.1251 26718818557.1958
1305.2363 259358053.4673
1305.3475 26559209696.2697
1305.4587 26541251600.2301
1305.5699 269136299.0472
1305.6811 26727938368.0346
1305.7922 26892792811.6496
1305.9034 264916954.3349
1306.0146 26480940664.1654
1306.1258 26510854084.2960
1306.2370 287283407.9075
1306.3482 26476021013.3715
1306.4594 26366498941.4195
1306.5706 274994191.1473
1306.6817 26457646109.8653
1306.7929 26374530185.8671
1306.9041 277727310.1176
1307.0153 26352661610.9854
1307.1265 26507818757.1823
1307.2377 296204684.7078
1307.3489 26416521833.9263
1307.4601 26582676582.9047
1307.5713 298519712.3121
1307.6824 27047480469.3201
1307.7936 26037972166.0211
1307.9048 283258807.7924
1308.0160 26583372873.3346
1308.1272 26708090585.0010
1308.2384 283706067.1714
1308.3496 26035633160.8218
1308.4608 26845794292.4861
1308.5719 297872682.0057
1308.6831 26223391959.9284
1308.7943 27108216498.8947
1308.9055 292192925.5854
1309.0167 27015150280.3275
1309.1279 27111821484.7519
1309.2391 302596434.0858
1309.3503 26642530384.4501
1309.4614 26521859059.9455
1309.5726 308271987.6066
1309.6838 26863465469.5178
1309.7950 26078010869.9135
1309.9062 308495164.8627
1310.0174 26225636436.9010
1310.1286 26829231876.0666
1310.2398 330545695.3289
1310.3510 26608975129.2597
1310.4621 26724687042.5547
1310.5733 316955612.2314
1310.6845 26370835319.6295
1310.7957 26919311728.5612
1310.9069 338665951.2169
1311.0181 26004646272.7719
1311.1293 27059951918.7071
1311.2405 327093836.8422
1311.3516 26781432327.9087
1311.4628 26734042783.5249
1311.5740 342696246.6992
1311.6852 26606538028.9892
1311.7964 26484841957.8741
1311.9076 297013068.6261
1312.0188 26270014083.6538
1312.1300 26892799075.0612
1312.2412 352953458.0793
1312.3523 26196281364.5146
1312.4635 27200966982.9579
1312.5747 349478265.8585
1312.6859 26554648351.9544
1312.7971 26785518998.6394
1312.9083 372741308.6593
1313.0195 26802032119.5354
1313.1307 26388221221.8767
1313.2418 333511831.8366
1313.3530 26483762912.9853
1313.4642 26330023400.9998
1313.5754 274925715.0557
1313.6866 25306863055.4505
1313.7978 27366927674.4198
1313.9090 360541125.6950
1314.0202 26588441119.5220
1314.1313 26334944118.3894
1314.2425 336303993.9455
1314.3537 26689058443.5171
1314.4649 27006142584.9075
1314.5761 353319999.9668
1314.6873 26450712123.2003
1314.7985 26363808984.4794
1314.9097 385925306.7331
1315.0209 26262748472.9820
1315.1320 26527678203.2383
1315.2432 353557095.6155
1315.3544 26682387210.3742
1315.4656 26711897665.5052
1315.5768 369781377.3033
1315.6880 26908337333.4320
1315.7992 27124672836.0917
1315.9104 388513802.2817
1316.0215 27882957329.9092
1316.1327 25078299733.9526
1316.2439 371185292.5521
1316.3551 26912476821.3800
1316.4663 27173444840.6072
1316.5775 357564373.8100
1316.6887 26038024746.5142
1316.7999 27280385901.5832
1316.9110 368030684.1542
1317.0222 27027717458.2413
1317.1334 26452375494.5808
1317.2446 453615336.9923
1317.3558 27470398168.7670
1317.4670 25726055980.1800
1317.5782 394719328.2315
1317.6894 25991613512.0669
1317.8006 27132543805.7142
1317.9117 255054381.6665
1318.0229 27007448718.0883
1318.1341 27803462871.0273
1318.2453 132126542.4820
1318.3565 26548303380.9535
1318.4677 24868946746.6939
1318.5789 469490948.1968
1318.6901 25977442101.7044
1318.8012 26510788759.9412
1318.9124 413983271.3268
1319.0236 25975100496.2685
1319.1348 24067549778.5258
1319.2460 423869510.3677
1319.3572 24955961061.2532
1319.4684 27905179461.0633
1319.5796 405520108.5325
1319.6907 26542996187.7302
1319.8019 26582384501.2017
1319.9131 436698740.5146
1320.0243 24728248645.3831
1320.1355 26948897822.1134
1320.2467 429100880.1577
1320.3579 26187771601.9620
1320.4691 25274727293.7526
1320.5803 352544989.8482
1320.6914 26497014677.3323
1320.8026 26559966274.6289
1320.9138 516525972.7269
1321.0250 27007340269.5677
1321.1362 26083019577.2222
1321.2474 487510619.1416
1321.3586 26190738209.2433
1321.4698 27377079449.2023
1321.5809 471906897.5182
1321.6921 26529936698.6413
1321.8033 26677204384.6118
1321.9145 474350103.0082
1322.0257 26993630626.3414
1322.1369 25850782152.4045
1322.2481 506399721.8352
1322.3593 26407627094.6737
1322.4704 26766997627.3827
1322.5816 393013747.1832
1322.6928 25607338077.3124
1322.8040 26888261696.8313
1322.9152 487108751.9514
1323.0264 26937600704.9548
1323.1376 26249041310.7865
1323.2488 456176168.6137
1323.3600 26937704832.4467
1323.4711 26923556701.6731
1323.5823 499144337.6317
1323.6935 25706006399.5383
1323.8047 27319622861.2137
1323.9159 628377243.6956
1324.0271 26064900157.9391
1324.1383 26890828317.7164
1324.2495 562930175.9617
1324.3606 27734115087.3085
1324.4718 26506181401.9995
1324.5830 623455921.0161
1324.6942 27600272635.6661
1324.8054 26581523272.5410
1324.9166 534558625.4909
1325.0278 26968047650.6957
1325.1390 26426214005.5274
1325.2501 625376598.9186
1325.3613 27658302174.5347
1325.4725 25486388050.9335
1325.5837 656524883.7619
1325.6949 26946560373.6987
1325.8061 25600283424.6478
1325.9173 614553377.3895
1326.0285 26292695342.1137
1326.1397 26034701245.2096
1326.2508 728670324.6655
1326.3620 26530195668.1039
1326.4732 25611813145.0913
1326.5844 616662154.1420
1326.6956 26011744706.2623
1326.8068 24848084828.9288
1326.9180 730694514.5832
1327.0292 25129791459.9016
1327.1403 26349188617.7311
1327.2515 647605123.5029
1327.3627 26320306067.6644
1327.4739 27424875264.3707
1327.5851 607828881.1119
1327.6963 25922188535.9291
1327.8075 26941464625.6959
1327.9187 741137640.6368
1328.0299 26437705522.8030
1328.1410 25458329073.8701
1328.2522 755920023.9043
1328.3634 25097764794.1481
1328.4746 26817182034.1003
1328.5858 728603864.3615
1328.6970 26577752034.4944
1328.8082 25489512336.1254
1328.9194 794582207.7473
1329.0305 25707087328.8912
1329.1417 27431648965.2895
1329.2529 757731762.7497
1329.3641 26682805454.7609
1329.4753 26666923061.7993
1329.5865 721099893.4506
1329.6977 26524427945.9280
1329.8089 25523239981.7585
1329.9200 762865434.2619
1330.0312 26324467192.5631
1330.1424 28022430299.2303
1330.2536 657493069.0629
1330.3648 25963332942.9760
1330.4760 27693677533.3812
1330.5872 636029844.9618
1330.6984 27629786614.2749
1330.8096 26382236996.8404
1330.9207 870686205.0362
1331.0319 27568060556.7976
1331.1431 26746488445.0979
1331.2543 487074094.3526
1331.3655 26410786401.1386
1331.4767 25167515883.7853
1331.5879 744865436.5167
1331.6991 25282675183.5040
1331.8102 25892399290.9639
1331.9214 697041827.4405
1332.0326 25854060895.6388
1332.1438 24621296293.6136
1332.2550 770802011.7808
1332.3662 25765120669.7153
1332.4774 26212900691.6918
1332.5886 788436888.9335
1332.6997 25858294406.0457
1332.8109 25983814970.4559
1332.9221 927555460.2904
1333.0333 25896219098.0303
1333.1445 26186837624.6569
1333.2557 461586449.4155
1333.3669 27328276117.0049
1333.4781 25975847764.9958
1333.5893 795835422.2299
1333.7004 27064526346.6890
1333.8116 27680782871.2937
1333.9228 657008118.5148
1334.0340 29003856715.1252
1334.1452 23109567586.4289
1334.2564 138502061.8322
1334.3676 26599450426.3336
1334.4788 23466865803.9402
1334.5899 972354295.1693
1334.7011 27110107621.5498
1334.8123 23980389359.5330
1334.9235 482821440.2112
1335.0347 26526594521.3442
1335.1459 26125965386.7565
1335.2571 1092072949.8816
1335.3683 27816690070.0070
1335.4794 24873603574.9228
1335.5906 1028137691.6861
1335.7018 26466221486.4851
1335.8130 25236151566.2380
1335.9242 1059039604.8643
1336.0354 26758870594.5159
1336.1466 26160675020.7901
1336.2578 957866703.8256
1336.3690 26101795975.6879
1336.4801 25083446377.1861
1336.5913 1064489632.3870
1336.7025 26698120649.0893
1336.8137 25574282404.0185
1336.9249 971383036.9681
1337.0361 24601695913.7749
1337.1473 25819938834.8148
1337.2585 1039816509.7569
1337.3696 26501673586.5832
1337.4808 24840510943.2065
1337.5920 1223879353.9854
1337.7032 25730443615.1147
1337.8144 26736587774.6548
1337.9256 1336066734.0770
1338.0368 26302973959.4124
1338.1480 26203097140.8818
1338.2591 1166865642.5178
1338.3703 26070399911.8001
1338.4815 25883680957.8294
1338.5927 1195311679.0764
1338.7039 26771498465.2614
1338.8151 26504590641.1870
1338.9263 909824220.8034
1339.0375 26282703212.2894
1339.1487 26118911542.1032
1339.2598 1137538887.6467
1339.3710 26505308288.8584
1339.4822 26081646827.2297
1339.5934 1249485450.9111
1339.7046 25672076159.9182
1339.8158 26688692442.9561
1339.9270 1229018146.1690
1340.0382 27807326939.3654
1340.1493 25768038413.1361
1340.2605 1212785610.0564
1340.3717 25734163500.6226
1340.4829 26018598826.9702
1340.5941 1092453769.3375
1340.7053 25758773208.9765
1340.8165 26288715867.8778
1340.9277 1233112740.4209
1341.0389 26467232260.9588
1341.1500 26998780619.6006
1341.2612 1179533414.3461
1341.3724 26816587325.7553
1341.4836 26361722757.9634
1341.5948 1159205255.2812
1341.7060 26383505551.0429
1341.8172 25702982878.1464
1341.9284 1160016404.6218
1342.0395 26130193925.9162
1342.1507 25916110337.2853
1342.2619 1234339480.2897
1342.3731 25565105586.8848
1342.4843 26083706435.0660
1342.5955 1233860009.4712
1342.7067 26270890804.5766
1342.8179 26765513328.9374
1342.9290 1255523831.0760
1343.0402 26110026781.4589
1343.1514 26856760062.8628
1343.2626 1143869493.0889
1343.3738 26374119688.1583
1343.4850 26144598143.1432
1343.5962 1168022932.7268
1343.7074 26482080532.5217
1343.8186 26655064255.7786
1343.9297 1156760130.8236
1344.0409 26749318681.1820
1344.1521 26448538921.9727
1344.2633 1201273469.8693
1344.3745 26622867336.4391
1344.4857 26556368580.1724
1344.5969 1147102399.9780
1344.7081 26396441719.0714
1344.8192 26125385523.4474
1344.9304 1161664811.1565
1345.0416 26694932130.0351
1345.1528 25801869276.4934
1345.2640 1202586567.9005
1345.3752 26545289555.7759
1345.4864 26102909960.2526
1345.5976 1059814514.7500
1345.7087 26201029717.8898
1345.8199 26602197005.8483
1345.9311 1126211565.7440
1346.0423 26365888793.6230
1346.1535 25791698204.4274
1346.2647 1094825445.3759
1346.3759 25876700863.1939
1346.4871 26196079090.3270
1346.5983 1122235036.0791
1346.7094 25922945616.5997
1346.8206 26632103520.6874
1346.9318 1095173733.6741
1347.0430 26478867440.4934
1347.1542 26445344278.6319
1347.2654 1127323501.5327
1347.3766 26319441979.8501
1347.4878 26436257674.2102
1347.5989 1063840674.9881
1347.7101 26240250371.7155
1347.8213 26284699449.2374
1347.9325 1045884623.6301
1348.0437 26241367376.3186
1348.1549 26732329863.1414
1348.2661 1026718638.5967
1348.3773 26618510984.0216
1348.4884 26567247773.8365
1348.5996 1043425820.4979
1348.7108 26539749089.9340
1348.8220 26357471258.5462
1348.9332 1012844757.0668
1349.0444 26201469453.8232
1349.1556 26345722712.2150
1349.2668 1093700157.6564
1349.3780 25904933900.5221
1349.4891 26151153442.7116
1349.6003 1046377107.5294
1349.7115 26210709744.0405
1349.8227 26492972574.0211
1349.9339 979130999.3506
1350.0451 26134524792.4853
1350.1563 26554317739.7317
1350.2675 996164071.7669
1350.3786 25900020182.0948
1350.4898 26664125951.1448
1350.6010 1003701366.0512
1350.7122 26491943195.7302
1350.8234 26454488953.1234
1350.9346 1019953629.9921
1351.0458 26113037218.8057
1351.1570 26380501732.3704
1351.2681 1005887599.6436
1351.3793 26394621735.1739
1351.4905 26548722861.5176
1351.6017 933569200.8131
1351.7129 26539261262.7404
1351.8241 26390867709.0085
1351.9353 975122130.0957
1352.0465 26075836399.6520
1352.1577 26646060742.1311
1352.2688 1026919539.9418
1352.3800 26279646136.5809
1352.4912 26076797943.2644
1352.6024 980176630.0345
1352.7136 26188024702.0432
1352.8248 26318273083.6577
1352.9360 985359318.5284
1353.0472 26003212774.7501
1353.1583 26593261464.5410
1353.2695 1028706830.5605
1353.3807 26332306136.7315
1353.4919 26411778650.2393
1353.6031 993436427.2958
1353.7143 26235984268.4747
1353.8255 26193167623.1987
1353.9367 951914944.8171
1354.0479 26351236577.3280
1354.1590 26128215164.3954
1354.2702 1028183980.5685
1354.3814 25850009409.2117
1354.4926 26500755572.7666
1354.6038 971572609.8682
1354.7150 26108815162.5106
1354.8262 26403108809.9616
1354.9374 986208402.9752
1355.0485 26464727771.5729
1355.1597 26395306242.6518
1355.2709 1012805451.5711
1355.3821 26595682586.5870
1355.4933 26376313744.4454
1355.6045 919724932.0480
1355.7157 26287635299.1605
1355.8269 26173784941.8218
1355.9380 954202508.8193
1356.0492 26361421875.5162
1356.1604 26173097105.7987
1356.2716 974714724.5078
1356.3828 26318765119.8756
1356.4940 26325050645.4214
1356.6052 953949232.3103
1356.7164 26332066920.8232
1356.8276 26414234273.3032
1356.9387 976506866.1198
1357.0499 26250122171.5137
1357.1611 26384420244.4354
1357.2723 975393573.7010
1357.3835 26296904032.0183
1357.4947 26211052147.3073
1357.6059 928695974.2674
1357.7171 26314224325.9915
1357.8282 26054807638.4514
1357.9394 968916362.6433
1358.0506 26099787381.5352
1358.1618 26377164909.3269
1358.2730 907621979.4293
1358.3842 26320462251.6080
1358.4954 26353533919.0887
1358.6066 947435275.6055
1358.7177 26150804948.1899
1358.8289 26256797669.2483
1358.9401 962720255.9586
1359.0513 26201814297.4714
1359.1625 25996688022.6716
1359.2737 935437052.6356
1359.3849 26084205650.6891
1359.4961 26203941860.0420
1359.6073 983717998.5119
1359.7184 26118365542.2771
1359.8296 26493102230.4943
1359.9408 953688328.3730
1360.0520 26236165823.4093
1360.1632 26545938301.5447
1360.2744 973772483.5926
1360.3856 26407364949.1379
1360.4968 26389511915.6942
1360.6079 979561306.2550
1360.7191 26198735201.2224
1360.8303 26364071735.5937
1360.9415 920897559.4517
1361.0527 26164359275.9098
1361.1639 26289149427.4799
1361.2751 931034288.1629
1361.3863 26216171038.5326
1361.4974 26290449271.7467
1361.6086 934772481.8156
1361.7198 26171916590.6426
1361.8310 26319414122.9481
1361.9422 904382634.0792
1362.0534 26113535799.4421
1362.1646 26269688430.0886
1362.2758 883302520.8047
1362.3870 26211627160.3855
1362.4981 26390968375.6945
1362.6093 936137925.8819
1362.7205 26167976235.8011
1362.8317 26315875683.0701
1362.9429 921160701.3542
1363.0541 26169541283.2586
1363.1653 26385880938.1644
1363.2765 849894176.1882
1363.3876 26228331588.0305
1363.4988 26300193091.1263
1363.6100 886114969.9071
1363.7212 26273639275.6080
1363.8324 26405857262.9109
1363.9436 878245127.3591
1364.0548 26420379285.7243
1364.1660 26368982988.3106
1364.2771 865688305.8884
1364.3883 26145104989.2232
1364.4995 26357923810.2001
1364.6107 894481872.0710
1364.7219 26176017161.0086
1364.8331 26379428412.2537
1364.9443 877043964.8288
1365.0555 26325772460.5047
1365.1667 26345572137.7717
1365.2778 821881816.8651
1365.3890 26372278174.1367
1365.5002 26215341470.3576
1365.6114 854866989.4439
1365.7226 26221506777.5716
1365.8338 26338694377.8609
1365.9450 837730252.9186
1366.0562 26313350379.7336
1366.1673 26199747640.0045
1366.2785 859786650.7406
1366.3897 25950419523.6371
1366.5009 26358967151.8891
1366.6121 860811326.2420
1366.7233 26283572747.7422
1366.8345 26177420682.5158
1366.9457 820289952.0010
1367.0568 26090746515.1100
1367.1680 26436324046.5411
1367.2792 820812438.2521
1367.3904 26156958436.9034
1367.5016 26466130271.7225
1367.6128 806997127.2332
1367.7240 26351920949.4797
1367.8352 26298317361.8119
1367.9464 826612643.4215
1368.0575 26346515852.8985
1368.1687 26188422796.5438
1368.2799 859658975.3984
1368.3911 26297832291.8193
1368.5023 26332096870.4373
1368.6135 850464360.2844
1368.7247 26348216165.3079
1368.8359 26133165891.5860
1368.9470 790129351.7243
1369.0582 26296353728.1304
1369.1694 26138839182.9408
1369.2806 811252685.4444
1369.3918 26276367988.8116
1369.5030 26315624952.9020
1369.6142 803188278.3377
1369.7254 26350284441.3315
1369.8366 26258086514.1642
1369.9477 806406025.3710
1370.0589 26129395971.5751
1370.1701 26238368849.1283
1370.2813 809770529.7099
1370.3925 26131020034.0957
1370.5037 26314434837.4664
1370.6149 803727681.5553
1370.7261 26358258343.8409
1370.8372 26329449492.6555
1370.9484 767286894.2301
1371.0596 26373231853.0608
1371.1708 26230301785.6688
1371.2820 794935993.9371
1371.3932 26170976021.2605
1371.5044 26215152299.4947
1371.6156 855075460.9660
1371.7267 26252293544.2137
1371.8379 26119128912.5718
1371.9491 826234292.8482
1372.0603 26195410787.4440
1372.1715 26262211800.3471
1372.2827 785051372.4251
1372.3939 26199977057.7299
1372.5051 26295755079.2592
1372.6163 791417244.9156
1372.7274 26187641387.4752
1372.8386 26122698259.0338
1372.9498 792499513.1351
1373.0610 26224899283.5287
1373.1722 26379662315.1915
1373.2834 754840986.3838
1373.3946 26262764641.3229
1373.5058 26211123423.3757
1373.6169 814312967.7333
1373.7281 26165611325.4703
1373.8393 26305329286.8185
1373.9505 802837720.3714
1374.0617 26177198984.4506
1374.1729 26308615486.4790
1374.2841 796371719.1155
1374.3953 26238533860.6734
1374.5064 26209351553.7106
1374.6176 772224769.3259
1374.7288 26231798362.5517
1374.8400 26283493423.5965
1374.9512 796007071.6142
1375.0624 26249746496.6437
1375.1736 26143624217.6028
1375.2848 823805378.8254
1375.3960 26268444463.6288
1375.5071 26072489711.0097
1375.6183 760194437.0935
1375.7295 26139738854.1131
1375.8407 26313642604.0374
1375.9519 797195511.6012
1376.0631 26151352253.7061
1376.1743 26246942711.2629
1376.2855 743893286.6570
1376.3966 26241793493.8349
1376.5078 26153480134.7858
1376.6190 775881436.0656
1376.7302 26128915719.3852
1376.8414 26137129572.5131
1376.9526 743595511.4044
1377.0638 26135412799.5562
1377.1750 26260998116.2911
1377.2861 775872485.1470
1377.3973 26151214329.4913
1377.5085 26335113938.7186
1377.6197 797662124.8571
1377.7309 26250846743.6035
1377.8421 26357409923.5279
1377.9533 786285092.5200
1378.0645 26336518605.2940
1378.1757 26172081930.2776
1378.2868 806220035.1526
1378.3980 26207469842.1076
1378.5092 26176228547.6078
1378.6204 838488709.7313
1378.7316 26233251545.6911
1378.8428 26179869826.2665
1378.9540 815453900.6805
1379.0652 26212844565.2713
1379.1763 26204219362.1361
1379.2875 872482000.4334
1379.3987 26266615419.7890
1379.5099 26224737656.2378
1379.6211 792388932.6340
1379.7323 26245570871.4637
1379.8435 26210868017.0208
1379.9547 831535295.9923
1380.0658 26304264015.3905
1380.1770 26118389898.4106
1380.2882 790512651.1852
1380.3994 26212114380.0058
1380.5106 26182174210.2307
1380.6218 823345239.8290
1380.7330 26271882073.3815
1380.8442 26152213813.9407
1380.9554 837123150.1986
1381.0665 26161234373.8314
1381.1777 26117827341.0249
1381.2889 842703952.2387
1381.4001 26144664363.9760
1381.5113 26094399482.5218
1381.6225 881611758.4791
1381.7337 26174235091.9828
1381.8449 26138213322.2938
1381.9560 841420177.9584
1382.0672 26124329765.7658
1382.1784 26172383552.7934
1382.2896 875867634.8105
1382.4008 26209725391.9147
1382.5120 26226609349.8084
1382.6232 811615689.1792
1382.7344 26247313245.9017
1382.8456 26210826087.9232
1382.9567 826558915.4927
1383.0679 26269817385.7035
1383.1791 26216643172.7027
1383.2903 872282978.8994
1383.4015 26275319040.3182
1383.5127 26220786283.7371
1383.6239 845796136.9061
1383.7351 26215287138.5308
1383.8462 26151134969.9917
1383.9574 878879850.6259
1384.0686 26150338788.3858
1384.1798 26191353436.1432
1384.2910 807187774.9255
1384.4022 26240453669.1990
1384.5134 26196148372.2551
1384.6246 901256361.0420
1384.7357 26242972116.1548
1384.8469 26116946061.5526
1384.9581 906441442.2380
1385.0693 26134089933.9766
1385.1805 26147334572.1719
1385.2917 930628848.9075
1385.4029 26140621005.0644
1385.5141 26140632749.9548
1385.6253 911677991.7052
1385.7364 26119741288.7195
1385.8476 26191186165.7199
1385.9588 913354810.4348
1386.0700 26091678191.9811
1386.1812 26202199323.2979
1386.2924 882827655.9971
1386.4036 26120421938.0850
1386.5148 26272283040.3690
1386.6259 878224633.4825
1386.7371 26146977595.9642
1386.8483 26154547793.5661
1386.9595 875681026.3502
1387.0707 26172802346.8438
1387.1819 26142427194.6673
1387.2931 915122774.5131
1387.4043 26101154152.2261
1387.5154 26220051421.9059
1387.6266 985837145.8998
1387.7378 26297820112.6415
1387.8490 26116812644.1153
1387.9602 920651614.9457
1388.0714 26211231179.7006
1388.1826 26168436760.2454
1388.2938 957759359.6217
1388.4050 26213589291.6786
1388.5161 26028873210.9374
1388.6273 895305186.3506
1388.7385 26156676516.1791
1388.8497 26124749389.3894
1388.9609 899829983.5651
1389.0721 26182984634.0652
1389.1833 26116101069.4654
1389.2945 981966549.9067
1389.4056 26191864801.7525
1389.5168 26051311955.4620
1389.6280 913135134.4118
1389.7392 26187411575.9471
1389.8504 26098618079.3955
1389.9616 945603815.8617
1390.0728 26098814252.6227
1390.1840 26161483682.5783
1390.2951 955538802.4732
1390.4063 26181867327.5405
1390.5175 26160422829.3036
1390.6287 936449670.4256
1390.7399 26195670782.3350
1390.8511 26190267763.9115
1390.9623 932332820.6570
1391.0735 26200998869.6106
1391.1847 26191902400.7399
1391.2958 921504223.7792
1391.4070 26202690578.4327
1391.5182 26093104383.0869
1391.6294 960303095.8312
1391.7406 26120198076.9725
1391.8518 26134516600.3853
1391.9630 971340825.9648
1392.0742 26179525086.2503
1392.1853 26157174460.5045
1392.2965 1014371982.1177
1392.4077 26114975487.7481
1392.5189 26223478003.8495
1392.6301 936594420.6818
1392.7413 26193580955.2280
1392.8525 26073435050.8911
1392.9637 930289711.8415
1393.0748 26113514610.9780
1393.1860 26155903091.4516
1393.2972 906007880.3910
1393.4084 26129342551.1553
1393.5196 26125944743.8831
1393.6308 938565503.2401
1393.7420 26113304105.0491
1393.8532 26113775335.3190
1393.9644 945773731.6536
1394.0755 26082389383.4852
1394.1867 26113597816.4871
1394.2979 999137766.2532
1394.4091 26048213165.6316
1394.5203 26189933264.9081
1394.6315 980783872.3195
1394.7427 26080164653.5044
1394.8539 26121985273.4329
1394.9650 976995432.3134
1395.0762 26127258932.5283
1395.1874 26114103150.7353
1395.2986 898938037.5345
1395.4098 26108830781.2702
1395.5210 26122775756.9953
1395.6322 1002869926.1260
1395.7434 26097398602.4702
1395.8546 26141907227.4442
1395.9657 932533053.2317
1396.0769 26168768191.3639
1396.1881 26113553725.1239
1396.2993 924324806.4566
1396.4105 26110075958.6805
1396.5217 26039400490.5607
1396.6329 964438592.6518
1396.7441 26054907800.0082
1396.8552 26162480744.4097
1396.9664 957032534.9909
1397.0776 26079841560.8655
1397.1888 26102224174.2226
1397.3000 886458121.9131
1397.4112 26147298939.0051
1397.5224 26069315051.7179
1397.6336 930468267.0630
1397.7447 26080951797.9203
1397.8559 26135417471.0639
1397.9671 923173625.5546
1398.0783 26048800021.4664
1398.1895 26106330697.6464
1398.3007 920410305.7878
1398.4119 26033381669.9125
1398.5231 26134494971.9129
1398.6343 898821170.9737
1398.7454 26046610466.4956
1398.8566 26099959393.0277
1398.9678 949665048.1589
1399.0790 26061270261.6506
1399.1902 26167436378.7376
1399.3014 931777110.1970
1399.4126 26097345790.1103
1399.5238 26086628565.9818
1399.6349 915149984.7490
1399.7461 26108256270.0780
1399.8573 26123657514.0982
1399.9685 882904064.2099
1400.0797 26122197492.1971
1400.1909 26147771481.6411
1400.3021 884224226.8298
1400.4133 26092396576.5907
1400.5244 26152133519.5572
1400.6356 958863828.0546
1400.7468 26124594174.4556
1400.8580 26066035811.0340
1400.9692 888917115.9679
1401.0804 26101633431.0859
1401.1916 26081093455.3724
1401.3028 926097901.9496
1401.4140 26091836625.2774
1401.5251 26105623061.1869
1401.6363 969454744.0238
1401.7475 26071981777.4619
1401.8587 26066675710.0982
1401.9699 904170865.1028
1402.0811 26025620411.8342
1402.1923 26093465427.0531
1402.3035 964721711.6688
1402.4146 26052314011.6462
1402.5258 26114340173.2912
1402.6370 979395022.2097
1402.7482 26027280431.5757
1402.8594 26135034338.2820
1402.9706 929895594.2474
1403.0818 26094037428.7033
1403.1930 26188531630.7149
1403.3041 987703284.0260
1403.4153 26097523103.6365
1403.5265 26102881210.8365
1403.6377 963742093.1306
1403.7489 26063375405.1070
1403.8601 26044364755.0728
1403.9713 986212509.8573
1404.0825 26099179327.9610
1404.1937 26079490670.3849
1404.3048 957967527.3456
1404.4160 26081309514.8688
1404.5272 26081252103.4531
1404.6384 1007804808.8968
1404.7496 26075979606.9478
1404.8608 26105657637.4183
1404.9720 1003802043.1490
1405.0832 26111000430.6625
1405.1943 26087884364.1215
1405.3055 1048108202.3020
1405.4167 26139720776.5998
1405.5279 26101795212.9745
1405.6391 1050326995.6104
1405.7503 26059279995.0749
1405.8615 26110042220.2280
1405.9727 971152831.2929
1406.0838 26065956592.3225
1406.1950 26123503224.4747
1406.3062 976904221.3339
1406.4174 26088997012.4991
1406.5286 26038177030.9856
1406.6398 1030840974.0055
1406.7510 26106388519.1156
1406.8622 26055923464.4495
1406.9734 1055114828.9562
1407.0845 26097385886.4977
1407.1957 26060473761.3368
1407.3069 1083937811.3281
1407.4181 26104298039.5805
1407.5293 26107910738.2099
1407.6405 1088048657.3743
1407.7517 26122380815.9228
1407.8629 26013736265.2381
1407.9740 1105159102.7569
1408.0852 26035168223.5324
1408.1964 26027381187.9686
1408.3076 1043988065.2460
1408.4188 26078721169.9518
1408.5300 26063703249.6580
1408.6412 1084926435.3695
1408.7524 26074715468.6927
1408.8635 26077120560.6458
1408.9747 1087972614.1978
1409.0859 26109999794.4548
1409.1971 26029492241.9270
1409.3083 1195274494.8376
1409.4195 26045166224.4177
1409.5307 25990276746.8370
1409.6419 1222773491.7027
1409.7531 26027680034.5177
1409.8642 26066393097.4452
1409.9754 1160205701.8580
1410.0866 26080202368.7964
1410.1978 26028389799.0475
1410.3090 1209115661.3666
1410.4202 26053354188.5221
1410.5314 26080999275.9502
1410.6426 1139032308.1467
1410.7537 26036391779.2104
1410.8649 26062768496.1517
1410.9761 1136934672.5799
1411.0873 26065416770.4452
1411.1985 26030590809.7388
1411.3097 1155739723.8578
1411.4209 26076465821.6494
1411.5321 26029749641.4669
1411.6433 1160342396.9166
1411.7544 26034240332.2247
1411.8656 26058148658.0974
1411.9768 1213181003.8137
1412.0880 26053558059.5438
1412.1992 26051147386.0007
1412.3104 1192283965.3042
1412.4216 26030204663.2481
1412.5328 26040794629.2693
1412.6439 1155884416.0985
1412.7551 26047953372.4178
1412.8663 26021891463.9772
1412.9775 1131038786.6045
1413.0887 26037348023.2293
1413.1999 26017648334.0384
1413.3111 1206089734.2693
1413.4223 26046530354.1666
1413.5334 26029425801.7671
1413.6446 1172550948.5906
1413.7558 26039849692.8306
1413.8670 26027103455.5225
1413.9782 1162725455.5095
1414.0894 26066748043.6126
1414.2006 26019382898.4341
1414.3118 1161669557.0175
1414.4230 26031242927.9067
1414.5341 26029716374.5752
1414.6453 1102704720.3346
1414.7565 25996432376.5707
1414.8677 26076969258.2386
1414.9789 1218981354.0470
1415.0901 25981836542.5933
1415.2013 26064361500.7186
1415.3125 1125973711.3623
1415.4236 26010292480.0923
1415.5348 26058281540.2049
1415.6460 1149733841.4033
1415.7572 26029510851.9383
1415.8684 26043412704.4648
1415.9796 1085851121.0129
1416.0908 26030257243.1678
1416.2020 26010590418.6266
1416.3131 1137923233.2647
1416.4243 25981316102.6668
1416.5355 26058116874.6959
1416.6467 1039535984.8863
1416.7579 26028000320.1503
1416.8691 26039576710.3550
1416.9803 1090777771.7281
1417.0915 26040015633.0031
1417.2027 26010444651.0597
1417.3138 985105037.0630
1417.4250 25992486340.0332
1417.5362 26039752493.3817
1417.6474 1053345219.7035
1417.7586 25997715784.5599
1417.8698 25990789883.8216
1417.9810 1021558475.2716
1418.0922 25988761503.0201
1418.2033 26015976158.7533
1418.3145 990538396.6275
1418.4257 25978056503.1605
1418.5369 26029248238.4323
1418.6481 976816663.7471
1418.7593 26004270890.3360
1418.8705 26036847567.1403
1418.9817 956784375.4629
1419.0928 25998223232.5256
1419.2040 26003493236.4946
1419.3152 916803595.0114
1419.4264 25999106187.2207
1419.5376 26019719602.2706
1419.6488 991119222.4392
1419.7600 26022598109.7718
1419.8712 26042639573.2886
1419.9824 899245471.3659
1420.0935 26024890699.0891
1420.2047 25980176137.6879
1420.3159 906894755.1361
1420.4271 26019310030.1878
1420.5383 26008482308.2189
1420.6495 891144302.2805
1420.7607 25979985662.0568
1420.8719 26017435702.8156
1420.9830 844851219.9426
1421.0942 25995542015.8874
1421.2054 25994971332.5759
1421.3166 785941344.4838
1421.4278 26002523263.2254
1421.5390 26003607179.7206
1421.6502 842752386.0123
1421.7614 26013962192.8562
1421.8725 26008559583.9008
1421.9837 781108158.6541
1422.0949 26031789816.1745
1422.2061 26003409873.0324
1422.3173 749242633.2972
1422.4285 26008448226.9432
1422.5397 26002125697.4222
1422.6509 739073407.6256
1422.7621 25978768257.9309
1422.8732 25955479607.3843
1422.9844 682809360.4250
1423.0956 25988077698.8604
1423.2068 25994290990.8932
1423.3180 709792336.4869
1423.4292 26026669614.3294
1423.5404 25975174974.8743
1423.6516 683621515.9203
1423.7627 25984528630.5681
1423.8739 25967744495.3928
1423.9851 632857352.6520
1424.0963 25975609557.3025
1424.2075 25991920659.1487
1424.3187 647760893.7126
1424.4299 25990862624.9523
1424.5411 26019369178.7462
1424.6523 583393293.3927
1424.7634 25992139498.8609
1424.8746 25996029372.2497
1424.9858 621268455.7922
1425.0970 26013641203.5181
1425.2082 25963834045.0597
1425.3194 565717578.3171
1425.4306 25989143128.6983
1425.5418 25937623176.0188
1425.6529 562112667.6631
1425.7641 25992171187.5620
1425.8753 25972035932.9973
1425.9865 593223660.5989
1426.0977 26013792972.1142
1426.2089 25946823949.2243
1426.3201 523667226.8213
1426.4313 25936873083.3444
1426.5424 25963715433.3805
1426.6536 527160226.1233
1426.7648 25973139473.6265
1426.8760 25983009134.0326
1426.9872 507955490.2381
1427.0984 26013988511.6254
1427.2096 25987659818.4853
1427.3208 476025640.6173
1427.4320 25957888422.7800
1427.5431 25977125799.2640
1427.6543 481603388.5135
1427.7655 25970077819.1570
1427.8767 25960936317.4718
1427.9879 456722968.9078
1428.0991 25976458008.5069
1428.2103 25981275011.4218
1428.3215 425206777.3285
1428.4326 25949549303.9085
1428.5438 25970833383.6023
1428.6550 433202948.8759
1428.7662 25970363961.9870
1428.8774 25978928924.1597
1428.9886 430211797.8232
1429.0998 25963074319.6311
1429.2110 25965575850.7441
1429.3221 423816483.5559
1429.4333 25972666594.6664
1429.5445 25971718319.1615
1429.6557 390940567.8212
1429.7669 25980388504.9042
1429.8781 25929231617.4515
1429.9893 392050438.2994
1430.1005 25954098753.7807
1430.2117 25945075950.9345
1430.3228 368294889.0409
1430.4340 25961840450.8539
1430.5452 25970295507.9060
1430.6564 368784884.0251
1430.7676 25958834393.7300
1430.8788 25984381870.4500
1430.9900 369877901.8968
1431.1012 25977986745.7055
1431.2123 25930258336.2088
1431.3235 357628695.3350
1431.4347 25941583962.8032
1431.5459 25973567594.1886
1431.6571 346678468.1598
1431.7683 25951391738.7070
1431.8795 25971019006.9549
1431.9907 347947656.8271
1432.1018 25960088023.0184
1432.2130 25930982236.1699
1432.3242 326270593.6085
1432.4354 25942598399.2355
1432.5466 25977706499.9325
1432.6578 328942674.0206
1432.7690 25942668935.6997
1432.8802 25963193393.2086
1432.9914 287801673.1586
1433.1025 25927623345.6939
1433.2137 25941386148.7554
1433.3249 301408499.4526
1433.4361 25935194815.0546
1433.5473 25936873558.5690
1433.6585 283358835.1225
1433.7697 25945659989.7795
1433.8809 25956416655.8103
1433.9920 277498207.7267
1434.1032 25941041042.1297
1434.2144 25933173579.3253
1434.3256 284436901.4010
1434.4368 25930543131.8367
1434.5480 25947213033.8944
1434.6592 287200848.1213
1434.7704 25956887936.1444
1434.8815 25927062587.5244
1434.9927 278714500.7317
1435.1039 25935630911.9464
1435.2151 25939736860.3250
1435.3263 288552143.6704
1435.4375 25932290821.9688
1435.5487 25932761745.1844
1435.6599 251678989.9143
1435.7711 25913745377.6554
1435.8822 25960352980.8562
1435.9934 231034749.2568
1436.1046 25909236635.6211
1436.2158 25942574172.6590
1436.3270 250128488.7610
1436.4382 25940359510.7824
1436.5494 25906182639.5446
1436.6606 252146561.9194
1436.7717 25924982399.7784
1436.8829 25926043314.1771
1436.9941 225595839.1173
1437.1053 25919562510.0217
1437.2165 25928174185.7531
1437.3277 215979600.1377
1437.4389 25935092145.3677
1437.5501 25953587357.0664
1437.6613 232336476.5355
1437.7724 25939811810.2527
1437.8836 25925130586.2967
1437.9948 217398434.7756
1438.1060 25946142721.1314
1438.2172 25901529351.6459
1438.3284 222401112.9933
1438.4396 25919556794.9640
1438.5508 25934090522.9594
1438.6619 210765211.0684
1438.7731 25919781456.6672
1438.8843 25901221991.1224
1438.9955 199558979.8258
1439.1067 25903705986.8643
1439.2179 25936408400.9001
1439.3291 206668375.9492
1439.4403 25906919066.7790
1439.5514 25921486284.7208
1439.6626 203116145.1261
1439.7738 25890380946.0597
1439.8850 25939824870.6468
1439.9962 194423802.2041
1440.1074 25931524970.4928
1440.2186 25925088145.9290
1440.3298 188734148.4837
1440.4410 25922148643.8210
1440.5521 25924974838.1631
1440.6633 182534751.7960
1440.7745 25906729359.8862
1440.8857 25919088155.6389
1440.9969 194668264.4624
1441.1081 25916801110.6367
1441.2193 25885462792.2792
1441.3305 187479075.7715
1441.4416 25906644096.4757
1441.5528 25896197638.9064
1441.6640 174633900.7518
1441.7752 25893819614.7845
1441.8864 25906899578.7072
1441.9976 175679810.3935
1442.1088 25909669326.2321
1442.2200 25902922267.7258
1442.3311 179355786.7308
1442.4423 25870448025.9426
1442.5535 25932187591.7443
1442.6647 170451548.0117
1442.7759 25887022275.4737
1442.8871 25926268774.0214
1442.9983 172163699.5962
1443.1095 25907669483.2820
1443.2207 25881406366.4581
1443.3318 161451421.7509
1443.4430 25920834596.5589
1443.5542 25893004530.9553
1443.6654 165229460.3536
1443.7766 25879467199.5530
1443.8878 25890547326.8044
1443.9990 157702719.1572
1444.1102 25859862410.4841
1444.2213 25921751166.1147
1444.3325 159842492.6514
1444.4437 25892962895.6076
1444.5549 25895629028.7650
1444.6661 151372464.3754
1444.7773 25877510884.0126
1444.8885 25884244356.9547
1444.9997 145798287.3369
1445.1108 25901441192.9317
1445.2220 25888295567.1126
1445.3332 145875800.6601
1445.4444 25908027986.5273
1445.5556 25882939162.0802
1445.6668 155395778.5032
1445.7780 25894421616.9374
1445.8892 25888056532.9202
1446.0004 147092176.1580
1446.1115 25892135947.8992
1446.2227 25886881465.5419
1446.3339 152852605.8657
1446.4451 25907041205.2754
1446.5563 25854822535.1048
1446.6675 142076810.6788
1446.7787 25905552591.3310
1446.8899 25885737599.5958
1447.0010 131625030.1656
1447.1122 25898668132.5088
1447.2234 25911954424.8864
1447.3346 141340105.0896
1447.4458 25867172027.6349
1447.5570 25902077573.6489
1447.6682 121554490.2346
1447.7794 25855482055.2049
1447.8905 25867902124.5815
1448.0017 123790687.9715
1448.1129 25887597817.5053
1448.2241 25900327365.3367
1448.3353 127069365.9732
1448.4465 25905680495.2512
1448.5577 25872217532.3763
1448.6689 125334588.4665
1448.7801 25876908663.9062
1448.8912 25867855534.1386
1449.0024 125303708.7930
1449.1136 25866550537.7109
1449.2248 25881802370.7619
1449.3360 128813356.9292
1449.4472 25882489835.2613
1449.5584 25869339909.0862
1449.6696 123145184.0921
1449.7807 25864703884.6856
1449.8919 25875884432.5918
1450.0031 119767054.5944
1450.1143 25878415121.5807
1450.2255 25879980658.8073
1450.3367 117674276.1891
1450.4479 25853747266.8380
1450.5591 25884960298.9763
1450.6702 115468118.8788
1450.7814 25879806535.9329
1450.8926 25848298472.0461
1451.0038 115671288.4690
1451.1150 25878497754.3861
1451.2262 25874687590.3865
1451.3374 113491959.4274
1451.4486 25872926342.2813
1451.5598 25863879270.0937
1451.6709 117343196.2109
1451.7821 25872492120.3082
1451.8933 25859541821.7914
1452.0045 108309359.2596
1452.1157 25833764871.8797
1452.2269 25863487514.2503
1452.3381 111152513.0253
1452.4493 25865698891.0810
1452.5604 25861470585.6676
1452.6716 111801222.2992
1452.7828 25880200996.7814
1452.8940 25829259332.1728
1453.0052 103748786.6098
1453.1164 25853745042.9894
1453.2276 25873834927.1239
1453.3388 104145753.2714
1453.4500 25858837724.1164
1453.5611 25859464001.5072
1453.6723 107307254.1144
1453.7835 25878131948.2253
1453.8947 25837380573.6392
1454.0059 102858631.8599
1454.1171 25866257398.7233
1454.2283 25851996724.2064
1454.3395 105918429.9712
1454.4506 25867714116.9866
1454.5618 25860039451.6209
1454.6730 102590915.0527
1454.7842 25841834570.6078
1454.8954 25832750745.1203
1455.0066 103519853.1541
1455.1178 25837189131.8090
1455.2290 25867269968.6450
1455.3401 103040043.0814
1455.4513 25862345375.1983
1455.5625 25819896752.6746
1455.6737 102497182.0807
1455.7849 25845217328.0698
1455.8961 25820952024.5813
1456.0073 103397703.7255
1456.1185 25867956834.6035
1456.2297 25825090453.2041
1456.3408 103636261.2959
1456.4520 25831333290.2100
1456.5632 25856962727.0665
1456.6744 103366188.7470
1456.7856 25829459520.3204
1456.8968 25814848820.6772
1457.0080 102976135.2651
1457.1192 25821064905.9263
1457.2303 25842541817.5849
1457.3415 103678002.5718
1457.4527 25827173513.8884
1457.5639 25853989193.7271
1457.6751 103043936.0664
1457.7863 25802175936.4853
1457.8975 25847241332.1977
1458.0087 103250188.8155
1458.1198 25806642534.9323
1458.2310 25825695280.9064
1458.3422 104062736.5254
1458.4534 25817230089.0263
1458.5646 25827841408.2523
1458.6758 104620262.8208
1458.7870 25822183530.6205
1458.8982 25852325057.2442
1459.0094 103762908.8409
1459.1205 25817218582.1073
1459.2317 25839286701.5613
1459.3429 103219565.6854
1459.4541 25801439806.8482
1459.5653 25855286275.8830
1459.6765 103031660.2348
1459.7877 25827673092.7029
1459.8989 25820092717.5511
1460.0100 103025308.3980
1460.1212 25843005736.5418
1460.2324 25833832361.5933
1460.3436 102971768.1458
1460.4548 25830967044.7777
1460.5660 25835123505.8855
1460.6772 102700983.5369
1460.7884 25818969251.8308
1460.8995 25833067122.8896
1461.0107 103644408.9062
1461.1219 25813046173.9131
1461.2331 25845938154.1459
1461.3443 104054059.4392
1461.4555 25813708040.1838
1461.5667 25819888106.3698
1461.6779 103237962.8202
1461.7891 25811227738.2599
1461.9002 25794204377.9493
1462.0114 104281637.6265
1462.1226 25813375251.8829
1462.2338 25828386763.9810
1462.3450 103831110.7509
1462.4562 25825077795.5223
1462.5674 25799397154.0106
1462.6786 103130191.8943
1462.7897 25804765705.3023
1462.9009 25835244257.0553
1463.0121 102927888.3686
1463.1233 25798135390.7328
1463.2345 25833359819.4678
1463.3457 102806399.3399
1463.4569 25830259440.9900
1463.5681 25821644075.1149
1463.6792 102834639.3251
1463.7904 25815991761.8346
1463.9016 25823824673.8339
1464.0128 102594106.8680
1464.1240 25814365502.2104
1464.2352 25774511802.5547
1464.3464 102987964.0001
1464.4576 25780674682.7723
1464.5688 25787704625.2003
1464.6799 102926632.2235
1464.7911 25777611563.4253
1464.9023 25821527075.4977
1465.0135 103160625.5784
1465.1247 25802931839.6607
1465.2359 25805785313.5372
1465.3471 102928746.1912
1465.4583 25798529725.3437
1465.5694 25811700941.7930
1465.6806 103489175.4845
1465.7918 25795269257.1805
1465.9030 25813675980.7011
1466.0142 102987862.5508
1466.1254 25824938320.1106
1466.2366 25819756171.8523
1466.3478 102955281.5932
1466.4590 25794708245.6695
1466.5701 25767365460.7495
1466.6813 102743448.9781
1466.7925 25802071851.8802
1466.9037 25790803652.1297
1467.0149 102986784.7893
1467.1261 25813582275.8923
1467.2373 25773394336.1108
1467.3485 102572709.1332
1467.4596 25790603687.3890
1467.5708 25791862333.7323
1467.6820 103480019.1031
1467.7932 25821195039.2682
1467.9044 25770835965.5597
1468.0156 103428781.4876
1468.1268 25787933525.2294
1468.2380 25775938198.1171
1468.3491 102186209.2032
1468.4603 25804701114.8972
1468.5715 25802441080.0734
1468.6827 102734477.4665
1468.7939 25780144361.9652
1468.9051 25787001004.7828
1469.0163 102946804.6215
1469.1275 25753652163.4078
1469.2387 25807250117.0431
1469.3498 103055826.3558
1469.4610 25799915291.6048
1469.5722 25804459720.1419
1469.6834 102749616.2923
1469.7946 25806521545.6752
1469.9058 25802872577.2636
1470.0170 102085435.1531
1470.1282 25764811053.9245
1470.2393 25784154572.5903
1470.3505 101997270.4238
1470.4617 25787456994.7370
1470.5729 25788480074.7257
1470.6841 103956165.4564
1470.7953 25785764983.2371
1470.9065 25770803614.2324
1471.0177 103038155.4041
1471.1288 25766957124.8017
1471.2400 25762864089.4287
1471.3512 103236873.2012
1471.4624 25793624693.4167
1471.5736 25773839493.8814
1471.6848 102556983.6535
1471.7960 25751741752.4760
1471.9072 25791275607.9432
1472.0184 102622719.7484
1472.1295 25775722233.1132
1472.2407 25790080246.5302
1472.3519 102441589.2724
1472.4631 25784168044.3413
1472.5743 25786480122.9130
1472.6855 103107556.2784
1472.7967 25761375662.4480
1472.9079 25773763135.6709
1473.0190 102732540.4726
1473.1302 25764599005.0530
1473.2414 25789438215.6194
1473.3526 102646853.1733
1473.4638 25790650723.6085
1473.5750 25787210043.0270
1473.6862 101950164.2852
1473.7974 25791543668.9733
1473.9085 25763215074.4296
1474.0197 102738758.1273
1474.1309 25813607315.2491
1474.2421 25747140528.1543
1474.3533 102807724.3407
1474.4645 25774180425.1246
1474.5757 25752963235.1535
1474.6869 102525006.0517
1474.7981 25784842922.4072
1474.9092 25728530128.2067
1475.0204 103366994.5002
1475.1316 25766504129.0116
1475.2428 25736062227.6784
1475.3540 102973303.9697
1475.4652 25717332403.4710
1475.5764 25769409547.4611
1475.6876 103540194.6903
1475.7987 25743660310.0221
1475.9099 25758289303.4232
1476.0211 102888100.7614
1476.1323 25735731772.2374
1476.2435 25749046173.2591
1476.3547 103408507.5319
1476.4659 25735961868.9300
1476.5771 25762299141.1765
1476.6882 102724789.8992
1476.7994 25743383913.0430
1476.9106 25788248584.7907
1477.0218 102444471.1410
1477.1330 25769049219.9807
1477.2442 25759099327.1103
1477.3554 102352003.3487
1477.4666 25763312756.3587
1477.5778 25761222020.5676
1477.6889 103334788.5422
1477.8001 25739822471.8297
1477.9113 25782571135.6995
1478.0225 102288451.1898
1478.1337 25733560030.6023
1478.2449 25744701584.7092
1478.3561 103526854.0907
1478.4673 25761891613.3003
1478.5784 25737888854.7152
1478.6896 102467506.2808
1478.8008 25718160400.6665
1478.9120 25760500731.9302
1479.0232 101927551.9926
1479.1344 25718015265.3682
1479.2456 25759706594.0634
1479.3568 102803278.2746
1479.4679 25754745324.5345
1479.5791 25750227388.9349
1479.6903 102422434.8989
1479.8015 25723052511.6798
1479.9127 25757345316.6883
1480.0239 101982365.0547
1480.1351 25728428714.7512
1480.2463 25758356147.6289
1480.3575 102906284.0651
1480.4686 25734439395.8185
1480.5798 25739489286.2073
1480.6910 103035055.1308
1480.8022 25747708851.0513
1480.9134 25742688422.3303
1481.0246 103140761.9483
1481.1358 25747796494.0614
1481.2470 25731675607.2124
1481.3581 102936562.8480
1481.4693 25725900615.8556
1481.5805 25755049247.3559
1481.6917 102536263.3272
1481.8029 25742851136.8585
1481.9141 25733723884.1855
1482.0253 101826892.0771
1482.1365 25721322017.7888
1482.2477 25737072817.0538
1482.3588 102930782.5269
1482.4700 25746302581.8337
1482.5812 25744264379.8368
1482.6924 102642092.1375
1482.8036 25755764380.8248
1482.9148 25723092188.7879
1483.0260 102262928.0335
1483.1372 25746172925.6662
1483.2483 25716301695.6100
1483.3595 102773116.7850
1483.4707 25720075078.1914
1483.5819 25718872349.2137
1483.6931 102822862.1538
1483.8043 25709910333.9273
1483.9155 25729418853.7747
1484.0267 102648554.5530
1484.1378 25720367323.6689
1484.2490 25740447463.4602
1484.3602 102405532.7504
1484.4714 25708108495.6745
1484.5826 25711956335.9876
1484.6938 102822366.7148
1484.8050 25713339319.6923
1484.9162 25719740122.2644
1485.0274 102865665.9435
1485.1385 25742775741.2961
1485.2497 25733607093.9543
1485.3609 102909796.0035
1485.4721 25730302352.7088
1485.5833 25709220669.1951
1485.6945 102503942.9584
1485.8057 25721452283.8553
1485.9169 25709191967.4783
1486.0280 102733564.3976
1486.1392 25708928975.5429
1486.2504 25712199607.1850
1486.3616 102342578.8941
1486.4728 25733596063.3609
1486.5840 25693792832.6765
1486.6952 102719215.7467
1486.8064 25716896895.7438
1486.9175 25709428926.9522
1487.0287 103076030.2278
1487.1399 25702737879.2910
1487.2511 25699567296.6743
1487.3623 102885536.9422
1487.4735 25685009954.1866
1487.5847 25720830665.4633
1487.6959 102737970.6164
1487.8071 25704232688.8571
1487.9182 25706206484.3643
1488.0294 102875455.3526
1488.1406 25711057109.3338
1488.2518 25699509177.5400
1488.3630 102494067.7205
1488.4742 25704183571.2610
1488.5854 25714087441.2580
1488.6966 102097739.2135
1488.8077 25700591609.2459
1488.9189 25691671923.6692
1489.0301 103062951.0259
1489.1413 25713824595.1892
1489.2525 25707823021.5870
1489.3637 103283442.4705
1489.4749 25685879645.9679
1489.5861 25705552605.7432
1489.6972 102734405.2647
1489.8084 25709797397.0833
1489.9196 25696545290.9593
1490.0308 102858844.7766
1490.1420 25723561276.7194
1490.2532 25682847276.8714
1490.3644 102984761.3897
1490.4756 25678899351.6792
1490.5868 25696792032.8624
1490.6979 103100091.5214
1490.8091 25695466741.4046
1490.9203 25671148430.6490
1491.0315 102349367.2076
1491.1427 25679835991.7125
1491.2539 25702820407.2129
1491.3651 102142022.1759
1491.4763 25681312772.7615
1491.5874 25719079127.9880
1491.6986 102456583.0670
1491.8098 25704714018.1947
1491.9210 25687366140.1108
1492.0322 103494026.5808
1492.1434 25686221780.5519
1492.2546 25701863422.8155
1492.3658 102267207.8819
1492.4769 25693459519.2723
1492.5881 25685162188.7220
1492.6993 102785645.2798
1492.8105 25683263672.3241
1492.9217 25701401074.7375
1493.0329 103003486.4323
1493.1441 25703959590.4205
1493.2553 25683584233.5495
1493.3665 102536594.5492
1493.4776 25681783640.1663
1493.5888 25703456904.1230
1493.7000 102306384.3483
1493.8112 25701089871.8267
1493.9224 25670173109.1454
1494.0336 102150452.2796
1494.1448 25686157546.8658
1494.2560 25676194406.2069
1494.3671 102885299.0914
1494.4783 25651113269.8454
1494.5895 25699100233.5639
1494.7007 102232337.3235
1494.8119 25667865774.1249
1494.9231 25692990771.6639
1495.0343 102551458.5702
1495.1455 25686674779.3926
1495.2567 25698949649.2711
1495.3678 102384278.0975
1495.4790 25680378123.9289
1495.5902 25691333649.9561
1495.7014 102390337.4814
1495.8126 25671141559.7874
1495.9238 25683098946.2314
1496.0350 103094431.1899
1496.1462 25672606071.6172
1496.2573 25687081642.4074
1496.3685 102297941.7981
1496.4797 25677972158.3221
1496.5909 25683150516.9539
1496.7021 102776796.3759
1496.8133 25675186882.7946
1496.9245 25685747879.3714
1497.0357 103701598.6142
1497.1468 25684143222.7136
1497.2580 25666820988.0581
1497.3692 102573835.9796
1497.4804 25665144651.9539
1497.5916 25660014726.2674
1497.7028 102881873.3343
1497.8140 25669500202.7783
1497.9252 25661522639.1342
1498.0364 102376431.2895
1498.1475 25670090447.0299
1498.2587 25644390297.9601
1498.3699 101823470.6914
1498.4811 25652936353.8259
1498.5923 25678205368.5400
1498.7035 102519612.4744
1498.8147 25668404047.0957
1498.9259 25641650214.2364
1499.0370 102733091.0935
1499.1482 25650527272.3022
1499.2594 25644501677.1303
1499.3706 102660447.2978
1499.4818 25651347483.6605
1499.5930 25661108078.9436
1499.7042 102522147.9363
1499.8154 25643588120.8503
1499.9265 25658841208.6929
1500.0377 102535628.6753
1500.1489 25657628704.2051
1500.2601 25659544453.0321
1500.3713 102895672.6106
1500.4825 25652426480.6716
1500.5937 25650207662.9187
1500.7049 102431030.1757
1500.8161 25646214795.8146
1500.9272 25656721681.1264
1501.0384 102450763.7696
1501.1496 25653682788.9039
1501.2608 25652786381.0133
1501.3720 102347715.5868
1501.4832 25659968642.9942
1501.5944 25639424806.8380
1501.7056 102243706.3036
1501.8167 25640428086.6118
1501.9279 25657202581.0032
1502.0391 102484312.5713
1502.1503 25661259134.2114
1502.2615 25635886002.9801
1502.3727 101933004.1120
1502.4839 25655172107.9924
1502.5951 25625275614.6204
1502.7062 101922305.4369
1502.8174 25624851531.0549
1502.9286 25647164646.6595
1503.0398 102277523.3633
1503.1510 25631930702.5305
1503.2622 25633062529.7850
1503.3734 102646372.2053
1503.4846 25630941809.0015
1503.5958 25649786193.7624
1503.7069 102496459.3131
1503.8181 25624465541.7623
1503.9293 25622324163.7939
1504.0405 103072357.2621
1504.1517 25631515546.0217
1504.2629 25634587307.4854
1504.3741 102221632.8149
1504.4853 25625817744.0488
1504.5964 25633584637.4152
1504.7076 102157680.5724
1504.8188 25614337242.8956
1504.9300 25642868682.5029
1505.0412 102434669.4819
1505.1524 25627312149.1632
1505.2636 25632099208.0422
1505.3748 102383454.9361
1505.4859 25647009836.0978
1505.5971 25638813013.8161
1505.7083 102336137.9455
1505.8195 25620319577.5585
1505.9307 25629222253.4797
1506.0419 101786247.8935
1506.1531 25607942165.5799
1506.2643 25633797081.8322
1506.3755 101724700.6462
1506.4866 25632350320.7642
1506.5978 25620992064.3866
1506.7090 102770248.2792
1506.8202 25626010453.0013
1506.9314 25643837582.8858
1507.0426 101850851.3007
1507.1538 25629035083.8377
1507.2650 25629048637.3737
1507.3761 102350476.7222
1507.4873 25640702062.8352
1507.5985 25627071046.7145
1507.7097 103087220.0543
1507.8209 25621237207.2065
1507.9321 25624753797.3293
1508.0433 102648286.1971
1508.1545 25619132608.0322
1508.2657 25627626405.8174
1508.3768 102149642.4305
1508.4880 25631242062.7044
1508.5992 25619858684.4282
1508.7104 102437279.3572
1508.8216 25600492697.3900
1508.9328 25644870873.9713
1509.0440 102133493.6316
1509.1552 25638632100.6330
1509.2663 25597508687.6709
1509.3775 102641262.2872
1509.4887 25623889721.7997
1509.5999 25602639699.0677
1509.7111 102476100.9304
1509.8223 25603607972.6007
1509.9335 25614972453.8479
1510.0447 102959052.2240
1510.1558 25621920789.2967
1510.2670 25609476407.0039
1510.3782 102818291.3064
1510.4894 25619014427.8844
1510.6006 25624959528.3295
1510.7118 102069426.5473
1510.8230 25605274940.5561
1510.9342 25606320985.8239
1511.0454 102330339.7815
1511.1565 25609488489.5583
1511.2677 25618922395.6834
1511.3789 102282231.8742
1511.4901 25607091403.7473
1511.6013 25623585101.9697
1511.7125 102158116.5110
1511.8237 25598570788.3163
1511.9349 25622750663.8707
1512.0460 102047875.9712
1512.1572 25625262850.9515
1512.2684 25569315175.5588
1512.3796 102215618.7794
1512.4908 25603363824.7496
1512.6020 25577621983.3894
1512.7132 102231220.2780
1512.8244 25592234071.2326
1512.9355 25598685422.5117
1513.0467 102427162.8669
1513.1579 25590645314.8305
1513.2691 25595000501.3260
1513.3803 102202033.7688
1513.4915 25598188730.6260
1513.6027 25595548763.3042
1513.7139 102287553.3168
1513.8251 25575866919.3610
1513.9362 25610714073.5150
1514.0474 102188413.4076
1514.1586 25591565003.3466
1514.2698 25587561474.5570
1514.3810 101743078.6455
1514.4922 25604243935.9227
1514.6034 25594775040.4951
1514.7146 101804234.3200
1514.8257 25558589927.2671
1514.9369 25619917546.6132
1515.0481 102910490.8789
1515.1593 25597933905.1002
1515.2705 25587059088.9016
1515.3817 102379738.2138
1515.4929 25593144266.0162
1515.6041 25582190628.7540
1515.7152 102040568.6143
1515.8264 25601587753.7244
1515.9376 25574131717.2039
1516.0488 102357860.4638
1516.1600 25586622311.0762
1516.2712 25601179250.8299
1516.3824 102148930.3045
1516.4936 25596591744.9508
1516.6048 25571933071.4300
1516.7159 102326378.7753
1516.8271 25581374979.7933
1516.9383 25605042761.6043
1517.0495 102191764.6658
1517.1607 25583579988.8527
1517.2719 25591447031.5162
1517.3831 102608300.8018
1517.4943 25586667428.8473
1517.6054 25571831772.9812
1517.7166 102388557.5745
1517.8278 25568706376.9369
1517.9390 25588320274.7323
1518.0502 102307074.9629
1518.1614 25556742265.8800
1518.2726 25600326391.8113
1518.3838 102100180.7303
1518.4949 25580885577.8618
1518.6061 25577355309.8736
1518.7173 102638922.7386
1518.8285 25565264860.6121
1518.9397 25565951082.1506
1519.0509 101669107.0140
1519.1621 25572968339.8908
1519.2733 25584988963.2130
1519.3845 102581743.9336
1519.4956 25567612842.4276
1519.6068 25577897590.8085
1519.7180 101947290.4325
1519.8292 25592606343.8004
1519.9404 25580044979.1922
1520.0516 102258951.9689
1520.1628 25565957822.6595
1520.2740 25583467600.8026
1520.3851 102703893.9438
1520.4963 25576392539.6199
1520.6075 25569461414.8775
1520.7187 101812679.2732
1520.8299 25570077802.8912
1520.9411 25592451289.8059
1521.0523 101867718.2064
1521.1635 25575757538.8225
1521.2746 25584089654.2937
1521.3858 101947757.1043
1521.4970 25559202350.0129
1521.6082 25573556504.4787
1521.7194 101565233.0651
1521.8306 25571932770.7718
1521.9418 25547771475.9617
1522.0530 102674494.5197
1522.1642 25578016470.7744
1522.2753 25546000926.7802
1522.3865 102142859.6657
1522.4977 25546479476.3713
1522.6089 25577086952.8099
1522.7201 101873707.5766
1522.8313 25569959854.3488
1522.9425 25585624644.4375
1523.0537 102256000.9568
1523.1648 25551216264.4395
1523.2760 25561395021.9632
1523.3872 101826148.4535
1523.4984 25579948284.7767
1523.6096 25553311243.4090
1523.7208 101686273.2332
1523.8320 25554382029.0343
1523.9432 25563820050.6105
1524.0544 101957380.0190
1524.1655 25569461895.0300
1524.2767 25563422744.7680
1524.3879 102622977.5256
1524.4991 25561668237.0138
1524.6103 25543335402.9448
1524.7215 102059524.0595
1524.8327 25524154561.3747
1524.9439 25554991794.9259
1525.0550 102052240.6600
1525.1662 25567679781.4802
1525.2774 25534652772.9068
1525.3886 101750338.0349
1525.4998 25551045311.5361
1525.6110 25538547584.6105
1525.7222 102245898.3925
1525.8334 25557853186.2246
1525.9445 25548064823.6210
1526.0557 102327848.2559
1526.1669 25529594616.1298
1526.2781 25542273887.3732
1526.3893 102306865.8849
1526.5005 25568899439.9916
1526.6117 25533719679.2331
1526.7229 102378485.0063
1526.8341 25535573197.9530
1526.9452 25542599586.9849
1527.0564 101609166.8353
1527.1676 25517677718.4517
1527.2788 25566006353.1939
1527.3900 101359622.7185
1527.5012 25548357162.0176
1527.6124 25529610384.9713
1527.7236 103047393.9041
1527.8347 25533906905.3724
1527.9459 25538981811.2622
1528.0571 102268503.6660
1528.1683 25517694451.8700
1528.2795 25560741272.9400
1528.3907 102326927.1120
1528.5019 25532784352.0573
1528.6131 25529853475.1576
1528.7242 102020484.6014
1528.8354 25536443020.3506
1528.9466 25537258899.4908
1529.0578 101923949.8013
1529.1690 25516162733.1407
1529.2802 25515379498.3581
1529.3914 102313865.5821
1529.5026 25538484575.2203
1529.6138 25521607142.0214
1529.7249 102369268.7237
1529.8361 25531618977.1776
1529.9473 25548182659.1579
1530.0585 101897286.2738
1530.1697 25527533562.1810
1530.2809 25548521849.2438
1530.3921 101931987.8025
1530.5033 25527755947.4423
1530.6144 25548610040.3484
1530.7256 102246184.4586
1530.8368 25525958439.8979
1530.9480 25527363085.5408
1531.0592 101849412.3889
1531.1704 25534576793.2330
1531.2816 25506363342.3733
1531.3928 102226748.1622
1531.5039 25526191273.6822
1531.6151 25532001636.6416
1531.7263 101896308.8838
1531.8375 25523852535.5654
1531.9487 25542816329.3881
1532.0599 102273359.8482
1532.1711 25521138502.3685
1532.2823 25524248795.2487
1532.3935 101943064.3285
1532.5046 25510646681.8524
1532.6158 25527350181.8104
1532.7270 102469526.6979
1532.8382 25531926778.5675
1532.9494 25509931072.2421
1533.0606 102027627.4361
1533.1718 25521037394.1075
1533.2830 25518704094.5130
1533.3941 101663563.8539
1533.5053 25521663534.1888
1533.6165 25498823153.2976
1533.7277 102290715.2288
1533.8389 25496769058.4208
1533.9501 25533353073.2824
1534.0613 102120480.6810
1534.1725 25519040858.4402
1534.2836 25494260006.6305
1534.3948 101857737.6429
1534.5060 25506384078.6374
1534.6172 25519410930.5388
1534.7284 101942816.6448
1534.8396 25505514940.5810
1534.9508 25497597089.0990
1535.0620 101808156.4676
1535.1732 25485611316.4795
1535.2843 25520804018.6910
1535.3955 102295898.1472
1535.5067 25504850124.5146
1535.6179 25522043235.1997
1535.7291 101979257.9568
1535.8403 25489990917.2395
1535.9515 25518762800.8992
1536.0627 101755694.8103
1536.1738 25514310198.9009
1536.2850 25512302108.0645
1536.3962 101801811.7131
1536.5074 25496162842.8010
1536.6186 25502410878.3557
1536.7298 101806723.7118
1536.8410 25504543181.3284
1536.9522 25508776483.2136
1537.0634 102201167.0024
1537.1745 25506213879.6782
1537.2857 25485269921.9012
1537.3969 102196255.2118
1537.5081 25481245570.7065
1537.6193 25526483395.7113
1537.7305 101910274.9617
1537.8417 25525076803.6576
1537.9529 25498777826.4123
1538.0640 101643708.5362
1538.1752 25514338075.8730
1538.2864 25478593133.8081
1538.3976 101922522.0093
1538.5088 25499089998.2505
1538.6200 25494334740.3966
1538.7312 101966558.6222
1538.8424 25466690179.6081
1538.9535 25492630047.5989
1539.0647 102314294.6172
1539.1759 25480725128.1261
1539.2871 25513158950.3516
1539.3983 101706330.4418
1539.5095 25490833179.1330
1539.6207 25488365821.7110
1539.7319 101873080.4953
1539.8431 25494087575.3020
1539.9542 25501511209.9742
1540.0654 101402862.6670
1540.1766 25506365848.3422
1540.2878 25486046776.6726
1540.3990 102073867.9583
1540.5102 25492344157.4159
1540.6214 25488109419.9048
1540.7326 101963944.7183
1540.8437 25493966445.0280
1540.9549 25473932642.3737
1541.0661 102019335.2474
1541.1773 25490843798.2527
1541.2885 25488997732.9165
1541.3997 101503788.6215
1541.5109 25464234079.2795
1541.6221 25498782400.4088
1541.7332 101632666.9071
1541.8444 25475307987.7275
1541.9556 25482553487.0666
1542.0668 101749889.7778
1542.1780 25478449505.3681
1542.2892 25482697734.8724
1542.4004 101356786.1869
1542.5116 25439300267.3039
1542.6228 25494384939.3149
1542.7339 102208585.5486
1542.8451 25459666766.3133
1542.9563 25502484761.4558
1543.0675 102104786.2208
1543.1787 25489441003.3352
1543.2899 25485601244.7386
1543.4011 101281279.9521
1543.5123 25473579210.2934
1543.6234 25474990937.6958
1543.7346 101668816.5392
1543.8458 25465215097.6431
1543.9570 25484561047.5410
1544.0682 101953471.0743
1544.1794 25471025038.3334
1544.2906 25465062832.6772
1544.4018 101812552.0944
1544.5129 25487751497.3529
1544.6241 25461551496.2332
1544.7353 101977333.5674
1544.8465 25485877749.8458
1544.9577 25455996947.1429
1545.0689 102160043.7867
1545.1801 25457647967.2091
1545.2913 25472174196.2392
1545.4025 101804927.6300
1545.5136 25452176396.2840
1545.6248 25474577971.5857
1545.7360 102184983.2230
1545.8472 25450594136.6933
1545.9584 25470904961.7104
1546.0696 101781367.6655
1546.1808 25467922243.8155
1546.2920 25468220837.6196
1546.4031 101444990.5671
1546.5143 25466789477.9622
1546.6255 25475392636.0468
1546.7367 102634384.1538
1546.8479 25456082185.7910
1546.9591 25464864134.6398
1547.0703 101956456.6003
1547.1815 25462389482.1230
1547.2926 25449676480.4367
1547.4038 101352829.3497
1547.5150 25435352647.8885
1547.6262 25477155437.5302
1547.7374 101836292.9042
1547.8486 25466207449.9980
1547.9598 25454570272.3738
1548.0710 101708398.0857
1548.1822 25447435187.8469
1548.2933 25468615860.6214
1548.4045 101505013.4765
1548.5157 25450867146.0054
1548.6269 25457667209.5499
1548.7381 101541887.4633
1548.8493 25461619959.3342
1548.9605 25451998011.8948
1549.0717 101886517.4024
1549.1828 25446156987.3089
1549.2940 25471491819.8850
1549.4052 101637939.9948
1549.5164 25448698154.7796
1549.6276 25446201981.0752
1549.7388 101701781.2966
1549.8500 25447060977.2746
1549.9612 25460213368.6903
1550.0724 102577083.2952
1550.1835 25434391284.4235
1550.2947 25467037752.1684
1550.4059 101069500.9152
1550.5171 25443239320.6527
1550.6283 25462983142.4128
1550.7395 101666888.7661
1550.8507 25450604454.1250
1550.9619 25462989903.2736
1551.0730 101263425.4913
1551.1842 25453324499.4101
1551.2954 25435119531.0673
1551.4066 101740579.2097
1551.5178 25440416011.6269
1551.6290 25458745837.9601
1551.7402 101680838.0851
1551.8514 25429939272.2290
1551.9625 25431704729.7592
1552.0737 101599490.0265
1552.1849 25439842015.3023
1552.2961 25428438837.7417
1552.4073 101615369.4425
1552.5185 25447241637.0726
1552.6297 25442316564.7431
1552.7409 101274737.0378
1552.8521 25424295803.8031
1552.9632 25441430926.1989
1553.0744 101093443.2540
1553.1856 25429525809.6132
1553.2968 25446074129.6296
1553.4080 101413325.8840
1553.5192 25442502839.6160
1553.6304 25437716288.2080
1553.7416 101576276.1462
1553.8527 25427116434.8415
1553.9639 25444761316.6846
1554.0751 101889630.8159
1554.1863 25434138200.2242
1554.2975 25434461342.4553
1554.4087 101416619.4683
1554.5199 25428263373.1789
1554.6311 25436439547.5920
1554.7422 100890748.5300
1554.8534 25430186578.2757
1554.9646 25445889548.0475
1555.0758 101166986.7173
1555.1870 25431436068.2875
1555.2982 25438237662.3231
1555.4094 101538533.6762
1555.5206 25415658594.4020
1555.6318 25422852692.3490
1555.7429 101411867.5035
1555.8541 25423868133.8531
1555.9653 25418787786.4930
1556.0765 101627775.4083
1556.1877 25433348793.5138
1556.2989 25419120341.9603
1556.4101 101832787.4731
1556.5213 25408711511.0405
1556.6324 25442200294.6350
1556.7436 101279218.8897
1556.8548 25417476093.8994
1556.9660 25417669716.7527
1557.0772 102062233.4882
1557.1884 25403130199.3852
1557.2996 25413061421.8755
1557.4108 101572029.9791
1557.5219 25406221261.0926
1557.6331 25419925946.8716
1557.7443 101485710.3517
1557.8555 25434814799.1314
1557.9667 25414598454.8105
1558.0779 101643712.3252
1558.1891 25435104803.7210
1558.3003 25421249691.3936
1558.4115 101205397.8612
1558.5226 25405011924.3573
1558.6338 25408431461.3875
1558.7450 101342926.8499
1558.8562 25406269835.9674
1558.9674 25415234121.5379
1559.0786 101991764.1820
1559.1898 25407427332.6661
1559.3010 25412509934.5830
1559.4121 101668899.8997
1559.5233 25402883312.4442
1559.6345 25411756507.0269
1559.7457 101600847.9411
1559.8569 25406094735.8819
1559.9681 25408775167.2532
1560.0793 101842728.3438
1560.1905 25397893465.6229
1560.3016 25407484263.9921
1560.4128 101529376.1753
1560.5240 25396720666.9291
1560.6352 25403771448.4180
1560.7464 101581840.9565
1560.8576 25403030142.4140
1560.9688 25405303314.7860
1561.0800 101476152.1644
1561.1912 25422938303.8120
1561.3023 25411420110.4828
1561.4135 101837901.4855
1561.5247 25415162223.3389
1561.6359 25405607501.6194
1561.7471 101047023.7506
1561.8583 25393057604.8296
1561.9695 25403305723.3659
1562.0807 101263106.0784
1562.1918 25395721575.1019
1562.3030 25399526697.3694
1562.4142 101400320.8395
1562.5254 25397735180.6422
1562.6366 25400744568.3077
1562.7478 101358006.0589
1562.8590 25393559616.8742
1562.9702 25399727035.5657
1563.0813 101664706.3625
1563.1925 25393989810.7718
1563.3037 25399108554.2428
1563.4149 101207170.8246
1563.5261 25390026410.0307
1563.6373 25395820482.5166
1563.7485 101229984.8270
1563.8597 25397297659.5612
1563.9709 25396181284.5411
1564.0820 101881494.6230
1564.1932 25390239462.7862
1564.3044 25401942107.6646
1564.4156 101756879.7012
1564.5268 25405056664.5476
1564.6380 25398427461.0161
1564.7492 101938473.2132
1564.8604 25393625337.8813
1564.9715 25372025664.8700
1565.0827 101302512.3608
1565.1939 25376244749.5069
1565.3051 25394563466.7304
1565.4163 101654057.6663
1565.5275 25383922723.1023
1565.6387 25392073465.5948
1565.7499 101394863.1980
1565.8611 25399782854.2608
1565.9722 25390272509.3322
1566.0834 101137810.6752
1566.1946 25379117880.6898
1566.3058 25391554271.0050
1566.4170 101819650.5460
1566.5282 25377853115.3565
1566.6394 25379249838.7659
1566.7506 101358574.9089
1566.8617 25380121082.2003
1566.9729 25394162333.3901
1567.0841 101460988.9456
1567.1953 25387321185.0101
1567.3065 25384829089.4706
1567.4177 101098033.6917
1567.5289 25372707083.4458
1567.6401 25384729394.4716
1567.7512 101947978.2600
1567.8624 25374385138.9203
1567.9736 25384479173.0379
1568.0848 101725225.5764
1568.1960 25370698879.9802
1568.3072 25389438780.0964
1568.4184 101311926.8589
1568.5296 25373523003.3486
1568.6408 25384272192.6620
1568.7519 101563291.1131
1568.8631 25385402920.1365
1568.9743 25372772472.8089
1569.0855 101282250.7347
1569.1967 25371093907.4633
1569.3079 25373214336.6498
1569.4191 101506269.4443
1569.5303 25375958949.3090
1569.6414 25370011638.0317
1569.7526 101993890.6753
1569.8638 25373303193.1626
1569.9750 25348453161.0297
1570.0862 100539890.5891
1570.1974 25374748540.7779
1570.3086 25372575205.5428
1570.4198 101145249.0086
1570.5309 25349210358.8120
1570.6421 25370067740.1156
1570.7533 101461062.1866
1570.8645 25345867657.7596
1570.9757 25380966597.4282
1571.0869 101611787.8969
1571.1981 25380275524.4273
1571.3093 25362453638.3581
1571.4205 100968390.2634
1571.5316 25352452218.3456
1571.6428 25375644677.0676
1571.7540 101365920.3555
1571.8652 25355460318.9397
1571.9764 25369466196.6903
1572.0876 101016428.2176
1572.1988 25368056407.8812
1572.3100 25362710168.1754
1572.4211 101077575.8030
1572.5323 25348827378.7951
1572.6435 25370470668.0453
1572.7547 101170614.0881
1572.8659 25361671145.5211
1572.9771 25355821898.3733
1573.0883 101089935.9297
1573.1995 25372130535.2708
1573.3106 25369614839.3268
1573.4218 100751618.0549
1573.5330 25358352531.8304
1573.6442 25346827603.9125
1573.7554 101251613.5908
1573.8666 25353456783.7216
1573.9778 25347220074.7564
1574.0890 101013846.2885
1574.2002 25366817227.5750
1574.3113 25350444701.5327
1574.4225 100899549.6350
1574.5337 25347285986.2512
1574.6449 25353751667.0130
1574.7561 100826848.6783
1574.8673 25340182501.5252
1574.9785 25359562847.0055
1575.0897 101185582.6534
1575.2008 25344915759.5964
1575.3120 25347550194.3179
1575.4232 101171446.9644
1575.5344 25332265124.9331
1575.6456 25373803147.2775
1575.7568 100567495.0318
1575.8680 25369501103.4745
1575.9792 25330230163.5462
1576.0903 101630906.8344
1576.2015 25337604229.1781
1576.3127 25339893515.5982
1576.4239 101414013.0972
1576.5351 25327694257.0954
1576.6463 25341814895.9230
1576.7575 101452050.0625
1576.8687 25335919912.2636
1576.9799 25357148154.6713
1577.0910 101249389.7200
1577.2022 25335067815.4719
1577.3134 25368753970.3716
1577.4246 101147384.1901
1577.5358 25333056052.6955
1577.6470 25353287979.1686
1577.7582 101502192.3803
1577.8694 25349289111.0871
1577.9805 25352045828.3019
1578.0917 101388815.8870
1578.2029 25337923057.4354
1578.3141 25353828648.8741
1578.4253 101677826.4163
1578.5365 25347067931.1842
1578.6477 25337005251.6929
1578.7589 101184303.8525
1578.8701 25316832890.0776
1578.9812 25378121486.9877
1579.0924 101627669.6471
1579.2036 25343657417.1731
1579.3148 25329433404.9142
1579.4260 101578679.8652
1579.5372 25347482667.3712
1579.6484 25347872547.7361
1579.7596 101263614.5059
1579.8707 25323587874.6095
1579.9819 25358021679.6601
1580.0931 101164090.3449
1580.2043 25347304050.9324
1580.3155 25314285225.0912
1580.4267 101908124.0940
1580.5379 25314345099.7716
1580.6491 25345772946.6994
1580.7602 101822646.0397
1580.8714 25336978738.3212
1580.9826 25335322527.8150
1581.0938 100844622.8952
1581.2050 25324307307.2475
1581.3162 25334457558.7987
1581.4274 101254399.2163
1581.5386 25334404793.0167
1581.6498 25336313963.0433
1581.7609 100963307.6556
1581.8721 25332928574.5530
1581.9833 25318109141.1636
1582.0945 101232999.8238
1582.2057 25331594192.8987
1582.3169 25335997021.3543
1582.4281 101430937.0535
1582.5393 25331287922.8786
1582.6504 25322720239.2816
1582.7616 100646074.0764
1582.8728 25328683584.5240
1582.9840 25311840589.5086
1583.0952 100960015.0746
1583.2064 25327900127.8110
1583.3176 25313252213.3171
1583.4288 101321350.1668
1583.5399 25316629636.8074
1583.6511 25305750279.7285
1583.7623 101061128.8319
1583.8735 25297873155.4571
1583.9847 25338239217.6962
1584.0959 101482850.1335
1584.2071 25323580714.0100
1584.3183 25301769688.8170
1584.4295 100954330.6062
1584.5406 25326867555.2967
1584.6518 25315488730.3919
1584.7630 101109744.6260
1584.8742 25317648216.5329
1584.9854 25317666439.4868
1585.0966 101010463.3297
1585.2078 25313600818.2268
1585.3190 25306395822.9281
1585.4301 101726527.0104
1585.5413 25302826822.0874
1585.6525 25319719251.9015
1585.7637 101005564.3211
1585.8749 25322651588.2945
1585.9861 25302468001.6226
1586.0973 100912525.3394
1586.2085 25300874128.6368
1586.3196 25302908735.5329
1586.4308 100734407.2905
1586.5420 25305633001.3083
1586.6532 25308322775.6227
1586.7644 100756345.2667
1586.8756 25306357561.6346
1586.9868 25304941466.5472
1587.0980 101324489.7897
1587.2092 25312804149.9154
1587.3203 25302269621.5381
1587.4315 100804311.5142
1587.5427 25306764229.1820
1587.6539 25303623300.5871
1587.7651 101036052.1199
1587.8763 25288539282.2234
1587.9875 25328376797.9004
1588.0987 100795066.8611
1588.2098 25316877736.3611
1588.3210 25301361903.7771
1588.4322 101653926.7815
1588.5434 25294561166.7213
1588.6546 25311489244.4969
1588.7658 100777525.6095
1588.8770 25305397511.6396
1588.9882 25301666375.2162
1589.0993 101354347.2395
1589.2105 25291997590.1533
1589.3217 25281868461.9454
1589.4329 100263659.5606
1589.5441 25288998587.8231
1589.6553 25289716709.3293
1589.7665 101042752.7386
1589.8777 25289491661.2247
1589.9889 25293814512.1346
1590.1000 101093560.3024
1590.2112 25278872126.2790
1590.3224 25297802705.0431
1590.4336 101069490.5059
1590.5448 25290157919.4517
1590.6560 25291655333.8133
1590.7672 100854979.5302
1590.8784 25286596449.0865
1590.9895 25316982051.9683
1591.1007 101624125.5718
1591.2119 25278474654.8984
1591.3231 25299470730.1984
1591.4343 101561815.2067
1591.5455 25286186342.1273
1591.6567 25296037519.3982
1591.7679 101210777.2821
1591.8790 25287188457.1082
1591.9902 25287146721.8162
1592.1014 100758223.7504
1592.2126 25284133562.4416
1592.3238 25299715536.9601
1592.4350 100868693.4171
1592.5462 25292275154.7068
1592.6574 25276311955.1300
1592.7686 100470311.1354
1592.8797 25285608827.3422
1592.9909 25270883293.9724
1593.1021 100849262.7195
1593.2133 25297630285.5750
1593.3245 25278268984.0025
1593.4357 100671988.8764
1593.5469 25282273704.9150
1593.6581 25288753905.6348
1593.7692 101091597.7744
1593.8804 25290585500.6582
1593.9916 25275713022.2025
1594.1028 100829463.1839
1594.2140 25295869211.5396
1594.3252 25265849015.4863
1594.4364 100954890.5946
1594.5476 25276287109.6866
1594.6588 25275046509.4627
1594.7699 100379145.7011
1594.8811 25275942345.3612
1594.9923 25292290110.3626
1595.1035 100992291.1810
1595.2147 25271327391.1340
1595.3259 25265759305.0716
1595.4371 100874809.0064
1595.5483 25263588318.7376
1595.6594 25276514020.4015
1595.7706 101354277.3086
1595.8818 25283349305.0182
1595.9930 25263388731.5183
1596.1042 101168223.7775
1596.2154 25259635986.0543
1596.3266 25267402270.0540
1596.4378 100750971.7115
1596.5489 25241933008.9132
1596.6601 25277761030.9124
1596.7713 101243236.5679
1596.8825 25259385721.5611
1596.9937 25281114943.1954
1597.1049 101010888.5204
1597.2161 25258825837.7198
1597.3273 25274343891.9716
1597.4385 100999235.2307
1597.5496 25264496256.0962
1597.6608 25272546396.7364
1597.7720 101040251.6920
1597.8832 25242478529.9695
1597.9944 25266318754.6348
1598.1056 101112953.2619
1598.2168 25242797942.7598
1598.3280 25270515584.4714
1598.4391 101044352.0381
1598.5503 25256614324.6166
1598.6615 25258215197.1603
1598.7727 100812176.5917
1598.8839 25261478560.9023
1598.9951 25274285820.8595
1599.1063 100697592.9733
1599.2175 25254874770.7842
1599.3286 25283236305.0989
1599.4398 100777779.1130
1599.5510 25270284835.2706
1599.6622 25245803170.9522
1599.7734 101154378.7203
1599.8846 25252899570.7024
1599.9958 25260880501.8516
1600.1070 100718413.7892
1600.2182 25268136220.4176
1600.3293 25264195446.2191
1600.4405 100989342.9756
1600.5517 25242370751.4262
1600.6629 25265182458.5440
1600.7741 100623099.5617
1600.8853 25254330949.3489
1600.9965 25251578173.9737
1601.1077 100551973.2025
1601.2188 25260737716.9395
1601.3300 25249600912.6233
1601.4412 101736598.9356
1601.5524 25243892425.6316
1601.6636 25264302473.0964
1601.7748 101108857.5878
1601.8860 25240823078.9138
1601.9972 25261417176.3632
1602.1083 100380121.1977
1602.2195 25245796891.7353
1602.3307 25260069347.5236
1602.4419 100889153.5609
1602.5531 25254553042.4376
1602.6643 25241748090.1389
1602.7755 100982478.7614
1602.8867 25231624051.6832
1602.9979 25255747383.9764
1603.1090 100804481.1557
1603.2202 25243720105.7526
1603.3314 25244413595.2806
1603.4426 100874465.1864
1603.5538 25256852040.3480
1603.6650 25234716506.5670
1603.7762 100849316.7368
1603.8874 25238849455.8569
1603.9985 25243214062.0831
1604.1097 100873338.9585
1604.2209 25244455655.5670
1604.3321 25226640201.7913
1604.4433 100773418.7841
1604.5545 25249829769.7234
1604.6657 25235585579.3596
1604.7769 100803343.5495
1604.8880 25235793688.0016
1604.9992 25239726871.1373
1605.1104 100561609.1063
1605.2216 25248941508.4346
1605.3328 25227336881.1221
1605.4440 100397146.4049
1605.5552 25229487095.7570
1605.6664 25230649558.8503
1605.7776 100737265.5976
1605.8887 25222529751.8788
1605.9999 25230031947.5930
1606.1111 100677254.4341
1606.2223 25235483427.0388
1606.3335 25231685079.3190
1606.4447 99697796.4521
1606.5559 25219838817.2896
1606.6671 25241348894.0549
1606.7782 100489899.8877
1606.8894 25256939572.1157
1607.0006 25232056809.4422
1607.1118 100815421.7469
1607.2230 25212323739.0003
1607.3342 25247579698.5311
1607.4454 101202043.4848
1607.5566 25218948163.7515
1607.6678 25241956106.7489
1607.7789 100829907.1957
1607.8901 25225764595.9061
1608.0013 25213703817.1251
1608.1125 100615317.8964
1608.2237 25234981359.9964
1608.3349 25229135288.1314
1608.4461 100701243.3988
1608.5573 25216639048.9364
1608.6684 25227173708.4396
1608.7796 100761832.0718
1608.8908 25227374337.0028
1609.0020 25233153761.2651
1609.1132 100874325.8333
1609.2244 25230492463.2004
1609.3356 25227117793.2157
1609.4468 100118535.7898
1609.5579 25226778429.1943
1609.6691 25230343702.0140
1609.7803 101066050.6463
1609.8915 25213581817.4647
1610.0027 25210035404.1830
1610.1139 101407819.8929
1610.2251 25214409195.7273
1610.3363 25234249717.7264
1610.4475 101014147.3310
1610.5586 25193060373.3743
1610.6698 25250545637.8978
1610.7810 100928996.0257
1610.8922 25210689796.8982
1611.0034 25243866193.6434
1611.1146 100807623.4674
1611.2258 25235967565.2722
1611.3370 25210317962.4445
1611.4481 100469880.4702
1611.5593 25225438720.5713
1611.6705 25207542927.2065
1611.7817 100839502.1860
1611.8929 25223084383.6386
1612.0041 25207426392.6252
1612.1153 100098772.1481
1612.2265 25210198154.8871
1612.3376 25190744285.5487
1612.4488 100821460.3476
1612.5600 25190584406.4296
1612.6712 25223822266.3843
1612.7824 100867089.4314
1612.8936 25210022221.0873
1613.0048 25187672082.8015
1613.1160 100479119.5457
1613.2272 25194856727.5412
1613.3383 25192495387.3585
1613.4495 101033859.9801
1613.5607 25192635601.3070
1613.6719 25216386781.1814
1613.7831 100590066.9579
1613.8943 25184637761.3537
1614.0055 25197898988.0609
1614.1167 100660199.4103
1614.2278 25193424626.5352
1614.3390 25205797942.5847
1614.4502 101081513.0719
1614.5614 25209376501.8774
1614.6726 25184553020.3475
1614.7838 100553659.1672
1614.8950 25198027023.1731
1615.0062 25181114311.5542
1615.1173 101218301.8471
1615.2285 25197014164.8371
1615.3397 25220181148.5448
1615.4509 101516601.8075
1615.5621 25203307475.4911
1615.6733 25184717274.1067
1615.7845 100104323.1703
1615.8957 25178588158.1780
1616.0069 25200959246.4070
1616.1180 100679468.7266
1616.2292 25204529225.3069
1616.3404 25172930190.8256
1616.4516 100720870.2869
1616.5628 25179402898.3191
1616.6740 25171620276.1698
1616.7852 100072359.3066
1616.8964 25170938576.6013
1617.0075 25189590163.9967
1617.1187 100747518.6025
1617.2299 25191060520.9919
1617.3411 25181667129.9035
1617.4523 100642808.7940
1617.5635 25173457558.6605
1617.6747 25181965144.0706
1617.7859 100658503.4695
1617.8970 25151232324.8919
1618.0082 25207027590.2823
1618.1194 100574763.5487
1618.2306 25203364268.5325
1618.3418 25163733031.4784
1618.4530 101032470.1185
1618.5642 25205279098.8384
1618.6754 25189812585.3405
1618.7866 100124751.9038
1618.8977 25160080355.5504
1619.0089 25202729958.1208
1619.1201 100213041.6222
1619.2313 25191945410.5533
1619.3425 25190045023.4089
1619.4537 100238599.6556
1619.5649 25195556713.2291
1619.6761 25175250225.6487
1619.7872 100282675.0449
1619.8984 25167992427.3486
1620.0096 25191669630.8773
1620.1208 100677160.5812
1620.2320 25196352732.6211
1620.3432 25172468005.6137
1620.4544 100385140.7599
1620.5656 25205835800.4474
1620.6768 25158128297.4978
1620.7879 100792175.6674
1620.8991 25160502726.8757
1621.0103 25169704473.9518
1621.1215 100710741.3637
1621.2327 25168607818.0319
1621.3439 25170658870.4106
1621.4551 100780537.1653
1621.5663 25164325280.1182
1621.6774 25169301552.2773
1621.7886 100551723.9812
1621.8998 25155288215.6444
1622.0110 25188498856.0296
1622.1222 100217477.6966
1622.2334 25188899435.3441
1622.3446 25183759751.6274
1622.4558 100482112.2323
1622.5669 25171435265.0129
1622.6781 25197992391.7266
1622.7893 100310830.4654
1622.9005 25166426524.1752
1623.0117 25172753147.2748
1623.1229 100501133.2283
1623.2341 25182874873.5150
1623.3453 25175672101.6443
1623.4565 101157921.6857
1623.5676 25149183150.3847
1623.6788 25180978176.7508
1623.7900 100267432.4401
1623.9012 25176627826.0439
1624.0124 25162577452.0426
1624.1236 100454718.5637
1624.2348 25193564614.4156
1624.3460 25163681146.5821
1624.4571 100393705.3263
1624.5683 25162907565.0472
1624.6795 25174034789.3414
1624.7907 100557444.1445
1624.9019 25167740863.3456
1625.0131 25157232130.8293
1625.1243 100527125.0378
1625.2355 25167910126.6359
1625.3466 25157351167.0621
1625.4578 100467579.0553
1625.5690 25147219234.2734
1625.6802 25178078093.3394
1625.7914 100172745.7723
1625.9026 25148867481.9029
1626.0138 25174933790.5767
1626.1250 101125723.7379
1626.2362 25169140672.4396
1626.3473 25154522713.9264
1626.4585 100293288.5424
1626.5697 25165820622.6463
1626.6809 25150120131.5305
1626.7921 100418301.3332
1626.9033 25154543215.8193
1627.0145 25147130474.9352
1627.1257 100994268.4435
1627.2368 25158238513.2722
1627.3480 25169513522.4635
1627.4592 100615423.2773
1627.5704 25161513423.3166
1627.6816 25162035427.8964
1627.7928 100069270.3787
1627.9040 25160183460.4290
1628.0152 25160049126.9920
1628.1263 100554486.4051
1628.2375 25134743064.9560
1628.3487 25147237420.7410
1628.4599 100136939.3352
1628.5711 25138603182.3028
1628.6823 25152059121.2874
1628.7935 99857361.6109
1628.9047 25147709177.7124
1629.0159 25153336405.7546
1629.1270 100674923.1440
1629.2382 25146733722.2171
1629.3494 25160045893.0674
1629.4606 100709067.5642
1629.5718 25134929274.5678
1629.6830 25153820660.0187
1629.7942 100838274.3836
1629.9054 25145088232.6529
1630.0165 25146455914.2808
1630.1277 100631054.7366
1630.2389 25145038255.0878
1630.3501 25145634841.6211
1630.4613 100183963.4252
1630.5725 25136330058.5731
1630.6837 25145338691.7249
1630.7949 100196658.8506
1630.9060 25133677003.1698
1631.0172 25138278398.6697
1631.1284 100284319.7310
1631.2396 25149668886.1497
1631.3508 25136219945.9778
1631.4620 99777947.4638
1631.5732 25140882297.7333
1631.6844 25148295889.5981
1631.7956 100573973.4007
1631.9067 25139873721.1383
1632.0179 25130912933.8513
1632.1291 100568283.5408
1632.2403 25140447219.6591
1632.3515 25128685197.7907
1632.4627 100334253.6926
1632.5739 25120879872.5063
1632.6851 25139481286.0720
1632.7962 100075798.2369
1632.9074 25125323811.7123
1633.0186 25152854243.8401
1633.1298 100699195.6278
1633.2410 25158557267.2223
1633.3522 25123206891.5772
1633.4634 100348095.5553
1633.5746 25136716692.6331
1633.6857 25124853172.6727
1633.7969 100418307.4140
1633.9081 25128342811.4255
1634.0193 25131530275.6556
1634.1305 99870697.2711
1634.2417 25142483651.5237
1634.3529 25122426018.4007
1634.4641 100547907.4200
1634.5753 25132448526.8436
1634.6864 25118435493.5321
1634.7976 100345188.6976
1634.9088 25118216678.4920
1635.0200 25130344845.6554
1635.1312 100179289.4007
1635.2424 25139593614.8450
1635.3536 25116903873.4636
1635.4648 100236701.3891
1635.5759 25121780744.0166
1635.6871 25114865623.3701
1635.7983 100635846.4982
1635.9095 25130036746.5374
1636.0207 25127394729.7677
1636.1319 100435181.3191
1636.2431 25133642072.3887
1636.3543 25105136251.0162
1636.4655 100105505.8568
1636.5766 25121522944.0990
1636.6878 25126029922.2535
1636.7990 99870647.3638
1636.9102 25121734678.3179
1637.0214 25120574237.6347
1637.1326 101011929.2208
1637.2438 25125213915.0948
1637.3550 25118710588.5421
1637.4661 100321270.6152
1637.5773 25129178482.8819
1637.6885 25108175052.0151
1637.7997 100455932.1416
1637.9109 25097978102.5380
1638.0221 25114377492.2031
1638.1333 100293759.1206
1638.2445 25111320577.8467
1638.3556 25118487319.2172
1638.4668 100376145.8452
1638.5780 25105062720.1405
1638.6892 25115493865.8627
1638.8004 99746256.9723
1638.9116 25113217493.7727
1639.0228 25107996145.8753
1639.1340 100224216.3514
1639.2452 25121901369.1754
1639.3563 25104252613.6660
1639.4675 100487191.3107
1639.5787 25115135414.9407
1639.6899 25108397693.9802
1639.8011 100595817.1785
1639.9123 25094250297.1005
1640.0235 25109398059.4201
1640.1347 100216039.3001
1640.2458 25114195833.8771
1640.3570 25108277699.2636
1640.4682 100429404.1195
1640.5794 25117728538.1734
1640.6906 25091461886.9288
1640.8018 100561328.8557
1640.9130 25098361128.8074
1641.0242 25093662936.7596
1641.1353 100314632.4907
1641.2465 25094458559.8560
1641.3577 25097367392.9312
1641.4689 100599075.4301
1641.5801 25108508807.8351
1641.6913 25093115140.6600
1641.8025 100548046.2692
1641.9137 25087803792.5596
1642.0249 25105458589.9553
1642.1360 100497896.8408
1642.2472 25111054576.6224
1642.3584 25088067632.9275
1642.4696 100483514.2892
1642.5808 25091453630.0460
1642.6920 25106486241.0794
1642.8032 99698999.7146
1642.9144 25101808762.8212
1643.0255 25100296751.7190
1643.1367 99900468.5970
1643.2479 25104285907.3409
1643.3591 25090725729.7900
1643.4703 100619851.8289
1643.5815 25103414787.5761
1643.6927 25099976686.7016
1643.8039 99848351.3764
1643.9150 25092320558.5252
1644.0262 25106988856.9882
1644.1374 99964773.1370
1644.2486 25095784467.1682
1644.3598 25096278944.4845
1644.4710 100280645.5949
1644.5822 25100117123.7992
1644.6934 25079330684.2304
1644.8046 99931124.3504
1644.9157 25094636289.4283
1645.0269 25092227699.7463
1645.1381 100222118.7535
1645.2493 25096463942.1180
1645.3605 25089470636.8230
1645.4717 100008802.9820
1645.5829 25089823248.1043
1645.6941 25085450405.8576
1645.8052 100175541.3197
1645.9164 25093015163.7139
1646.0276 25081362749.7624
1646.1388 100171134.0994
1646.2500 25085877268.7180
1646.3612 25066570932.0777
1646.4724 100519306.1677
1646.5836 25075965260.3979
1646.6947 25088041088.8248
1646.8059 100042843.7312
1646.9171 25091947408.4661
1647.0283 25083054579.0836
1647.1395 100180104.7134
1647.2507 25065161617.6006
1647.3619 25088159433.4792
1647.4731 100012349.1902
1647.5843 25078779008.0405
1647.6954 25073363432.0808
1647.8066 100566190.1286
1647.9178 25071633066.6220
1648.0290 25068449490.9211
1648.1402 100331708.2356
1648.2514 25056986105.4481
1648.3626 25077903083.6906
1648.4738 100805936.9108
1648.5849 25081225511.5276
1648.6961 25062249147.5314
1648.8073 100350757.7818
1648.9185 25060558594.2820
1649.0297 25068814863.2303
1649.1409 100333691.7017
1649.2521 25060269611.8123
1649.3633 25071530053.9584
1649.4745 100590310.3656
1649.5856 25066706644.0108
1649.6968 25070772494.1000
1649.8080 100020176.6475
1649.9192 25065283190.2913
1650.0304 25083578895.7801
1650.1416 99393713.4105
1650.2528 25077366134.6411
1650.3640 25088807796.8480
1650.4751 100159386.5128
1650.5863 25072754893.7590
1650.6975 25069413456.4746
1650.8087 99703075.1429
1650.9199 25076353329.1886
1651.0311 25065151694.0228
1651.1423 99901052.7101
1651.2535 25081135098.6314
1651.3646 25052300946.2124
1651.4758 99477446.3024
1651.5870 25057862188.8451
1651.6982 25068017933.3694
1651.8094 100469377.6022
1651.9206 25055066848.8463
1652.0318 25064101158.3050
1652.1430 100474697.9921
1652.2542 25058205098.3477
1652.3653 25058320463.5480
1652.4765 100351007.0707
1652.5877 25058666651.3102
1652.6989 25060951231.4635
1652.8101 100053817.2839
1652.9213 25063119064.9778
1653.0325 25074947822.2359
1653.1437 99898353.5457
1653.2548 25063089432.0398
1653.3660 25057907306.0914
1653.4772 100026185.8768
1653.5884 25051298952.0594
1653.6996 25057618561.1183
1653.8108 99910871.5874
1653.9220 25058305530.0618
1654.0332 25052608051.0049
1654.1443 100244136.8075
1654.2555 25052767732.9892
1654.3667 25051321400.1267
1654.4779 100383418.7035
1654.5891 25039775572.6175
1654.7003 25037794158.1562
1654.8115 100061409.9462
1654.9227 25041527587.4186
1655.0339 25042109002.3353
1655.1450 100100162.0372
1655.2562 25047168867.0421
1655.3674 25051560169.0317
1655.4786 99825915.4034
1655.5898 25061571898.4480
1655.7010 25054146761.7905
1655.8122 100058305.6977
1655.9234 25054951445.0516
1656.0345 25057159643.2803
1656.1457 100099498.2635
1656.2569 25046556979.4709
1656.3681 25052244490.4594
1656.4793 100158916.8183
1656.5905 25047242143.8568
1656.7017 25044984675.8249
1656.8129 100265821.4622
1656.9240 25040567595.7447
1657.0352 25043356740.0066
1657.1464 100301329.5366
1657.2576 25040749976.3593
1657.3688 25058653550.4972
1657.4800 100518383.2593
1657.5912 25053507516.7835
1657.7024 25036368572.4517
1657.8136 100298481.9552
1657.9247 25047591025.3836
1658.0359 25050076987.7353
1658.1471 99893722.9325
1658.2583 25059870841.2364
1658.3695 25028018179.0789
1658.4807 100379972.9665
1658.5919 25050662431.2045
1658.7031 25048742174.0956
1658.8142 100414107.4451
1658.9254 25041748390.2778
1659.0366 25047456512.0911
1659.1478 99672897.4711
1659.2590 25039661475.6459
1659.3702 25024158608.8095
1659.4814 100487160.5010
1659.5926 25032858145.5761
1659.7037 25037444619.0480
1659.8149 99918994.9078
1659.9261 25037445783.6673
1660.0373 25033754459.2631
1660.1485 99583773.7286
1660.2597 25023602526.6229
1660.3709 25047293900.4506
1660.4821 100244896.9032
1660.5933 25026398801.2535
1660.7044 25027455220.1575
1660.8156 100263207.1795
1660.9268 25009569700.9250
1661.0380 25056291673.4157
1661.1492 99820124.2072
1661.2604 25039191924.7382
1661.3716 25035370683.3565
1661.4828 100270833.8354
1661.5939 25031753163.4361
1661.7051 25046887993.9085
1661.8163 99800183.4778
1661.9275 25024496459.7070
1662.0387 25029731876.0388
1662.1499 99877492.1940
1662.2611 25031473642.5942
1662.3723 25030751876.9667
1662.4835 99622194.7705
1662.5946 25021884502.5279
1662.7058 25017344471.0703
1662.8170 100040525.5251
1662.9282 25019027198.4644
1663.0394 25022592415.5892
1663.1506 100135568.2093
1663.2618 25017889065.3378
1663.3730 25021108901.1323
1663.4841 99795083.7913
1663.5953 25009861269.5987
1663.7065 25026314894.5727
1663.8177 99664459.2358
1663.9289 25024522351.7852
1664.0401 25020884620.6573
1664.1513 100259939.0661
1664.2625 25015980457.5622
1664.3736 25037510044.4900
1664.4848 99893587.6961
1664.5960 25018250140.3122
1664.7072 25028985436.2256
1664.8184 99854911.8181
1664.9296 25023759239.9432
1665.0408 25026112968.2909
1665.1520 99918280.2514
1665.2632 25022422331.3482
1665.3743 25010667762.7921
1665.4855 99951603.0792
1665.5967 25009986053.7306
1665.7079 25027433707.6293
1665.8191 99598283.6971
1665.9303 25011232134.4340
1666.0415 25034435171.4255
1666.1527 99852837.1852
1666.2638 25013248783.1573
1666.3750 25025835042.2881
1666.4862 99776777.0185
1666.5974 25030266225.0805
1666.7086 25004856433.1860
1666.8198 99970405.5893
1666.9310 25023396350.8648
1667.0422 25015463758.8122
1667.1533 99952192.7390
1667.2645 25008436982.0129
1667.3757 25025769853.4071
1667.4869 99944405.7913
1667.5981 25021905519.1562
1667.7093 25001595519.4996
1667.8205 100450468.5677
1667.9317 25011866274.5224
1668.0429 25005308880.5366
1668.1540 100227383.0541
1668.2652 25014217337.2700
1668.3764 25010503242.9844
1668.4876 99827386.1430
1668.5988 25012035387.5555
1668.7100 24998978734.0902
1668.8212 99893931.1914
1668.9324 24991990998.5955
1669.0435 24993150601.0209
1669.1547 100116586.4351
1669.2659 25008130604.4153
1669.3771 25009765873.1972
1669.4883 99845347.5334
1669.5995 25007918059.7648
1669.7107 25001025513.7878
1669.8219 100180542.1603
1669.9330 24995450479.8288
1670.0442 24997763904.5546
1670.1554 100426351.6093
1670.2666 24997478063.4856
1670.3778 24990460542.2153
1670.4890 100560982.2241
1670.6002 24990041994.3614
1670.7114 24991338968.9173
1670.8226 100228680.7001
1670.9337 24973321945.6704
1671.0449 25003610929.4159
1671.1561 99809638.1848
1671.2673 24988702909.5501
1671.3785 25007720702.0002
1671.4897 99916106.8089
1671.6009 24995468481.6250
1671.7121 24994089783.3691
1671.8232 99870615.0192
1671.9344 24991381619.5818
1672.0456 24995087559.1578
1672.1568 100146773.1252
1672.2680 24987563884.4319
1672.3792 24987422555.7527
1672.4904 99640430.9333
1672.6016 24973199753.3019
1672.7127 25001957273.8872
1672.8239 99829712.0981
1672.9351 24984601699.9538
1673.0463 24993025164.2474
1673.1575 99708569.2378
1673.2687 24996763458.5535
1673.3799 24996391186.6595
1673.4911 99895697.4329
1673.6023 24976296098.1962
1673.7134 24983368788.3832
1673.8246 99830073.1931
1673.9358 24986680211.8522
1674.0470 24979271540.5840
1674.1582 100206965.5428
1674.2694 24990038751.5785
1674.3806 24983646211.9701
1674.4918 99897696.6952
1674.6029 24986894119.4778
1674.7141 24981671736.8817
1674.8253 99794914.2326
1674.9365 24979056979.0134
1675.0477 24988173805.1315
1675.1589 99705130.1331
1675.2701 24987586530.6851
1675.3813 24969680601.6758
1675.4924 99612644.9509
1675.6036 24987050957.9867
1675.7148 24977847360.0304
1675.8260 100231904.8674
1675.9372 24969148203.5825
1676.0484 24974869445.5848
1676.1596 99408138.5328
1676.2708 24968181675.3605
1676.3820 24995190624.2237
1676.4931 100302958.6051
1676.6043 24976433219.4795
1676.7155 24969707621.8545
1676.8267 99442801.0633
1676.9379 24982884756.6012
1677.0491 24985775710.7269
1677.1603 99461891.9153
1677.2715 24985508164.3134
1677.3826 24973407303.4644
1677.4938 99673963.0265
1677.6050 24965946066.3269
1677.7162 24967188373.9262
1677.8274 99601438.8450
1677.9386 24963655754.7610
1678.0498 24977108872.0948
1678.1610 99823398.8226
1678.2722 24976641353.8315
1678.3833 24977331932.1543
1678.4945 100008250.2029
1678.6057 24965998347.0418
1678.7169 24977590787.0669
1678.8281 99625034.5282
1678.9393 24960468266.0575
1679.0505 24994982744.1488
1679.1617 99388650.8800
1679.2728 24986289250.2467
1679.3840 24981502229.8385
1679.4952 99201685.2341
1679.6064 24964702148.8672
1679.7176 24986887989.2615
1679.8288 99624758.8991
1679.9400 24973850981.7166
1680.0512 24969258783.7307
1680.1623 99819429.7462
1680.2735 24979699804.4372
1680.3847 24948667586.3784
1680.4959 99618348.4891
1680.6071 24959336629.3697
1680.7183 24972200742.1845
1680.8295 99964773.8918
1680.9407 24961414614.5573
1681.0519 24956192566.9600
1681.1630 99852987.0397
1681.2742 24952168572.9494
1681.3854 24976225822.7088
1681.4966 99664301.4380
1681.6078 24962191646.2066
1681.7190 24954042587.8421
1681.8302 99270267.5027
1681.9414 24963691072.8217
1682.0525 24958710211.2844
1682.1637 99623979.2476
1682.2749 24952726282.9856
1682.3861 24965414403.7035
1682.4973 99764945.1576
1682.6085 24963190818.1476
1682.7197 24953758359.2446
1682.8309 100031167.6197
1682.9420 24963240585.1029
1683.0532 24965900042.2359
1683.1644 99438646.6989
1683.2756 24972253991.3586
1683.3868 24942769999.9630
1683.4980 99800790.8474
1683.6092 24952445861.4119
1683.7204 24962171245.0908
1683.8316 99445609.1856
1683.9427 24974802904.5076
1684.0539 24933817332.8877
1684.1651 99682651.9126
1684.2763 24931745538.5428
1684.3875 24933167621.3507
1684.4987 99887819.5096
1684.6099 24964831628.1745
1684.7211 24947267742.5878
1684.8322 99492667.4315
1684.9434 24934899912.2171
1685.0546 24942782121.4742
1685.1658 99666947.1888
1685.2770 24946912964.1189
1685.3882 24946691157.8563
1685.4994 99871660.5137
1685.6106 24935025613.4521
1685.7217 24941257009.6225
1685.8329 99647240.6112
1685.9441 24938917221.2257
1686.0553 24943270560.8382
1686.1665 99537178.0593
1686.2777 24926616348.6526
1686.3889 24951498098.4743
1686.5001 99932614.9877
1686.6113 24956789099.6911
1686.7224 24934925318.2630
1686.8336 99152837.9901
1686.9448 24942814884.2160
1687.0560 24941006644.7285
1687.1672 100146914.0040
1687.2784 24945791147.9823
1687.3896 24938385990.6279
1687.5008 99050636.9671
1687.6119 24927642723.4037
1687.7231 24937540460.1797
1687.8343 99838518.9522
1687.9455 24939823863.1866
1688.0567 24919384780.0114
1688.1679 99464533.4639
1688.2791 24922306055.4367
1688.3903 24944062135.3126
1688.5014 99517858.7661
1688.6126 24926889568.8368
1688.7238 24935428431.1526
1688.8350 99134649.3835
1688.9462 24926828902.5797
1689.0574 24932426785.0473
1689.1686 99617244.0671
1689.2798 24926834217.1871
1689.3910 24943494132.5205
1689.5021 99248439.5773
1689.6133 24947671667.7120
1689.7245 24929381867.1959
1689.8357 99228076.7749
1689.9469 24931532521.0262
1690.0581 24918409131.5657
1690.1693 99805505.7705
1690.2805 24918467752.6828
1690.3916 24939378249.7325
1690.5028 99838197.5196
1690.6140 24937886471.9900
1690.7252 24923387455.2927
1690.8364 99995262.5701
1690.9476 24923029562.1401
1691.0588 24936613913.7493
1691.1700 99219225.6743
1691.2812 24935606162.4902
1691.3923 24923454628.2228
1691.5035 99579789.5070
1691.6147 24913858603.0656
1691.7259 24934879364.9558
1691.8371 99758593.6103
1691.9483 24913034469.6149
1692.0595 24928086490.9589
1692.1707 100022986.3320
1692.2818 24913642960.1052
1692.3930 24922860316.1660
1692.5042 99144274.3817
1692.6154 24919377270.1569
1692.7266 24932832890.8483
1692.8378 100511649.0485
1692.9490 24917399030.5420
1693.0602 24926533981.6802
1693.1713 99592209.6822
1693.2825 24917370663.3950
1693.3937 24921321702.2301
1693.5049 99834496.6977
1693.6161 24921430677.9418
1693.7273 24931072996.5096
1693.8385 99515902.2677
1693.9497 24925451545.5641
1694.0609 24925013582.6382
1694.1720 99768696.6586
1694.2832 24903731581.9569
1694.3944 24920216646.3407
1694.5056 99257081.1653
1694.6168 24927755891.7012
1694.7280 24920348544.8804
1694.8392 99799612.7533
1694.9504 24927111301.8865
1695.0615 24915394677.7694
1695.1727 99643710.9044
1695.2839 24922870406.0298
1695.3951 24912140379.2133
1695.5063 99833239.3125
1695.6175 24919314567.8524
1695.7287 24925055577.3477
1695.8399 99570641.9835
1695.9510 24898033593.0704
1696.0622 24910853165.0640
1696.1734 99719398.8043
1696.2846 24909353655.8487
1696.3958 24914148685.2662
1696.5070 100042511.9095
1696.6182 24890844745.3834
1696.7294 24912149113.4386
1696.8406 99273842.7776
1696.9517 24904871459.1308
1697.0629 24911236506.6990
1697.1741 99330719.1843
1697.2853 24898310350.4691
1697.3965 24929362429.5666
1697.5077 99437455.4153
1697.6189 24918517769.4732
1697.7301 24898339183.1608
1697.8412 99452632.1252
1697.9524 24915972030.1000
1698.0636 24898894396.1098
1698.1748 99366171.1480
1698.2860 24897471401.8167
1698.3972 24907645386.8453
1698.5084 99413474.6679
1698.6196 24880405221.8100
1698.7307 24918665982.1652
1698.8419 99568975.5973
1698.9531 24900531565.7930
1699.0643 24910065165.9701
1699.1755 99432876.0806
1699.2867 24894911731.5281
1699.3979 24905324284.4455
1699.5091 99503490.1665
1699.6203 24900342699.9198
1699.7314 24904676632.9886
1699.8426 99223727.5430
1699.9538 24894170243.0238
1700.0650 24902361421.9192
1700.1762 99049233.6002
1700.2874 24918517623.8241
1700.3986 24889898957.7663
1700.5098 99687995.3572
1700.6209 24889071081.5577
1700.7321 24906576432.7188
1700.8433 99216636.9554
1700.9545 24883375249.0464
1701.0657 24902542931.1070
1701.1769 99274865.9020
1701.2881 24911466270.4442
1701.3993 24888309244.0363
1701.5104 99579765.9615
1701.6216 24891579069.8576
1701.7328 24884564395.1919
1701.8440 99253097.0594
1701.9552 24888606389.6580
1702.0664 24902033273.5658
1702.1776 99469615.6589
1702.2888 24893462514.7396
1702.4000 24888471229.7285
1702.5111 99400892.0761
1702.6223 24884074712.2262
1702.7335 24891348032.7904
1702.8447 99712262.6452
1702.9559 24894022542.5904
1703.0671 24882114279.7598
1703.1783 98994573.1411
1703.2895 24894813942.9069
1703.4006 24887392924.6912
1703.5118 99308924.1742
1703.6230 24883451315.3952
1703.7342 24903625596.2080
1703.8454 99148916.3164
1703.9566 24882129125.7447
1704.0678 24887618135.7147
1704.1790 99268738.4801
1704.2902 24882390091.7295
1704.4013 24895225723.3231
1704.5125 99831865.0235
1704.6237 24884599090.5115
1704.7349 24886254840.6781
1704.8461 99545952.2346
1704.9573 24882256236.0196
1705.0685 24888508324.5392
1705.1797 99477984.2377
1705.2908 24877073218.0498
1705.4020 24881789571.1933
1705.5132 99421875.3723
1705.6244 24879988910.1337
1705.7356 24881742727.7702
1705.8468 99097469.1866
1705.9580 24875348434.9043
1706.0692 24884260508.7597
1706.1803 99503641.5252
1706.2915 24868048384.8064
1706.4027 24870362926.3980
1706.5139 99383892.5477
1706.6251 24881824942.6520
1706.7363 24884637731.1997
1706.8475 99157793.5596
1706.9587 24867658102.3889
1707.0699 24880635511.9609
1707.1810 99434903.0000
1707.2922 24883068585.5832
1707.4034 24870682062.8085
1707.5146 99442480.0936
1707.6258 24869800197.7564
1707.7370 24871184073.2074
1707.8482 99319568.6258
1707.9594 24869933438.1791
1708.0705 24885453230.1675
1708.1817 99547175.3537
1708.2929 24874680625.2840
1708.4041 24872845406.2109
1708.5153 99375575.7301
1708.6265 24871000445.1402
1708.7377 24872051574.5243
1708.8489 99864458.4401
1708.9600 24872084288.2973
1709.0712 24870692496.0619
1709.1824 99536814.2533
1709.2936 24869348701.3923
1709.4048 24870103833.6655
1709.5160 99073944.1938
1709.6272 24864384639.6546
1709.7384 24856548981.7032
1709.8496 99693783.2651
1709.9607 24870416745.9674
1710.0719 24872747211.1927
1710.1831 99220349.4620
1710.2943 24874432579.3188
1710.4055 24871377697.8915
1710.5167 98947408.1842
1710.6279 24859824710.6969
1710.7391 24868653777.7066
1710.8502 99726714.3586
1710.9614 24850394133.4589
1711.0726 24862888199.5149
1711.1838 99593136.8960
1711.2950 24867228859.2567
1711.4062 24865805387.1766
1711.5174 99359331.1950
1711.6286 24861938810.2478
1711.7397 24852299030.8491
1711.8509 99841724.6556
1711.9621 24862519820.8301
1712.0733 24853413641.3659
1712.1845 99486876.6689
1712.2957 24848849101.3507
1712.4069 24866426252.2821
1712.5181 99127230.3014
1712.6293 24864756703.7404
1712.7404 24868445163.5357
1712.8516 99199908.7378
1712.9628 24858615280.3809
1713.0740 24847151504.5887
1713.1852 99221146.2165
1713.2964 24852411979.2768
1713.4076 24847000408.3994
1713.5188 99124237.1260
1713.6299 24854580950.6286
1713.7411 24858749719.2974
1713.8523 99574991.6399
1713.9635 24843093029.5711
1714.0747 24862642514.9588
1714.1859 99273007.3656
1714.2971 24839963173.3325
1714.4083 24866763929.6119
1714.5194 99208886.0694
1714.6306 24844361098.2685
1714.7418 24851467903.3468
1714.8530 99365347.1619
1714.9642 24838419088.6119
1715.0754 24856455940.4513
1715.1866 100169196.7354
1715.2978 24845638214.7553
1715.4090 24846797314.5025
1715.5201 99584176.1003
1715.6313 24853171552.6395
1715.7425 24845272334.4780
1715.8537 99698362.7465
1715.9649 24852317525.3467
1716.0761 24841306560.9950
1716.1873 99444079.9249
1716.2985 24857657795.5276
1716.4096 24830655967.7640
1716.5208 99280695.2400
1716.6320 24835275834.6882
1716.7432 24842972194.6473
1716.8544 99222837.3575
1716.9656 24837419538.0077
1717.0768 24845654563.4478
1717.1880 99236672.0954
1717.2991 24841135117.4265
1717.4103 24855872552.4174
1717.5215 98813878.4337
1717.6327 24837546694.7474
1717.7439 24841564270.1292
1717.8551 99760739.3763
1717.9663 24849370670.3596
1718.0775 24825318346.8475
1718.1887 99748558.7943
1718.2998 24837767687.0774
1718.4110 24826496654.6211
1718.5222 99534796.1261
1718.6334 24828521387.4238
1718.7446 24823121297.5665
1718.8558 99229149.7813
1718.9670 24825717599.4192
1719.0782 24845704191.0149
1719.1893 99016279.3835
1719.3005 24834653115.8005
1719.4117 24831448289.1333
1719.5229 98941304.3527
1719.6341 24822623253.5274
1719.7453 24838638638.9148
1719.8565 99128885.3652
1719.9677 24827878471.8238
1720.0789 24827664505.4545
1720.1900 99057982.0718
1720.3012 24819255172.4701
1720.4124 24838159850.2089
1720.5236 98817165.7968
1720.6348 24843789258.8199
1720.7460 24815122780.0334
1720.8572 99545506.3048
1720.9684 24820249879.0857
1721.0795 24831053750.7225
1721.1907 99175516.5581
1721.3019 24821954154.0802
1721.4131 24835908205.1842
1721.5243 98559292.2072
1721.6355 24811842587.7928
1721.7467 24829819225.3308
1721.8579 98749616.7936
1721.9690 24825160802.9713
1722.0802 24833428130.8656
1722.1914 99010941.1023
1722.3026 24809623934.9344
1722.4138 24833741144.0559
1722.5250 98859160.7109
1722.6362 24829617193.0725
1722.7474 24828956622.0095
1722.8586 99372230.5469
1722.9697 24829260365.5518
1723.0809 24823228170.4312
1723.1921 99346915.6383
1723.3033 24803398069.0078
1723.4145 24831675887.6018
1723.5257 99020458.7868
1723.6369 24818695127.6048
1723.7481 24829769887.1353
1723.8592 98844082.2883
1723.9704 24826375576.8654
1724.0816 24823187463.3644
1724.1928 98982189.9119
1724.3040 24820219973.0690
1724.4152 24828535377.3027
1724.5264 99127613.3662
1724.6376 24810909961.2110
1724.7487 24841823646.3812
1724.8599 99313646.1951
1724.9711 24823929987.1869
1725.0823 24802644751.8662
1725.1935 99519359.8288
1725.3047 24828870855.9133
1725.4159 24821707447.8228
1725.5271 99449924.9544
1725.6383 24813774839.5576
1725.7494 24809815096.0521
1725.8606 99168994.2205
1725.9718 24804721405.0700
1726.0830 24808967227.3234
1726.1942 99215958.1022
1726.3054 24800177055.2367
1726.4166 24822104446.7960
1726.5278 99536707.6960
1726.6389 24812253406.8236
1726.7501 24832948237.2438
1726.8613 99671621.1290
1726.9725 24824174094.6421
1727.0837 24821939082.6555
1727.1949 99416315.8124
1727.3061 24822606477.5048
1727.4173 24815210621.8781
1727.5284 99320206.3460
1727.6396 24802941935.3833
1727.7508 24821115260.2527
1727.8620 98892589.3791
1727.9732 24806162517.6066
1728.0844 24823268108.6264
1728.1956 99302490.9917
1728.3068 24804232571.2980
1728.4180 24796522889.5339
1728.5291 99972664.4180
1728.6403 24805292781.1852
1728.7515 24809891970.7817
1728.8627 98897417.0553
1728.9739 24806348971.6478
1729.0851 24806819857.8904
1729.1963 98973278.3827
1729.3075 24803947772.3600
1729.4186 24800749704.8238
1729.5298 99065503.4899
1729.6410 24804808783.1762
1729.7522 24811985746.3678
1729.8634 99168566.1240
1729.9746 24816680356.0436
1730.0858 24801205288.1118
1730.1970 98950702.7373
1730.3081 24813109594.5463
1730.4193 24795335243.5290
1730.5305 99116884.4093
1730.6417 24815344476.3709
1730.7529 24793888767.0110
1730.8641 99512533.6387
1730.9753 24783633315.4718
1731.0865 24798082427.3048
1731.1977 99130709.2522
1731.3088 24803349825.2596
1731.4200 24797787105.6925
1731.5312 99253022.3598
1731.6424 24803589434.6164
1731.7536 24803081517.1643
1731.8648 99041117.7992
1731.9760 24785830093.4383
1732.0872 24804820373.6916
1732.1983 99280466.0684
1732.3095 24807735614.6558
1732.4207 24790310509.3999
1732.5319 98501399.4882
1732.6431 24789661464.1568
1732.7543 24787984185.4474
1732.8655 99376502.1366
1732.9767 24788452769.8651
1733.0879 24786400222.3532
1733.1990 98713435.5598
1733.3102 24774982098.8480
1733.4214 24780949694.9325
1733.5326 98913679.9616
1733.6438 24769536160.3400
1733.7550 24806422978.7201
1733.8662 99075573.0693
1733.9774 24789481586.9535
1734.0885 24783336645.4136
1734.1997 98758771.2888
1734.3109 24784394007.2247
1734.4221 24778428054.8478
1734.5333 98387833.5646
1734.6445 24789390739.5129
1734.7557 24786534899.4703
1734.8669 98484620.8203
1734.9780 24781252281.8840
1735.0892 24787824194.7678
1735.2004 99358615.2783
1735.3116 24772190893.3628
1735.4228 24779080970.8633
1735.5340 99044118.7041
1735.6452 24781357649.6583
1735.7564 24773308707.0492
1735.8676 99246797.1624
1735.9787 24767864217.1217
1736.0899 24784014345.7821
1736.2011 98679092.4084
1736.3123 24782980507.5504
1736.4235 24782520994.0567
1736.5347 98747755.2133
1736.6459 24790304111.7050
1736.7571 24770673247.5519
1736.8682 99011522.7210
1736.9794 24783722287.7882
1737.0906 24769779458.0289
1737.2018 99854420.9992
1737.3130 24766513698.5765
1737.4242 24776277880.6435
1737.5354 98971865.3928
1737.6466 24762039417.0057
1737.7577 24778794138.7904
1737.8689 99251876.4108
1737.9801 24765036212.2628
1738.0913 24772370321.4831
1738.2025 98942235.3722
1738.3137 24769570247.1383
1738.4249 24786380054.2613
1738.5361 98990622.5457
1738.6473 24775595877.5164
1738.7584 24767133521.1784
1738.8696 98610352.0393
1738.9808 24769861680.5685
1739.0920 24767948959.8678
1739.2032 98918839.3661
1739.3144 24775678470.4564
1739.4256 24773893165.0451
1739.5368 98625689.2241
1739.6479 24758739826.6527
1739.7591 24771863524.5378
1739.8703 99105846.7446
1739.9815 24770225632.2884
1740.0927 24770092986.8540
1740.2039 99076485.7621
1740.3151 24758568881.3470
1740.4263 24777292539.0505
1740.5374 99124340.3633
1740.6486 24768573280.7220
1740.7598 24764012373.9011
1740.8710 99048107.3216
1740.9822 24769209813.6382
1741.0934 24759687898.5231
1741.2046 98931656.4823
1741.3158 24768803897.7887
1741.4270 24750923676.7252
1741.5381 98724939.5488
1741.6493 24754619884.0604
1741.7605 24751891054.0057
1741.8717 99006776.8270
1741.9829 24747888022.0608
1742.0941 24777728170.0448
1742.2053 98916585.0924
1742.3165 24771965233.0127
1742.4276 24763736007.4671
1742.5388 98765538.1986
1742.6500 24747646045.2273
1742.7612 24756580977.2770
1742.8724 98900253.5471
1742.9836 24762202405.1267
1743.0948 24756640705.1889
1743.2060 99057382.4267
1743.3171 24753765309.1224
1743.4283 24763965470.9509
1743.5395 98608499.6639
1743.6507 24754955789.8756
1743.7619 24735580037.7179
1743.8731 98818419.2135
1743.9843 24738176783.7424
1744.0955 24753894877.4233
1744.2067 98908460.0114
1744.3178 24744522850.0936
1744.4290 24758035221.6182
1744.5402 98898275.9496
1744.6514 24740171289.1926
1744.7626 24768768550.5427
1744.8738 99215325.2825
1744.9850 24762521825.6680
1745.0962 24757244604.7929
1745.2073 98542044.5812
1745.3185 24748073639.3268
1745.4297 24743267558.9245
1745.5409 98815093.7345
1745.6521 24749782280.6713
1745.7633 24749022735.6131
1745.8745 98851853.4444
1745.9857 24745781035.7717
1746.0968 24754930349.2714
1746.2080 98735248.4028
1746.3192 24747543125.9149
1746.4304 24745745689.6704
1746.5416 99008236.3552
1746.6528 24761848577.8737
1746.7640 24749126890.2218
1746.8752 99136987.2531
1746.9864 24756581775.9318
1747.0975 24735502740.9741
1747.2087 98596022.6407
1747.3199 24739277968.7699
1747.4311 24739454422.9010
1747.5423 98791486.9968
1747.6535 24744012377.7006
1747.7647 24735189698.9546
1747.8759 98974734.1977
1747.9870 24726559655.3721
1748.0982 24745659465.7534
1748.2094 98706555.5718
1748.3206 24727406015.3901
1748.4318 24749100706.9381
1748.5430 99401410.0476
1748.6542 24743175968.1288
1748.7654 24745836289.8332
1748.8766 99067869.4124
1748.9877 24737768833.9593
1749.0989 24748400020.1893
1749.2101 98709901.5722
1749.3213 24748970955.4480
1749.4325 24734036194.6761
1749.5437 98613884.6471
1749.6549 24749320619.4309
1749.7661 24730495756.0825
1749.8772 98580476.9933
1749.9884 24737621468.7452
1750.0996 24730024742.5062
1750.2108 98947442.2508
1750.3220 24727064042.4512
1750.4332 24727878751.7725
1750.5444 98616803.4401
1750.6556 24733260502.6588
1750.7667 24719148120.9866
1750.8779 99227853.2153
1750.9891 24717536720.9182
1751.1003 24730134528.3072
1751.2115 98356749.4969
1751.3227 24741857675.7943
1751.4339 24711767379.2133
1751.5451 99027188.0204
1751.6563 24726358341.2249
1751.7674 24729733122.6431
1751.8786 98666753.5356
1751.9898 24726814803.8408
1752.1010 24725855810.0534
1752.2122 98355400.7515
1752.3234 24729321831.3523
1752.4346 24716876803.4350
1752.5458 98406667.9279
1752.6569 24720048879.8714
1752.7681 24737430539.6202
1752.8793 98951934.8085
1752.9905 24727178530.3808
1753.1017 24725897770.0241
1753.2129 98680671.2923
1753.3241 24729709994.5739
1753.4353 24724154255.2741
1753.5464 98470382.6152
1753.6576 24721018068.9037
1753.7688 24737242940.7132
1753.8800 98593020.9471
1753.9912 24727927848.2819
1754.1024 24718418055.8642
1754.2136 98576700.4003
1754.3248 24721695483.9684
1754.4360 24719984146.0360
1754.5471 98916547.1173
1754.6583 24721154852.2107
1754.7695 24728779488.4280
1754.8807 99115595.3689
1754.9919 24730117801.9257
1755.1031 24710225676.0095
1755.2143 98817861.1674
1755.3255 24718769253.7193
1755.4366 24720231504.7630
1755.5478 98712429.8932
1755.6590 24717908006.0824
1755.7702 24720168871.0148
1755.8814 98738201.6435
1755.9926 24719222140.2102
1756.1038 24715569211.2893
1756.2150 99222312.2192
1756.3261 24716486781.9382
1756.4373 24705819186.6142
1756.5485 98522459.9733
1756.6597 24724757203.2128
1756.7709 24696958442.9520
1756.8821 99050598.4673
1756.9933 24710419496.2936
1757.1045 24708831073.8053
1757.2157 98953989.9611
1757.3268 24690565674.9705
1757.4380 24717096925.2771
1757.5492 98725137.3960
1757.6604 24710582136.9205
1757.7716 24706715485.3130
1757.8828 98900857.6920
1757.9940 24715069545.4383
1758.1052 24708844550.2887
1758.2163 98225430.7178
1758.3275 24719663935.1812
1758.4387 24693969805.1005
1758.5499 98318921.1089
1758.6611 24694896500.3736
1758.7723 24705952987.7729
1758.8835 98893607.8224
1758.9947 24710245779.4699
1759.1058 24704883170.7311
1759.2170 98590228.2273
1759.3282 24688984470.6532
1759.4394 24720192204.3067
1759.5506 98620483.3401
1759.6618 24704346891.7149
1759.7730 24708611346.9999
1759.8842 98768141.1687
1759.9954 24704623041.0730
1760.1065 24709609102.7140
1760.2177 99022172.5798
1760.3289 24698568870.6756
1760.4401 24712224766.0526
1760.5513 98509876.9600
1760.6625 24688783500.6570
1760.7737 24715104578.5361
1760.8849 98482238.8801
1760.9960 24714785275.5758
1761.1072 24690514381.5481
1761.2184 98492705.2445
1761.3296 24698920521.7582
1761.4408 24704635360.1702
1761.5520 98687486.6762
1761.6632 24695108247.5126
1761.7744 24708154432.5318
1761.8856 98965636.1964
1761.9967 24702833105.3063
1762.1079 24704373151.2083
1762.2191 98851833.9131
1762.3303 24694318447.3111
1762.4415 24690181660.2398
1762.5527 99003887.9377
1762.6639 24695569824.8489
1762.7751 24696124296.5493
1762.8862 98516442.2514
1762.9974 24692999641.0021
1763.1086 24703199918.1775
1763.2198 98319358.6402
1763.3310 24701736724.0007
1763.4422 24701886406.3105
1763.5534 98617172.2971
1763.6646 24701883517.8788
1763.7757 24694689628.4180
1763.8869 98987179.3993
1763.9981 24698483828.3249
1764.1093 24682858422.0141
1764.2205 98776376.9249
1764.3317 24689306251.3272
1764.4429 24682773675.7704
1764.5541 98777127.9457
1764.6653 24679817527.5270
1764.7764 24707284164.0221
1764.8876 99082141.7838
1764.9988 24700946561.3875
1765.1100 24676714022.9846
1765.2212 98817468.9201
1765.3324 24674949813.7685
1765.4436 24695558348.6627
1765.5548 98820612.7792
1765.6659 24685102666.3551
1765.7771 24702132668.6818
1765.8883 98655527.2808
1765.9995 24690395871.8508
1766.1107 24691881507.4433
1766.2219 98881896.2674
1766.3331 24690656182.4815
1766.4443 24693815009.2364
1766.5554 98311619.2232
1766.6666 24691102512.0587
1766.7778 24684803781.2152
1766.8890 97813424.0839
1767.0002 24690584199.8603
1767.1114 24680186248.9210
1767.2226 98386441.1604
1767.3338 24681044320.5107
1767.4450 24687040504.7504
1767.5561 98322349.5416
1767.6673 24680003298.0680
1767.7785 24675121813.9327
1767.8897 98456450.2183
1768.0009 24686876709.3008
1768.1121 24682643692.1596
1768.2233 98633958.0189
1768.3345 24673899797.9967
1768.4456 24687211209.6581
1768.5568 98863434.7918
1768.6680 24669834524.0492
1768.7792 24676423234.1739
1768.8904 98440845.3941
1769.0016 24691283715.5055
1769.1128 24668736417.7902
1769.2240 98455333.0210
1769.3351 24674749321.6890
1769.4463 24674800129.9158
1769.5575 99059787.9957
1769.6687 24674152478.4572
1769.7799 24688539971.0636
1769.8911 98685486.5916
1770.0023 24693333629.4177
1770.1135 24673914497.9791
1770.2247 98889237.3291
1770.3358 24692055458.6579
1770.4470 24660431445.9358
1770.5582 98704188.3018
1770.6694 24679969273.2631
1770.7806 24662531549.7169
1770.8918 98269008.8491
1771.0030 24673515180.0624
1771.1142 24671835988.7980
1771.2253 98600420.3992
1771.3365 24674384730.8588
1771.4477 24679597702.9833
1771.5589 98491189.6399
1771.6701 24674434705.9877
1771.7813 24667396483.0253
1771.8925 98634745.6046
1772.0037 24681719776.4809
1772.1148 24667508259.2035
1772.2260 99135569.8193
1772.3372 24648977529.4215
1772.4484 24665222135.3510
1772.5596 97971723.2789
1772.6708 24685256240.6493
1772.7820 24651101670.0141
1772.8932 98759838.7014
1773.0044 24672866162.8177
1773.1155 24647757237.8707
1773.2267 98117857.8111
1773.3379 24652016496.9558
1773.4491 24662279588.5378
1773.5603 98548846.9082
1773.6715 24673396620.5465
1773.7827 24645802141.2989
1773.8939 98358456.2521
1774.0050 24646408927.3130
1774.1162 24672294791.2199
1774.2274 98524954.6359
1774.3386 24650973437.9331
1774.4498 24660746406.6446
1774.5610 98306718.8322
1774.6722 24662541355.0381
1774.7834 24665957677.3793
1774.8946 98525899.1134
1775.0057 24652297758.8265
1775.1169 24669156299.7007
1775.2281 98123128.3976
1775.3393 24653748578.3296
1775.4505 24660440638.9298
1775.5617 98316723.3507
1775.6729 24668103907.6165
1775.7841 24659267999.6620
1775.8952 98527738.9660
1776.0064 24667322115.8138
1776.1176 24638620657.4389
1776.2288 98191842.8043
1776.3400 24653944185.3624
1776.4512 24650705727.4980
1776.5624 98466441.2251
1776.6736 24666706934.8302
1776.7847 24648456761.9817
1776.8959 98991861.2857
1777.0071 24657266372.2291
1777.1183 24653974524.5554
1777.2295 98147848.9573
1777.3407 24646570509.6158
1777.4519 24657899766.0327
1777.5631 98564339.0860
1777.6743 24643867292.4324
1777.7854 24654095843.8577
1777.8966 98649473.2745
1778.0078 24651475141.9280
1778.1190 24649403948.3026
1778.2302 98894389.5569
1778.3414 24652833840.1675
1778.4526 24642883665.7783
1778.5638 98671301.2791
1778.6749 24652693400.4213
1778.7861 24642768915.1241
1778.8973 98511966.0090
1779.0085 24645814567.0905
1779.1197 24640194163.4209
1779.2309 98369792.9620
1779.3421 24645218836.9983
1779.4533 24640963760.9298
1779.5644 98236163.7279
1779.6756 24656721283.9541
1779.7868 24632636757.2781
1779.8980 98471023.3137
1780.0092 24648448231.2404
1780.1204 24648668257.3076
1780.2316 98198382.1713
1780.3428 24646839465.8984
1780.4540 24636677742.4116
1780.5651 98565046.7278
1780.6763 24645648368.5188
1780.7875 24632891096.5372
1780.8987 97761738.2030
1781.0099 24639102529.2559
1781.1211 24635348360.2413
1781.2323 98594774.8796
1781.3435 24635167995.4241
1781.4546 24633325325.3920
1781.5658 97943619.8637
1781.6770 24638090927.3256
1781.7882 24656216292.8101
1781.8994 98340385.6077
1782.0106 24648217933.9891
1782.1218 24625563762.2811
1782.2330 97871496.9113
1782.3441 24633391291.9261
1782.4553 24637736216.4286
1782.5665 97874291.9183
1782.6777 24619980108.5769
1782.7889 24649499536.2914
1782.9001 98014797.3928
1783.0113 24623562187.1535
1783.1225 24635548622.2372
1783.2337 98749209.1422
1783.3448 24645038900.8009
1783.4560 24639094761.5720
1783.5672 97916156.1259
1783.6784 24629974156.9066
1783.7896 24629445851.9335
1783.9008 98215060.2901
1784.0120 24637859545.3827
1784.1232 24637637794.4676
1784.2343 98355396.9516
1784.3455 24626853744.4463
1784.4567 24622846132.4439
1784.5679 98647749.8867
1784.6791 24628637923.0510
1784.7903 24630141143.0969
1784.9015 98832787.0640
1785.0127 24631739631.7486
1785.1238 24627473421.6419
1785.2350 98477523.2025
1785.3462 24628213936.2799
1785.4574 24617382152.9415
1785.5686 97977189.9750
1785.6798 24623148107.9842
1785.7910 24625602745.0932
1785.9022 98124762.0732
1786.0134 24619690974.8334
1786.1245 24622786922.8073
1786.2357 98034546.4489
1786.3469 24629661568.4702
1786.4581 24629569284.6558
1786.5693 98439826.9175
1786.6805 24618397835.2348
1786.7917 24634457381.1291
1786.9029 98156917.0908
1787.0140 24632809714.9058
1787.1252 24631015398.3555
1787.2364 98304173.1638
1787.3476 24633129008.5146
1787.4588 24606359313.3580
1787.5700 98323795.7383
1787.6812 24615664106.3886
1787.7924 24611700850.2341
1787.9035 98807645.1082
1788.0147 24607302198.8868
1788.1259 24615683415.2655
1788.2371 98863410.6894
1788.3483 24600734914.7870
1788.4595 24625748906.7437
1788.5707 97829131.9563
1788.6819 24615857369.6634
1788.7931 24626068726.6442
1788.9042 98171609.4205
1789.0154 24609936870.5070
1789.1266 24612013572.7730
1789.2378 98269961.9163
1789.3490 24609904872.7862
1789.4602 24618402965.9720
1789.5714 98612758.9681
1789.6826 24621016591.2299
1789.7937 24612551083.6941
1789.9049 98192523.5429
1790.0161 24613665825.7238
1790.1273 24607296690.0688
1790.2385 98582769.1799
1790.3497 24617650995.8320
1790.4609 24603293987.8121
1790.5721 98120319.5933
1790.6833 24611893211.8049
1790.7944 24594828674.8978
1790.9056 98120734.7282
1791.0168 24603055350.7319
1791.1280 24603159917.8912
1791.2392 98586058.8143
1791.3504 24609061459.1553
1791.4616 24614865702.6121
1791.5728 98333380.3337
1791.6839 24619898366.6070
1791.7951 24610657955.0132
1791.9063 98568961.2622
1792.0175 24618469069.5079
1792.1287 24597980086.8877
1792.2399 98366624.9475
1792.3511 24625009051.5002
1792.4623 24588623627.7196
1792.5734 98146737.2127
1792.6846 24596615753.2846
1792.7958 24613568391.4354
1792.9070 97528114.0305
1793.0182 24606682272.3624
1793.1294 24604795558.5648
1793.2406 98321769.7780
1793.3518 24604275822.5035
1793.4630 24606163613.3559
1793.5741 98519920.7173
1793.6853 24599012475.0725
1793.7965 24589040779.4886
1793.9077 98134424.5654
1794.0189 24597624404.5069
1794.1301 24592587707.8361
1794.2413 98445971.5613
1794.3525 24589655074.4579
1794.4636 24600576063.6040
1794.5748 98612805.0603
1794.6860 24604467746.6818
1794.7972 24597451122.8840
1794.9084 97991714.5101
1795.0196 24591773207.5073
1795.1308 24594524733.9233
1795.2420 98604008.4060
1795.3531 24588767941.1473
1795.4643 24603060498.5922
1795.5755 98151704.9971
1795.6867 24601610134.1955
1795.7979 24602997842.6256
1795.9091 98409901.8267
1796.0203 24612232221.8584
1796.1315 24597620386.2706
1796.2427 98321319.4446
1796.3538 24588271131.5446
1796.4650 24599960943.0553
1796.5762 97986682.6232
1796.6874 24591241907.8253
1796.7986 24593761603.1108
1796.9098 97973270.9454
1797.0210 24601913681.5056
1797.1322 24591221431.9008
1797.2433 97920843.9346
1797.3545 24578200888.1654
1797.4657 24590133359.7055
1797.5769 98323896.3421
1797.6881 24577561416.1598
1797.7993 24599584006.8691
1797.9105 98246988.5711
1798.0217 24591984656.5857
1798.1328 24579874301.9739
1798.2440 97865523.9752
1798.3552 24580830704.5801
1798.4664 24587143939.8281
1798.5776 98451941.6887
1798.6888 24562199071.4985
1798.8000 24605270881.0204
1798.9112 98447018.0772
1799.0224 24591854228.2996
1799.1335 24576556465.7684
1799.2447 97991362.0751
1799.3559 24581425820.1941
1799.4671 24587789023.9732
1799.5783 98532679.5089
1799.6895 24579170883.0269
1799.8007 24583211943.2205
1799.9119 98179902.5015
1800.0230 24577297838.1075
1800.1342 24576871945.3887
1800.2454 97759452.5125
1800.3566 24578740632.0757
1800.4678 24581371560.1960
1800.5790 98747693.2628
1800.6902 24575961242.3789
1800.8014 24590221314.9322
1800.9125 98006141.1060
1801.0237 24589355676.7656
1801.1349 24578045720.6180
1801.2461 98537593.1549
1801.3573 24576540727.2240
1801.4685 24565764767.7631
1801.5797 98297661.6175
1801.6909 24567350296.7875
1801.8021 24581017957.9325
1801.9132 97997932.5048
1802.0244 24580647688.4700
1802.1356 24566803570.0304
1802.2468 98006668.3776
1802.3580 24565226124.4550
1802.4692 24579392770.1750
1802.5804 98430674.6783
1802.6916 24570348039.2929
1802.8027 24576943046.8838
1802.9139 98426648.4654
1803.0251 24567519140.8273
1803.1363 24568633202.3472
1803.2475 98174775.3641
1803.3587 24569285626.8593
1803.4699 24577087653.5069
1803.5811 98481284.8368
1803.6923 24572545016.7631
1803.8034 24574296674.0949
1803.9146 97670172.0787
1804.0258 24574458396.8421
1804.1370 24573716255.8309
1804.2482 98074457.5575
1804.3594 24562024413.6569
1804.4706 24577155866.7711
1804.5818 98344222.8351
1804.6929 24572649538.2116
1804.8041 24561244054.9214
1804.9153 97913034.4295
1805.0265 24566443259.0104
1805.1377 24562905167.6267
1805.2489 98407467.8610
1805.3601 24576654548.2068
1805.4713 24568804210.0032
1805.5824 97832657.0990
1805.6936 24576852347.4956
1805.8048 24558385363.8801
1805.9160 98104734.3328
1806.0272 24557040581.6363
1806.1384 24579728413.3662
1806.2496 98001596.4011
1806.3608 24557306554.1297
1806.4720 24570789602.1256
1806.5831 98274722.7493
1806.6943 24566580355.1013
1806.8055 24572040566.1405
1806.9167 98036261.9514
1807.0279 24556158384.1342
1807.1391 24566280696.0245
1807.2503 98105726.9444
1807.3615 24566717137.6614
1807.4726 24565969163.5118
1807.5838 98225636.6945
1807.6950 24561220673.0742
1807.8062 24552834190.0458
1807.9174 97964650.4890
1808.0286 24558020267.4774
1808.1398 24566952847.2083
1808.2510 98024046.2724
1808.3621 24570262979.3456
1808.4733 24552413899.8057
1808.5845 97281729.0589
1808.6957 24555917690.4132
1808.8069 24571391720.7928
1808.9181 98285734.8742
1809.0293 24559788749.2087
1809.1405 24557775610.0530
1809.2517 98162708.1428
1809.3628 24557555719.7320
1809.4740 24553875493.5476
1809.5852 97871904.0094
1809.6964 24552925767.9242
1809.8076 24556420316.0172
1809.9188 97659464.6613
1810.0300 24562404489.1349
1810.1412 24553381915.6750
1810.2523 98078151.9617
1810.3635 24562921030.7197
1810.4747 24551126743.2519
1810.5859 97843342.1938
1810.6971 24552184748.1960
1810.8083 24545753762.3035
1810.9195 97447699.8099
1811.0307 24544812249.2943
1811.1418 24556714128.4993
1811.2530 97804027.5578
1811.3642 24547568539.3512
1811.4754 24556218153.8808
1811.5866 97858547.7888
1811.6978 24531762656.7708
1811.8090 24549816972.3320
1811.9202 98275362.6038
1812.0314 24551189711.7492
1812.1425 24546167045.9154
1812.2537 97801932.0824
1812.3649 24545023503.3704
1812.4761 24533722015.8527
1812.5873 98096594.0840
1812.6985 24540277011.8925
1812.8097 24564580829.4432
1812.9209 98198677.4439
1813.0320 24543852952.3703
1813.1432 24538518707.5991
1813.2544 98073289.1606
1813.3656 24525008088.3724
1813.4768 24557459493.0041
1813.5880 98067949.8196
1813.6992 24537854122.4446
1813.8104 24540232987.1363
1813.9215 97912200.6563
1814.0327 24540308162.5321
1814.1439 24553518744.2641
1814.2551 98009062.8792
1814.3663 24545271888.5735
1814.4775 24542979213.9743
1814.5887 98373350.7884
1814.6999 24546212113.2258
1814.8111 24545885209.0612
1814.9222 97542794.8282
1815.0334 24531960444.5897
1815.1446 24542256612.1298
1815.2558 97895135.5139
1815.3670 24520059571.4634
1815.4782 24544509233.3400
1815.5894 97943867.9982
1815.7006 24542640257.9792
1815.8117 24546046415.0187
1815.9229 97989866.8497
1816.0341 24538347509.0345
1816.1453 24542762754.5297
1816.2565 98101925.5121
1816.3677 24543158665.1281
1816.4789 24538307426.9180
1816.5901 97813482.6891
1816.7013 24533941194.8391
1816.8124 24522792738.2744
1816.9236 98143333.2787
1817.0348 24542332529.5696
1817.1460 24523916759.5922
1817.2572 98190136.6039
1817.3684 24527069623.2191
1817.4796 24535902238.7956
1817.5908 98233666.8738
1817.7019 24535088257.2782
1817.8131 24530864376.2565
1817.9243 97666430.3249
1818.0355 24524889041.8799
1818.1467 24524559151.2850
1818.2579 98534590.0090
1818.3691 24529419848.7979
1818.4803 24530475576.8836
1818.5914 97394327.7791
1818.7026 24517059006.7210
1818.8138 24528013568.1510
1818.9250 97605890.0285
1819.0362 24511957865.7752
1819.1474 24529718721.4607
1819.2586 97826338.7171
1819.3698 24533509056.9692
1819.4810 24526701826.4347
1819.5921 98132143.1326
1819.7033 24528341211.5290
1819.8145 24519041493.4143
1819.9257 98060239.4111
1820.0369 24516395661.0408
1820.1481 24520139947.1672
1820.2593 97759080.0862
1820.3705 24521792162.1514
1820.4816 24525085970.8352
1820.5928 97656459.6990
1820.7040 24532056841.3535
1820.8152 24519630792.8392
1820.9264 98114496.0280
1821.0376 24527048586.6213
1821.1488 24516903007.7537
1821.2600 97951997.8315
1821.3711 24526097731.4744
1821.4823 24521658473.8370
1821.5935 98139267.3825
1821.7047 24513016750.6455
1821.8159 24523683584.9612
1821.9271 98078596.6495
1822.0383 24500141674.3584
1822.1495 24524444737.9401
1822.2607 98325722.9844
1822.3718 24504145163.3221
1822.4830 24522037312.5123
1822.5942 97938316.5420
1822.7054 24516443531.2589
1822.8166 24520977607.6166
1822.9278 97645238.7669
1823.0390 24521217357.0670
1823.1502 24509782909.7976
1823.2613 97807612.3746
1823.3725 24511129223.7787
1823.4837 24516040103.2672
1823.5949 97652905.7488
1823.7061 24502941798.3310
1823.8173 24525628119.7087
1823.9285 97438548.5761
1824.0397 24512887957.6599
1824.1508 24511260551.6573
1824.2620 97836166.9909
1824.3732 24524528873.8905
1824.4844 24499191256.4456
1824.5956 98312077.1286
1824.7068 24503855454.2897
1824.8180 24517044667.9613
1824.9292 97714761.1834
1825.0404 24508500824.8095
1825.1515 24502172937.9996
1825.2627 97985287.4906
1825.3739 24507353923.1056
1825.4851 24505193901.4461
1825.5963 97383668.4982
1825.7075 24512978264.6774
1825.8187 24506911898.1606
1825.9299 98139334.5582
1826.0410 24504283804.8360
1826.1522 24501833888.1108
1826.2634 97810034.1572
1826.3746 24513164402.8315
1826.4858 24483575224.3045
1826.5970 98002498.2689
1826.7082 24500648581.0019
1826.8194 24507901856.3087
1826.9305 97857180.1697
1827.0417 24510285438.5447
1827.1529 24493343251.5120
1827.2641 97536523.2193
1827.3753 24490071221.4849
1827.4865 24493937159.1386
1827.5977 97717587.3605
1827.7089 24498716518.0046
1827.8201 24519310735.3158
1827.9312 98067595.7379
1828.0424 24502626547.8509
1828.1536 24485217578.0715
1828.2648 97786586.8147
1828.3760 24498457319.9424
1828.4872 24485591141.0857
1828.5984 98021322.8261
1828.7096 24493417896.4056
1828.8207 24501820093.4240
1828.9319 98048764.5693
1829.0431 24488605663.0198
1829.1543 24498083689.4918
1829.2655 98654605.1524
1829.3767 24492636986.8446
1829.4879 24503408706.3029
1829.5991 97761991.4665
1829.7102 24492392176.0698
1829.8214 24500508465.4969
1829.9326 97850431.1700
1830.0438 24489588398.2098
1830.1550 24507206952.9308
1830.2662 97822082.8540
1830.3774 24490794700.1122
1830.4886 24492734404.2158
1830.5998 97653555.6108
1830.7109 24497456717.7520
1830.8221 24493598184.9327
1830.9333 97991582.5951
1831.0445 24482521243.8771
1831.1557 24502202655.3225
1831.2669 98146862.6517
1831.3781 24489721823.8468
1831.4893 24494983851.2411
1831.6004 97313352.0765
1831.7116 24495299076.4940
1831.8228 24487205100.9243
1831.9340 98440205.8474
1832.0452 24470982131.9115
1832.1564 24497038877.5885
1832.2676 97793324.2140
1832.3788 24475074582.8787
1832.4900 24501874418.4447
1832.6011 97477475.7639
1832.7123 24487323467.8041
1832.8235 24499736895.2799
1832.9347 97759781.5998
1833.0459 24496224893.7798
1833.1571 24491003655.8688
1833.2683 97726741.1476
1833.3795 24475972486.5768
1833.4906 24488007206.4913
1833.6018 97322794.1463
1833.7130 24486079137.4043
1833.8242 24489492939.0880
1833.9354 98053722.8483
1834.0466 24488593968.2577
1834.1578 24484817545.7835
1834.2690 97841481.7868
1834.3801 24475775442.5696
1834.4913 24486993372.1155
1834.6025 97821675.9440
1834.7137 24486689786.0607
1834.8249 24474085189.6321
1834.9361 97975932.5957
1835.0473 24482447308.7273
1835.1585 24474862447.3091
1835.2697 97875887.9872
1835.3808 24474697892.8031
1835.4920 24485959588.1861
1835.6032 97599607.8557
1835.7144 24469646055.1561
1835.8256 24482612652.8107
1835.9368 97860520.9645
1836.0480 24469488916.1608
1836.1592 24491255483.6140
1836.2703 97747120.2268
1836.3815 24468504567.5228
1836.4927 24474366894.5198
1836.6039 97429303.6562
1836.7151 24484359740.5083
1836.8263 24480960107.8679
1836.9375 97488402.6059
1837.0487 24475223668.4982
1837.1598 24477046822.7023
1837.2710 97615664.3380
1837.3822 24482899963.1694
1837.4934 24477025730.3995
1837.6046 97757497.6515
1837.7158 24473166157.2812
1837.8270 24468943220.2159
1837.9382 97734048.7550
1838.0494 24459065891.4936
1838.1605 24474597263.8081
1838.2717 97689862.3472
1838.3829 24463863100.4628
1838.4941 24479020314.3426
1838.6053 98216225.4259
1838.7165 24459988645.2509
1838.8277 24473763827.8366
1838.9389 97459030.7121
1839.0500 24484593992.1847
1839.1612 24462150688.7873
1839.2724 97883197.4434
1839.3836 24475360344.1974
1839.4948 24470709416.2158
1839.6060 97692373.4889
1839.7172 24467278233.3493
1839.8284 24468989465.8531
1839.9395 97855988.7094
1840.0507 24475184853.5425
1840.1619 24469795021.6473
1840.2731 97514157.4911
1840.3843 24462824135.1925
1840.4955 24473137824.8186
1840.6067 97591322.6217
1840.7179 24456383470.1690
1840.8291 24469379217.0261
1840.9402 97417010.5278
1841.0514 24454179047.3131
1841.1626 24464921390.9258
1841.2738 97614115.9730
1841.3850 24461813270.2583
1841.4962 24464455793.9052
1841.6074 97775643.4356
1841.7186 24470157827.8206
1841.8297 24465173305.2024
1841.9409 97698941.0007
1842.0521 24447710389.2447
1842.1633 24460271855.4981
1842.2745 97552095.7200
1842.3857 24449128376.6546
1842.4969 24475370647.7784
1842.6081 97275402.4909
1842.7192 24457852359.1195
1842.8304 24455575097.8344
1842.9416 97811914.9683
1843.0528 24458677652.4262
1843.1640 24468602329.6867
1843.2752 97292230.3270
1843.3864 24451212920.0952
1843.4976 24456634083.8821
1843.6088 97562134.1051
1843.7199 24453823775.5043
1843.8311 24454659501.9986
1843.9423 97655011.9742
1844.0535 24442727101.4487
1844.1647 24464640300.8509
1844.2759 97573882.7824
1844.3871 24453067522.2589
1844.4983 24466070206.8980
1844.6094 97581890.7037
1844.7206 24465011046.0146
1844.8318 24460073533.8952
1844.9430 97822961.9588
1845.0542 24467155623.2329
1845.1654 24441357001.6942
1845.2766 97346735.2813
1845.3878 24437411589.5141
1845.4990 24458394257.1888
1845.6101 97545312.7972
1845.7213 24445897624.6400
1845.8325 24460168874.9321
1845.9437 98249495.3955
1846.0549 24466556756.0599
1846.1661 24443393601.9202
1846.2773 97512438.4786
1846.3885 24459775945.2283
1846.4996 24445328581.4334
1846.6108 97675332.3668
1846.7220 24453266197.5527
1846.8332 24442892542.0142
1846.9444 98093379.2601
1847.0556 24457861047.2148
1847.1668 24446955399.7336
1847.2780 97600412.2665
1847.3891 24455201821.1465
1847.5003 24438436996.4104
1847.6115 97395780.6571
1847.7227 24436631401.0536
1847.8339 24452821411.7093
1847.9451 97423887.0625
1848.0563 24437580837.2784
1848.1675 24452438536.8860
1848.2787 97666742.4330
1848.3898 24444042786.5844
1848.5010 24447930811.4767
1848.6122 97069375.7753
1848.7234 24440629323.1126
1848.8346 24439494614.7728
1848.9458 97936636.2062
1849.0570 24438996802.2210
1849.1682 24454811952.2946
1849.2793 97234581.9263
1849.3905 24447755209.6932
1849.5017 24430932500.9654
1849.6129 97246823.5947
1849.7241 24430833914.6677
1849.8353 24436833119.5632
1849.9465 97066171.2992
1850.0577 24441159231.4222
1850.1688 24445087535.7505
1850.2800 96950814.2736
1850.3912 24434422274.4645
1850.5024 24447077937.4705
1850.6136 97160804.7914
1850.7248 24442446342.9776
1850.8360 24433655877.6218
1850.9472 97678119.3356
1851.0584 24432461345.1858
1851.1695 24429908568.6797
1851.2807 97720457.3017
1851.3919 24435038115.4850
1851.5031 24439611346.5458
1851.6143 97728302.2715
1851.7255 24445822597.6036
1851.8367 24433472483.0576
1851.9479 97346899.4565
1852.0590 24426033919.4260
1852.1702 24436506104.8578
1852.2814 97365973.6644
1852.3926 24439258836.3158
1852.5038 24419232063.0576
1852.6150 97241675.3715
1852.7262 24434013941.6926
1852.8374 24432082115.2557
1852.9485 97562684.8445
1853.0597 24439697681.8568
1853.1709 24432983401.2853
1853.2821 97780248.8529
1853.3933 24428960423.1451
1853.5045 24439322009.4839
1853.6157 97679144.6275
1853.7269 24429299917.1765
1853.8381 24430112098.6530
1853.9492 97940414.3608
1854.0604 24441991287.8123
1854.1716 24429299869.1941
1854.2828 97671778.5304
1854.3940 24437842950.7013
1854.5052 24422871675.3961
1854.6164 97415599.1094
1854.7276 24418040062.9511
1854.8387 24425022702.1615
1854.9499 97363057.0928
1855.0611 24426173219.0975
1855.1723 24422368160.5046
1855.2835 97467192.4743
1855.3947 24418561223.1384
1855.5059 24428219156.0054
1855.6171 97663441.5869
1855.7282 24415775599.1275
1855.8394 24434182740.3500
1855.9506 97698220.8056
1856.0618 24423167243.6742
1856.1730 24423551143.8728
1856.2842 97398581.5041
1856.3954 24417026623.0201
1856.5066 24429869707.0954
1856.6178 97732031.9872
1856.7289 24415880193.6992
1856.8401 24420505562.8460
1856.9513 97479560.2166
1857.0625 24428764454.1568
1857.1737 24421483495.4431
1857.2849 97769863.0503
1857.3961 24421883931.9374
1857.5073 24427690197.2611
1857.6184 96888217.2670
1857.7296 24420482160.2620
1857.8408 24418893811.2064
1857.9520 97649603.4038
1858.0632 24418143713.3197
1858.1744 24417115260.9741
1858.2856 97277779.9067
1858.3968 24413524164.7675
1858.5080 24417871206.8684
1858.6191 97600500.7711
1858.7303 24428332906.7425
1858.8415 24415754638.1367
1858.9527 97153668.6917
1859.0639 24407234612.0424
1859.1751 24406268712.4536
1859.2863 97535186.7728
1859.3975 24404238258.5229
1859.5086 24414188926.4960
1859.6198 97765145.1980
1859.7310 24413284377.5894
1859.8422 24423418427.7316
1859.9534 97642446.8743
1860.0646 24427586378.7073
1860.1758 24402190849.7311
1860.2870 97905054.3982
1860.3981 24406983781.8484
1860.5093 24416023054.0433
1860.6205 97277838.8914
1860.7317 24407761582.9515
1860.8429 24416635749.7747
1860.9541 97553863.7910
1861.0653 24410094570.6824
1861.1765 24406753715.8063
1861.2877 97887951.2645
1861.3988 24403050406.0634
1861.5100 24408575740.6433
1861.6212 97672287.3228
1861.7324 24410405124.6983
1861.8436 24417366355.2682
1861.9548 97418467.9172
1862.0660 24402916291.6432
1862.1772 24411541363.4642
1862.2883 97525616.7846
1862.3995 24414718322.7771
1862.5107 24399225898.0619
1862.6219 97701858.7016
1862.7331 24409186465.9884
1862.8443 24399907478.5164
1862.9555 97603790.4991
1863.0667 24418744015.3142
1863.1778 24399917024.0514
1863.2890 97508401.4422
1863.4002 24396172202.2733
1863.5114 24405697777.0511
1863.6226 97622591.6829
1863.7338 24407176869.6720
1863.8450 24389767652.0778
1863.9562 97494209.2219
1864.0674 24376850655.3657
1864.1785 24416253943.6650
1864.2897 97248753.3275
1864.4009 24388503577.2262
1864.5121 24405328640.0451
1864.6233 97863375.3563
1864.7345 24390437894.8804
1864.8457 24412679916.3622
1864.9569 97760349.4906
1865.0680 24397084388.3589
1865.1792 24411276125.7316
1865.2904 97717670.7386
1865.4016 24400660456.9353
1865.5128 24390171665.3036
1865.6240 97445357.2863
1865.7352 24388100248.8510
1865.8464 24403819445.9072
1865.9575 97535569.0066
1866.0687 24397859054.1787
1866.1799 24411679739.0135
1866.2911 97261389.5313
1866.4023 24397066209.9417
1866.5135 24404373566.3989
1866.6247 97622204.5116
1866.7359 24393363982.3574
1866.8471 24398875677.8396
1866.9582 96997867.2979
1867.0694 24396792217.3466
1867.1806 24383450564.8355
1867.2918 97441926.3176
1867.4030 24397341354.3799
1867.5142 24390276815.7800
1867.6254 97602598.7215
1867.7366 24393424078.0136
1867.8477 24385906142.0122
1867.9589 97325390.1074
1868.0701 24392417045.7425
1868.1813 24376734602.8219
1868.2925 96741806.0992
1868.4037 24383510231.8277
1868.5149 24398182862.4095
1868.6261 97525483.1146
1868.7372 24386147106.9260
1868.8484 24390994316.9603
1868.9596 97065008.6932
1869.0708 24373413720.7223
1869.1820 24385820207.6158
1869.2932 97174187.2920
1869.4044 24386577802.2298
1869.5156 24396021622.3841
1869.6268 97518474.3299
1869.7379 24383707147.3893
1869.8491 24385503263.4701
1869.9603 97609784.3718
1870.0715 24377033100.1193
1870.1827 24386418048.8684
1870.2939 97657771.0247
1870.4051 24376028403.8124
1870.5163 24382966930.4413
1870.6274 97326410.3793
1870.7386 24379327187.2575
1870.8498 24381181997.6272
1870.9610 97153334.5677
1871.0722 24387049147.0661
1871.1834 24383554538.4631
1871.2946 97888941.6690
1871.4058 24372474755.2608
1871.5169 24392417035.1394
1871.6281 97067626.8578
1871.7393 24390656533.5306
1871.8505 24386653283.0436
1871.9617 97064620.2150
1872.0729 24386423820.0817
1872.1841 24383220945.2507
1872.2953 97401412.3550
1872.4065 24380731391.7436
1872.5176 24375640571.4061
1872.6288 97301280.3827
1872.7400 24377159317.9016
1872.8512 24379311995.0002
1872.9624 97981857.4228
1873.0736 24383856292.7874
1873.1848 24377543839.2619
1873.2960 96999576.2587
1873.4071 24376983187.7469
1873.5183 24367283270.4912
1873.6295 97704614.0435
1873.7407 24378424775.8089
1873.8519 24369337231.0405
1873.9631 96954329.9196
1874.0743 24377182804.6754
1874.1855 24367366401.3271
1874.2967 97476234.0895
1874.4078 24371709674.5160
1874.5190 24370992457.3436
1874.6302 97445898.4024
1874.7414 24368295137.2710
1874.8526 24391955642.0412
1874.9638 97822678.2169
1875.0750 24370811111.4009
1875.1862 24368288765.8766
1875.2973 97244646.0184
1875.4085 24383282532.2605
1875.5197 24364617963.5350
1875.6309 97421641.2454
1875.7421 24370493275.8598
1875.8533 24369627433.4172
1875.9645 97409066.1255
1876.0757 24350643491.8085
1876.1868 24364059938.1837
1876.2980 97481649.7522
1876.4092 24372392564.6547
1876.5204 24372628323.0137
1876.6316 97201416.9057
1876.7428 24372283014.5615
1876.8540 24366363983.4626
1876.9652 96840760.8157
1877.0764 24365379884.3917
1877.1875 24352455157.0328
1877.2987 97173058.3243
1877.4099 24360399275.5094
1877.5211 24365166192.8195
1877.6323 97343850.0032
1877.7435 24373086267.7212
1877.8547 24358169772.9654
1877.9659 97415232.2195
1878.0770 24359265040.6666
1878.1882 24377647245.1716
1878.2994 96767025.3869
1878.4106 24365907455.4385
1878.5218 24367630802.9857
1878.6330 97471185.9865
1878.7442 24353107953.1302
1878.8554 24370908756.1802
1878.9665 96857813.0907
1879.0777 24367288840.3652
1879.1889 24354503111.0375
1879.3001 97887408.2057
1879.4113 24347764000.1850
1879.5225 24367108373.7447
1879.6337 97360772.7222
1879.7449 24356674399.0245
1879.8561 24361298111.0100
1879.9672 97550441.7067
1880.0784 24363434437.5329
1880.1896 24362878541.1037
1880.3008 97307029.8783
1880.4120 24345421197.4256
1880.5232 24363322621.1393
1880.6344 97316740.5633
1880.7456 24362700098.5569
1880.8567 24363739636.3437
1880.9679 96880346.9454
1881.0791 24360136938.5661
1881.1903 24347998586.2654
1881.3015 97161514.1516
1881.4127 24344811149.6509
1881.5239 24367126946.9927
1881.6351 97865529.8384
1881.7462 24372619720.3754
1881.8574 24343363429.0004
1881.9686 97443365.1837
1882.0798 24358835755.8719
1882.1910 24347026585.7537
1882.3022 97119964.9820
1882.4134 24376679716.9964
1882.5246 24345742377.6588
1882.6358 97012897.6360
1882.7469 24363281924.0186
1882.8581 24349437571.2861
1882.9693 97321125.8528
1883.0805 24347654621.0003
1883.1917 24351041552.4726
1883.3029 97449792.6273
1883.4141 24348015080.8968
1883.5253 24348484788.7646
1883.6364 97454748.1076
1883.7476 24350259538.7270
1883.8588 24347921520.4567
1883.9700 97283644.1479
1884.0812 24359487544.4110
1884.1924 24345088469.6573
1884.3036 97506945.7548
1884.4148 24335543922.9611
1884.5259 24340823453.7504
1884.6371 97378003.6091
1884.7483 24338411350.0131
1884.8595 24342297308.1281
1884.9707 97013235.2077
1885.0819 24344197879.3869
1885.1931 24335397517.9779
1885.3043 97201909.6276
1885.4155 24334982850.9272
1885.5266 24348003998.9773
1885.6378 97609672.7447
1885.7490 24333740732.7193
1885.8602 24335551762.6762
1885.9714 97026345.1484
1886.0826 24325058836.4034
1886.1938 24339177700.8323
1886.3050 97520646.3897
1886.4161 24335551055.8092
1886.5273 24351936091.2596
1886.6385 97121136.6646
1886.7497 24348208680.2044
1886.8609 24340557676.9772
1886.9721 97119453.7679
1887.0833 24346170467.6925
1887.1945 24326447799.8227
1887.3057 96310479.3895
1887.4168 24338953058.3519
1887.5280 24333730645.2737
1887.6392 97582092.0890
1887.7504 24336016105.1867
1887.8616 24338670443.6127
1887.9728 97213784.0356
1888.0840 24330355657.5535
1888.1952 24349846564.1403
1888.3063 96676535.6519
1888.4175 24331483021.2461
1888.5287 24334388486.5280
1888.6399 97710474.4495
1888.7511 24321234863.6607
1888.8623 24341498406.3830
1888.9735 96573874.7056
1889.0847 24340851398.0248
1889.1958 24332207839.4004
1889.3070 97525059.8509
1889.4182 24325577314.9606
1889.5294 24335649640.8106
1889.6406 97662462.0385
1889.7518 24328174404.6251
1889.8630 24329889478.5210
1889.9742 96886506.7548
1890.0854 24315803512.5202
1890.1965 24334866273.6070
1890.3077 96986880.9819
1890.4189 24338016628.9758
1890.5301 24337770366.8916
1890.6413 96629018.0275
1890.7525 24338043782.3903
1890.8637 24316067224.8357
1890.9749 97082795.8353
1891.0860 24310423636.7715
1891.1972 24337349517.7950
1891.3084 96581355.7153
1891.4196 24339540045.7568
1891.5308 24313466952.8485
1891.6420 96930366.7267
1891.7532 24310100879.7596
1891.8644 24330554856.4088
1891.9755 97623980.4879
1892.0867 24329596946.3981
1892.1979 24341745137.4829
1892.3091 97358617.3523
1892.4203 24336011038.8942
1892.5315 24309151757.4272
1892.6427 97545601.5219
1892.7539 24317790376.5541
1892.8651 24328388628.2308
1892.9762 96817456.8083
1893.0874 24307987244.6631
1893.1986 24330169574.3390
1893.3098 97024876.2557
1893.4210 24305199224.8175
1893.5322 24326414409.5686
1893.6434 96842850.1597
1893.7546 24318552719.2237
1893.8657 24322662874.1745
1893.9769 97422433.4752
1894.0881 24324011555.8364
1894.1993 24325706800.5565
1894.3105 97309178.6178
1894.4217 24314227395.9075
1894.5329 24332854085.6302
1894.6441 97286748.5734
1894.7552 24327112685.9841
1894.8664 24323213917.8659
1894.9776 97353926.3112
1895.0888 24310219301.9349
1895.2000 24308622969.9920
1895.3112 97361148.7795
1895.4224 24325940373.2173
1895.5336 24318798232.6687
1895.6448 97672473.3311
1895.7559 24310305435.8394
1895.8671 24327493632.3526
1895.9783 97072691.0030
1896.0895 24317695332.2188
1896.2007 24309975178.1278
1896.3119 96901327.9222
1896.4231 24325298871.4047
1896.5343 24305992048.2427
1896.6454 97505865.2138
1896.7566 24322397509.6332
1896.8678 24317618051.7973
1896.9790 96745389.9443
1897.0902 24319196776.4893
1897.2014 24310433770.7340
1897.3126 96825361.4759
1897.4238 24308477299.7786
1897.5349 24312507041.2635
1897.6461 96433935.1754
1897.7573 24303490291.2728
1897.8685 24320471946.4035
1897.9797 97269155.4837
1898.0909 24308065862.9210
1898.2021 24311795058.9728
1898.3133 97145689.6569
1898.4245 24302329648.9574
1898.5356 24313913969.8095
1898.6468 97218859.5604
1898.7580 24299858432.2027
1898.8692 24320007788.3648
1898.9804 97062862.1888
1899.0916 24300347039.3022
1899.2028 24309790327.8026
1899.3140 97267532.9592
1899.4251 24296278966.1076
1899.5363 24303976998.1181
1899.6475 96820176.5318
1899.7587 24308371873.9776
1899.8699 24320426680.2599
1899.9811 97007364.5797
1900.0923 24309198795.0724
1900.2035 24317160309.6818
1900.3146 96556049.9731
1900.4258 24298500671.1243
1900.5370 24315175348.5483
1900.6482 96614989.3021
1900.7594 24310277039.2892
1900.8706 24298069777.1723
1900.9818 96745270.4948
1901.0930 24291062088.5300
1901.2042 24314645894.8564
1901.3153 97451411.8439
1901.4265 24300018411.5005
1901.5377 24304831844.3867
1901.6489 97061015.2476
1901.7601 24309014596.9287
1901.8713 24300321167.4942
1901.9825 97173208.5390
1902.0937 24307721739.4184
1902.2048 24298903875.1856
1902.3160 97627718.9218
1902.4272 24301692298.3489
1902.5384 24298321992.6185
1902.6496 97034030.4238
1902.7608 24300497928.3397
1902.8720 24303141528.1135
1902.9832 97282452.1090
1903.0944 24296243256.2254
1903.2055 24317391515.7815
1903.3167 96481434.0521
1903.4279 24293733908.8053
1903.5391 24305484864.4661
1903.6503 96219439.0061
1903.7615 24306170685.9899
1903.8727 24294578602.4395
1903.9839 96922994.0125
1904.0950 24308461967.4949
1904.2062 24283182897.8393
1904.3174 96778833.1837
1904.4286 24289518765.1236
1904.5398 24298989474.4266
1904.6510 97110705.9885
1904.7622 24293250090.3404
1904.8734 24287475742.3141
1904.9845 97545135.0950
1905.0957 24306893234.4674
1905.2069 24283927206.3987
1905.3181 97148778.3679
1905.4293 24302522743.5129
1905.5405 24293409603.6466
1905.6517 97173945.4460
1905.7629 24289664777.2302
1905.8741 24289134218.9979
1905.9852 97015870.5860
1906.0964 24282882570.3502
1906.2076 24295509349.3408
1906.3188 97482558.7215
1906.4300 24289608928.6331
1906.5412 24285566758.8060
1906.6524 97137232.9644
1906.7636 24301924377.4989
1906.8747 24278188475.6401
1906.9859 97269619.5463
1907.0971 24287067460.9184
1907.2083 24287636427.6343
1907.3195 96841289.0684
1907.4307 24289806037.5041
1907.5419 24297231444.4613
1907.6531 97129930.6659
1907.7642 24290842635.8800
1907.8754 24280871731.5568
1907.9866 96729909.6343
1908.0978 24286686504.8635
1908.2090 24286680421.1784
1908.3202 96765884.9070
1908.4314 24282217622.9801
1908.5426 24284276493.1212
1908.6538 96417743.3368
1908.7649 24280635895.5414
1908.8761 24286898242.5641
1908.9873 96932714.1986
1909.0985 24275967530.2315
1909.2097 24291909056.5344
1909.3209 96688418.1033
1909.4321 24270620096.3285
1909.5433 24292642069.8912
1909.6544 97229831.0817
1909.7656 24279029794.9912
1909.8768 24281944665.0048
1909.9880 97047539.7669
1910.0992 24281838184.4086
1910.2104 24286075014.0328
1910.3216 96988274.0703
1910.4328 24284800327.6119
1910.5439 24293823398.0969
1910.6551 96988280.0017
1910.7663 24284582057.5647
1910.8775 24284912030.5371
1910.9887 96683047.5454
1911.0999 24294818184.2550
1911.2111 24276559534.1600
1911.3223 96953305.6314
1911.4335 24282088825.2476
1911.5446 24281891685.0685
1911.6558 96895487.2360
1911.7670 24283512473.0094
1911.8782 24277088169.4178
1911.9894 96573357.9991
1912.1006 24277874648.9849
1912.2118 24267825146.0864
1912.3230 96894008.9151
1912.4341 24284590601.2389
1912.5453 24272357496.2560
1912.6565 97289945.2218
1912.7677 24268622568.9389
1912.8789 24273735717.2559
1912.9901 96623256.9888
1913.1013 24265911700.9938
1913.2125 24291123141.2910
1913.3236 97483304.5748
1913.4348 24279536169.6322
1913.5460 24267774835.7781
1913.6572 96785689.1385
1913.7684 24269731039.4654
1913.8796 24272705668.4248
1913.9908 97038797.0241
1914.1020 24273924993.3266
1914.2132 24259672580.6612
1914.3243 97354014.3602
1914.4355 24273001820.2100
1914.5467 24258427030.9269
1914.6579 97027114.6140
1914.7691 24268856398.3111
1914.8803 24256955600.1381
1914.9915 97127209.9912
1915.1027 24266985567.2331
1915.2138 24257761436.3506
1915.3250 96240056.2910
1915.4362 24258433342.2661
1915.5474 24271689714.1093
1915.6586 96774132.1808
1915.7698 24271090358.6153
1915.8810 24260911101.9752
1915.9922 96663785.4765
1916.1034 24272774829.9057
1916.2145 24261014463.8450
1916.3257 97061378.9617
1916.4369 24273526914.1199
1916.5481 24261155304.3899
1916.6593 96832389.0975
1916.7705 24261389493.0406
1916.8817 24260357888.8863
1916.9929 97322975.5442
1917.1040 24248536369.5480
1917.2152 24271305751.7368
1917.3264 97075042.2168
1917.4376 24262381113.4407
1917.5488 24260659995.2995
1917.6600 96842982.4156
1917.7712 24268073933.0862
1917.8824 24252985882.9226
1917.9935 96558377.1546
1918.1047 24275338266.6412
1918.2159 24249095105.6358
1918.3271 96971937.4644
1918.4383 24257872739.8031
1918.5495 24253825721.8180
1918.6607 96559209.1993
1918.7719 24259477827.6506
1918.8831 24265083839.4537
1918.9942 97226349.8489
1919.1054 24270059375.3746
1919.2166 24247841196.9091
1919.3278 96560913.8776
1919.4390 24246908855.5940
1919.5502 24261428510.3989
1919.6614 96811206.3460
1919.7726 24252115401.5953
1919.8837 24262390180.3277
1919.9949 97132361.1561
1920.1061 24252428531.6804
1920.2173 24260330071.6661
1920.3285 96748775.1631
1920.4397 24249935503.6759
1920.5509 24262396635.1759
1920.6621 97137256.3199
1920.7732 24250750410.7729
1920.8844 24253714379.3153
1920.9956 97191360.8467
1921.1068 24260911312.2098
1921.2180 24257933178.6952
1921.3292 96772778.6637
1921.4404 24250099130.1367
1921.5516 24251390899.1511
1921.6628 96701152.3804
1921.7739 24261793206.5056
1921.8851 24255601588.8058
1921.9963 96769370.3412
1922.1075 24253229644.7839
1922.2187 24254600281.1098
1922.3299 96771295.1807
1922.4411 24248623151.2387
1922.5523 24253918545.1241
1922.6634 96914914.9797
1922.7746 24246365388.2336
1922.8858 24254923510.1409
1922.9970 96503699.0868
1923.1082 24239936645.2327
1923.2194 24249768191.0743
1923.3306 96894047.2653
1923.4418 24259494735.6785
1923.5529 24246605200.9859
1923.6641 97376128.7944
1923.7753 24251355793.6946
1923.8865 24248108485.7366
1923.9977 96803886.2516
1924.1089 24250606097.2996
1924.2201 24243841927.4798
1924.3313 96987883.0194
1924.4425 24240749333.3917
1924.5536 24247712503.1909
1924.6648 96480046.4760
1924.7760 24237645963.9797
1924.8872 24247256301.2392
1924.9984 97107153.3247
1925.1096 24244419106.0226
1925.2208 24235209782.6364
1925.3320 96627406.2340
1925.4431 24240969362.1649
1925.5543 24231232201.4624
1925.6655 96770863.4449
1925.7767 24232742290.4790
1925.8879 24253145370.8489
1925.9991 96253675.3352
1926.1103 24243334217.4049
1926.2215 24235954726.1898
1926.3326 97018518.6458
1926.4438 24237475520.1327
1926.5550 24243744108.1938
1926.6662 96699096.3268
1926.7774 24242056210.7942
1926.8886 24246456096.2560
1926.9998 96785937.8002
1927.1110 24241202970.8775
1927.2222 24242985854.4051
1927.3333 96907719.5067
1927.4445 24245863743.8157
1927.5557 24225752832.8817
1927.6669 96713646.8069
1927.7781 24236437670.3749
1927.8893 24226927498.1859
1928.0005 97133887.3292
1928.1117 24249824799.7759
1928.2228 24230466396.9002
1928.3340 96463812.8252
1928.4452 24236897630.9346
1928.5564 24230773912.4242
1928.6676 96753347.8352
1928.7788 24226634663.0239
1928.8900 24241649601.4273
1929.0012 96668108.4384
1929.1124 24237905607.2646
1929.2235 24226425264.8219
1929.3347 96870839.2463
1929.4459 24216152536.2455
1929.5571 24225310711.9998
1929.6683 97089309.8019
1929.7795 24232582105.5699
1929.8907 24230978465.7544
1930.0019 96956691.0243
1930.1130 24223628400.2239
1930.2242 24231824142.0001
1930.3354 96362961.1610
1930.4466 24229760347.9202
1930.5578 24226597597.0279
1930.6690 96668604.8114
1930.7802 24220206551.2878
1930.8914 24219337850.3137
1931.0025 96441608.6883
1931.1137 24223197814.5915
1931.2249 24240712987.7160
1931.3361 96658627.8946
1931.4473 24230610673.8436
1931.5585 24232972557.5184
1931.6697 96931610.6272
1931.7809 24221170267.7515
1931.8921 24227961979.4176
1932.0032 96549501.9498
1932.1144 24213447029.2173
1932.2256 24231818895.6904
1932.3368 96720756.3296
1932.4480 24223809047.7225
1932.5592 24225578647.4437
1932.6704 96508295.3075
1932.7816 24219243554.6273
1932.8927 24224965254.0161
1933.0039 96980340.6895
1933.1151 24207053079.3005
1933.2263 24218021318.1993
1933.3375 97114500.1585
1933.4487 24222905577.9848
1933.5599 24226739766.6583
1933.6711 96366741.3825
1933.7822 24221942479.2691
1933.8934 24233934820.6263
1934.0046 96500165.2134
1934.1158 24224587409.0773
1934.2270 24229819643.6743
1934.3382 96711903.8667
1934.4494 24225195726.1705
1934.5606 24225508193.1828
1934.6718 96848853.2275
1934.7829 24235603726.3347
1934.8941 24228053831.0190
1935.0053 96867765.0126
1935.1165 24208060463.2017
1935.2277 24230417312.5940
1935.3389 96645986.2334
1935.4501 24224332957.1256
1935.5613 24218781306.1514
1935.6724 96705642.9222
1935.7836 24216304346.7353
1935.8948 24226120290.7662
1936.0060 96687313.0896
1936.1172 24219078217.5381
1936.2284 24210161783.1384
1936.3396 96630228.9565
1936.4508 24236615181.4230
1936.5619 24215514255.0248
1936.6731 96392576.5005
1936.7843 24207214544.2303
1936.8955 24204909411.7723
1937.0067 96658477.0263
1937.1179 24207147335.4641
1937.2291 24221552043.5704
1937.3403 96932744.7545
1937.4515 24217388156.0303
1937.5626 24209620365.2015
1937.6738 97167514.8147
1937.7850 24200410007.0101
1937.8962 24220216985.7253
1938.0074 96539183.5129
1938.1186 24215250547.3252
1938.2298 24218859939.4670
1938.3410 96913672.8081
1938.4521 24223455351.6984
1938.5633 24216942725.9621
1938.6745 96765405.7889
1938.7857 24200221646.8541
1938.8969 24213955115.6280
1939.0081 96455896.9952
1939.1193 24206366303.2672
1939.2305 24208171096.4008
1939.3416 96807714.1536
1939.4528 24200035049.3722
1939.5640 24214550448.8825
1939.6752 97280037.2914
1939.7864 24198771705.6380
1939.8976 24218004090.3055
1940.0088 96647402.9166
1940.1200 24215132288.7700
1940.2312 24208112648.6963
1940.3423 97155508.0259
1940.4535 24216492157.8138
1940.5647 24203328594.3145
1940.6759 96025299.0148
1940.7871 24200731196.7626
1940.8983 24209227616.5253
1941.0095 96522555.8129
1941.1207 24216358586.3549
1941.2318 24196547013.7703
1941.3430 96909128.5640
1941.4542 24206561709.8839
1941.5654 24196905308.5861
1941.6766 96385753.8512
1941.7878 24189593499.8321
1941.8990 24203425966.7160
1942.0102 96267624.3904
1942.1213 24202620365.8977
1942.2325 24203411398.0893
1942.3437 96796917.8516
1942.4549 24205008643.9332
1942.5661 24202881559.2426
1942.6773 96819416.1089
1942.7885 24205073325.6398
1942.8997 24208698349.6357
1943.0109 96253647.3512
1943.1220 24209448267.6429
1943.2332 24192224258.6807
1943.3444 96560844.6604
1943.4556 24204972406.7864
1943.5668 24186331521.1903
1943.6780 97023017.7974
1943.7892 24193247234.3326
1943.9004 24186759815.2395
1944.0115 96298278.8136
1944.1227 24200947056.9757
1944.2339 24205966256.9227
1944.3451 96737363.1978
1944.4563 24192341615.9142
1944.5675 24194224593.6062
1944.6787 97136970.8824
1944.7899 24196963306.4714
1944.9011 24195864799.7585
1945.0122 96365237.8208
1945.1234 24192839185.0254
1945.2346 24205805190.3063
1945.3458 96787561.2548
1945.4570 24218187450.8304
1945.5682 24197927089.3443
1945.6794 96216452.0548
1945.7906 24182353375.9738
1945.9017 24193655002.5951
1946.0129 96674647.8878
1946.1241 24192974781.9591
1946.2353 24190062614.3418
1946.3465 96395364.2699
1946.4577 24186693484.6443
1946.5689 24190714375.2497
1946.6801 97615694.9256
1946.7912 24193070259.3502
1946.9024 24188663042.0472
1947.0136 96733078.1997
1947.1248 24189031758.7598
1947.2360 24192468871.7688
1947.3472 96792204.2476
1947.4584 24194435899.3473
1947.5696 24181878310.0388
1947.6808 96483343.4434
1947.7919 24175490404.8051
1947.9031 24179617787.6434
1948.0143 96661451.5133
1948.1255 24178752003.8183
1948.2367 24196801857.4888
1948.3479 96731663.7101
1948.4591 24197635431.4271
1948.5703 24188247423.0827
1948.6814 96948391.5292
1948.7926 24185545830.6540
1948.9038 24178999687.8456
1949.0150 95917768.4200
1949.1262 24187422486.7389
1949.2374 24182570003.5313
1949.3486 96871046.6550
1949.4598 24180945900.4534
1949.5709 24188030471.0331
1949.6821 97140701.0590
1949.7933 24188679163.5651
1949.9045 24173242531.0241
1950.0157 96598864.1514
1950.1269 24180622149.2019
1950.2381 24196867446.0816
1950.3493 96464435.1781
1950.4605 24181032509.7808
1950.5716 24189931865.6445
1950.6828 97150247.2084
1950.7940 24188176188.8740
1950.9052 24184530158.2965
1951.0164 96632805.1963
1951.1276 24186948784.7852
1951.2388 24180946069.1172
1951.3500 96739712.4404
1951.4611 24188519246.0310
1951.5723 24176706759.3819
1951.6835 96184497.7135
1951.7947 24178850378.7699
1951.9059 24173473493.1930
1952.0171 96907231.4941
1952.1283 24179419673.0246
1952.2395 24176644543.7489
1952.3506 96539474.3724
1952.4618 24167482237.5836
1952.5730 24186357091.0104
1952.6842 95750909.3848
1952.7954 24170009366.1796
1952.9066 24181925569.7617
1953.0178 96623195.3708
1953.1290 24177168694.3581
1953.2402 24171761471.0404
1953.3513 96937776.1839
1953.4625 24170924110.0017
1953.5737 24181683290.1912
1953.6849 96173213.1857
1953.7961 24171612847.1155
1953.9073 24165822883.1622
1954.0185 96658989.6478
1954.1297 24179222163.4128
1954.2408 24168632948.1993
1954.3520 96430674.6358
1954.4632 24170831182.3665
1954.5744 24168500009.6491
1954.6856 96156951.1445
1954.7968 24168656524.3798
1954.9080 24185117905.7610
1955.0192 96415230.8242
1955.1303 24168692795.5432
1955.2415 24176273480.5049
1955.3527 96786440.8396
1955.4639 24162489210.5049
1955.5751 24165913560.5007
1955.6863 96829762.3684
1955.7975 24174092770.6512
1955.9087 24168761396.8421
1956.0199 96261796.1013
1956.1310 24172199134.7547
1956.2422 24166670792.3054
1956.3534 96157648.7439
1956.4646 24163681711.3731
1956.5758 24180124492.9605
1956.6870 96271758.2644
1956.7982 24164690205.2471
1956.9094 24178097569.2843
1957.0205 96692463.1708
1957.1317 24172042197.7886
1957.2429 24166330554.8576
1957.3541 96493815.5234
1957.4653 24165883383.9921
1957.5765 24173691265.3761
1957.6877 96534478.5461
1957.7989 24164991102.7464
1957.9101 24165599573.6285
1958.0212 96343226.8395
1958.1324 24161132046.9679
1958.2436 24166718113.1275
1958.3548 95702990.2458
1958.4660 24162385777.3622
1958.5772 24173487900.5911
1958.6884 97047933.9965
1958.7996 24163324710.3574
1958.9107 24165347877.8861
1959.0219 96468288.4830
1959.1331 24157538800.9230
1959.2443 24154776231.2371
1959.3555 96513431.4833
1959.4667 24154137247.7513
1959.5779 24168191350.8932
1959.6891 96381977.9005
1959.8002 24168386067.4921
1959.9114 24149203867.6024
1960.0226 96441817.6981
1960.1338 24155619512.2438
1960.2450 24149885359.4725
1960.3562 96723165.5316
1960.4674 24152634541.9215
1960.5786 24161161586.6561
1960.6898 96803012.5915
1960.8009 24160527560.3491
1960.9121 24157147210.2018
1961.0233 96502242.6899
1961.1345 24153206632.9188
1961.2457 24154380228.9734
1961.3569 96870304.2723
1961.4681 24154497968.6964
1961.5793 24154610740.0328
1961.6904 97023462.6815
1961.8016 24163119548.3351
1961.9128 24156678486.2602
1962.0240 96569815.3701
1962.1352 24153899294.4781
1962.2464 24154986092.6597
1962.3576 96583960.1505
1962.4688 24147647031.7542
1962.5799 24153918686.1714
1962.6911 96244123.2487
1962.8023 24152362238.3623
1962.9135 24149635924.0079
1963.0247 96625553.1493
1963.1359 24152284114.8531
1963.2471 24138020941.4413
1963.3583 96319245.6371
1963.4695 24151815097.2772
1963.5806 24147665855.0850
1963.6918 96525032.6603
1963.8030 24147458875.6181
1963.9142 24152306049.7449
1964.0254 96090148.3553
1964.1366 24141580264.8949
1964.2478 24155040166.5176
1964.3590 96713599.9206
1964.4701 24136099198.4379
1964.5813 24139908305.5887
1964.6925 96678616.7574
1964.8037 24135762074.5522
1964.9149 24160805380.3382
1965.0261 97110859.9823
1965.1373 24135578605.1564
1965.2485 24159768825.3356
1965.3596 96794361.4786
1965.4708 24156151797.4991
1965.5820 24148233650.2774
1965.6932 96941512.6389
1965.8044 24152202988.9573
1965.9156 24146794274.3375
1966.0268 95945188.3644
1966.1380 24129567996.3698
1966.2492 24161473140.6561
1966.3603 96314385.4561
1966.4715 24145824496.0124
1966.5827 24136466583.0279
1966.6939 96455056.1627
1966.8051 24143214592.4450
1966.9163 24143755974.8074
1967.0275 96585111.4105
1967.1387 24153690978.7589
1967.2498 24126685711.6447
1967.3610 95918550.1052
1967.4722 24142701505.8017
1967.5834 24145857210.1415
1967.6946 96331766.9777
1967.8058 24137112326.8570
1967.9170 24144986678.5301
1968.0282 96646642.1049
1968.1393 24125931074.7757
1968.2505 24147791521.5453
1968.3617 96686550.5966
1968.4729 24152895501.0447
1968.5841 24142469970.2360
1968.6953 96279792.1172
1968.8065 24137997026.1320
1968.9177 24136887737.7815
1969.0289 95839441.7776
1969.1400 24125981553.8597
1969.2512 24140226677.4815
1969.3624 96418017.7007
1969.4736 24126863115.4743
1969.5848 24140592959.2308
1969.6960 96912857.5572
1969.8072 24133065105.2397
1969.9184 24143124921.2896
1970.0295 96001540.7478
1970.1407 24130365470.1320
1970.2519 24140747532.0720
1970.3631 96100205.6567
1970.4743 24117322932.4344
1970.5855 24147322094.4822
1970.6967 96797195.7014
1970.8079 24136758636.6473
1970.9191 24141467606.1929
1971.0302 96476483.3482
1971.1414 24137473762.6613
1971.2526 24140390079.6879
1971.3638 96817875.9450
1971.4750 24133466003.6984
1971.5862 24147473179.2594
1971.6974 96987435.8335
1971.8086 24129955458.9854
1971.9197 24133458125.8359
1972.0309 96481685.1263
1972.1421 24142257123.9010
1972.2533 24129084225.7124
1972.3645 96188485.6302
1972.4757 24128503284.1857
1972.5869 24130782641.8410
1972.6981 96518343.7635
1972.8092 24131807177.4245
1972.9204 24122105324.5801
1973.0316 96242025.5775
1973.1428 24116780701.0921
1973.2540 24135307504.1565
1973.3652 96562627.8506
1973.4764 24130907595.1473
1973.5876 24122251172.9977
1973.6988 96207719.6587
1973.8099 24114556256.2653
1973.9211 24148888236.2960
1974.0323 96462801.2257
1974.1435 24134881500.2746
1974.2547 24130897807.6930
1974.3659 96502252.3144
1974.4771 24132508393.9150
1974.5883 24130846745.2836
1974.6994 96921969.5431
1974.8106 24131298319.7117
1974.9218 24127381534.6467
1975.0330 96240957.7810
1975.1442 24130710651.4187
1975.2554 24122420702.8342
1975.3666 96481857.4886
1975.4778 24122003956.8977
1975.5889 24112822844.3682
1975.7001 96126477.1230
1975.8113 24115332919.8049
1975.9225 24134985091.8325
1976.0337 96195186.8673
1976.1449 24113905602.9499
1976.2561 24117674667.9811
1976.3673 96539525.7534
1976.4785 24103269452.0649
1976.5896 24120673303.7411
1976.7008 96103840.4672
1976.8120 24119928529.5725
1976.9232 24134033380.5906
1977.0344 96409479.7919
1977.1456 24126015268.4689
1977.2568 24118351066.2934
1977.3680 95831042.0554
1977.4791 24118465531.4277
1977.5903 24114768773.3886
1977.7015 95991025.2729
1977.8127 24116662799.9622
1977.9239 24114950549.2428
1978.0351 96353628.8300
1978.1463 24116373497.0664
1978.2575 24121286337.6924
1978.3686 96480272.2975
1978.4798 24118022633.1344
1978.5910 24132731952.0500
1978.7022 96211948.4484
1978.8134 24121613822.2592
1978.9246 24112186851.6041
1979.0358 95611173.2311
1979.1470 24123440144.0235
1979.2582 24116859620.1014
1979.3693 96127041.1480
1979.4805 24114805070.4583
1979.5917 24113831884.9722
1979.7029 96442078.7747
1979.8141 24116764864.4552
1979.9253 24120778344.6638
1980.0365 96373267.1807
1980.1477 24115858099.3774
1980.2588 24116631719.7136
1980.3700 96231287.6526
1980.4812 24114109094.6989
1980.5924 24116810328.3738
1980.7036 96487875.8345
1980.8148 24121235447.7014
1980.9260 24122648261.9738
1981.0372 96782609.7665
1981.1483 24114372171.9338
1981.2595 24115401287.4742
1981.3707 96440736.1849
1981.4819 24102912672.8227
1981.5931 24110228648.6036
1981.7043 96616610.8114
1981.8155 24113442373.8665
1981.9267 24102778865.6477
1982.0379 96407923.7951
1982.1490 24112128326.9774
1982.2602 24106946666.6052
1982.3714 96677231.0235
1982.4826 24115602835.7050
1982.5938 24101202813.4548
1982.7050 96272361.8810
1982.8162 24109135643.1453
1982.9274 24100872370.8147
1983.0385 96050187.3295
1983.1497 24117873601.6975
1983.2609 24098930330.8431
1983.3721 96049010.6246
1983.4833 24096624076.3799
1983.5945 24104131567.5353
1983.7057 96306677.4679
1983.8169 24094803713.2012
1983.9280 24117584219.0336
1984.0392 96143367.2802
1984.1504 24102415707.0007
1984.2616 24116936110.3529
1984.3728 96781577.1875
1984.4840 24108780531.3475
1984.5952 24104991880.0415
1984.7064 96350290.8612
1984.8176 24099499603.2661
1984.9287 24109348440.9774
1985.0399 96026943.0356
1985.1511 24116727434.5791
1985.2623 24113087460.9941
1985.3735 96209720.0615
1985.4847 24099154767.3988
1985.5959 24097031158.0140
1985.7071 96413796.0376
1985.8182 24103119829.4822
1985.9294 24101818485.9949
1986.0406 96377325.2474
1986.1518 24095502223.0334
1986.2630 24105406657.7125
1986.3742 96136173.2096
1986.4854 24105124869.0731
1986.5966 24102351654.1407
1986.7078 96625110.7201
1986.8189 24094586464.4645
1986.9301 24099560899.2114
1987.0413 96429228.9170
1987.1525 24089482576.3069
1987.2637 24100123781.0079
1987.3749 96296930.7644
1987.4861 24091113383.1521
1987.5973 24104300995.6766
1987.7084 96023436.3783
1987.8196 24100610209.1438
1987.9308 24097944926.5689
1988.0420 95847601.7168
1988.1532 24098051707.2245
1988.2644 24081428307.2320
1988.3756 96727028.5059
1988.4868 24086886294.6585
1988.5979 24098070239.2103
1988.7091 96181363.9115
1988.8203 24086159660.5019
1988.9315 24098291704.9223
1989.0427 96719419.5528
1989.1539 24084572614.8127
1989.2651 24081180578.1737
1989.3763 96666785.7364
1989.4875 24075535994.8576
1989.5986 24095082967.2740
1989.7098 96025599.3262
1989.8210 24084115824.0926
1989.9322 24109501447.7648
1990.0434 96013956.2254
1990.1546 24108442481.2386
1990.2658 24080547529.8573
1990.3770 96232239.9705
1990.4881 24088574976.3606
1990.5993 24080883639.7163
1990.7105 96887916.8969
1990.8217 24094219893.7086
1990.9329 24095788165.9714
1991.0441 96163767.9318
1991.1553 24088736910.5896
1991.2665 24080107354.8936
1991.3776 95812364.2720
1991.4888 24083706186.8527
1991.6000 24072672743.5893
1991.7112 96300288.0249
1991.8224 24075416847.5446
1991.9336 24088807362.1359
1992.0448 96283073.6870
1992.1560 24080441906.4540
1992.2672 24093304637.5169
1992.3783 96446930.4717
1992.4895 24081247744.7408
1992.6007 24084511753.5304
1992.7119 96706892.6542
1992.8231 24074890837.4284
1992.9343 24090909501.1046
1993.0455 95842856.6610
1993.1567 24090628545.7162
1993.2678 24086949649.3347
1993.3790 96529527.9636
1993.4902 24074947955.2280
1993.6014 24092116585.2469
1993.7126 96167199.1633
1993.8238 24084175630.4716
1993.9350 24081101441.4417
1994.0462 96480052.5537
1994.1573 24083480781.4167
1994.2685 24083707911.7121
1994.3797 96480821.4981
1994.4909 24086971017.3463
1994.6021 24079467526.7022
1994.7133 95945412.8049
1994.8245 24072023773.3403
1994.9357 24079819390.5950
1995.0469 95982071.0336
1995.1580 24072892523.8508
1995.2692 24094528023.3058
1995.3804 96168315.3393
1995.4916 24082403909.7936
1995.6028 24078120166.0828
1995.7140 95584341.5125
1995.8252 24079010238.1881
1995.9364 24081374158.3857
1996.0475 95834423.8279
1996.1587 24086756346.0055
1996.2699 24079037216.1790
1996.3811 96301728.1228
1996.4923 24089525895.5660
1996.6035 24078989728.9525
1996.7147 95753988.8789
1996.8259 24073985382.6042
1996.9370 24069572669.8217
1997.0482 96139497.7745
1997.1594 24062784217.9931
1997.2706 24076935890.3418
1997.3818 96199964.1974
1997.4930 24065275169.7188
1997.6042 24079581529.0691
1997.7154 96704396.9000
1997.8266 24083888750.2655
1997.9377 24076511233.4107
1998.0489 95855911.5805
1998.1601 24070381187.7699
1998.2713 24080746994.3674
1998.3825 95824918.1820
1998.4937 24077881746.1573
1998.6049 24070622714.0916
1998.7161 95831691.5905
1998.8272 24078508289.4503
1998.9384 24067340309.0700
1999.0496 96441820.0546
1999.1608 24071982269.6389
1999.2720 24066682774.9352
1999.3832 96299285.5416
1999.4944 24083626613.4962
1999.6056 24068049200.3782
1999.7168 95719345.1987
1999.8279 24064668184.0081
1999.9391 24071961768.0718
2000.0503 95909485.0444
2000.1615 24061493197.1036
2000.2727 24074226259.7441
2000.3839 95726364.8459
2000.4951 24062087744.4610
2000.6063 24070250932.6663
2000.7174 95813625.0772
2000.8286 24063480198.2216
2000.9398 24061279785.1398
2001.0510 95743446.6790
2001.1622 24063243938.4601
2001.2734 24071156505.7767
2001.3846 96087747.7379
2001.4958 24067160206.6470
2001.6069 24059790390.9301
2001.7181 96028942.4348
2001.8293 24062334156.6348
2001.9405 24066688056.7888
2002.0517 96095147.4590
2002.1629 24065848677.4862
2002.2741 24070900221.0598
2002.3853 96185503.9478
2002.4965 24069567761.9288
2002.6076 24060052606.1810
2002.7188 96304002.7572
2002.8300 24063819583.5584
2002.9412 24058838248.2912
2003.0524 96145057.6559
2003.1636 24065820785.4337
2003.2748 24062862805.7843
2003.3860 96478967.2909
2003.4971 24079904225.6457
2003.6083 24056757098.3250
2003.7195 96279759.9650
2003.8307 24053146210.7429
2003.9419 24055715130.4225
2004.0531 96246680.5604
2004.1643 24049491448.5478
2004.2755 24061078717.7596
2004.3866 96093899.2517
2004.4978 24058494254.6246
2004.6090 24068487885.4828
2004.7202 96547539.3282
2004.8314 24062534813.1768
2004.9426 24047353921.5655
2005.0538 96081225.3118
2005.1650 24050165169.7502
2005.2762 24069100793.0208
2005.3873 96107305.6742
2005.4985 24057655023.6172
2005.6097 24065446056.8971
2005.7209 95837957.7384
2005.8321 24049181415.4124
2005.9433 24068234103.6466
2006.0545 96374230.6077
2006.1657 24048125835.9811
2006.2768 24060442948.1320
2006.3880 96001302.9566
2006.4992 24059446001.9682
2006.6104 24050726274.6290
2006.7216 96278666.1046
2006.8328 24055396872.4246
2006.9440 24057068348.1591
2007.0552 95928991.9374
2007.1663 24045914914.1574
2007.2775 24060505589.6552
2007.3887 95832054.4403
2007.4999 24055076573.1988
2007.6111 24056646829.1371
2007.7223 96117807.4482
2007.8335 24057218252.0659
2007.9447 24056353356.6643
2008.0559 95468809.8280
2008.1670 24053166672.7786
2008.2782 24055535966.0124
2008.3894 96007466.9213
2008.5006 24059190389.0812
2008.6118 24050418986.1426
2008.7230 95603649.6801
2008.8342 24051457798.5891
2008.9454 24049815004.6336
2009.0565 96165098.6857
2009.1677 24052888384.9047
2009.2789 24041381217.7087
2009.3901 96499581.9757
2009.5013 24039945951.8016
2009.6125 24049663751.0297
2009.7237 95855010.3313
2009.8349 24049678144.1589
2009.9460 24049406329.3336
2010.0572 96457784.8991
2010.1684 24056896997.1083
2010.2796 24043867755.7434
2010.3908 95872723.6996
2010.5020 24049047784.9376
2010.6132 24060742366.9758
2010.7244 96045542.5709
2010.8356 24062269625.4935
2010.9467 24038348911.0591
2011.0579 96314950.0405
2011.1691 24040818498.3938
2011.2803 24045226346.0369
2011.3915 96155345.7677
2011.5027 24034769963.6828
2011.6139 24042945662.7216
2011.7251 95656810.4808
2011.8362 24036394966.4834
2011.9474 24046543893.9486
2012.0586 95735088.6560
2012.1698 24033861412.2542
2012.2810 24044314047.7509
2012.3922 95713735.6925
2012.5034 24049136401.5152
2012.6146 24030873595.3271
2012.7258 95954255.3745
2012.8369 24039683404.6841
2012.9481 24042796018.3324
2013.0593 96007425.6234
2013.1705 24051627491.7933
2013.2817 24027448609.1065
2013.3929 96067861.6997
2013.5041 24034904353.4969
2013.6153 24043097713.4845
2013.7264 96049229.1101
2013.8376 24043486387.3199
2013.9488 24044798923.1817
2014.0600 96386259.2723
2014.1712 24040169280.4138
2014.2824 24034355660.7234
2014.3936 95538783.8006
2014.5048 24036070830.5520
2014.6159 24047870276.5392
2014.7271 95727202.2068
2014.8383 24044655043.7369
2014.9495 24037279773.3545
2015.0607 95948436.8731
2015.1719 24030520273.3894
2015.2831 24038844463.8148
2015.3943 95614715.5211
2015.5055 24041459893.5627
2015.6166 24034475908.8465
2015.7278 95706983.3739
2015.8390 24036834735.7570
2015.9502 24039204156.9427
2016.0614 95863123.5480
2016.1726 24036768102.0489
2016.2838 24031226377.4720
2016.3950 95685435.6139
2016.5061 24033651983.6664
2016.6173 24023630329.8601
2016.7285 96050430.4995
2016.8397 24016835208.1880
2016.9509 24039231321.8941
2017.0621 96247555.4622
2017.1733 24013084986.1382
2017.2845 24029050265.1729
2017.3956 95983836.9984
2017.5068 24028324956.4055
2017.6180 24046815630.2200
2017.7292 95826403.8020
2017.8404 24033671288.7259
2017.9516 24041824100.0458
2018.0628 95869499.0458
2018.1740 24017465023.0709
2018.2852 24037890762.8172
2018.3963 96394938.2532
2018.5075 24033755851.3051
2018.6187 24045335691.8415
2018.7299 95693568.8047
2018.8411 24032993298.2709
2018.9523 24040095725.6847
2019.0635 95810158.0948
2019.1747 24033520601.6912
2019.2858 24025327221.3891
2019.3970 95952576.5222
2019.5082 24026638838.4280
2019.6194 24027084533.1272
2019.7306 95750844.5603
2019.8418 24030215671.0047
2019.9530 24024917412.7315
2020.0642 95639639.6940
2020.1753 24034262353.5488
2020.2865 24020966177.8763
2020.3977 96188280.8787
2020.5089 24034935900.0094
2020.6201 24029115218.4578
2020.7313 95954708.7707
2020.8425 24027059205.4961
2020.9537 24027509021.1685
2021.0649 95840909.2729
2021.1760 24031891605.0341
2021.2872 24022600979.5874
2021.3984 96087982.2560
2021.5096 24024478639.1179
2021.6208 24027030366.9877
2021.7320 96218247.2422
2021.8432 24025681099.4807
2021.9544 24024102305.8936
2022.0655 96143000.8410
2022.1767 24027607995.4503
2022.2879 24029665199.9774
2022.3991 96134714.2546
2022.5103 24022087217.9567
2022.6215 24018712757.6542
2022.7327 95805848.6796
2022.8439 24024764098.5074
2022.9550 24017759247.6091
2023.0662 96155864.0834
2023.1774 24017049245.9153
2023.2886 24024911848.5429
2023.3998 96038244.4043
2023.5110 24017508443.7631
2023.6222 24016316326.1863
2023.7334 95606532.8749
2023.8446 24015157774.6171
2023.9557 24021171142.3060
2024.0669 95671121.2079
2024.1781 24018185313.2726
2024.2893 24028054290.0965
2024.4005 96488282.7434
2024.5117 24001259374.9887
2024.6229 24030829671.3739
2024.7341 96118996.6477
2024.8452 24021817079.2551
2024.9564 24033005518.3296
2025.0676 96352636.1833
2025.1788 24016607216.3980
2025.2900 24018045747.5982
2025.4012 95848990.8214
2025.5124 24009291496.7770
2025.6236 24010928195.8883
2025.7347 96280100.2604
2025.8459 24024763595.9610
2025.9571 24015850110.9984
2026.0683 96151522.7983
2026.1795 24027750272.3150
2026.2907 24013795428.5182
2026.4019 95586829.8812
2026.5131 24004341094.6075
2026.6243 24033067426.6560
2026.7354 96090841.5620
2026.8466 24014805513.1651
2026.9578 24019312429.5124
2027.0690 95985961.9803
2027.1802 24012819112.7450
2027.2914 24022086133.7154
2027.4026 95540344.5552
2027.5138 24007941809.7073
2027.6249 24006704088.1670
2027.7361 95512870.1972
2027.8473 24019340735.6279
2027.9585 24012880293.6271
2028.0697 95797499.5828
2028.1809 24000682064.0270
2028.2921 24014146239.9877
2028.4033 96147181.7982
2028.5145 24023748247.3259
2028.6256 24009405746.6630
2028.7368 95737294.7502
2028.8480 24001520933.7466
2028.9592 24011699662.5103
2029.0704 95577143.9159
2029.1816 23999908188.2143
2029.2928 24008015433.1181
2029.4040 96298197.5353
2029.5151 24007217735.6758
2029.6263 24001510863.9986
2029.7375 95544023.6227
2029.8487 23999405295.9604
2029.9599 24015513428.6321
2030.0711 95741797.2991
2030.1823 24011979119.5079
2030.2935 24000394338.0199
2030.4046 96151077.2679
2030.5158 24000036971.2355
2030.6270 24001141485.8335
2030.7382 95863097.1304
2030.8494 24000960658.8563
2030.9606 24005284201.2039
2031.0718 95986688.0031
2031.1830 24000069416.0938
2031.2942 24013854626.4177
2031.4053 95661296.9443
2031.5165 24004269287.4362
2031.6277 24002199230.3513
2031.7389 95864125.3594
2031.8501 24009055117.9007
2031.9613 24001115479.6233
2032.0725 95737495.9538
2032.1837 23992125125.4994
2032.2948 24012337716.9642
2032.4060 95836502.3237
2032.5172 24009285550.6535
2032.6284 24007385014.5105
2032.7396 95715530.7378
2032.8508 24018323826.8804
2032.9620 24001332298.5978
2033.0732 95895166.2918
2033.1843 23999865441.5327
2033.2955 23998673632.4213
2033.4067 95966451.4478
2033.5179 23998003672.5614
2033.6291 23986469738.8453
2033.7403 95667052.5125
2033.8515 23994302325.8783
2033.9627 24005632099.6738
2034.0739 95417737.2171
2034.1850 23997369029.4004
2034.2962 23994582603.2121
2034.4074 95746674.6829
2034.5186 23992025160.8625
2034.6298 24004804998.6550
2034.7410 96012992.6485
2034.8522 23998851350.1153
2034.9634 23998476084.2483
2035.0745 95789558.1827
2035.1857 23995697565.0455
2035.2969 23989976572.6409
2035.4081 95536767.8829
2035.5193 23985016029.7284
2035.6305 24002830725.2408
2035.7417 95918772.8276
2035.8529 23989803012.1304
2035.9640 24010316965.1225
2036.0752 95184118.7633
2036.1864 24008744470.8809
2036.2976 23991567800.5101
2036.4088 95697350.0024
2036.5200 23985239761.9310
2036.6312 23993827316.8879
2036.7424 95841656.8458
2036.8536 23997742453.3602
2036.9647 23992446685.9887
2037.0759 95747054.2348
2037.1871 23981930811.8403
2037.2983 24001779110.9138
2037.4095 95670885.5797
2037.5207 23978823632.5984
2037.6319 23992499447.1270
2037.7431 95454676.4151
2037.8542 23997429763.6435
2037.9654 23979284785.8189
2038.0766 95372468.4298
2038.1878 23978333904.1928
2038.2990 23990175200.3011
2038.4102 95652512.0096
2038.5214 23988939448.3659
2038.6326 23992387424.6578
2038.7437 95816874.6946
2038.8549 23998953831.2160
2038.9661 23984953400.6320
2039.0773 95582649.9552
2039.1885 23995725778.6087
2039.2997 23988267213.4062
2039.4109 95123688.3779
2039.5221 23977633121.7321
2039.6333 23981558299.9735
2039.7444 95231724.1740
2039.8556 23990629446.8169
2039.9668 23987271659.8550
2040.0780 95680493.2638
2040.1892 23983623643.8586
2040.3004 23979714640.1376
2040.4116 95642888.3532
2040.5228 23976738072.1045
2040.6339 23976717532.8767
2040.7451 95605567.7183
2040.8563 23985514430.7915
2040.9675 23987073821.7816
2041.0787 96012832.4439
2041.1899 23982308308.4075
2041.3011 23979044403.9303
2041.4123 95865478.4448
2041.5235 23985405469.4794
2041.6346 23978964590.6669
2041.7458 95621332.9364
2041.8570 23986590298.9185
2041.9682 23980549159.2104
2042.0794 95550319.4491
2042.1906 23978089511.7382
2042.3018 23973878544.4323
2042.4130 96360400.0008
2042.5241 23980121283.6988
2042.6353 23976779456.9671
2042.7465 95632989.2570
2042.8577 23973025520.8801
2042.9689 23984435236.5803
2043.0801 95578909.9652
2043.1913 23985437843.2493
2043.3025 23962496496.9658
2043.4136 96050452.7253
2043.5248 23962233600.3676
2043.6360 23978642669.6493
2043.7472 96198696.1525
2043.8584 23969816673.1371
2043.9696 23987722155.1114
2044.0808 95546315.6642
2044.1920 23969106619.9681
2044.3032 23985566023.3899
2044.4143 95279374.7639
2044.5255 23968902925.7010
2044.6367 23983617074.8263
2044.7479 95612320.7618
2044.8591 23974210116.1251
2044.9703 23988272693.7691
2045.0815 95984200.2935
2045.1927 23985951374.9013
2045.3038 23979346155.2317
2045.4150 95640455.4641
2045.5262 23973111482.0438
2045.6374 23988782093.4383
2045.7486 95252099.3065
2045.8598 23965719655.4467
2045.9710 23985955829.3705
2046.0822 95404232.4906
2046.1933 23976576561.1777
2046.3045 23978981583.8356
2046.4157 95948044.7417
2046.5269 23969966315.3410
2046.6381 23979702232.7129
2046.7493 95727683.0895
2046.8605 23988924294.5746
2046.9717 23962208107.6218
2047.0829 96058433.5652
2047.1940 23966144342.4751
2047.3052 23977689337.2655
2047.4164 95754968.6343
2047.5276 23969695935.6712
2047.6388 23980344142.4880
2047.7500 95741191.2000
2047.8612 23968578069.2229
2047.9724 23956568727.9982
2048.0835 95538617.6672
2048.1947 23961427113.6266
2048.3059 23969011676.1315
2048.4171 95386395.1951
2048.5283 23967362222.7796
2048.6395 23963860886.3877
2048.7507 95712520.9337
2048.8619 23963207256.8654
2048.9730 23963467603.4048
2049.0842 95917995.5791
2049.1954 23956560769.2253
2049.3066 23969612726.5949
2049.4178 96048042.9288
2049.5290 23965309871.4199
2049.6402 23965307949.8543
2049.7514 95878263.2937
2049.8626 23958624713.4719
2049.9737 23973672415.4566
2050.0849 95632535.9753
2050.1961 23978290328.4493
2050.3073 23970662061.8102
2050.4185 95662617.6918
2050.5297 23968526533.5888
2050.6409 23959893945.2868
2050.7521 95780925.5921
2050.8632 23966653346.8170
2050.9744 23961390949.4188
2051.0856 96439567.8815
2051.1968 23952625513.1280
2051.3080 23958944433.4770
2051.4192 95632789.6188
2051.5304 23954520223.6750
2051.6416 23969375356.3602
2051.7527 94872872.9767
2051.8639 23960526817.7951
2051.9751 23970750500.4963
2052.0863 95584943.8059
2052.1975 23955677552.6248
2052.3087 23970861383.1124
2052.4199 95616820.5342
2052.5311 23971224819.0430
2052.6423 23968788040.8599
2052.7534 95983330.4415
2052.8646 23966889425.4551
2052.9758 23951886052.8333
2053.0870 95700361.1673
2053.1982 23961794235.9428
2053.3094 23953598625.9900
2053.4206 94988144.1935
2053.5318 23958962664.0840
2053.6429 23966385262.0856
2053.7541 95430334.2569
2053.8653 23966054090.1560
2053.9765 23946672342.4609
2054.0877 95482037.4012
2054.1989 23942814402.5962
2054.3101 23967318731.8106
2054.4213 95469974.8580
2054.5324 23964873909.6011
2054.6436 23962514325.2020
2054.7548 96045027.7458
2054.8660 23969358206.0233
2054.9772 23943581514.8379
2055.0884 95524602.6355
2055.1996 23952638332.2804
2055.3108 23958273060.0356
2055.4220 95379159.7426
2055.5331 23958888950.6602
2055.6443 23950106589.1287
2055.7555 95473059.2785
2055.8667 23956251125.9322
2055.9779 23967358950.3023
2056.0891 95400627.4845
2056.2003 23962803442.9554
2056.3115 23951203071.6509
2056.4226 96048531.4317
2056.5338 23945722932.7698
2056.6450 23963596210.8141
2056.7562 95505846.7971
2056.8674 23957054744.5428
2056.9786 23946820105.3184
2057.0898 95519597.0030
2057.2010 23951552333.0325
2057.3122 23944343364.9842
2057.4233 95267531.2873
2057.5345 23961377279.7398
2057.6457 23955549514.4576
2057.7569 95117181.5905
2057.8681 23953635811.6743
2057.9793 23942499622.3625
2058.0905 96122922.0350
2058.2017 23954810877.9252
2058.3128 23944577060.4610
2058.4240 95572355.3980
2058.5352 23950655300.7636
2058.6464 23946444315.1592
2058.7576 95331954.7275
2058.8688 23946387710.2342
2058.9800 23948843780.1135
2059.0912 95526371.0515
2059.2023 23946418394.1867
2059.3135 23954387236.4672
2059.4247 95731912.8117
2059.5359 23947188845.5704
2059.6471 23949652422.0627
2059.7583 95821414.8101
2059.8695 23951877892.4830
2059.9807 23945317228.5724
2060.0919 95732982.3461
2060.2030 23932237300.4407
2060.3142 23956711467.2185
2060.4254 95741975.3334
2060.5366 23964543576.0717
2060.6478 23938239579.5880
2060.7590 95239933.3490
2060.8702 23946596896.6095
2060.9814 23950360082.9177
2061.0925 95713785.0090
2061.2037 23936585966.1124
2061.3149 23948899661.8638
2061.4261 96236473.9913
2061.5373 23932375727.5494
2061.6485 23955733838.6585
2061.7597 95409234.9749
2061.8709 23948326865.3425
2061.9820 23940698233.2311
2062.0932 95533549.7976
2062.2044 23940286248.4602
2062.3156 23941857053.1943
2062.4268 95053914.8707
2062.5380 23944050840.2139
2062.6492 23940722293.3802
2062.7604 95698858.6881
2062.8716 23944336170.8207
2062.9827 23940269957.5316
2063.0939 95436243.7959
2063.2051 23938781787.5214
2063.3163 23943740324.7145
2063.4275 95506164.5605
2063.5387 23941872937.6656
2063.6499 23940087119.0134
2063.7611 95698654.8545
2063.8722 23943270450.2626
2063.9834 23926549590.9425
2064.0946 95642584.9417
2064.2058 23931249025.9750
2064.3170 23947581409.1098
2064.4282 96213746.5123
2064.5394 23947773679.5317
2064.6506 23943614016.7165
2064.7617 95543648.8015
2064.8729 23950171285.4606
2064.9841 23933644507.6866
2065.0953 95631126.6615
2065.2065 23940322886.5493
2065.3177 23931970660.8419
2065.4289 95874088.6052
2065.5401 23944349470.4178
2065.6513 23934175254.2531
2065.7624 95615340.9255
2065.8736 23937821958.7502
2065.9848 23937849908.2040
2066.0960 95302906.8899
2066.2072 23944676046.7831
2066.3184 23925333990.0186
2066.4296 95370706.5503
2066.5408 23933883905.6601
2066.6519 23940196773.0157
2066.7631 95466273.3492
2066.8743 23938233962.1284
2066.9855 23923372010.9258
2067.0967 95331215.3798
2067.2079 23935748416.8308
2067.3191 23929618115.9546
2067.4303 95450597.3856
2067.5414 23943846873.1912
2067.6526 23924257727.3397
2067.7638 94935113.1684
2067.8750 23928502975.8905
2067.9862 23917898552.6210
2068.0974 95522744.0843
2068.2086 23924277630.1107
2068.3198 23934978560.6869
2068.4310 95345277.0152
2068.5421 23935656511.0736
2068.6533 23934231959.1387
2068.7645 95497082.1382
2068.8757 23931803216.3153
2068.9869 23939186894.1009
2069.0981 95357908.0683
2069.2093 23932257353.5198
2069.3205 23926330876.5233
2069.4316 95494113.3422
2069.5428 23927493447.6264
2069.6540 23917665119.6488
2069.7652 95679051.0817
2069.8764 23912384704.1306
2069.9876 23933429723.5433
2070.0988 95626784.1205
2070.2100 23920826056.7337
2070.3212 23923421808.0175
2070.4323 95796568.1334
2070.5435 23909416457.5374
2070.6547 23931994542.3439
2070.7659 95364594.7475
2070.8771 23924608582.2775
2070.9883 23927038824.3908
2071.0995 95490678.4434
2071.2107 23925658671.2471
2071.3218 23919838851.8367
2071.4330 95593845.1613
2071.5442 23923165833.4111
2071.6554 23923029663.1836
2071.7666 95732272.0134
2071.8778 23916780422.5353
2071.9890 23918698628.6626
2072.1002 95905064.8355
2072.2113 23915265790.1239
2072.3225 23931549391.7192
2072.4337 95068532.7602
2072.5449 23916777465.1145
2072.6561 23923817507.8912
2072.7673 95777108.9045
2072.8785 23922087866.4078
2072.9897 23917844874.4246
2073.1009 95384408.1872
2073.2120 23918205221.1704
2073.3232 23930429077.0077
2073.4344 95653214.9275
2073.5456 23920947687.9376
2073.6568 23919367110.2625
2073.7680 95458485.6579
2073.8792 23922199638.8769
2073.9904 23917838906.2935
2074.1015 96089610.9039
2074.2127 23916634407.7913
2074.3239 23916951020.5789
2074.4351 95574706.1210
2074.5463 23920549011.2164
2074.6575 23916375664.6330
2074.7687 95862425.4996
2074.8799 23911479412.2777
2074.9910 23910596286.6766
2075.1022 95297009.1424
2075.2134 23917958342.1430
2075.3246 23921943716.8969
2075.4358 95465165.2781
2075.5470 23925216365.6854
2075.6582 23907756931.6654
2075.7694 96086528.9129
2075.8806 23916180306.4755
2075.9917 23916736571.6399
2076.1029 95167301.4146
2076.2141 23909649067.8115
2076.3253 23911977673.6867
2076.4365 94987088.0334
2076.5477 23907406159.3690
2076.6589 23921068470.8413
2076.7701 96196349.9709
2076.8812 23903089158.2636
2076.9924 23915843425.1662
2077.1036 95807163.5003
2077.2148 23908294941.0491
2077.3260 23909842634.9824
2077.4372 95609522.5038
2077.5484 23913719330.6056
2077.6596 23922091568.1751
2077.7707 95196741.1625
2077.8819 23903615643.7447
2077.9931 23912804188.0734
2078.1043 95514609.0982
2078.2155 23902155832.1751
2078.3267 23913835866.6375
2078.4379 95154177.3425
2078.5491 23911555328.1325
2078.6603 23915813821.1920
2078.7714 95195455.6125
2078.8826 23898513707.8672
2078.9938 23915182663.9415
2079.1050 95356869.7792
2079.2162 23885700679.3471
2079.3274 23926675750.6969
2079.4386 95590177.8499
2079.5498 23896944496.9599
2079.6609 23916763043.5935
2079.7721 95734225.2205
2079.8833 23907131369.6523
2079.9945 23907830582.1452
2080.1057 95598528.8493
2080.2169 23912300996.2975
2080.3281 23900282018.3793
2080.4393 95196930.1167
2080.5504 23902696315.2338
2080.6616 23911846287.8389
2080.7728 95458286.0957
2080.8840 23912803772.3454
2080.9952 23900254046.2740
2081.1064 95642717.6639
2081.2176 23898443829.8292
2081.3288 23917908551.6523
2081.4400 94876768.4130
2081.5511 23902497156.9983
2081.6623 23893880346.3870
2081.7735 95022927.3764
2081.8847 23900780007.5099
2081.9959 23906129980.9120
2082.1071 95106367.2488
2082.2183 23899332609.6841
2082.3295 23910362726.4182
2082.4406 95723237.5625
2082.5518 23908563630.6698
2082.6630 23904291302.2720
2082.7742 95631587.6893
2082.8854 23905391048.8195
2082.9966 23888134669.5941
2083.1078 95595306.0933
2083.2190 23901123762.0775
2083.3302 23902675011.8066
2083.4413 95678275.3506
2083.5525 23889923926.6445
2083.6637 23917303281.2080
2083.7749 95364304.0673
2083.8861 23896248471.6559
2083.9973 23903042725.5478
2084.1085 95565618.9048
2084.2197 23902979134.2555
2084.3308 23908702028.7944
2084.4420 95728545.8140
2084.5532 23906297472.5120
2084.6644 23894481588.2183
2084.7756 95839384.4163
2084.8868 23905506931.5779
2084.9980 23899450301.0493
2085.1092 95514159.2553
2085.2203 23885501709.0554
2085.3315 23893177671.2192
2085.4427 95114116.1165
2085.5539 23894646508.4090
2085.6651 23895164825.9047
2085.7763 95040624.3009
2085.8875 23898352013.4774
2085.9987 23893762335.3700
2086.1099 95716360.0447
2086.2210 23890680307.8773
2086.3322 23897856267.6252
2086.4434 95404987.6117
2086.5546 23895339168.0983
2086.6658 23889315634.1575
2086.7770 95425297.9914
2086.8882 23887649258.7311
2086.9994 23909560174.1215
2087.1105 95708076.3731
2087.2217 23898302140.0319
2087.3329 23898249297.6593
2087.4441 95634281.6719
2087.5553 23885279566.1767
2087.6665 23900749942.5822
2087.7777 95372463.2061
2087.8889 23889624524.7738
2088.0000 23899336941.1201
2088.1112 95589691.0431
2088.2224 23893658200.2988
2088.3336 23892420131.0548
2088.4448 95857279.9604
2088.5560 23891243871.5567
2088.6672 23893634551.7874
2088.7784 95646012.2438
2088.8896 23888799135.6035
2089.0007 23892980610.2271
2089.1119 95312078.0400
2089.2231 23876612555.7445
2089.3343 23896911643.0188
2089.4455 95272759.3157
2089.5567 23897780161.9800
2089.6679 23890185162.7882
2089.7791 95001850.7988
2089.8902 23894688979.8938
2090.0014 23887766475.4671
2090.1126 94821408.1627
2090.2238 23883122312.1742
2090.3350 23902377136.5552
2090.4462 95200641.6786
2090.5574 23900897619.6597
2090.6686 23885236662.6273
2090.7797 95432725.5964
2090.8909 23892913808.2134
2091.0021 23888151273.3518
2091.1133 95508325.4711
2091.2245 23892860066.2606
2091.3357 23882872595.8759
2091.4469 95564892.9031
2091.5581 23896678092.7741
2091.6693 23879231704.9169
2091.7804 95306332.4092
2091.8916 23897078523.1413
2092.0028 23885456951.8400
2092.1140 95148589.4920
2092.2252 23889104191.0065
2092.3364 23887036738.7175
2092.4476 95423894.8559
2092.5588 23898057376.1294
2092.6699 23878312474.0434
2092.7811 95076627.9630
2092.8923 23886525349.6177
2093.0035 23878018603.1460
2093.1147 94880601.2431
2093.2259 23886453219.2580
2093.3371 23891155604.8690
2093.4483 95326863.6750
2093.5594 23887454269.4070
2093.6706 23878640470.6425
2093.7818 95126555.9807
2093.8930 23882599773.0319
2094.0042 23878593889.1921
2094.1154 94925476.9375
2094.2266 23873493763.8338
2094.3378 23883105724.7784
2094.4490 95225693.1513
2094.5601 23882636214.7984
2094.6713 23897457516.9840
2094.7825 95050091.0757
2094.8937 23885876989.8542
2095.0049 23872517951.9496
2095.1161 95425034.8028
2095.2273 23876246017.0322
2095.3385 23886415680.6867
2095.4496 94620259.3572
2095.5608 23875227502.0041
2095.6720 23879739139.6471
2095.7832 95536341.8758
2095.8944 23885479123.5012
2096.0056 23875196710.3165
2096.1168 95414190.6802
2096.2280 23873588839.5686
2096.3391 23871478410.6935
2096.4503 95748390.0451
2096.5615 23876932641.7618
2096.6727 23872235459.7173
2096.7839 95079581.4145
2096.8951 23873687293.9950
2097.0063 23873230949.9282
2097.1175 94809515.1413
2097.2287 23878199972.1642
2097.3398 23866387021.2539
2097.4510 95642967.4562
2097.5622 23865625618.2706
2097.6734 23878491981.9299
2097.7846 95188185.6347
2097.8958 23870190598.6416
2098.0070 23867772550.9489
2098.1182 94941361.2449
2098.2293 23875985309.2529
2098.3405 23885085886.4559
2098.4517 95314329.9608
2098.5629 23873471382.0407
2098.6741 23868496754.0215
2098.7853 95415142.8286
2098.8965 23868296918.1081
2099.0077 23875007523.1392
2099.1189 95202840.0249
2099.2300 23868937352.1693
2099.3412 23869777832.4620
2099.4524 95718281.2258
2099.5636 23875827665.7702
2099.6748 23868164353.6490
2099.7860 95637921.0123
2099.8972 23866286130.8508
2100.0084 23879325414.6760
2100.1195 95292207.5739
2100.2307 23862517852.8587
2100.3419 23881884292.8090
2100.4531 95142163.5757
2100.5643 23875907053.4922
2100.6755 23865993981.3183
2100.7867 96147049.1036
2100.8979 23882332409.7338
2101.0090 23853401054.0837
2101.1202 96011173.4535
2101.2314 23860212735.0614
2101.3426 23872440421.5452
2101.4538 95001431.5970
2101.5650 23859101950.2230
2101.6762 23869575434.1182
2101.7874 95625134.3526
2101.8986 23851769404.9603
2102.0097 23868963704.6269
2102.1209 95550273.4438
2102.2321 23851558396.4082
2102.3433 23879248992.7580
2102.4545 95900551.3603
2102.5657 23862177632.7890
2102.6769 23859169773.1259
2102.7881 95049389.5332
2102.8992 23857227075.5585
2103.0104 23868652028.4130
2103.1216 95653718.0952
2103.2328 23863088886.3247
2103.3440 23882339513.6504
2103.4552 95266406.1673
2103.5664 23859472730.5223
2103.6776 23865615972.0493
2103.7887 95407306.9226
2103.8999 23848398279.3256
2104.0111 23884502333.7665
2104.1223 95267152.5817
2104.2335 23857472659.7265
2104.3447 23868466909.8677
2104.4559 94859438.2003
2104.5671 23857895154.2452
2104.6783 23872545475.0627
2104.7894 95398188.3516
2104.9006 23857389879.5863
2105.0118 23871286309.1404
2105.1230 95156029.5725
2105.2342 23870919825.9159
2105.3454 23860514944.4328
2105.4566 95370586.1688
2105.5678 23863510635.9016
2105.6789 23860656223.0934
2105.7901 95270398.1914
2105.9013 23862439184.1527
2106.0125 23858781606.1260
2106.1237 95129995.8986
2106.2349 23858109414.9455
2106.3461 23866551726.0096
2106.4573 95755005.0991
2106.5684 23864609796.0683
2106.6796 23860809702.3365
2106.7908 94890505.6307
2106.9020 23868287131.5369
2107.0132 23847345745.2243
2107.1244 95688404.0550
2107.2356 23859778385.0336
2107.3468 23868747310.4498
2107.4580 95136598.1802
2107.5691 23866773913.0991
2107.6803 23853956881.7601
2107.7915 95272308.5206
2107.9027 23859301536.3817
2108.0139 23853605465.1963
2108.1251 95554187.3647
2108.2363 23866038144.9322
2108.3475 23852376640.3202
2108.4586 95382359.5346
2108.5698 23850613207.3589
2108.6810 23857232002.3877
2108.7922 95237555.8825
2108.9034 23854620026.9786
2109.0146 23853792038.3766
2109.1258 95534543.8033
2109.2370 23868435522.6093
2109.3481 23850003453.8188
2109.4593 95353592.0449
2109.5705 23865017493.1785
2109.6817 23844299253.1825
2109.7929 95661189.2855
2109.9041 23852348512.4545
2110.0153 23854278485.6936
2110.1265 95212040.2845
2110.2377 23844703469.3350
2110.3488 23858444307.4793
2110.4600 95128700.2389
2110.5712 23864387738.5719
2110.6824 23854475581.3471
2110.7936 95142437.9564
2110.9048 23845352678.0363
2111.0160 23854045805.6888
2111.1272 95360272.1653
2111.2383 23842657830.0335
2111.3495 23854435797.0024
2111.4607 94964302.6644
2111.5719 23843067306.9812
2111.6831 23862517918.4484
2111.7943 95067021.1741
2111.9055 23859477874.4486
2112.0167 23843107058.3533
2112.1279 95205179.8145
2112.2390 23851892550.6768
2112.3502 23848795162.9700
2112.4614 95417006.4861
2112.5726 23838079235.6436
2112.6838 23862222789.1463
2112.7950 95294507.2536
2112.9062 23857365387.4229
2113.0174 23847786871.0696
2113.1285 94910733.4584
2113.2397 23847296770.6545
2113.3509 23854453986.2142
2113.4621 95239767.1141
2113.5733 23871764515.2570
2113.6845 23844367177.4242
2113.7957 95605236.4036
2113.9069 23842213862.1197
2114.0180 23845161765.9670
2114.1292 95356976.8418
2114.2404 23843920895.1318
2114.3516 23848964766.2675
2114.4628 95808704.1825
2114.5740 23851366004.1490
2114.6852 23838094981.1588
2114.7964 95150322.6800
2114.9076 23837599185.9558
2115.0187 23850687141.2351
2115.1299 95029461.0446
2115.2411 23860623933.8157
2115.3523 23835517694.0017
2115.4635 95910767.0676
2115.5747 23841445511.9246
2115.6859 23834825489.2449
2115.7971 94503605.8356
2115.9082 23844407756.7079
2116.0194 23834428305.5516
2116.1306 94870987.8610
2116.2418 23843989870.1069
2116.3530 23837178254.4628
2116.4642 95318340.5588
2116.5754 23836324015.8856
2116.6866 23854381870.7000
2116.7977 95335275.3639
2116.9089 23838059521.9768
2117.0201 23846456593.8962
2117.1313 95306924.3981
2117.2425 23848120159.3400
2117.3537 23833469285.5826
2117.4649 94895675.4950
2117.5761 23847742147.3959
2117.6873 23830111182.1257
2117.7984 95266608.8445
2117.9096 23836988952.0538
2118.0208 23838897225.4172
2118.1320 95348991.9584
2118.2432 23835585213.6467
2118.3544 23842212380.5286
2118.4656 94711792.2045
2118.5768 23841769234.2630
2118.6879 23828458664.4010
2118.7991 95185026.1063
2118.9103 23828500932.1743
2119.0215 23836334240.0433
2119.1327 95315800.4701
2119.2439 23837131361.3781
2119.3551 23830785098.5269
2119.4663 95289837.2193
2119.5774 23838725771.9335
2119.6886 23833855198.4892
2119.7998 94685497.5554
2119.9110 23841574685.6807
2120.0222 23827671975.7108
2120.1334 95659456.7231
2120.2446 23829799536.5172
2120.3558 23838004892.1247
2120.4670 95616134.4455
2120.5781 23843165278.0342
2120.6893 23835416127.7214
2120.8005 95040597.2971
2120.9117 23835027563.8776
2121.0229 23830508793.1213
2121.1341 95305696.4345
2121.2453 23825066280.7759
2121.3565 23833811539.1410
2121.4676 94805698.0417
2121.5788 23821021176.4287
2121.6900 23842272836.9715
2121.8012 95670457.5870
2121.9124 23835312969.6576
2122.0236 23834613738.5248
2122.1348 95331581.0360
2122.2460 23832911886.3071
2122.3571 23827348948.1301
2122.4683 95361781.5871
2122.5795 23836026601.5245
2122.6907 23821330823.5273
2122.8019 94757699.1508
2122.9131 23831865939.3845
2123.0243 23822287298.8345
2123.1355 95116497.0461
2123.2467 23825480848.7226
2123.3578 23823174776.0778
2123.4690 94925532.6821
2123.5802 23820788655.2397
2123.6914 23833620305.4535
2123.8026 95492465.5138
2123.9138 23818260310.9462
2124.0250 23841887172.3479
2124.1362 94798592.2184
2124.2473 23834942695.7788
2124.3585 23825698673.9424
2124.4697 95120862.0965
2124.5809 23827654492.9847
2124.6921 23821596153.2804
2124.8033 94363901.5920
2124.9145 23832930566.0727
2125.0257 23825652723.0148
2125.1369 95430513.8605
2125.2480 23827093896.2110
2125.3592 23826615678.8303
2125.4704 94841325.6535
2125.5816 23824122437.5507
2125.6928 23831424441.8190
2125.8040 94541226.6844
2125.9152 23816391322.6488
2126.0264 23825844888.9116
2126.1375 95110671.5490
2126.2487 23831819514.9644
2126.3599 23811148380.2508
2126.4711 95077133.0719
2126.5823 23819366728.9877
2126.6935 23820618877.4231
2126.8047 95447073.9766
2126.9159 23822972407.4024
2127.0270 23828119476.6531
2127.1382 94862506.4779
2127.2494 23808734017.9817
2127.3606 23835295767.5117
2127.4718 94874376.2501
2127.5830 23831061473.8288
2127.6942 23827158875.1030
2127.8054 95734189.0833
2127.9166 23829945817.2728
2128.0277 23814958383.4803
2128.1389 95681071.1717
2128.2501 23813448714.1409
2128.3613 23815713087.6024
2128.4725 95293026.7389
2128.5837 23799774134.9585
2128.6949 23811295244.7030
2128.8061 95151614.6671
2128.9172 23816639689.3969
2129.0284 23816098350.4272
2129.1396 95187768.2447
2129.2508 23815002900.4899
2129.3620 23829060569.5070
2129.4732 95181068.2508
2129.5844 23819832782.6334
2129.6956 23823786773.5483
2129.8067 95380795.1259
2129.9179 23808798903.5273
2130.0291 23819357235.6923
2130.1403 95628438.8913
2130.2515 23819348208.3777
2130.3627 23823312583.8071
2130.4739 94919114.4388
2130.5851 23800376460.7325
2130.6963 23828297357.8213
2130.8074 95241385.9387
2130.9186 23828695679.7991
2131.0298 23813173567.5571
2131.1410 94669749.8721
2131.2522 23817137531.8297
2131.3634 23814220524.8286
2131.4746 95233608.3347
2131.5858 23811036610.1658
2131.6969 23803841493.8055
2131.8081 95022196.6160
2131.9193 23815793544.4727
2132.0305 23817181483.8635
2132.1417 95134335.4525
2132.2529 23802016090.0583
2132.3641 23818027526.6136
2132.4753 95460646.5966
2132.5864 23822148340.2092
2132.6976 23806666889.8049
2132.8088 95292126.5380
2132.9200 23811508554.8948
2133.0312 23806881877.7707
2133.1424 94756467.4160
2133.2536 23795703772.9547
2133.3648 23819933616.2476
2133.4760 95340904.8084
2133.5871 23811883447.5333
2133.6983 23816957864.9551
2133.8095 95264540.9731
2133.9207 23812162996.2646
2134.0319 23805238884.9782
2134.1431 95125902.6770
2134.2543 23810320645.1109
2134.3655 23807752409.1659
2134.4766 94921515.3125
2134.5878 23805671512.9949
2134.6990 23798298640.9781
2134.8102 95367130.3035
2134.9214 23802703865.0414
2135.0326 23824050934.0835
2135.1438 95104759.8294
2135.2550 23814705037.0373
2135.3661 23811170631.5893
2135.4773 94980511.6279
2135.5885 23812557184.9517
2135.6997 23808701961.5510
2135.8109 95770244.1836
2135.9221 23813125430.7582
2136.0333 23817983139.8127
2136.1445 95240635.1436
2136.2557 23806681784.1644
2136.3668 23799450102.8743
2136.4780 95150680.8538
2136.5892 23803629850.4491
2136.7004 23807896068.0032
2136.8116 95647815.6347
2136.9228 23804772001.7502
2137.0340 23814663340.6101
2137.1452 94822002.4275
2137.2563 23816562028.7031
2137.3675 23797340062.9057
2137.4787 95065848.8352
2137.5899 23809168357.7103
2137.7011 23803583503.5194
2137.8123 94646393.2462
2137.9235 23809239057.6733
2138.0347 23805481365.9256
2138.1458 95173222.4965
2138.2570 23803192032.0226
2138.3682 23790917443.3098
2138.4794 94445063.2746
2138.5906 23808570748.5517
2138.7018 23799308846.6915
2138.8130 94787216.5423
2138.9242 23801647510.7383
2139.0354 23802999953.5618
2139.1465 94446599.3792
2139.2577 23789637861.3029
2139.3689 23808570028.9850
2139.4801 95097686.8812
2139.5913 23803012025.5189
2139.7025 23793615405.2705
2139.8137 94892170.8659
2139.9249 23803760246.4274
2140.0360 23799295465.8314
2140.1472 94764962.8487
2140.2584 23797768661.1212
2140.3696 23797217103.3588
2140.4808 95262278.9673
2140.5920 23791505487.6207
2140.7032 23807104716.5964
2140.8144 95160160.8173
2140.9256 23798067924.0942
2141.0367 23791359951.4866
2141.1479 95514148.5244
2141.2591 23794668513.8569
2141.3703 23802710809.4086
2141.4815 95342412.7756
2141.5927 23799479348.0127
2141.7039 23791946004.4035
2141.8151 94892560.9230
2141.9262 23794145195.2312
2142.0374 23791297382.8581
2142.1486 95188459.0103
2142.2598 23780471176.7169
2142.3710 23799252703.7491
2142.4822 95141963.2835
2142.5934 23786708978.5541
2142.7046 23809856278.0790
2142.8157 95038273.3506
2142.9269 23797155269.2149
2143.0381 23793933601.5173
2143.1493 95385209.3013
2143.2605 23799659050.7672
2143.3717 23798578459.6348
2143.4829 95319663.0803
2143.5941 23785539314.8291
2143.7053 23797050621.6129
2143.8164 94491760.2264
2143.9276 23793238834.4975
2144.0388 23807890879.3399
2144.1500 94583418.5824
2144.2612 23788648964.4058
2144.3724 23800941068.9874
2144.4836 94580004.3325
2144.5948 23798495283.9421
2144.7059 23808017467.2477
2144.8171 94558891.0706
2144.9283 23788738024.7841
2145.0395 23794346952.9537
2145.1507 95128610.7933
2145.2619 23789827131.7737
2145.3731 23801205726.5680
2145.4843 94814633.3994
2145.5954 23787160085.9916
2145.7066 23796968483.6503
2145.8178 94792941.0044
2145.9290 23779178558.4665
2146.0402 23807697431.3278
2146.1514 94814556.9330
2146.2626 23788318910.4781
2146.3738 23800509809.5164
2146.4850 94868264.6999
2146.5961 23795676949.8115
2146.7073 23778089514.2129
2146.8185 94795788.4100
2146.9297 23779902531.3030
2147.0409 23798216305.5340
2147.1521 94992902.5994
2147.2633 23801072803.5813
2147.3745 23789791365.7037
2147.4856 94677501.3112
2147.5968 23797607683.3266
2147.7080 23779817757.8666
2147.8192 94844153.9751
2147.9304 23789551744.8560
2148.0416 23791481472.3994
2148.1528 95445075.0304
2148.2640 23786596124.6923
2148.3751 23794668703.2152
2148.4863 94890115.1626
2148.5975 23798163301.8006
2148.7087 23779504245.3910
2148.8199 95159456.1743
2148.9311 23788052488.6783
2149.0423 23793907485.0850
2149.1535 95406971.2677
2149.2647 23796034476.5200
2149.3758 23783714849.5571
2149.4870 95271176.0939
2149.5982 23779728462.5267
2149.7094 23783499856.7273
2149.8206 94925870.3536
2149.9318 23784063446.3103
2150.0430 23775304432.2317
2150.1542 94688448.4243
2150.2653 23782349372.9211
2150.3765 23779963537.9467
2150.4877 94734506.9005
2150.5989 23776159047.3376
2150.7101 23776684506.0455
2150.8213 95160757.5658
2150.9325 23776105321.3494
2151.0437 23777524326.0324
2151.1548 94762377.7301
2151.2660 23781101035.3754
2151.3772 23790848509.5842
2151.4884 95000431.3857
2151.5996 23783584384.4715
2151.7108 23780769904.1634
2151.8220 95232756.3012
2151.9332 23785011426.3658
2152.0444 23787756463.0474
2152.1555 94859602.4535
2152.2667 23784359434.6601
2152.3779 23781455368.3355
2152.4891 94888957.7837
2152.6003 23782090764.4016
2152.7115 23775365388.7634
2152.8227 95031740.1123
2152.9339 23789633529.8811
2153.0450 23775870229.5918
2153.1562 95073825.8085
2153.2674 23771168733.4025
2153.3786 23782258375.6461
2153.4898 94787590.7147
2153.6010 23774985816.1807
2153.7122 23781737145.7746
2153.8234 94983151.1627
2153.9346 23785219373.4122
2154.0457 23780675614.1885
2154.1569 95353825.9837
2154.2681 23773279182.0447
2154.3793 23787122396.9338
2154.4905 94862275.9562
2154.6017 23775853168.2985
2154.7129 23785345647.1564
2154.8241 94786116.1446
2154.9352 23780164644.2468
2155.0464 23771354720.1935
2155.1576 94725974.9575
2155.2688 23776329048.7565
2155.3800 23773890425.8262
2155.4912 94902702.5133
2155.6024 23779240524.5940
2155.7136 23780267614.6674
2155.8247 95449129.1555
2155.9359 23775341734.8974
2156.0471 23773581108.9355
2156.1583 94919013.0454
2156.2695 23775131985.6100
2156.3807 23781295421.7401
2156.4919 95269855.1966
2156.6031 23762899390.2312
2156.7143 23777058456.2469
2156.8254 95503009.5280
2156.9366 23778024807.2211
2157.0478 23771020367.5793
2157.1590 95001290.8945
2157.2702 23779895813.7663
2157.3814 23773613199.0662
2157.4926 94924697.2165
2157.6038 23766370965.3359
2157.7149 23779694171.1592
2157.8261 94109389.4291
2157.9373 23774971095.3474
2158.0485 23778518445.5754
2158.1597 95227906.0210
2158.2709 23765344992.7987
2158.3821 23771660975.7445
2158.4933 94735175.3830
2158.6044 23770741594.5830
2158.7156 23777046371.7841
2158.8268 94818771.2156
2158.9380 23768719344.0828
2159.0492 23761087202.3399
2159.1604 94543641.4928
2159.2716 23775591724.6938
2159.3828 23765676956.5686
2159.4940 95274152.0718
2159.6051 23773137514.4242
2159.7163 23758310453.8827
2159.8275 94965210.1479
2159.9387 23765434826.9878
2160.0499 23777067685.6786
2160.1611 95074442.1414
2160.2723 23757879422.9833
2160.3835 23773286388.6448
2160.4946 94457691.0005
2160.6058 23774794911.4787
2160.7170 23753631701.8018
2160.8282 95196624.2709
2160.9394 23769150481.1146
2161.0506 23768679878.5614
2161.1618 95302560.4076
2161.2730 23761894251.7429
2161.3841 23780451565.8002
2161.4953 95408502.9558
2161.6065 23778985408.6171
2161.7177 23760492065.1474
2161.8289 94549713.2457
2161.9401 23761706461.6578
2162.0513 23762876131.8985
2162.1625 95403373.1504
2162.2737 23763610925.1222
2162.3848 23768901303.1356
2162.4960 94736557.0564
2162.6072 23768399918.1050
2162.7184 23762640723.0471
2162.8296 95293724.1087
2162.9408 23760198339.8724
2163.0520 23763701783.8094
2163.1632 95167287.8308
2163.2743 23762485174.7205
2163.3855 23759571307.6468
2163.4967 94889354.5174
2163.6079 23763807366.6715
2163.7191 23763568018.2168
2163.8303 95184577.7661
2163.9415 23767476828.0743
2164.0527 23766319039.7820
2164.1638 95347605.1305
2164.2750 23774979727.0493
2164.3862 23748166023.1461
2164.4974 94688433.1879
2164.6086 23757020326.1219
2164.7198 23764642060.3646
2164.8310 94882271.2248
2164.9422 23778054820.0271
2165.0534 23753667557.8021
2165.1645 94793182.6710
2165.2757 23764569653.7292
2165.3869 23752263922.5190
2165.4981 94755693.3265
2165.6093 23764519913.1855
2165.7205 23756111991.1115
2165.8317 94473477.9458
2165.9429 23747399151.5290
2166.0540 23766144157.0304
2166.1652 95282392.5010
2166.2764 23753899754.2790
2166.3876 23767578734.1843
2166.4988 94466527.5269
2166.6100 23764932143.0288
2166.7212 23749456697.2300
2166.8324 94977071.6153
2166.9435 23762171578.7755
2167.0547 23765532969.4117
2167.1659 94759964.2646
2167.2771 23754150872.3400
2167.3883 23761451535.6417
2167.4995 95061599.9515
2167.6107 23752085710.6454
2167.7219 23758413075.2900
2167.8331 95031072.7235
2167.9442 23753952491.0635
2168.0554 23757533133.7298
2168.1666 94968803.8051
2168.2778 23751126461.9392
2168.3890 23756070295.7677
2168.5002 94296719.7931
2168.6114 23754204801.0390
2168.7226 23749696482.0454
2168.8337 95087503.7090
2168.9449 23753018260.7765
2169.0561 23751706870.5024
2169.1673 94804654.5019
2169.2785 23747259692.4391
2169.3897 23767634895.9682
2169.5009 94951996.1357
2169.6121 23749450905.7212
2169.7233 23747845054.5787
2169.8344 95160081.2826
2169.9456 23750027304.3127
2170.0568 23740820191.9114
2170.1680 94830247.0728
2170.2792 23742702265.8588
2170.3904 23764914925.5574
2170.5016 94641632.9490
2170.6128 23749952964.9121
2170.7239 23762370826.9876
2170.8351 94703782.3310
2170.9463 23755720089.9102
2171.0575 23744703984.3924
2171.1687 94950313.8607
2171.2799 23756854335.8600
2171.3911 23740274254.0089
2171.5023 95004063.0965
2171.6134 23750669885.0724
2171.7246 23755629026.3796
2171.8358 95037072.7866
2171.9470 23754631383.4407
2172.0582 23750264125.6194
2172.1694 95023858.7647
2172.2806 23738907238.4858
2172.3918 23756498648.0855
2172.5030 95312613.0827
2172.6141 23748088777.4033
2172.7253 23747550633.3789
2172.8365 94966699.6112
2172.9477 23744209504.5994
2173.0589 23751908034.6114
2173.1701 94953225.8009
2173.2813 23752972326.0648
2173.3925 23758965496.9452
2173.5036 94615907.4097
2173.6148 23758820728.2803
2173.7260 23740379682.9637
2173.8372 94522440.3484
2173.9484 23738129713.2741
2174.0596 23756477768.9259
2174.1708 94837889.9775
2174.2820 23748510127.8767
2174.3931 23748381478.4303
2174.5043 95051894.9778
2174.6155 23751781792.5019
2174.7267 23743105998.3768
2174.8379 94506580.4402
2174.9491 23750226537.2081
2175.0603 23745919405.4777
2175.1715 94789017.3374
2175.2827 23748738457.2672
2175.3938 23732825394.5219
2175.5050 95243922.4449
2175.6162 23745686386.4719
2175.7274 23747829759.4367
2175.8386 95215343.5318
2175.9498 23738853380.3550
2176.0610 23741130823.7972
2176.1722 95317914.3972
2176.2833 23757917023.9002
2176.3945 23734338609.6320
2176.5057 94527217.9227
2176.6169 23742894070.0124
2176.7281 23754268964.5230
2176.8393 94898879.9311
2176.9505 23743111884.1458
2177.0617 23736631224.8472
2177.1728 94719120.9360
2177.2840 23743621283.9351
2177.3952 23738927645.5445
2177.5064 94516198.2412
2177.6176 23734759143.8787
2177.7288 23747356147.5935
2177.8400 94965676.6786
2177.9512 23738648604.7790
2178.0624 23741565971.9100
2178.1735 94620214.5350
2178.2847 23738014298.4406
2178.3959 23744849478.1871
2178.5071 94615413.2496
2178.6183 23738366932.2019
2178.7295 23733589369.3268
2178.8407 94585286.3940
2178.9519 23731679406.5755
2179.0630 23751011077.2458
2179.1742 94562164.0693
2179.2854 23737803132.3241
2179.3966 23739997793.6169
2179.5078 94790082.3016
2179.6190 23745846974.0021
2179.7302 23736681281.3510
2179.8414 94739706.2908
2179.9525 23739626931.0361
2180.0637 23738454311.1468
2180.1749 95006173.4260
2180.2861 23748309775.1497
2180.3973 23731785311.2800
2180.5085 95120713.2990
2180.6197 23733824859.9285
2180.7309 23745019911.8418
2180.8421 95019186.2479
2180.9532 23735250542.4006
2181.0644 23734763562.2983
2181.1756 94592563.7744
2181.2868 23736575943.4233
2181.3980 23739543325.3526
2181.5092 94887431.6074
2181.6204 23722028856.0321
2181.7316 23740528274.6807
2181.8427 94387759.4396
2181.9539 23738756387.8184
2182.0651 23731945166.2298
2182.1763 94429551.4741
2182.2875 23742493393.5188
2182.3987 23734750010.8610
2182.5099 95176007.2797
2182.6211 23726853966.0411
2182.7323 23745707302.5392
2182.8434 94045013.4127
2182.9546 23726215521.5095
2183.0658 23734619515.3188
2183.1770 95348712.5742
2183.2882 23725997843.3356
2183.3994 23741520878.4827
2183.5106 94801425.6753
2183.6218 23731613189.4616
2183.7329 23733706501.0903
2183.8441 94199695.0882
2183.9553 23734996642.8738
2184.0665 23727243061.1743
2184.1777 94517208.9194
2184.2889 23733498894.9738
2184.4001 23721033924.8811
2184.5113 94983720.2781
2184.6224 23730924069.3808
2184.7336 23733635803.0159
2184.8448 95067685.6849
2184.9560 23729897109.5370
2185.0672 23725414392.5314
2185.1784 94519077.5838
2185.2896 23730278684.1166
2185.4008 23729103593.7923
2185.5120 94383354.5094
2185.6231 23723867669.9256
2185.7343 23743012729.0728
2185.8455 94914144.1939
2185.9567 23727882587.7943
2186.0679 23726828723.3584
2186.1791 94664628.4937
2186.2903 23726918506.1924
2186.4015 23729714871.7566
2186.5126 94683472.0957
2186.6238 23728051129.8303
2186.7350 23719780910.5484
2186.8462 94710253.6956
2186.9574 23721457528.3239
2187.0686 23726599899.3930
2187.1798 94912068.7042
2187.2910 23726380094.0528
2187.4021 23730319996.1080
2187.5133 94738624.4905
2187.6245 23728565186.0958
2187.7357 23725671940.2759
2187.8469 95086835.6553
2187.9581 23718880334.9430
2188.0693 23724403154.9413
2188.1805 94764744.4069
2188.2917 23729919500.6925
2188.4028 23727649875.0639
2188.5140 94725688.0124
2188.6252 23729576513.3332
2188.7364 23733301678.9620
2188.8476 94816877.2789
2188.9588 23727200459.9502
2189.0700 23718907865.7848
2189.1812 94520323.0622
2189.2923 23720377462.5657
2189.4035 23722687092.8871
2189.5147 94304268.0410
2189.6259 23723135799.5267
2189.7371 23719127236.9509
2189.8483 94453567.8967
2189.9595 23718871626.4513
2190.0707 23716736570.2457
2190.1818 94777936.7400
2190.2930 23722392642.2673
2190.4042 23719652800.4529
2190.5154 94810797.1236
2190.6266 23723499833.4281
2190.7378 23734174000.5858
2190.8490 95006858.7251
2190.9602 23719603106.2222
2191.0714 23728559391.6274
2191.1825 94537850.0541
2191.2937 23726904369.8720
2191.4049 23717572240.5548
2191.5161 94405206.9039
2191.6273 23729156144.3553
2191.7385 23718771557.8982
2191.8497 95228563.2411
2191.9609 23725071078.5304
2192.0720 23720636274.6078
2192.1832 94829525.5149
2192.2944 23713354634.2901
2192.4056 23725710036.6122
2192.5168 94155817.8046
2192.6280 23725991791.6991
2192.7392 23721656124.8165
2192.8504 95256223.8743
2192.9615 23719984364.5743
2193.0727 23724141209.9796
2193.1839 95229634.9961
2193.2951 23724910055.5559
2193.4063 23712118956.3346
2193.5175 94481188.1014
2193.6287 23716824046.0037
2193.7399 23708150150.1920
2193.8511 94485769.3174
2193.9622 23709254242.2286
2194.0734 23715311945.7215
2194.1846 94783888.2462
2194.2958 23714610513.8922
2194.4070 23724754963.8170
2194.5182 94571991.9530
2194.6294 23721227212.4954
2194.7406 23707884248.8935
2194.8517 94640943.3121
2194.9629 23726702918.1668
2195.0741 23713126787.4855
2195.1853 95120455.8686
2195.2965 23708869871.9164
2195.4077 23714965584.8878
2195.5189 95014194.5235
2195.6301 23715441025.8699
2195.7413 23709212385.1068
2195.8524 94659523.8838
2195.9636 23710862968.9398
2196.0748 23714793766.9220
2196.1860 94559410.7446
2196.2972 23716479699.9361
2196.4084 23724653937.3112
2196.5196 94769244.8307
2196.6308 23727665538.1643
2196.7419 23713854610.6437
2196.8531 95590184.7854
2196.9643 23716154475.7991
2197.0755 23711469920.3239
2197.1867 94632176.5056
2197.2979 23721353849.7232
2197.4091 23703568628.7886
2197.5203 94769984.8909
2197.6314 23720234050.1441
2197.7426 23718289871.5029
2197.8538 94353199.1878
2197.9650 23723964477.5649
2198.0762 23711013911.3703
2198.1874 94878087.3121
2198.2986 23721679248.8053
2198.4098 23707120324.9064
2198.5210 94889215.6282
2198.6321 23708445107.0917
2198.7433 23707063099.2281
2198.8545 94467995.4255
2198.9657 23712246154.0388
2199.0769 23710743543.4967
2199.1881 94506668.6825
2199.2993 23699610124.8461
2199.4105 23701152123.2620
2199.5216 94662903.3383
2199.6328 23707026359.5124
2199.7440 23715057915.8299
2199.8552 94520962.7290
2199.9664 23705010643.7957
2200.0776 23713936779.1823
2200.1888 94792154.2944
2200.3000 23721138526.8164
2200.4111 23700750201.4535
2200.5223 95053391.4472
2200.6335 23717980356.3985
2200.7447 23700712923.5197
2200.8559 94827119.1431
2200.9671 23705959420.6220
2201.0783 23706875993.0905
2201.1895 94809520.3664
2201.3007 23707870019.7051
2201.4118 23701939801.4159
2201.5230 94833231.0211
2201.6342 23697803052.7810
2201.7454 23711470897.8067
2201.8566 94455802.0228
2201.9678 23717261079.6931
2202.0790 23696267812.7255
2202.1902 94640715.8658
2202.3013 23706768706.3143
2202.4125 23704721825.2228
2202.5237 94582324.8813
2202.6349 23700000073.1486
2202.7461 23711085536.2162
2202.8573 94837178.4028
2202.9685 23710290375.7851
2203.0797 23712336864.0862
2203.1908 94735045.3055
2203.3020 23713453750.8015
2203.4132 23703766065.5375
2203.5244 93978672.4146
2203.6356 23694533673.0871
2203.7468 23704820574.4676
2203.8580 94771328.7682
2203.9692 23699049701.1464
2204.0804 23710072787.8433
2204.1915 94259342.9056
2204.3027 23695993130.6630
2204.4139 23694183202.4692
2204.5251 95004160.0097
2204.6363 23692632124.4839
2204.7475 23696160492.9354
2204.8587 94464624.7339
2204.9699 23704268173.2873
2205.0810 23701070626.4021
2205.1922 94917220.1973
2205.3034 23691538437.3206
2205.4146 23695588627.3400
2205.5258 95050320.8719
2205.6370 23689752821.0809
2205.7482 23701979448.9078
2205.8594 94340450.3991
2205.9705 23685144765.9333
2206.0817 23712410188.0599
2206.1929 94671380.2105
2206.3041 23703407805.2643
2206.4153 23699289593.5853
2206.5265 94226938.1758
2206.6377 23700711890.7002
2206.7489 23701200824.3756
2206.8601 94713647.3013
2206.9712 23700206658.7161
2207.0824 23702264537.4614
2207.1936 94817312.2821
2207.3048 23699717662.3041
2207.4160 23686159427.0610
2207.5272 94796654.9482
2207.6384 23695959576.3467
2207.7496 23696578999.6292
2207.8607 95016863.1267
2207.9719 23700490361.2629
2208.0831 23688872172.5487
2208.1943 94333432.6795
2208.3055 23688290034.2862
2208.4167 23705883557.5151
2208.5279 94764551.0324
2208.6391 23700323959.3202
2208.7502 23691159023.4464
2208.8614 95038234.6211
2208.9726 23690805742.7470
2209.0838 23694379155.0238
2209.1950 94268444.8449
2209.3062 23687980646.1627
2209.4174 23707733828.0704
2209.5286 94520293.6564
2209.6398 23702751487.9340
2209.7509 23696008579.7702
2209.8621 94535200.4319
2209.9733 23697644930.5933
2210.0845 23704994791.4220
2210.1957 94957039.1609
2210.3069 23688341013.6677
2210.4181 23694752599.7501
2210.5293 93907000.8275
2210.6404 23695523406.5082
2210.7516 23695060121.5246
2210.8628 94573082.3439
2210.9740 23690961874.6024
2211.0852 23693879117.7798
2211.1964 94854177.5474
2211.3076 23683966188.5861
2211.4188 23706588485.3093
2211.5300 95027268.8927
2211.6411 23683159741.6972
2211.7523 23696651864.0500
2211.8635 94294620.7305
2211.9747 23700620436.7967
2212.0859 23680885535.8232
2212.1971 94363622.0743
2212.3083 23688499118.5115
2212.4195 23682435545.7344
2212.5306 94314849.6944
2212.6418 23684535376.1551
2212.7530 23702871802.7234
2212.8642 94438031.6048
2212.9754 23697628330.6259
2213.0866 23694255371.3307
2213.1978 94135035.9752
2213.3090 23697592014.8667
2213.4201 23696328538.7562
2213.5313 94650541.6563
2213.6425 23691833312.4254
2213.7537 23689345834.0605
2213.8649 94538677.4409
2213.9761 23686438095.5835
2214.0873 23689105408.4145
2214.1985 94548050.7398
2214.3097 23685228430.1830
2214.4208 23688076297.3565
2214.5320 94373807.6650
2214.6432 23682692091.7137
2214.7544 23685534776.8420
2214.8656 94843336.5303
2214.9768 23686989043.3329
2215.0880 23690613745.1570
2215.1992 94807895.8248
2215.3103 23685456718.4575
2215.4215 23704015898.7793
2215.5327 94514618.9343
2215.6439 23693588943.6150
2215.7551 23682328875.5614
2215.8663 94555580.8430
2215.9775 23696379292.5696
2216.0887 23674382740.8686
2216.1998 94063195.9496
2216.3110 23689200431.6927
2216.4222 23683741674.0304
2216.5334 94007067.2581
2216.6446 23677949093.8290
2216.7558 23698347892.1614
2216.8670 94559246.9309
2216.9782 23688345201.0456
2217.0894 23680409431.3161
2217.2005 94093950.8861
2217.3117 23688123938.6057
2217.4229 23682137146.5925
2217.5341 94701986.1360
2217.6453 23678841906.7114
2217.7565 23686021552.2058
2217.8677 94969285.5234
2217.9789 23670783015.3369
2218.0900 23679752238.8360
2218.2012 94924636.5462
2218.3124 23689224705.0393
2218.4236 23674573836.7536
2218.5348 94649450.4857
2218.6460 23682282134.0112
2218.7572 23685655554.3470
2218.8684 94696719.4652
2218.9795 23685061045.4463
2219.0907 23688808627.9182
2219.2019 94346476.1820
2219.3131 23681198389.6157
2219.4243 23680367527.6204
2219.5355 94107090.8347
2219.6467 23676530708.6628
2219.7579 23690775657.2222
2219.8691 94981937.4438
2219.9802 23676733727.5156
2220.0914 23683798474.0320
2220.2026 94975262.6211
2220.3138 23673185277.1556
2220.4250 23680745916.7299
2220.5362 94789760.0626
2220.6474 23681623109.1287
2220.7586 23681481519.2644
2220.8697 94664855.9094
2220.9809 23687893013.8071
2221.0921 23672136790.9782
2221.2033 94600964.5118
2221.3145 23685190375.4455
2221.4257 23681806281.7407
2221.5369 94018539.8577
2221.6481 23669424714.0017
2221.7592 23682490373.8502
2221.8704 94819474.9308
2221.9816 23686603350.8743
2222.0928 23672760675.6020
2222.2040 94375962.0523
2222.3152 23675204892.2249
2222.4264 23677852685.0874
2222.5376 94311073.0586
2222.6488 23679116488.1237
2222.7599 23673280760.4068
2222.8711 94606601.2673
2222.9823 23667311078.2330
2223.0935 23685292894.4992
2223.2047 94371822.4342
2223.3159 23673024495.1388
2223.4271 23676571414.2092
2223.5383 94732831.1577
2223.6494 23676401211.1981
2223.7606 23681613760.9012
2223.8718 94521419.8631
2223.9830 23669930508.2275
2224.0942 23682314819.1419
2224.2054 94328205.3894
2224.3166 23676685471.7187
2224.4278 23674812261.2285
2224.5390 94514474.9598
2224.6501 23665853543.1534
2224.7613 23686975894.8227
2224.8725 94376855.8555
2224.9837 23675256343.4365
2225.0949 23684071636.3415
2225.2061 94281574.2885
2225.3173 23676682059.0606
2225.4285 23666769993.1715
2225.5396 94635400.0834
2225.6508 23676670103.1590
2225.7620 23670241703.2731
2225.8732 94331191.7973
2225.9844 23671921870.6743
2226.0956 23687331133.0908
2226.2068 94887867.5338
2226.3180 23670174961.7458
2226.4291 23676800688.2978
2226.5403 94719284.2513
2226.6515 23678734967.5242
2226.7627 23667601184.7756
2226.8739 94546418.8510
2226.9851 23668916042.6579
2227.0963 23676017719.8565
2227.2075 94577600.5776
2227.3187 23679705826.4231
2227.4298 23669282938.6926
2227.5410 94063776.3139
2227.6522 23665173753.2146
2227.7634 23673220687.2016
2227.8746 94385665.9909
2227.9858 23672611911.6447
2228.0970 23671235736.1296
2228.2082 94614799.8489
2228.3193 23666628177.0633
2228.4305 23677890242.6063
2228.5417 94659750.0706
2228.6529 23667569502.9054
2228.7641 23668753457.6828
2228.8753 94186113.3434
2228.9865 23673907563.8704
2229.0977 23665268495.9431
2229.2088 94634940.3084
2229.3200 23653304074.5170
2229.4312 23663701492.1436
2229.5424 94546724.3833
2229.6536 23663709282.4280
2229.7648 23663894766.5995
2229.8760 94548463.1028
2229.9872 23670862917.4101
2230.0984 23660866938.3889
2230.2095 94846898.3603
2230.3207 23666663031.1629
2230.4319 23664612438.0459
2230.5431 94739267.2914
2230.6543 23658993202.5633
2230.7655 23659573230.1209
2230.8767 94826020.3840
2230.9879 23673896112.6470
2231.0990 23658695148.8388
2231.2102 94297265.7916
2231.3214 23658073521.7684
2231.4326 23667906503.1395
2231.5438 94642353.3729
2231.6550 23670055211.7846
2231.7662 23674630027.7453
2231.8774 95026333.9531
2231.9885 23659191055.1197
2232.0997 23654391610.3010
2232.2109 94974176.0406
2232.3221 23659869202.3628
2232.4333 23654411154.7942
2232.5445 94534402.1963
2232.6557 23658463158.2143
2232.7669 23660715536.4324
2232.8781 94502364.5074
2232.9892 23665901358.1762
2233.1004 23666699500.0376
2233.2116 94693323.8165
2233.3228 23664491202.8627
2233.4340 23661954231.1629
2233.5452 94550737.8905
2233.6564 23657028139.0222
2233.7676 23670526968.3255
2233.8787 94986960.7887
2233.9899 23668833172.5679
2234.1011 23659996204.6577
2234.2123 94751265.5685
2234.3235 23662147895.9866
2234.4347 23656923006.4464
2234.5459 94321505.5681
2234.6571 23660701717.3854
2234.7682 23661304027.3062
2234.8794 94297665.5214
2234.9906 23659056457.8832
2235.1018 23664123743.9646
2235.2130 94615078.2328
2235.3242 23671684932.1520
2235.4354 23656007272.9056
2235.5466 94143346.0370
2235.6578 23661392091.5837
2235.7689 23652190285.8952
2235.8801 94481347.0545
2235.9913 23654408264.5989
2236.1025 23664142893.2273
2236.2137 95207970.8825
2236.3249 23660920749.1199
2236.4361 23659085181.3906
2236.5473 94990575.1209
2236.6584 23669367588.0472
2236.7696 23653212006.2735
2236.8808 94996949.9868
2236.9920 23654328103.9594
2237.1032 23665195136.2378
2237.2144 94417347.3015
2237.3256 23667541172.0145
2237.4368 23658213722.0185
2237.5480 94717400.7679
2237.6591 23660180124.0974
2237.7703 23657620453.0196
2237.8815 94353685.2370
2237.9927 23652880341.1054
2238.1039 23655799388.4685
2238.2151 94729489.4707
2238.3263 23657839470.0508
2238.4375 23658058502.3049
2238.5486 94680290.6222
2238.6598 23652198641.8827
2238.7710 23661176027.3564
2238.8822 94348614.8867
2238.9934 23657109801.8388
2239.1046 23654056755.8853
2239.2158 94357462.9330
2239.3270 23664196493.8995
2239.4381 23642462231.4742
2239.5493 94620424.8909
2239.6605 23655354949.6361
2239.7717 23653625457.0128
2239.8829 94620327.5791
2239.9941 23639961916.8142
2240.1053 23652613206.0613
2240.2165 95166732.8388
2240.3277 23653428184.7057
2240.4388 23642136704.1768
2240.5500 94339192.4180
2240.6612 23647420865.2520
2240.7724 23648949341.7682
2240.8836 94420273.1014
2240.9948 23657600125.3448
2241.1060 23645525016.9481
2241.2172 94798531.6608
2241.3283 23642553659.7829
2241.4395 23650545217.8917
2241.5507 94308086.1179
2241.6619 23640697833.3239
2241.7731 23667910991.6924
2241.8843 94563200.2042
2241.9955 23644641348.5606
2242.1067 23662482226.4419
2242.2178 94105563.1736
2242.3290 23650988118.9267
2242.4402 23657029675.2831
2242.5514 93955202.5503
2242.6626 23634780447.8081
2242.7738 23664300492.8718
2242.8850 94577693.2029
2242.9962 23639709305.9835
2243.1074 23665683676.9298
2243.2185 94108787.8136
2243.3297 23662816926.4227
2243.4409 23643042785.1869
2243.5521 94576943.3312
2243.6633 23649848222.4180
2243.7745 23654441340.4047
2243.8857 94377639.4872
2243.9969 23648166789.4580
2244.1080 23655865359.8388
2244.2192 94345826.4143
2244.3304 23659228807.8482
2244.4416 23633876423.9701
2244.5528 93958714.6041
2244.6640 23640883300.6275
2244.7752 23646721389.0728
2244.8864 93867179.3142
2244.9975 23650343912.8838
2245.1087 23636459424.1165
2245.2199 94422128.5475
2245.3311 23650756262.3724
2245.4423 23646941721.5415
2245.5535 94450341.0587
2245.6647 23639704655.0015
2245.7759 23634946883.1091
2245.8871 94460841.3968
2245.9982 23642542709.6005
2246.1094 23651775278.6377
2246.2206 93793862.0119
2246.3318 23648806787.8535
2246.4430 23632782956.2829
2246.5542 94441200.2691
2246.6654 23634645193.2473
2246.7766 23643962567.9669
2246.8877 94519375.4999
2246.9989 23638374570.7766
2247.1101 23636102602.7375
2247.2213 94675182.0883
2247.3325 23630990591.2117
2247.4437 23650954125.2391
2247.5549 94285690.2450
2247.6661 23640233679.7967
2247.7772 23637244803.4419
2247.8884 94546113.4074
2247.9996 23632855624.8419
2248.1108 23649272568.9689
2248.2220 94780375.0535
2248.3332 23647642329.8022
2248.4444 23646368476.8601
2248.5556 94308371.2311
2248.6668 23638535192.7190
2248.7779 23651184882.2845
2248.8891 94355395.7749
2249.0003 23652897877.1124
2249.1115 23647783123.8983
2249.2227 94476879.9586
2249.3339 23638782260.8774
2249.4451 23642341697.9058
2249.5563 93692560.4204
2249.6674 23653568156.9567
2249.7786 23646573419.1950
2249.8898 94126486.0833
2250.0010 23634349822.7891
2250.1122 23645296467.6071
2250.2234 94221582.0599
2250.3346 23643249466.5835
2250.4458 23648139070.6733
2250.5569 94870195.2027
2250.6681 23643960705.7436
2250.7793 23648462890.6790
2250.8905 94740169.1630
2251.0017 23642226780.1906
2251.1129 23635550638.5448
2251.2241 94542861.1467
2251.3353 23641711487.1968
2251.4465 23634520579.9591
2251.5576 94254553.7381
2251.6688 23642564419.0997
2251.7800 23650330611.7973
2251.8912 94919170.3711
2252.0024 23656434472.8214
2252.1136 23629310896.0188
2252.2248 94423848.5964
2252.3360 23641369033.4122
2252.4471 23635314006.8077
2252.5583 94226600.2448
2252.6695 23628373039.4285
2252.7807 23647416265.7881
2252.8919 94826667.2329
2253.0031 23637285540.7175
2253.1143 23636905199.7321
2253.2255 93900781.3239
2253.3367 23643254989.8447
2253.4478 23620405946.0895
2253.5590 94073247.6144
2253.6702 23628660606.3075
2253.7814 23636649212.8708
2253.8926 94248005.0581
2254.0038 23636883301.2528
2254.1150 23625858176.3657
2254.2262 94379390.6497
2254.3373 23631927500.2589
2254.4485 23637611730.7231
2254.5597 94675371.7325
2254.6709 23636671804.4724
2254.7821 23650031893.7811
2254.8933 94535707.5421
2255.0045 23633167803.1153
2255.1157 23642489793.5503
2255.2268 94402939.6249
2255.3380 23634843387.3783
2255.4492 23627474169.6953
2255.5604 94124695.2588
2255.6716 23617959865.6141
2255.7828 23644029746.9245
2255.8940 94227048.3589
2256.0052 23636556598.9509
2256.1164 23637301365.9810
2256.2275 94624959.8541
2256.3387 23631110444.7648
2256.4499 23624048356.2124
2256.5611 94762945.2697
2256.6723 23634209011.6572
2256.7835 23637697510.2172
2256.8947 94207891.0335
2257.0059 23643363885.5841
2257.1170 23622704741.1275
2257.2282 94348623.1048
2257.3394 23631615604.9618
2257.4506 23625757319.0296
2257.5618 94511326.1671
2257.6730 23634447424.6393
2257.7842 23627391448.2905
2257.8954 94594952.6098
2258.0065 23625672190.1215
2258.1177 23638491879.0483
2258.2289 94417696.3203
2258.3401 23633325293.9937
2258.4513 23639756054.7592
2258.5625 94518312.6707
2258.6737 23622875722.5953
2258.7849 23641147644.0173
2258.8961 94349479.7981
2259.0072 23622900039.1836
2259.1184 23636791431.5854
2259.2296 94373863.1066
2259.3408 23622841406.9473
2259.4520 23637476694.3608
2259.5632 94436898.3226
2259.6744 23629358756.6169
2259.7856 23627048798.4141
2259.8967 94834083.0244
2260.0079 23642043459.0570
2260.1191 23631374087.3443
2260.2303 94230265.3800
2260.3415 23627167271.1221
2260.4527 23629665814.6169
2260.5639 94294619.7485
2260.6751 23624455762.4701
2260.7862 23620651701.7786
2260.8974 94220211.6034
2261.0086 23621136186.9323
2261.1198 23631384344.7723
2261.2310 93862577.6063
2261.3422 23636142668.7584
2261.4534 23624468822.8626
2261.5646 94328795.9699
2261.6758 23628697000.7356
2261.7869 23637157180.3431
2261.8981 94433227.6645
2262.0093 23624006356.7770
2262.1205 23619833418.3850
2262.2317 94379975.4745
2262.3429 23628356549.8538
2262.4541 23634929056.4085
2262.5653 94205071.1678
2262.6764 23620081534.6449
2262.7876 23638560944.5043
2262.8988 94173005.1716
2263.0100 23627707722.2573
2263.1212 23630862590.1821
2263.2324 94171602.8626
2263.3436 23640346965.8632
2263.4548 23627205163.9055
2263.5659 94258949.5811
2263.6771 23624961035.5289
2263.7883 23620982594.8973
2263.8995 94122365.7515
2264.0107 23625656531.3912
2264.1219 23613932252.5994
2264.2331 94549338.5926
2264.3443 23617719966.4145
2264.4555 23624229220.3969
2264.5666 93971300.6112
2264.6778 23627451169.5131
2264.7890 23613148753.2543
2264.9002 94437177.3925
2265.0114 23627675011.2902
2265.1226 23614285966.6120
2265.2338 94311528.8986
2265.3450 23616191486.5873
2265.4561 23631837486.8773
2265.5673 94867872.1273
2265.6785 23624463395.2138
2265.7897 23612474350.6051
2265.9009 93958213.6160
2266.0121 23621303788.0679
2266.1233 23610454942.7672
2266.2345 94652813.7941
2266.3457 23616497543.6003
2266.4568 23614021863.5555
2266.5680 94016313.0229
2266.6792 23612194413.2867
2266.7904 23622617037.6605
2266.9016 94059348.4199
2267.0128 23614930077.6136
2267.1240 23618487435.2107
2267.2352 94339024.8537
2267.3463 23620630611.2176
2267.4575 23626246064.1215
2267.5687 93936085.2502
2267.6799 23611451144.8774
2267.7911 23628224164.9240
2267.9023 94267559.2258
2268.0135 23622658954.6126
2268.1247 23638367219.4392
2268.2358 94273037.1914
2268.3470 23627759302.1300
2268.4582 23623106114.8485
2268.5694 94122713.1086
2268.6806 23629129367.6241
2268.7918 23602617248.7005
2268.9030 94148090.8554
2269.0142 23624088331.6307
2269.1254 23610445688.1471
2269.2365 94851759.7177
2269.3477 23621234864.3078
2269.4589 23613575357.2977
2269.5701 93937863.2717
2269.6813 23604608189.1034
2269.7925 23623436878.0745
2269.9037 94412450.3504
2270.0149 23604173829.5341
2270.1260 23620282770.8374
2270.2372 94169188.3804
2270.3484 23622850170.5492
2270.4596 23614278502.1961
2270.5708 93756445.3190
2270.6820 23615478954.5826
2270.7932 23599667426.9310
2270.9044 94199182.2542
2271.0155 23607660146.9237
2271.1267 23623074485.5233
2271.2379 94070166.3240
2271.3491 23610290155.2737
2271.4603 23621319792.6719
2271.5715 94261947.4880
2271.6827 23610946608.2980
2271.7939 23625923833.4646
2271.9051 94606947.1689
2272.0162 23612649403.2494
2272.1274 23616583957.1300
2272.2386 94697650.1573
2272.3498 23622757887.7794
2272.4610 23614098246.1404
2272.5722 93814375.2133
2272.6834 23610186397.3764
2272.7946 23619709031.8831
2272.9057 94364617.0143
2273.0169 23609943973.5780
2273.1281 23616593277.5010
2273.2393 93900644.2451
2273.3505 23610139172.7658
2273.4617 23619194518.2451
2273.5729 94367613.1198
2273.6841 23617448120.0415
2273.7952 23609634743.5665
2273.9064 94418059.7645
2274.0176 23614323447.6340
2274.1288 23619442082.4186
2274.2400 94515735.7714
2274.3512 23616894673.7854
2274.4624 23618125284.6724
2274.5736 94569110.4722
2274.6848 23607825911.7223
2274.7959 23600900447.9761
2274.9071 94564982.4951
2275.0183 23605052975.7602
2275.1295 23617800649.7813
2275.2407 94239036.4920
2275.3519 23609669557.6511
2275.4631 23605489419.8310
2275.5743 94297298.1613
2275.6854 23606274158.4111
2275.7966 23611660234.2339
2275.9078 93874322.6933
2276.0190 23605352500.9886
2276.1302 23604212821.5833
2276.2414 94264073.7102
2276.3526 23611098787.7246
2276.4638 23597166066.9137
2276.5749 94134376.8987
2276.6861 23613334522.2023
2276.7973 23611061747.2665
2276.9085 94061783.3243
2277.0197 23603866976.9171
2277.1309 23619506598.8330
2277.2421 94225088.7373
2277.3533 23604843239.7001
2277.4645 23624011010.8562
2277.5756 93954907.0205
2277.6868 23608500632.3731
2277.7980 23615933609.0889
2277.9092 93511064.2635
2278.0204 23603622736.6203
2278.1316 23607573892.1774
2278.2428 94859677.4731
2278.3540 23614592772.6499
2278.4651 23611865648.1587
2278.5763 94415541.6790
2278.6875 23609372387.9450
2278.7987 23611413953.8598
2278.9099 93969036.1095
2279.0211 23608138610.0923
2279.1323 23603787707.8206
2279.2435 94302234.7231
2279.3547 23595388708.8663
2279.4658 23617344179.8754
2279.5770 94034210.9767
2279.6882 23604428961.7593
2279.7994 23612926001.5163
2279.9106 93951145.1933
2280.0218 23609969667.3474
2280.1330 23605254110.9747
2280.2442 94294008.3091
2280.3553 23588334700.2639
2280.4665 23605345620.8160
2280.5777 94075906.9027
2280.6889 23596857055.8455
2280.8001 23607116067.3074
2280.9113 94370325.0592
2281.0225 23600687931.8735
2281.1337 23610671225.8778
2281.2448 94074277.0130
2281.3560 23601862926.8963
2281.4672 23593772885.0692
2281.5784 94312836.3825
2281.6896 23592810818.0732
2281.8008 23603578512.2739
2281.9120 93444123.0583
2282.0232 23598940758.2833
2282.1344 23595959688.2612
2282.2455 93831338.3547
2282.3567 23602815672.2204
2282.4679 23605156637.6013
2282.5791 94278923.6530
2282.6903 23608590242.2853
2282.8015 23592083448.4330
2282.9127 94398474.2525
2283.0239 23611864291.1701
2283.1350 23599444259.8824
2283.2462 94250255.3144
2283.3574 23599501183.4908
2283.4686 23606631131.2839
2283.5798 93961123.6594
2283.6910 23607010902.4681
2283.8022 23599810931.8380
2283.9134 94116598.4711
2284.0245 23601215668.2093
2284.1357 23602810302.8489
2284.2469 93803878.9766
2284.3581 23600431740.5168
2284.4693 23609794758.1944
2284.5805 94427339.2447
2284.6917 23602473337.0042
2284.8029 23603653215.9840
2284.9141 94163674.3090
2285.0252 23595724277.9397
2285.1364 23600044842.3083
2285.2476 94589182.0708
2285.3588 23600105748.4911
2285.4700 23607334421.0225
2285.5812 94517007.0844
2285.6924 23611710854.6316
2285.8036 23599294654.0294
2285.9147 94226083.2695
2286.0259 23597540956.0834
2286.1371 23599736076.4022
2286.2483 93999153.7599
2286.3595 23595486204.5195
2286.4707 23603721728.3078
2286.5819 93690578.8459
2286.6931 23586289683.0208
2286.8042 23606461597.1661
2286.9154 94278797.7115
2287.0266 23597192418.3340
2287.1378 23604758438.0088
2287.2490 94871846.3946
2287.3602 23602246317.7717
2287.4714 23602355002.1341
2287.5826 94081618.7631
2287.6938 23603754983.9440
2287.8049 23601081404.7214
2287.9161 94124472.7143
2288.0273 23598581527.2597
2288.1385 23597880571.4687
2288.2497 94590111.8694
2288.3609 23594245060.8792
2288.4721 23598044169.9310
2288.5833 94754693.5125
2288.6944 23605651380.8108
2288.8056 23600961850.0136
2288.9168 94742355.4702
2289.0280 23592001060.5212
2289.1392 23595856432.9783
2289.2504 94645081.0403
2289.3616 23597578493.6023
2289.4728 23600793965.2205
2289.5839 94537814.5915
2289.6951 23599463851.7426
2289.8063 23602420419.7852
2289.9175 94348829.9600
2290.0287 23597499305.8894
2290.1399 23590319596.6945
2290.2511 94511698.8189
2290.3623 23596747643.4483
2290.4735 23591645120.1325
2290.5846 93861118.5934
2290.6958 23593397727.0761
2290.8070 23593814562.8984
2290.9182 94089307.7395
2291.0294 23588627698.2954
2291.1406 23602584762.4970
2291.2518 94522744.8152
2291.3630 23598268110.9927
2291.4741 23590504065.3368
2291.5853 93948903.2405
2291.6965 23596473244.9016
2291.8077 23588129854.0926
2291.9189 94844363.9660
2292.0301 23596256995.2557
2292.1413 23594232772.9048
2292.2525 94371790.3596
2292.3636 23596558606.3606
2292.4748 23584345122.9212
2292.5860 94088631.6193
2292.6972 23596657857.3226
2292.8084 23593905815.9684
2292.9196 93955532.3425
2293.0308 23599475895.9825
2293.1420 23593391054.9605
2293.2532 94485504.2282
2293.3643 23594744219.7780
2293.4755 23586252406.7459
2293.5867 94169090.9775
2293.6979 23579668283.3849
2293.8091 23592302040.5787
2293.9203 94309141.2226
2294.0315 23581489679.5940
2294.1427 23600229118.8204
2294.2538 93817483.8671
2294.3650 23582359622.8221
2294.4762 23595079858.1463
2294.5874 93570855.9812
2294.6986 23594030080.9661
2294.8098 23593113398.5130
2294.9210 94280280.0310
2295.0322 23581060645.9244
2295.1434 23604071305.7733
2295.2545 94017729.5315
2295.3657 23588177144.4284
2295.4769 23588828316.7728
2295.5881 93872031.7857
2295.6993 23601705106.8612
2295.8105 23579831098.0358
2295.9217 94209309.2896
2296.0329 23574980479.8624
2296.1440 23587785817.8260
2296.2552 93934270.2108
2296.3664 23582578263.3513
2296.4776 23590399953.6981
2296.5888 94228146.4101
2296.7000 23580511429.9585
2296.8112 23583196115.5062
2296.9224 93929820.5882
2297.0335 23588690532.4045
2297.1447 23594254976.9136
2297.2559 94030720.7926
2297.3671 23576459589.3336
2297.4783 23590763588.2622
2297.5895 93683061.6605
2297.7007 23585322221.6519
2297.8119 23589220775.3966
2297.9231 94182956.1768
2298.0342 23595717090.1411
2298.1454 23585387835.5724
2298.2566 94338290.5844
2298.3678 23581173084.9100
2298.4790 23585088069.0607
2298.5902 93980727.3975
2298.7014 23599905028.2152
2298.8126 23581540476.6932
2298.9237 94442344.2520
2299.0349 23584578174.0238
2299.1461 23583331034.2183
2299.2573 94499802.8987
2299.3685 23580747604.1401
2299.4797 23584914920.9680
2299.5909 93866274.1246
2299.7021 23575046421.0702
2299.8132 23588161647.2395
2299.9244 94328220.3749
2300.0356 23565075132.1763
2300.1468 23593501074.8192
2300.2580 93504844.0343
2300.3692 23582774020.7469
2300.4804 23584354902.5993
2300.5916 94260807.3226
2300.7028 23578183924.6210
2300.8139 23580150077.0551
2300.9251 94819438.3919
2301.0363 23575747439.5746
2301.1475 23596373100.9024
2301.2587 93909773.5162
2301.3699 23576766785.1871
2301.4811 23574236681.0604
2301.5923 94578076.4263
2301.7034 23582645752.4117
2301.8146 23574820351.7712
2301.9258 94543050.9762
2302.0370 23573536112.2045
2302.1482 23577929493.1965
2302.2594 94168298.7151
2302.3706 23576852377.6107
2302.4818 23591083845.4886
2302.5929 94095191.2559
2302.7041 23581280049.5860
2302.8153 23589176099.9606
2302.9265 94018534.7067
2303.0377 23586414463.0903
2303.1489 23572886423.5374
2303.2601 94130957.8514
2303.3713 23575647228.9410
2303.4825 23589601347.1243
2303.5936 93540798.6859
2303.7048 23568359229.2598
2303.8160 23592104096.0802
2303.9272 94254714.7881
2304.0384 23578058725.8068
2304.1496 23585649491.0367
2304.2608 94277143.0685
2304.3720 23584106879.0319
2304.4831 23576713538.2961
2304.5943 94037027.1342
2304.7055 23577750470.9156
2304.8167 23586765284.8248
2304.9279 94183367.9996
2305.0391 23576310832.6638
2305.1503 23586549337.3464
2305.2615 94018594.7693
2305.3726 23585673344.3958
2305.4838 23574642611.9863
2305.5950 94164107.3418
2305.7062 23579290157.3448
2305.8174 23564763058.7845
2305.9286 93836959.2730
2306.0398 23571426348.9150
2306.1510 23579159627.9390
2306.2622 93709008.7183
2306.3733 23573266811.6739
2306.4845 23582290408.0557
2306.5957 94157196.4582
2306.7069 23570998859.9799
2306.8181 23572736829.7681
2306.9293 93808944.1265
2307.0405 23579413732.4985
2307.1517 23575108735.8910
2307.2628 93925344.1720
2307.3740 23578461075.9306
2307.4852 23567454533.9086
2307.5964 94421933.4261
2307.7076 23566478930.5658
2307.8188 23578877796.2061
2307.9300 94246607.2394
2308.0412 23570615214.8108
2308.1524 23586251193.5985
2308.2635 94002255.0081
2308.3747 23571895114.0746
2308.4859 23582599653.4814
2308.5971 93873544.9895
2308.7083 23576217890.5124
2308.8195 23586143579.5220
2308.9307 93539671.7117
2309.0419 23578587298.1651
2309.1530 23581509417.1513
2309.2642 93364151.7094
2309.3754 23568606445.3243
2309.4866 23583388713.6769
2309.5978 94530219.7312
2309.7090 23574588733.2820
2309.8202 23568547234.8791
2309.9314 94322275.6096
2310.0425 23568229843.0106
2310.1537 23580989667.9183
2310.2649 94355781.4468
2310.3761 23568046830.6416
2310.4873 23576705002.9201
2310.5985 94215257.4276
2310.7097 23573633758.6376
2310.8209 23579129453.0340
2310.9321 93796538.3282
2311.0432 23584964408.2617
2311.1544 23561446519.9749
2311.2656 94414376.1969
2311.3768 23563259330.0087
2311.4880 23568247462.4728
2311.5992 93292425.8176
2311.7104 23579943407.3323
2311.8216 23570451753.9702
2311.9327 94563987.1182
2312.0439 23585468749.6212
2312.1551 23565378512.7115
2312.2663 94607193.3813
2312.3775 23584980237.3474
2312.4887 23560915875.2303
2312.5999 93802639.5313
2312.7111 23568191744.9333
2312.8222 23583174143.7493
2312.9334 93892780.0112
2313.0446 23585323968.8860
2313.1558 23564161173.2202
2313.2670 94479361.5085
2313.3782 23567385790.7614
2313.4894 23576077580.7792
2313.6006 93873097.5463
2313.7118 23571052148.4137
2313.8229 23562883091.6548
2313.9341 94123392.8921
2314.0453 23576455839.3975
2314.1565 23564384348.0789
2314.2677 94210962.7435
2314.3789 23568579441.5219
2314.4901 23561114358.1999
2314.6013 94155621.1549
2314.7124 23561335632.7547
2314.8236 23575111678.6887
2314.9348 94294810.0212
2315.0460 23567746770.2282
2315.1572 23573280115.7011
2315.2684 93638151.1868
2315.3796 23572155225.9804
2315.4908 23556274823.9259
2315.6019 94476959.0283
2315.7131 23573268181.5679
2315.8243 23565084895.3211
2315.9355 94309852.4218
2316.0467 23552836374.4684
2316.1579 23569937996.4973
2316.2691 94145533.7647
2316.3803 23554696274.9183
2316.4915 23575280004.0681
2316.6026 94256993.2092
2316.7138 23562420994.0450
2316.8250 23563070745.3358
2316.9362 93626429.6986
2317.0474 23569127409.7004
2317.1586 23560656829.0593
2317.2698 93753601.3681
2317.3810 23563891520.1947
2317.4921 23570982262.4483
2317.6033 94177707.2974
2317.7145 23571165841.0493
2317.8257 23574593979.6673
2317.9369 93896771.9584
2318.0481 23580178509.7832
2318.1593 23569862421.4567
2318.2705 94761646.9786
2318.3816 23574040372.2562
2318.4928 23557763561.3906
2318.6040 94234008.2164
2318.7152 23567742768.9380
2318.8264 23561216315.8748
2318.9376 94558688.3738
2319.0488 23571075081.1383
2319.1600 23570548328.1399
2319.2712 93705826.5230
2319.3823 23564767750.5725
2319.4935 23562877132.2159
2319.6047 93741454.3703
2319.7159 23570652709.8403
2319.8271 23566126930.0523
2319.9383 94180663.7663
2320.0495 23581707790.7922
2320.1607 23554395989.4324
2320.2718 93973253.5289
2320.3830 23566012874.7068
2320.4942 23548011828.4333
2320.6054 93879244.0315
2320.7166 23554072515.6038
2320.8278 23556322698.9203
2320.9390 93862645.6298
2321.0502 23559764464.9946
2321.1613 23555014079.4185
2321.2725 93766800.7660
2321.3837 23560491665.4021
2321.4949 23553861325.2564
2321.6061 93721688.9661
2321.7173 23557990947.7527
2321.8285 23560032691.0692
2321.9397 94266489.9227
2322.0509 23560564639.4326
2322.1620 23560665834.2263
2322.2732 94072790.7833
2322.3844 23561975782.7873
2322.4956 23559993094.1502
2322.6068 94098710.5250
2322.7180 23557845682.7859
2322.8292 23565661256.2084
2322.9404 94201149.9912
2323.0515 23562374463.6337
2323.1627 23563651192.4998
2323.2739 93836447.7955
2323.3851 23560378719.6566
2323.4963 23562864610.8885
2323.6075 93982940.4162
2323.7187 23553253637.0896
2323.8299 23553986051.6751
2323.9411 94772481.1581
2324.0522 23556856971.9785
2324.1634 23559117493.9131
2324.2746 93368280.6665
2324.3858 23552192018.2068
2324.4970 23562135696.2731
2324.6082 94039236.1279
2324.7194 23558521472.4474
2324.8306 23562087600.8544
2324.9417 94323947.5858
2325.0529 23562906867.4342
2325.1641 23550147313.8100
2325.2753 93368880.6261
2325.3865 23543575437.1607
2325.4977 23557045061.9957
2325.6089 93809777.9058
2325.7201 23559691543.8643
2325.8312 23559417749.4838
2325.9424 93470183.5561
2326.0536 23570064336.7272
2326.1648 23548579186.7513
2326.2760 93695543.5439
2326.3872 23557727836.3304
2326.4984 23543065902.4884
2326.6096 93498752.4117
2326.7208 23558258461.5006
2326.8319 23544881693.1215
2326.9431 94190080.6932
2327.0543 23549309219.6479
2327.1655 23551574360.9523
2327.2767 94018530.7630
2327.3879 23546760448.5246
2327.4991 23554508916.9161
2327.6103 94268005.8543
2327.7214 23545069790.3378
2327.8326 23552791324.4869
2327.9438 94116589.1355
2328.0550 23553500924.4949
2328.1662 23552895655.3872
2328.2774 94291252.8107
2328.3886 23551207216.1227
2328.4998 23554291634.6377
2328.6109 93793874.5076
2328.7221 23554676096.6813
2328.8333 23556197856.4029
2328.9445 93599444.9897
2329.0557 23557686508.8911
2329.1669 23549834316.6454
2329.2781 94193534.6956
2329.3893 23550552658.5344
2329.5005 23551680722.7695
2329.6116 93953296.6366
2329.7228 23544635512.8729
2329.8340 23554875881.8472
2329.9452 94266371.0835
2330.0564 23555133221.3176
2330.1676 23542852196.6576
2330.2788 94520947.7196
2330.3900 23550574843.1847
2330.5011 23556589546.4633
2330.6123 93585745.6535
2330.7235 23546915630.8683
2330.8347 23550726340.0378
2330.9459 93781762.4874
2331.0571 23555142996.2453
2331.1683 23540748787.6580
2331.2795 93566829.1260
2331.3906 23545588625.8615
2331.5018 23551932605.7248
2331.6130 94337963.1373
2331.7242 23551661548.6826
2331.8354 23546073650.3236
2331.9466 93724431.1016
2332.0578 23540558021.9323
2332.1690 23545889437.1118
2332.2802 94427253.1529
2332.3913 23558444453.7625
2332.5025 23541335289.6498
2332.6137 94153360.8947
2332.7249 23550557609.3150
2332.8361 23556118722.1479
2332.9473 93490534.7639
2333.0585 23545125629.0782
2333.1697 23556684024.9725
2333.2808 93756274.2327
2333.3920 23553662659.1584
2333.5032 23544576260.5937
2333.6144 93906874.5348
2333.7256 23535499850.5490
2333.8368 23568050802.1732
2333.9480 93877149.1466
2334.0592 23553315247.4284
2334.1703 23544478307.4051
2334.2815 94082971.8326
2334.3927 23553402106.4714
2334.5039 23552296702.5530
2334.6151 94423651.3713
2334.7263 23542522973.1941
2334.8375 23552802131.8503
2334.9487 93899850.0136
2335.0599 23547668845.0603
2335.1710 23546310527.4651
2335.2822 94085034.0933
2335.3934 23533405665.4808
2335.5046 23558798119.8379
2335.6158 93533792.3659
2335.7270 23565052611.4911
2335.8382 23542799012.4183
2335.9494 94014747.2578
2336.0605 23532458073.3219
2336.1717 23563471225.1786
2336.2829 94547562.0107
2336.3941 23556460266.0156
2336.5053 23534470863.7243
2336.6165 94104189.8748
2336.7277 23556505707.0457
2336.8389 23547430348.1735
2336.9501 93745501.3260
2337.0612 23547238828.0890
2337.1724 23548104538.1734
2337.2836 94168956.5980
2337.3948 23531042158.5133
2337.5060 23558959430.7459
2337.6172 94308982.9848
2337.7284 23557143293.5125
2337.8396 23545527865.1893
2337.9507 94157246.1800
2338.0619 23534823737.9676
2338.1731 23543928306.8239
2338.2843 93708889.0434
2338.3955 23543025201.3181
2338.5067 23551980198.3875
2338.6179 93579472.2943
2338.7291 23541018784.1020
2338.8402 23536615774.3167
2338.9514 94274979.2103
2339.0626 23541818772.5311
2339.1738 23549328255.9889
2339.2850 94048371.0992
2339.3962 23543983324.4980
2339.5074 23550237685.7206
2339.6186 93804920.8071
2339.7298 23541172035.5155
2339.8409 23547134577.7577
2339.9521 93556030.3314
2340.0633 23553412006.1961
2340.1745 23531117408.2317
2340.2857 93914727.0130
2340.3969 23538638997.4405
2340.5081 23537715688.2203
2340.6193 93476308.1588
2340.7304 23542029154.7154
2340.8416 23535649590.8467
2340.9528 93648680.0964
2341.0640 23535082963.7297
2341.1752 23540106394.5085
2341.2864 94558975.6476
2341.3976 23535941087.1108
2341.5088 23558874432.0746
2341.6199 94476450.6734
2341.7311 23541651620.8159
2341.8423 23552503704.3372
2341.9535 93908522.2573
2342.0647 23537068207.1285
2342.1759 23539614616.5744
2342.2871 93600351.0115
2342.3983 23538208138.3611
2342.5095 23553767210.9899
2342.6206 94443463.5148
2342.7318 23535475369.9808
2342.8430 23549396209.4147
2342.9542 94135271.4483
2343.0654 23546171453.2643
2343.1766 23536680427.9651
2343.2878 94407575.5277
2343.3990 23541962926.2404
2343.5101 23524977058.8059
2343.6213 93723316.0143
2343.7325 23544030498.5407
2343.8437 23543643199.2458
2343.9549 93614901.5222
2344.0661 23539495557.1124
2344.1773 23534014933.5816
2344.2885 94395553.8310
2344.3996 23538882071.5486
2344.5108 23545873643.6975
2344.6220 94187756.4572
2344.7332 23550157572.3687
2344.8444 23543662814.7066
2344.9556 93041800.4099
2345.0668 23536924752.2272
2345.1780 23543513099.8688
2345.2892 94202251.9565
2345.4003 23533752245.6845
2345.5115 23533821005.2998
2345.6227 94077055.6618
2345.7339 23531932993.5726
2345.8451 23545901227.2453
2345.9563 93998705.2884
2346.0675 23539204701.7058
2346.1787 23537377340.6483
2346.2898 94186058.0548
2346.4010 23550730696.3296
2346.5122 23536158768.9132
2346.6234 93807907.1643
2346.7346 23551979097.5180
2346.8458 23525351818.1116
2346.9570 94022155.1134
2347.0682 23541679652.4643
2347.1793 23522263315.7116
2347.2905 93872421.6985
2347.4017 23531151487.0520
2347.5129 23547683032.7468
2347.6241 93603568.4869
2347.7353 23527521952.0511
2347.8465 23533851502.4924
2347.9577 94212944.7116
2348.0689 23526509791.1113
2348.1800 23541946450.3031
2348.2912 94026386.1572
2348.4024 23530115500.2376
2348.5136 23534393162.0895
2348.6248 93640552.0702
2348.7360 23540395359.9265
2348.8472 23547743543.4590
2348.9584 94079770.1624
2349.0695 23549795241.5630
2349.1807 23537018297.6628
2349.2919 94423917.3569
2349.4031 23526316340.0129
2349.5143 23540841244.4629
2349.6255 93764541.5848
2349.7367 23531987481.3443
2349.8479 23540816331.8517
2349.9591 94110337.9019
2350.0702 23541286453.7433
2350.1814 23535865730.0167
2350.2926 93660463.9088
2350.4038 23532061734.7033
2350.5150 23547229196.8608
2350.6262 94203139.4596
2350.7374 23532345732.9814
2350.8486 23524036033.3309
2350.9597 94162641.3894
2351.0709 23546132195.0166
2351.1821 23533730934.4482
2351.2933 94042134.1920
2351.4045 23529887440.7052
2351.5157 23533026606.2202
2351.6269 93595419.5844
2351.7381 23532134341.0923
2351.8492 23539729971.9618
2351.9604 93850340.1807
2352.0716 23529731734.6125
2352.1828 23540154088.5726
2352.2940 93835449.7991
2352.4052 23537238623.3836
2352.5164 23525747297.5675
2352.6276 93505353.6443
2352.7388 23529439768.3833
2352.8499 23534174808.6628
2352.9611 93990120.5033
2353.0723 23525285324.6773
2353.1835 23530636762.6384
2353.2947 94153508.2623
2353.4059 23540938799.0157
2353.5171 23521089943.2908
2353.6283 94530597.3403
2353.7394 23518788793.1602
2353.8506 23537636329.6747
2353.9618 93886256.4611
2354.0730 23531357862.5994
2354.1842 23542792578.9484
2354.2954 93737046.8749
2354.4066 23537876604.8410
2354.5178 23524134290.0085
2354.6289 93705751.8838
2354.7401 23537262025.6536
2354.8513 23514586327.5161
2354.9625 94001053.2821
2355.0737 23522772571.4789
2355.1849 23530081843.7105
2355.2961 94061409.3708
2355.4073 23535596373.2134
2355.5185 23523494049.7634
2355.6296 93819775.6480
2355.7408 23531104102.2830
2355.8520 23537863478.8225
2355.9632 93988933.9847
2356.0744 23534195549.0603
2356.1856 23534947373.9273
2356.2968 94019146.4642
2356.4080 23533613195.5365
2356.5191 23530148422.7753
2356.6303 93959792.2870
2356.7415 23520691125.8724
2356.8527 23530331630.3257
2356.9639 94006126.4909
2357.0751 23526771773.1279
2357.1863 23532599212.0279
2357.2975 93442103.9431
2357.4086 23529938479.2462
2357.5198 23528956078.9194
2357.6310 93757730.6179
2357.7422 23532768979.4105
2357.8534 23537700177.0296
2357.9646 93707451.5454
2358.0758 23543443603.4993
2358.1870 23524265305.4839
2358.2982 93868941.3839
2358.4093 23529866817.7383
2358.5205 23531273803.0154
2358.6317 93785728.5024
2358.7429 23527435180.0546
2358.8541 23521468791.7045
2358.9653 93807488.7818
2359.0765 23532791173.1243
2359.1877 23516373192.1037
2359.2988 93610279.2531
2359.4100 23524062713.9931
2359.5212 23519623417.7792
2359.6324 93853669.4860
2359.7436 23535206831.8054
2359.8548 23522783717.7425
2359.9660 93580018.2164
2360.0772 23520054485.5344
2360.1883 23530685798.7594
2360.2995 94083226.5349
2360.4107 23519307686.5462
2360.5219 23514262045.2237
2360.6331 93737919.7156
2360.7443 23526916830.8871
2360.8555 23520737344.0294
2360.9667 93731641.3948
2361.0779 23512713577.3310
2361.1890 23518475802.0618
2361.3002 94362728.1280
2361.4114 23527525273.2066
2361.5226 23517619216.2458
2361.6338 94004634.4726
2361.7450 23509042743.1376
2361.8562 23535640141.4824
2361.9674 94158250.6926
2362.0785 23522300944.9744
2362.1897 23529749999.2680
2362.3009 94023365.5646
2362.4121 23527897749.7733
2362.5233 23525899674.6594
2362.6345 94276168.0084
2362.7457 23538471489.7602
2362.8569 23516843237.1297
2362.9680 93977309.0618
2363.0792 23525157664.1766
2363.1904 23511744692.0061
2363.3016 93561457.8983
2363.4128 23520665674.3430
2363.5240 23534499548.0913
2363.6352 93744952.0140
2363.7464 23512325095.1989
2363.8576 23525224868.9283
2363.9687 93507968.0992
2364.0799 23518342825.9875
2364.1911 23521620402.9126
2364.3023 93597424.1020
2364.4135 23526077026.0641
2364.5247 23509976367.0142
2364.6359 94074795.8575
2364.7471 23529112981.0325
2364.8582 23520187485.3932
2364.9694 93556689.4305
2365.0806 23524425116.9686
2365.1918 23519321065.0085
2365.3030 93778071.5668
2365.4142 23505580410.6145
2365.5254 23523944320.5981
2365.6366 94206569.7513
2365.7478 23519749012.8198
2365.8589 23523064540.1753
2365.9701 93857893.8939
2366.0813 23512808371.8891
2366.1925 23527674258.2286
2366.3037 93650129.8011
2366.4149 23506707930.8084
2366.5261 23538707658.1649
2366.6373 93733619.0796
2366.7484 23530114346.3660
2366.8596 23524386817.1507
2366.9708 94070612.5305
2367.0820 23522136937.5735
2367.1932 23515760250.3045
2367.3044 93944022.7740
2367.4156 23530555442.7644
2367.5268 23510671489.6719
2367.6379 93313024.0982
2367.7491 23513645417.5623
2367.8603 23514061879.5360
2367.9715 94032686.1629
2368.0827 23519215582.1045
2368.1939 23518105748.6888
2368.3051 93774818.6553
2368.4163 23538181905.3683
2368.5275 23511318326.2989
2368.6386 93549097.2133
2368.7498 23531287475.4777
2368.8610 23507770736.4474
2368.9722 93904575.3711
2369.0834 23515115424.2651
2369.1946 23510659901.5248
2369.3058 93490398.5286
2369.4170 23519365136.8568
2369.5281 23511168161.5074
2369.6393 93560213.0842
2369.7505 23514353665.3611
2369.8617 23518369064.1529
2369.9729 94200100.6161
2370.0841 23517883917.1598
2370.1953 23509843751.7974
2370.3065 93783735.8592
2370.4176 23510532137.5831
2370.5288 23515066222.7426
2370.6400 93757269.4132
2370.7512 23511121720.9738
2370.8624 23520122906.6528
2370.9736 93556971.8101
2371.0848 23511571452.8956
2371.1960 23519592992.8247
2371.3072 93530590.4548
2371.4183 23515620320.0137
2371.5295 23513449207.6048
2371.6407 94169271.5768
2371.7519 23513610349.2469
2371.8631 23527619292.2555
2371.9743 93822373.5999
2372.0855 23507213232.9711
2372.1967 23526981746.2979
2372.3078 94401722.2455
2372.4190 23518829367.6197
2372.5302 23516135178.7278
2372.6414 94260614.1457
2372.7526 23525406293.9680
2372.8638 23522383785.8424
2372.9750 94129349.3197
2373.0862 23516071722.0245
2373.1973 23513095416.5927
2373.3085 93220537.2567
2373.4197 23511063715.2753
2373.5309 23518968537.6366
2373.6421 93996673.0473
2373.7533 23520612759.9733
2373.8645 23517891772.0595
2373.9757 94081023.9275
2374.0869 23518800198.3027
2374.1980 23506376683.8741
2374.3092 93676481.9265
2374.4204 23513440371.1994
2374.5316 23516041837.9505
2374.6428 93357427.9543
2374.7540 23520256412.1102
2374.8652 23518536488.0103
2374.9764 94139135.5285
2375.0875 23516632846.6176
2375.1987 23521955827.0362
2375.3099 93897295.2465
2375.4211 23530138132.4809
2375.5323 23519378289.2995
2375.6435 94130557.8055
2375.7547 23511485624.7544
2375.8659 23515653591.5220
2375.9770 94024216.6635
2376.0882 23514279360.5923
2376.1994 23504695303.3007
2376.3106 93984000.5285
2376.4218 23510973467.1307
2376.5330 23518190028.2363
2376.6442 94431228.6345
2376.7554 23523380178.7501
2376.8666 23504587286.4742
2376.9777 93818609.9035
2377.0889 23508825701.8693
2377.2001 23516605194.0053
2377.3113 94507666.8564
2377.4225 23512613611.3384
2377.5337 23493856156.2503
2377.6449 93850980.8656
2377.7561 23519984003.7986
2377.8672 23502716007.0112
2377.9784 94186621.6543
2378.0896 23518822240.9288
2378.2008 23509002960.3820
2378.3120 93743748.5779
2378.4232 23505973411.4827
2378.5344 23506785636.7608
2378.6456 94120210.5979
2378.7568 23505872703.7666
2378.8679 23515597610.1493
2378.9791 93412110.7961
2379.0903 23508481273.5553
2379.2015 23504455314.3966
2379.3127 93325817.1814
2379.4239 23493864088.1223
2379.5351 23519182869.3220
2379.6463 93798953.1095
2379.7574 23500820312.1910
2379.8686 23511947617.2601
2379.9798 93741887.1576
2380.0910 23503665432.0709
2380.2022 23523308834.1487
2380.3134 93910278.9572
2380.4246 23509387498.1250
2380.5358 23496074661.6198
2380.6469 94084944.2930
2380.7581 23513783232.4214
2380.8693 23514246304.0041
2380.9805 93230911.7623
2381.0917 23520756225.7373
2381.2029 23492349243.4070
2381.3141 93616962.9160
2381.4253 23513656246.6783
2381.5365 23507328232.6594
2381.6476 94301320.7240
2381.7588 23513033839.5188
2381.8700 23504922240.6077
2381.9812 93824364.0962
2382.0924 23504800662.0771
2382.2036 23514438646.8902
2382.3148 94252691.3464
2382.4260 23504417688.3163
2382.5371 23499926891.7853
2382.6483 93824368.2250
2382.7595 23514113450.4965
2382.8707 23514850646.5443
2382.9819 94079105.2469
2383.0931 23511776955.8687
2383.2043 23503619454.0904
2383.3155 94261017.7813
2383.4266 23501814848.0887
2383.5378 23496319909.3854
2383.6490 93863992.4909
2383.7602 23505885017.8644
2383.8714 23499518219.5765
2383.9826 93605834.8368
2384.0938 23502704549.1316
2384.2050 23501030989.9355
2384.3162 93950428.7200
2384.4273 23512001864.2203
2384.5385 23497373267.8485
2384.6497 93504870.2731
2384.7609 23506609883.8618
2384.8721 23497883754.8166
2384.9833 93302847.1650
2385.0945 23499617338.1279
2385.2057 23506395025.3120
2385.3168 93614220.1085
2385.4280 23504037600.5518
2385.5392 23523131082.7849
2385.6504 93385124.1088
2385.7616 23518295871.7881
2385.8728 23494644798.9920
2385.9840 93931545.4427
2386.0952 23506525462.9266
2386.2063 23501047246.5045
2386.3175 93916885.9439
2386.4287 23496396311.2751
2386.5399 23508251365.5071
2386.6511 93642880.9804
2386.7623 23496812364.9046
2386.8735 23514168742.3582
2386.9847 93136183.5646
2387.0959 23517630692.8130
2387.2070 23498089350.3567
2387.3182 94227264.9928
2387.4294 23490217438.9853
2387.5406 23513986416.6520
2387.6518 93631961.8809
2387.7630 23514646789.4778
2387.8742 23505819639.4083
2387.9854 93470751.7222
2388.0965 23496717438.5418
2388.2077 23509494738.1472
2388.3189 93969432.7640
2388.4301 23499376468.4581
2388.5413 23514249327.1666
2388.6525 93680507.9193
2388.7637 23500451925.1741
2388.8749 23498335624.8694
2388.9860 93842831.2510
2389.0972 23505327396.6793
2389.2084 23493629203.2478
2389.3196 93587186.6198
2389.4308 23502420797.0856
2389.5420 23504480712.7148
2389.6532 93712861.1139
2389.7644 23501298925.1525
2389.8756 23500221913.2780
2389.9867 93942878.5893
2390.0979 23510976304.4344
2390.2091 23500765779.0153
2390.3203 94368983.5883
2390.4315 23516454653.3578
2390.5427 23495588099.1140
2390.6539 93955198.2300
2390.7651 23517779521.5864
2390.8762 23498900156.2258
2390.9874 93526787.1957
2391.0986 23495600293.1068
2391.2098 23502364987.7079
2391.3210 93917682.2509
2391.4322 23502118678.1677
2391.5434 23501211122.1088
2391.6546 94061445.5898
2391.7658 23503574939.5621
2391.8769 23497856817.4801
2391.9881 93827339.1419
2392.0993 23504309773.1350
2392.2105 23500905443.9742
2392.3217 94138314.5221
2392.4329 23483930382.9931
2392.5441 23511879369.1895
2392.6553 93791717.7435
2392.7664 23499118656.5948
2392.8776 23498146599.6601
2392.9888 93454264.4186
2393.1000 23500837065.8903
2393.2112 23506471790.9895
2393.3224 94377632.3328
2393.4336 23504581004.9431
2393.5448 23497609720.6860
2393.6559 93943330.7387
2393.7671 23508113354.2570
2393.8783 23499704024.1372
2393.9895 94248176.3943
2394.1007 23496217363.9503
2394.2119 23496336647.5635
2394.3231 94115310.1314
2394.4343 23498634117.7935
2394.5455 23492524388.8437
2394.6566 93429785.7611
2394.7678 23497274205.0100
2394.8790 23511347346.2255
2394.9902 94074432.1687
2395.1014 23497280798.4124
2395.2126 23483396008.1133
2395.3238 93519556.1956
2395.4350 23494401260.8306
2395.5461 23504203521.1682
2395.6573 93023411.7257
2395.7685 23494883313.0715
2395.8797 23499160854.2510
2395.9909 93999333.2145
2396.1021 23499470227.3105
2396.2133 23499768267.4623
2396.3245 93749425.9982
2396.4356 23500146239.3387
2396.5468 23503129155.2398
2396.6580 93912674.7868
2396.7692 23493912792.3124
2396.8804 23505669001.4896
2396.9916 94091051.9920
2397.1028 23500591366.8879
2397.2140 23493204229.2425
2397.3252 94055535.2707
2397.4363 23484364658.6751
2397.5475 23502823049.3083
2397.6587 93952296.6247
2397.7699 23492697999.4884
2397.8811 23495571026.7985
2397.9923 93766162.2524
2398.1035 23504665940.7025
2398.2147 23486553955.4483
2398.3258 92817640.6368
2398.4370 23496954198.5965
2398.5482 23490452147.7213
2398.6594 93719955.5914
2398.7706 23492752196.3664
2398.8818 23498085771.9333
2398.9930 93573174.6718
2399.1042 23481916132.9460
2399.2153 23501099638.1741
2399.3265 94113390.7138
2399.4377 23501486943.5877
2399.5489 23487976125.6224
2399.6601 93367291.5237
2399.7713 23484411558.4425
2399.8825 23494108548.4326
2399.9937 94205087.2857
2400.1049 23478461469.5664
2400.2160 23514258733.1434
2400.3272 93468524.9590
2400.4384 23500404514.8406
2400.5496 23489806526.8561
2400.6608 93414300.9726
2400.7720 23491567460.7251
2400.8832 23507885935.4358
2400.9944 94199897.3165
2401.1055 23496537942.1998
2401.2167 23480834917.3013
2401.3279 93658487.3905
2401.4391 23484938586.7716
2401.5503 23496086076.3220
2401.6615 94324062.4728
2401.7727 23491634740.9570
2401.8839 23496261363.0713
2401.9950 93653186.7157
2402.1062 23487756199.0831
2402.2174 23497792397.9886
2402.3286 93765650.0095
2402.4398 23486202889.5037
2402.5510 23505246355.7593
2402.6622 94097473.7375
2402.7734 23500231295.9430
2402.8846 23505447206.4037
2402.9957 93611622.9766
2403.1069 23488206060.0233
2403.2181 23511204070.7672
2403.3293 94141120.7192
2403.4405 23490890179.6768
2403.5517 23500343168.9752
2403.6629 93746334.3368
2403.7741 23492222924.8171
2403.8852 23507830612.2158
2403.9964 93948226.6559
2404.1076 23506270864.9933
2404.2188 23477872091.1362
2404.3300 93477881.4206
2404.4412 23492175209.6549
2404.5524 23483695308.3388
2404.6636 93256741.0699
2404.7747 23491545043.0278
2404.8859 23500656823.8571
2404.9971 93673697.2216
2405.1083 23504163031.0783
2405.2195 23478846217.0974
2405.3307 93630247.9958
2405.4419 23489683312.9856
2405.5531 23486936839.2893
2405.6643 93607955.6452
2405.7754 23497986659.8240
2405.8866 23495546244.0615
2405.9978 93499704.5838
2406.1090 23488720887.5988
2406.2202 23472875385.4644
2406.3314 93654517.5390
2406.4426 23489072184.9136
2406.5538 23479213160.3672
2406.6649 93210062.8403
2406.7761 23494727345.6696
2406.8873 23491386873.3573
2406.9985 93745876.8398
2407.1097 23497748036.5422
2407.2209 23483710546.9711
2407.3321 93465203.8055
2407.4433 23503640937.8000
2407.5545 23491640943.0922
2407.6656 93884981.1253
2407.7768 23483172895.1140
2407.8880 23486902546.2529
2407.9992 93567123.8889
2408.1104 23474031387.9223
2408.2216 23496782400.4524
2408.3328 93834009.5135
2408.4440 23494488242.4493
2408.5551 23488099659.3552
2408.6663 93494807.1958
2408.7775 23483677987.2323
2408.8887 23486473283.9372
2408.9999 93698585.3314
2409.1111 23496778939.7189
2409.2223 23479351144.3847
2409.3335 93471059.7886
2409.4446 23492211584.8357
2409.5558 23484911658.8227
2409.6670 93398361.9988
2409.7782 23504035691.7322
2409.8894 23489429288.0396
2410.0006 93587094.9999
2410.1118 23499545091.4417
2410.2230 23481231726.3387
2410.3342 93410222.1387
2410.4453 23490490576.6572
2410.5565 23476752205.4876
2410.6677 93974017.2937
2410.7789 23489407223.0908
2410.8901 23491390948.8460
2411.0013 94074548.8948
2411.1125 23486251914.8061
2411.2237 23487243472.2676
2411.3348 93163755.3689
2411.4460 23489816835.7637
2411.5572 23489426210.0907
2411.6684 93607099.5162
2411.7796 23480464219.7884
2411.8908 23484508732.4855
2412.0020 93842652.3134
2412.1132 23486263068.5960
2412.2243 23492270591.6768
2412.3355 93284472.9578
2412.4467 23493841673.3140
2412.5579 23477322935.2823
2412.6691 93173197.4142
2412.7803 23485769294.1447
2412.8915 23492903036.8568
2413.0027 94350066.6593
2413.1139 23486207591.5970
2413.2250 23469749575.1545
2413.3362 93440573.1162
2413.4474 23478952370.0965
2413.5586 23488099616.2213
2413.6698 94463656.3627
2413.7810 23480667720.4699
2413.8922 23482289785.3023
2414.0034 93488489.9575
2414.1145 23479194077.8270
2414.2257 23485646367.3524
2414.3369 93882625.8128
2414.4481 23485577761.8474
2414.5593 23498326021.5307
2414.6705 93502893.9927
2414.7817 23471441263.7584
2414.8929 23498044607.8681
2415.0040 94145426.9227
2415.1152 23478139374.7417
2415.2264 23499966309.3009
2415.3376 94067374.9236
2415.4488 23498098044.6241
2415.5600 23473674726.2779
2415.6712 93379386.4603
2415.7824 23484529548.5421
2415.8936 23488414310.8664
2416.0047 93572488.6792
2416.1159 23487034323.0366
2416.2271 23491999303.4216
2416.3383 93263411.2387
2416.4495 23488888575.1336
2416.5607 23488770784.6960
2416.6719 93685618.6464
2416.7831 23473307575.1112
2416.8942 23488809076.6290
2417.0054 93362663.2305
2417.1166 23481470927.2738
2417.2278 23479214645.9732
2417.3390 94051923.8312
2417.4502 23492493731.9471
2417.5614 23480145088.3573
2417.6726 94045672.1960
2417.7837 23487073178.8925
2417.8949 23476765549.2309
2418.0061 93353059.3437
2418.1173 23487582717.1000
2418.2285 23489602881.5876
2418.3397 94058221.4918
2418.4509 23482119700.1614
2418.5621 23483140807.6936
2418.6733 93990760.6385
2418.7844 23485691816.6629
2418.8956 23479403858.9522
2419.0068 93610419.4427
2419.1180 23487765465.2268
2419.2292 23466741006.4127
2419.3404 94545413.6794
2419.4516 23477153228.7053
2419.5628 23482494770.9682
2419.6739 93513752.1162
2419.7851 23487748328.7402
2419.8963 23464489072.5440
2420.0075 93914579.5076
2420.1187 23485790812.0212
2420.2299 23481245187.0545
2420.3411 94045179.4264
2420.4523 23473712275.9432
2420.5635 23474935637.3087
2420.6746 93221728.0110
2420.7858 23473447015.1932
2420.8970 23484448338.2519
2421.0082 93740531.5762
2421.1194 23477829895.7690
2421.2306 23489160332.7242
2421.3418 93357433.0400
2421.4530 23477287966.3805
2421.5641 23491959673.3929
2421.6753 93675252.6500
2421.7865 23492775959.0116
2421.8977 23477370861.8357
2422.0089 93591073.5705
2422.1201 23470731418.9377
2422.2313 23487977373.7521
2422.3425 93868980.9121
2422.4536 23478634849.9679
2422.5648 23473375496.0220
2422.6760 93871231.3115
2422.7872 23475252424.3499
2422.8984 23488563691.6934
2423.0096 94143232.3371
2423.1208 23481922691.2136
2423.2320 23483029803.0078
2423.3432 93247124.8349
2423.4543 23489915766.0933
2423.5655 23481216941.6461
2423.6767 93888644.9282
2423.7879 23486093990.4574
2423.8991 23471495352.6225
2424.0103 93271361.8459
2424.1215 23477825147.4643
2424.2327 23481026781.5979
2424.3438 93659807.4186
2424.4550 23475744373.6669
2424.5662 23480353709.4738
2424.6774 93870585.5140
2424.7886 23492576887.0181
2424.8998 23473437219.3336
2425.0110 93725037.3271
2425.1222 23469241191.3796
2425.2333 23474040049.1193
2425.3445 93340090.5993
2425.4557 23465412053.8060
2425.5669 23491905597.8095
2425.6781 93176014.7478
2425.7893 23478150865.9610
2425.9005 23477485911.0184
2426.0117 93968591.0813
2426.1229 23469641326.4366
2426.2340 23477767917.1127
2426.3452 93310501.0385
2426.4564 23475609238.4372
2426.5676 23475016598.1268
2426.6788 93584620.0584
2426.7900 23468079626.5990
2426.9012 23485899628.1883
2427.0124 93285724.4422
2427.1235 23481981386.0232
2427.2347 23480649518.0469
2427.3459 94243117.4703
2427.4571 23473042616.2629
2427.5683 23480225771.9367
2427.6795 93350036.8674
2427.7907 23509374168.4941
2427.9019 23465318594.0335
2428.0130 93712804.6859
2428.1242 23487197081.9266
2428.2354 23469819727.3862
2428.3466 94087875.0329
2428.4578 23471651939.9506
2428.5690 23461901200.9280
2428.6802 93448922.1744
2428.7914 23470674485.8761
2428.9026 23476990762.1329
2429.0137 94256909.5596
2429.1249 23475338091.6500
2429.2361 23478369875.8960
2429.3473 93727652.0795
2429.4585 23487244687.0804
2429.5697 23471672933.6231
2429.6809 94162465.5212
2429.7921 23488440017.7563
2429.9032 23457176889.6767
2430.0144 93895623.8728
2430.1256 23474435421.7474
2430.2368 23470841816.2439
2430.3480 93745302.1295
2430.4592 23468808094.0681
2430.5704 23468507290.0721
2430.6816 93271468.9403
2430.7927 23468199862.7834
2430.9039 23488620216.1461
2431.0151 93154348.7648
2431.1263 23478948341.9238
2431.2375 23483393912.2086
2431.3487 93883639.4889
2431.4599 23477116298.5250
2431.5711 23465443628.3802
2431.6823 93339462.3289
2431.7934 23469453549.8049
2431.9046 23480192863.2754
2432.0158 94313222.4209
2432.1270 23475483879.4011
2432.2382 23482900893.9174
2432.3494 94069241.8982
2432.4606 23485544618.8463
2432.5718 23468258070.3974
2432.6829 93531331.0780
2432.7941 23475331066.1083
2432.9053 23479708000.2524
2433.0165 93027920.4620
2433.1277 23477403041.0058
2433.2389 23460708107.0378
2433.3501 92973906.6735
2433.4613 23466038228.8962
2433.5725 23474433637.6218
2433.6836 93629248.9937
2433.7948 23477297609.7106
2433.9060 23481459111.0120
2434.0172 93016483.8563
2434.1284 23478332868.3494
2434.2396 23467094509.3352
2434.3508 94030642.0759
2434.4620 23474438573.2364
2434.5731 23483915818.3279
2434.6843 93991267.0473
2434.7955 23464959714.2058
2434.9067 23456951232.7041
2435.0179 93834984.3857
2435.1291 23465998743.3583
2435.2403 23483071726.1477
2435.3515 93606930.1137
2435.4626 23462188567.3435
2435.5738 23470944886.6179
2435.6850 93829661.5155
2435.7962 23476575629.6201
2435.9074 23470682924.4201
2436.0186 94161271.3173
2436.1298 23471730464.6682
2436.2410 23473248521.6891
2436.3522 93794340.2804
2436.4633 23477547719.2383
2436.5745 23475234114.8803
2436.6857 93926665.9283
2436.7969 23471436981.2719
2436.9081 23474331224.2306
2437.0193 94658812.6164
2437.1305 23477863602.4724
2437.2417 23465537246.3685
2437.3528 93665581.7174
2437.4640 23479987106.8787
2437.5752 23463936151.0909
2437.6864 93793584.8944
2437.7976 23462135436.1965
2437.9088 23467627630.6896
2438.0200 93832253.6245
2438.1312 23472811517.1425
2438.2423 23469719295.7617
2438.3535 94007465.0992
2438.4647 23475062087.9657
2438.5759 23477190384.3568
2438.6871 94071933.4051
2438.7983 23469490322.7561
2438.9095 23474108212.5617
2439.0207 94229478.1016
2439.1319 23479770774.5099
2439.2430 23476035496.8654
2439.3542 93361356.4014
2439.4654 23487474899.0944
2439.5766 23460950529.3588
2439.6878 93270373.3453
2439.7990 23464416701.4044
2439.9102 23467789517.7075
2440.0214 94126346.9628
2440.1325 23465639675.4972
2440.2437 23467557700.8177
2440.3549 93750488.3417
2440.4661 23466640963.1268
2440.5773 23461089006.8805
2440.6885 93913888.3091
2440.7997 23459974652.5379
2440.9109 23479105355.7364
2441.0220 94061430.7374
2441.1332 23471891387.8731
2441.2444 23470147486.2357
2441.3556 92875213.1770
2441.4668 23470865513.9126
2441.5780 23465899385.3487
2441.6892 93558693.4189
2441.8004 23466756762.3281
2441.9116 23468393693.5752
2442.0227 93818078.9582
2442.1339 23472398288.3892
2442.2451 23464850762.6258
2442.3563 92892442.2765
2442.4675 23466025571.8847
2442.5787 23458042597.1745
2442.6899 93501126.4784
2442.8011 23473938224.0285
2442.9122 23461098435.5671
2443.0234 93045121.2392
2443.1346 23461964841.4789
2443.2458 23461350951.6802
2443.3570 93605674.2207
2443.4682 23459425049.7495
2443.5794 23476856937.3089
2443.6906 94044630.0153
2443.8017 23466419896.8355
2443.9129 23474873398.5580
2444.0241 93313980.9822
2444.1353 23463704433.4705
2444.2465 23469434675.5084
2444.3577 93784207.5157
2444.4689 23465643922.2661
2444.5801 23458025915.6468
2444.6913 93862369.9394
2444.8024 23463864558.3253
2444.9136 23471518057.1107
2445.0248 93590434.6192
2445.1360 23463756407.1126
2445.2472 23459139428.7399
2445.3584 93803212.6099
2445.4696 23466467296.1764
2445.5808 23465960096.1251
2445.6919 93389133.7806
2445.8031 23471484862.8162
2445.9143 23455287811.6550
2446.0255 93412590.6576
2446.1367 23453112422.0461
2446.2479 23467115605.8401
2446.3591 93400912.7757
2446.4703 23462039970.4746
2446.5814 23466858463.0419
2446.6926 93748070.6638
2446.8038 23454784936.9018
2446.9150 23465337646.1165
2447.0262 93665976.1644
2447.1374 23459247848.7839
2447.2486 23467624920.9125
2447.3598 93953457.6585
2447.4710 23464381720.8013
2447.5821 23466027904.4075
2447.6933 93513674.0322
2447.8045 23461786404.6513
2447.9157 23459244124.0632
2448.0269 93188174.1948
2448.1381 23461357557.1152
2448.2493 23478720319.5796
2448.3605 93193098.9341
2448.4716 23462369097.8521
2448.5828 23478407286.6055
2448.6940 94277881.7518
2448.8052 23462961073.3601
2448.9164 23469663618.1014
2449.0276 93655951.2154
2449.1388 23471566960.3397
2449.2500 23465836445.1588
2449.3612 93642085.5435
2449.4723 23475906746.4522
2449.5835 23466643196.6861
2449.6947 93753092.5974
2449.8059 23470259412.2886
2449.9171 23460166282.5015
2450.0283 93858782.4882
2450.1395 23465697232.1827
2450.2507 23462265660.1138
2450.3618 93263971.6934
2450.4730 23473759876.9450
2450.5842 23471724085.6950
2450.6954 93284936.5321
2450.8066 23481204505.8816
2450.9178 23451303206.7911
2451.0290 93933537.0803
2451.1402 23453650308.1064
2451.2513 23451714191.4798
2451.3625 94200997.7732
2451.4737 23468783822.7503
2451.5849 23462289894.1416
2451.6961 93510201.6820
2451.8073 23460041568.4855
2451.9185 23454425282.7145
2452.0297 94049094.6557
2452.1409 23458650130.3839
2452.2520 23472913258.8716
2452.3632 93704928.8644
2452.4744 23457208148.3346
2452.5856 23462536775.2987
2452.6968 93397936.0512
2452.8080 23460919472.3967
2452.9192 23461239189.4474
2453.0304 93453798.3111
2453.1415 23466723313.7410
2453.2527 23462456433.0319
2453.3639 93693898.9316
2453.4751 23458084945.8626
2453.5863 23459532904.5827
2453.6975 93513247.3426
2453.8087 23453662363.7758
2453.9199 23467359963.4113
2454.0310 93652138.7924
2454.1422 23457190626.7080
2454.2534 23455708174.4528
2454.3646 93467463.4037
2454.4758 23455678837.8140
2454.5870 23465862388.2699
2454.6982 94091112.0571
2454.8094 23450468019.2779
2454.9206 23457790574.3189
2455.0317 92959727.2836
2455.1429 23457555775.0766
2455.2541 23470980752.1475
2455.3653 93529697.8795
2455.4765 23459374746.6203
2455.5877 23466248575.4161
2455.6989 94024153.6034
2455.8101 23460211303.2626
2455.9212 23467615963.6294
2456.0324 93547993.6996
2456.1436 23468098943.5021
2456.2548 23455504838.4881
2456.3660 94320917.0335
2456.4772 23466016576.4393
2456.5884 23452569531.3887
2456.6996 93992613.5955
2456.8107 23468850697.5444
2456.9219 23458833531.9653
2457.0331 93649318.0030
2457.1443 23453356698.1836
2457.2555 23465495783.3087
2457.3667 93996024.9338
2457.4779 23460672955.0166
2457.5891 23460603789.3585
2457.7003 92796877.8559
2457.8114 23458457972.3384
2457.9226 23462178586.9634
2458.0338 93979441.0455
2458.1450 23452070215.0465
2458.2562 23466923724.6054
2458.3674 93524673.9654
2458.4786 23452942450.6130
2458.5898 23465413010.8019
2458.7009 93688688.5419
2458.8121 23450304092.1194
2458.9233 23466728131.2307
2459.0345 93653160.0429
2459.1457 23462511538.3399
2459.2569 23461740614.3302
2459.3681 93830020.8594
2459.4793 23476398348.7536
2459.5904 23460260419.2787
2459.7016 93788626.4741
2459.8128 23462239308.2693
2459.9240 23454626865.2195
2460.0352 93593499.9290
2460.1464 23464443553.8133
2460.2576 23462335164.6137
2460.3688 93649850.0080
2460.4800 23460910684.9660
2460.5911 23467140939.3528
2460.7023 94350595.5206
2460.8135 23455772009.2200
2460.9247 23467258123.9951
2461.0359 93745489.8516
2461.1471 23456425313.6138
2461.2583 23446249336.1737
2461.3695 93354277.6856
2461.4806 23458566241.7654
2461.5918 23453430820.9348
2461.7030 93701498.9804
2461.8142 23470255597.9295
2461.9254 23457702631.1556
2462.0366 94402114.7940
2462.1478 23456281920.8244
2462.2590 23454984138.2867
2462.3702 93752779.7828
2462.4813 23461549307.2629
2462.5925 23459466138.7861
2462.7037 93958723.6519
2462.8149 23443245310.7111
2462.9261 23464357210.1246
2463.0373 93519881.7414
2463.1485 23451390139.7836
2463.2597 23462394656.4772
2463.3708 93486231.7324
2463.4820 23454575386.8861
2463.5932 23453721788.6243
2463.7044 93688888.6636
2463.8156 23451729283.7798
2463.9268 23459590223.7645
2464.0380 93342870.5997
2464.1492 23451179835.8999
2464.2603 23452447540.0906
2464.3715 93767128.6505
2464.4827 23456404767.0093
2464.5939 23461580186.5245
2464.7051 92943861.8380
2464.8163 23440814814.3217
2464.9275 23464239826.2205
2465.0387 94401191.9846
2465.1499 23459239221.1560
2465.2610 23447051623.5006
2465.3722 93766255.0312
2465.4834 23460591328.5870
2465.5946 23446974723.2271
2465.7058 93627571.9438
2465.8170 23462764663.4372
2465.9282 23455296209.7533
2466.0394 93460000.9167
2466.1505 23454208247.2222
2466.2617 23453488195.6176
2466.3729 94176028.6512
2466.4841 23462876185.1664
2466.5953 23461880717.1306
2466.7065 93779908.1473
2466.8177 23456895825.5151
2466.9289 23460043173.2432
2467.0400 93832720.7793
2467.1512 23457476595.8315
2467.2624 23448535335.6677
2467.3736 93839821.5998
2467.4848 23459297328.2985
2467.5960 23449629863.3822
2467.7072 93702593.7410
2467.8184 23452977941.2979
2467.9296 23461569316.0548
2468.0407 93899484.8867
2468.1519 23447991051.1659
2468.2631 23454894350.0203
2468.3743 93556171.8471
2468.4855 23454325271.0742
2468.5967 23457999667.8215
2468.7079 93572071.9010
2468.8191 23467606616.0880
2468.9302 23461268044.7994
2469.0414 93659875.2163
2469.1526 23459165891.3595
2469.2638 23448898791.5225
2469.3750 93491490.1776
2469.4862 23457919095.6618
2469.5974 23446292054.7283
2469.7086 93829788.2203
2469.8197 23456924960.3091
2469.9309 23451770023.8344
2470.0421 93961197.9729
2470.1533 23460233769.4844
2470.2645 23460182009.3705
2470.3757 93838023.0139
2470.4869 23458600809.4449
2470.5981 23444900204.6337
2470.7093 93419457.3149
2470.8204 23440520840.7363
2470.9316 23458165574.4205
2471.0428 93026478.9676
2471.1540 23451286309.9852
2471.2652 23459167140.3025
2471.3764 93417953.2919
2471.4876 23453094940.7077
2471.5988 23458444750.8204
2471.7099 93399311.4676
2471.8211 23463318821.4073
2471.9323 23458346023.5298
2472.0435 93395818.7019
2472.1547 23452153715.9304
2472.2659 23444802557.6845
2472.3771 94219841.1016
2472.4883 23458129520.0872
2472.5994 23447368392.0648
2472.7106 93766628.9595
2472.8218 23457308386.4331
2472.9330 23449621376.6153
2473.0442 93454483.5185
2473.1554 23447580046.9345
2473.2666 23453777669.9079
2473.3778 93344447.1733
2473.4890 23452118860.8581
2473.6001 23459464632.2184
2473.7113 93199144.1726
2473.8225 23452245944.4643
2473.9337 23449501202.1019
2474.0449 93891232.4282
2474.1561 23451584303.1418
2474.2673 23458879890.9033
2474.3785 93890374.8256
2474.4896 23453966913.5937
2474.6008 23445855720.0043
2474.7120 93981016.8655
2474.8232 23450578608.5592
2474.9344 23452598644.2699
2475.0456 93748697.5125
2475.1568 23447279080.1214
2475.2680 23458495238.7621
2475.3791 93686420.7274
2475.4903 23450667431.1312
2475.6015 23447675359.0622
2475.7127 93052363.7852
2475.8239 23439640093.5722
2475.9351 23451693740.4945
2476.0463 93538496.5104
2476.1575 23444925393.9500
2476.2687 23463460526.7031
2476.3798 93966669.2305
2476.4910 23453937607.5749
2476.6022 23455353046.2384
2476.7134 93823458.9538
2476.8246 23449435810.0352
2476.9358 23449882296.1172
2477.0470 93161161.5709
2477.1582 23462331698.7893
2477.2693 23450624450.9621
2477.3805 93483205.5858
2477.4917 23454459613.6115
2477.6029 23448882990.3529
2477.7141 93359494.7942
2477.8253 23448737666.3957
2477.9365 23449133511.2433
2478.0477 92924108.8853
2478.1589 23445043850.3101
2478.2700 23451014860.7085
2478.3812 93128006.4079
2478.4924 23451391793.0735
2478.6036 23454432415.6685
2478.7148 92825319.5493
2478.8260 23451462611.8991
2478.9372 23448430019.5308
2479.0484 93601798.3581
2479.1595 23448636791.1550
2479.2707 23452464306.1575
2479.3819 92937934.6935
2479.4931 23454770880.3716
2479.6043 23450297882.0403
2479.7155 93468318.6301
2479.8267 23452818895.6557
2479.9379 23474357507.5666
2480.0490 92947202.8941
2480.1602 23450673686.8204
2480.2714 23454939285.6328
2480.3826 93465398.1327
2480.4938 23457765418.0562
2480.6050 23443712190.7929
2480.7162 94033682.2231
2480.8274 23448479386.5686
2480.9386 23453164444.8405
2481.0497 93654825.9728
2481.1609 23460322353.6387
2481.2721 23438937716.2351
2481.3833 93100877.8077
2481.4945 23451809879.7543
2481.6057 23445668412.2477
2481.7169 93358885.6484
2481.8281 23437794246.1475
2481.9392 23451237015.2785
2482.0504 93432914.7862
2482.1616 23446725642.7084
2482.2728 23455159938.1617
2482.3840 93533363.8690
2482.4952 23451877848.9659
2482.6064 23454890523.3974
2482.7176 93181819.6963
2482.8287 23454253844.3614
2482.9399 23446136468.9774
2483.0511 93546800.9678
2483.1623 23444797253.3377
2483.2735 23454928622.2160
2483.3847 93222716.6480
2483.4959 23445814296.2749
2483.6071 23444493012.9475
2483.7183 93377584.8249
2483.8294 23445492028.2352
2483.9406 23445325479.3269
2484.0518 93511023.2804
2484.1630 23439894523.9232
2484.2742 23449077878.6703
2484.3854 93069223.2165
2484.4966 23460123424.8757
2484.6078 23446122526.1106
2484.7189 93767452.8545
2484.8301 23449169766.0999
2484.9413 23445258310.7332
2485.0525 93560746.4186
2485.1637 23442075855.3631
2485.2749 23446736843.5231
2485.3861 93740274.3863
2485.4973 23446200629.8512
2485.6084 23464783197.4992
2485.7196 93434571.5819
2485.8308 23442784855.8118
2485.9420 23448958870.3232
2486.0532 93974958.7151
2486.1644 23441411791.0983
2486.2756 23445447356.5416
2486.3868 93825416.8453
2486.4980 23437262203.1767
2486.6091 23449849438.2570
2486.7203 93822374.2184
2486.8315 23451507107.5324
2486.9427 23439152095.3084
2487.0539 93102102.6485
2487.1651 23445500320.9992
2487.2763 23447108361.2957
2487.3875 93005706.2853
2487.4986 23443847415.0064
2487.6098 23451233332.8619
2487.7210 93272299.2516
2487.8322 23457284388.3062
2487.9434 23437101775.7350
2488.0546 93209011.8459
2488.1658 23452988243.2114
2488.2770 23433633007.7842
2488.3881 93853239.1878
2488.4993 23446656101.1541
2488.6105 23442499691.0811
2488.7217 93894728.1201
2488.8329 23425996746.8802
2488.9441 23445586696.2481
2489.0553 93227759.8311
2489.1665 23449423821.0988
2489.2777 23457096998.3339
2489.3888 94101176.9701
2489.5000 23443915411.3077
2489.6112 23454369418.4427
2489.7224 93971967.1087
2489.8336 23446009963.6752
2489.9448 23447883781.9267
2490.0560 93617768.9551
2490.1672 23432399180.7412
2490.2783 23453185403.1311
2490.3895 93514590.1339
2490.5007 23459534614.6497
2490.6119 23435326903.5231
2490.7231 94194494.7671
2490.8343 23435072863.5323
2490.9455 23444113175.8963
2491.0567 94318687.9323
2491.1679 23436076221.7332
2491.2790 23444985473.6174
2491.3902 93328336.7378
2491.5014 23436109231.1212
2491.6126 23451139958.6708
2491.7238 93511868.3785
2491.8350 23451917856.2882
2491.9462 23444944909.4462
2492.0574 93343248.1373
2492.1685 23450173245.1662
2492.2797 23437729655.9568
2492.3909 93935358.1486
2492.5021 23436619084.2959
2492.6133 23444789326.2124
2492.7245 93688601.9224
2492.8357 23438137157.4278
2492.9469 23453907564.4658
2493.0580 93928631.2187
2493.1692 23451629213.2742
2493.2804 23433297561.4606
2493.3916 93178391.4535
2493.5028 23437472980.1807
2493.6140 23449839436.6722
2493.7252 93269542.6562
2493.8364 23445544321.2828
2493.9476 23454093235.7595
2494.0587 93686219.7629
2494.1699 23427828400.0135
2494.2811 23455399502.3216
2494.3923 93351847.3579
2494.5035 23451988850.9847
2494.6147 23447855304.8257
2494.7259 93526210.8315
2494.8371 23440852881.8768
2494.9482 23443443616.5627
2495.0594 93558771.3478
2495.1706 23439961066.9656
2495.2818 23457822486.3711
2495.3930 93513513.5115
2495.5042 23442430034.2685
2495.6154 23446351647.9028
2495.7266 93112551.2974
2495.8377 23439830910.0234
2495.9489 23444485137.5227
2496.0601 93880699.0656
2496.1713 23435815767.8831
2496.2825 23446216292.7598
2496.3937 93158758.2924
2496.5049 23442415083.5192
2496.6161 23453673123.4180
2496.7273 93939384.4438
2496.8384 23448783925.2574
2496.9496 23452633390.2791
2497.0608 93207503.6100
2497.1720 23439978468.9723
2497.2832 23440622689.6927
2497.3944 93482613.0279
2497.5056 23435236842.2288
2497.6168 23450719671.4431
2497.7279 93774844.8441
2497.8391 23446853470.8821
2497.9503 23436307466.0859
2498.0615 93850478.5024
2498.1727 23438571106.1127
2498.2839 23445008373.7716
2498.3951 93385062.8703
2498.5063 23441052900.8301
2498.6174 23454863511.4528
2498.7286 93511972.0452
2498.8398 23437323704.8733
2498.9510 23447333810.3757
2499.0622 93362766.5458
2499.1734 23441074589.7562
2499.2846 23446043084.5939
2499.3958 93421045.2404
2499.5070 23430062534.4105
2499.6181 23449456774.5971
2499.7293 93601291.4472
2499.8405 23435329143.1233
2499.9517 23440480922.1244
2500.0629 93068139.4621
2500.1741 23436341626.2736
2500.2853 23439092330.2891
2500.3965 93686500.5796
2500.5076 23439638623.4782
2500.6188 23445209199.8434
2500.7300 93142775.4511
2500.8412 23454051710.8840
2500.9524 23436743729.9807
2501.0636 93559653.0632
2501.1748 23455134903.5365
2501.2860 23441878395.6195
2501.3971 93927723.6194
2501.5083 23431829474.3109
2501.6195 23458724102.5753
2501.7307 93673859.4997
2501.8419 23450491725.1180
2501.9531 23432063381.4083
2502.0643 93459844.8727
2502.1755 23436003240.9300
2502.2867 23446841445.5955
2502.3978 93668934.7922
2502.5090 23452432084.0698
2502.6202 23440071471.2761
2502.7314 92583015.8130
2502.8426 23452671024.1439
2502.9538 23432818827.0324
2503.0650 93426308.8528
2503.1762 23453799480.0764
2503.2873 23438798442.9757
2503.3985 93361164.5343
2503.5097 23436604688.2224
2503.6209 23440174606.2455
2503.7321 93944930.5173
2503.8433 23441658132.0740
2503.9545 23429450062.6438
2504.0657 93490366.9506
2504.1769 23437272565.1775
2504.2880 23445578346.9484
2504.3992 94032692.0974
2504.5104 23435753328.3790
2504.6216 23447449243.6823
2504.7328 92715377.1309
2504.8440 23435191742.5811
2504.9552 23443406798.1370
2505.0664 92859693.4704
2505.1775 23447029766.1363
2505.2887 23432335383.5372
2505.3999 93676721.9283
2505.5111 23446466232.5464
2505.6223 23427000528.5900
2505.7335 93323343.9694
2505.8447 23439581067.5846
2505.9559 23436626758.9457
2506.0670 93863286.9259
2506.1782 23441464436.4198
2506.2894 23446497998.0874
2506.4006 93176618.0881
2506.5118 23451369438.6604
2506.6230 23429585121.4791
2506.7342 93411224.8600
2506.8454 23437410925.7226
2506.9566 23443714305.7498
2507.0677 93537961.5951
2507.1789 23429785233.3831
2507.2901 23436408898.3884
2507.4013 92794304.5554
2507.5125 23421101252.4160
2507.6237 23446205587.0758
2507.7349 93674289.9097
2507.8461 23444732294.2024
2507.9572 23438446773.9173
2508.0684 92974969.8882
2508.1796 23432677860.9587
2508.2908 23443523460.0382
2508.4020 94154699.1969
2508.5132 23447620423.4013
2508.6244 23431320768.4266
2508.7356 93218429.1626
2508.8467 23442803699.2362
2508.9579 23436987133.2777
2509.0691 93908913.7423
2509.1803 23433070981.5758
2509.2915 23435212559.9308
2509.4027 93242335.3051
2509.5139 23428528505.2133
2509.6251 23446259372.9550
2509.7363 93510011.1116
2509.8474 23444026618.6188
2509.9586 23441790840.7813
2510.0698 93247032.5526
2510.1810 23439874561.8089
2510.2922 23439637074.8979
2510.4034 93775070.0340
2510.5146 23441969662.5185
2510.6258 23436219084.6010
2510.7369 93711797.8509
2510.8481 23425621139.5481
2510.9593 23452550040.5503
2511.0705 93219553.2449
2511.1817 23448402305.7554
2511.2929 23437720627.4767
2511.4041 93654485.1502
2511.5153 23450850176.9449
2511.6264 23432028868.0001
2511.7376 93013231.2453
2511.8488 23436173187.6673
2511.9600 23434869512.5460
2512.0712 93629422.3081
2512.1824 23439857220.7817
2512.2936 23433967406.9893
2512.4048 93422458.4308
2512.5160 23420456271.4029
2512.6271 23436229688.2125
2512.7383 93719826.9154
2512.8495 23445446965.6052
2512.9607 23435924362.3223
2513.0719 93700057.6909
2513.1831 23445395328.7490
2513.2943 23448515755.6559
2513.4055 93724923.9155
2513.5166 23427672514.8965
2513.6278 23437049890.0602
2513.7390 93362439.5062
2513.8502 23427879916.4183
2513.9614 23441343782.9971
2514.0726 92812198.7357
2514.1838 23435404207.4363
2514.2950 23434327735.1578
2514.4061 93222782.4805
2514.5173 23442224675.6159
2514.6285 23442637416.2925
2514.7397 93309146.3519
2514.8509 23433103395.6228
2514.9621 23443386361.8217
2515.0733 93191839.0973
2515.1845 23425518862.3139
2515.2957 23447594121.5062
2515.4068 93365511.4846
2515.5180 23434160945.5408
2515.6292 23445015733.8793
2515.7404 93246855.4423
2515.8516 23436754277.7281
2515.9628 23428402868.3168
2516.0740 93352327.6512
2516.1852 23442224046.2679
2516.2963 23446124084.5509
2516.4075 93514275.4365
2516.5187 23437272212.2689
2516.6299 23433089321.1645
2516.7411 93563837.5168
2516.8523 23431515306.3463
2516.9635 23437168354.5900
2517.0747 92885114.7092
2517.1858 23435293888.3627
2517.2970 23443484465.7590
2517.4082 93300566.3787
2517.5194 23436703014.0603
2517.6306 23434076515.2436
2517.7418 93897134.5294
2517.8530 23449436134.7847
2517.9642 23445927788.6903
2518.0754 93792458.2417
2518.1865 23438218652.1675
2518.2977 23436557575.2550
2518.4089 93693654.6017
2518.5201 23441913547.0716
2518.6313 23448716636.7021
2518.7425 93261498.3409
2518.8537 23434213911.6280
2518.9649 23443295751.4229
2519.0760 92715914.6479
2519.1872 23434534370.4129
2519.2984 23443880472.3006
2519.4096 93514412.2895
2519.5208 23447566954.4249
2519.6320 23445226803.1428
2519.7432 93170953.3611
2519.8544 23454727603.9940
2519.9656 23423884849.7773
2520.0767 93784377.4977
2520.1879 23442704521.8493
2520.2991 23431197093.5732
2520.4103 93132553.1559
2520.5215 23451627787.3600
2520.6327 23427576183.7551
2520.7439 93130095.5769
2520.8551 23431153651.0931
2520.9662 23423949450.0459
2521.0774 93177955.1549
2521.1886 23432570160.7843
2521.2998 23436004780.6291
2521.4110 93756658.5871
2521.5222 23436920763.6962
2521.6334 23433439764.2969
2521.7446 93749423.9332
2521.8557 23445500437.7430
2521.9669 23417527335.0376
2522.0781 93651595.3071
2522.1893 23411149559.7161
2522.3005 23444946361.7900
2522.4117 92985712.1301
2522.5229 23430690338.5104
2522.6341 23432642325.1434
2522.7453 93534125.8315
2522.8564 23435823763.0721
2522.9676 23440786943.8639
2523.0788 93823519.8608
2523.1900 23442318176.6325
2523.3012 23435706691.3856
2523.4124 92962894.6435
2523.5236 23439991703.1792
2523.6348 23426871729.9917
2523.7459 93162859.5900
2523.8571 23412424973.1935
2523.9683 23437536185.1610
2524.0795 93762532.7091
2524.1907 23438458478.3267
2524.3019 23442991402.4999
2524.4131 93667789.5283
2524.5243 23439259483.1254
2524.6354 23429477813.8510
2524.7466 93132901.3720
2524.8578 23436539116.1736
2524.9690 23439066480.2347
2525.0802 92847631.3593
2525.1914 23431028225.3977
2525.3026 23434227243.9314
2525.4138 93478220.2829
2525.5250 23429515930.1350
2525.6361 23439488695.4990
2525.7473 93502077.0080
2525.8585 23438155688.7938
2525.9697 23440631978.5419
2526.0809 93072666.2168
2526.1921 23423817865.7415
2526.3033 23442515577.3941
2526.4145 93763764.7795
2526.5256 23440110916.8052
2526.6368 23439224698.1962
2526.7480 93321542.2981
2526.8592 23444660881.9156
2526.9704 23426396576.6856
2527.0816 93132847.1829
2527.1928 23441483953.6018
2527.3040 23435460669.5371
2527.4151 93497195.0224
2527.5263 23448819279.7942
2527.6375 23433161231.2808
2527.7487 93668392.0528
2527.8599 23425389329.2534
2527.9711 23442451156.5197
2528.0823 93051914.3622
2528.1935 23428627399.7992
2528.3047 23439004043.4398
2528.4158 93876312.5939
2528.5270 23432982853.9976
2528.6382 23432562263.1134
2528.7494 93326859.7709
2528.8606 23422838394.9557
2528.9718 23431926382.5751
2529.0830 93748168.1664
2529.1942 23420409435.8904
2529.3053 23448424791.8463
2529.4165 93281075.1422
2529.5277 23444032908.4689
2529.6389 23429027796.2299
2529.7501 93977026.5600
2529.8613 23430727971.3528
2529.9725 23442679607.3273
2530.0837 93443232.2462
2530.1948 23434902106.4400
2530.3060 23437782605.9313
2530.4172 93975999.0624
2530.5284 23438539259.7028
2530.6396 23433608922.7441
2530.7508 93030574.7973
2530.8620 23430658956.3122
2530.9732 23425302926.5800
2531.0844 94076915.9271
2531.1955 23446477299.9961
2531.3067 23424094722.8467
2531.4179 93216309.1679
2531.5291 23440996707.8893
2531.6403 23424540202.6412
2531.7515 93912763.4712
2531.8627 23434113888.8062
2531.9739 23430483382.6388
2532.0850 93740965.9290
2532.1962 23428594986.3853
2532.3074 23435826116.5514
2532.4186 93482745.8267
2532.5298 23424849118.9111
2532.6410 23431606403.2741
2532.7522 93200565.4912
2532.8634 23424167698.1085
2532.9746 23424046045.7304
2533.0857 93710746.3703
2533.1969 23429848906.0464
2533.3081 23427445536.1326
2533.4193 93178177.4817
2533.5305 23422442323.2262
2533.6417 23430705485.5236
2533.7529 93958515.4021
2533.8641 23424455533.0901
2533.9752 23432121674.6304
2534.0864 93929870.0883
2534.1976 23432922438.8696
2534.3088 23431440159.5060
2534.4200 93607487.1634
2534.5312 23429511258.3435
2534.6424 23429468893.1966
2534.7536 93039314.6089
2534.8647 23431904754.9439
2534.9759 23429153971.2964
2535.0871 93210679.4336
2535.1983 23428809494.4639
2535.3095 23440111810.2620
2535.4207 93260272.5124
2535.5319 23431006626.7616
2535.6431 23427404208.5932
2535.7543 93115526.4978
2535.8654 23438620053.7801
2535.9766 23429133781.7830
2536.0878 94005096.2959
2536.1990 23426592909.8566
2536.3102 23436452536.5805
2536.4214 93591874.8727
2536.5326 23432204551.8182
2536.6438 23434583860.0407
2536.7549 93577510.4721
2536.8661 23434629946.2789
2536.9773 23437342475.3866
2537.0885 93281819.8705
2537.1997 23430918334.4428
2537.3109 23429240361.3653
2537.4221 93337247.9589
2537.5333 23419494228.9873
2537.6444 23448814937.1746
2537.7556 93966751.2451
2537.8668 23435293301.1378
2537.9780 23431613281.6195
2538.0892 93360056.8765
2538.2004 23429485118.5173
2538.3116 23436202686.0422
2538.4228 93360348.4957
2538.5340 23434743761.3348
2538.6451 23425486197.2210
2538.7563 93529014.6502
2538.8675 23428148755.8082
2538.9787 23429586551.2773
2539.0899 93862280.1362
2539.2011 23441392767.9307
2539.3123 23437402415.2457
2539.4235 93502396.7283
2539.5346 23442694540.0347
2539.6458 23422940660.8979
2539.7570 94185598.4543
2539.8682 23425265034.4719
2539.9794 23428599868.1965
2540.0906 93560271.2672
2540.2018 23436697519.1341
2540.3130 23425975117.2986
2540.4241 93193233.3398
2540.5353 23433797070.6746
2540.6465 23425320394.2846
2540.7577 93546348.7330
2540.8689 23423738896.2278
2540.9801 23431688696.2146
2541.0913 92982647.3129
2541.2025 23416640014.9112
2541.3137 23428678601.9197
2541.4248 93284607.4805
2541.5360 23429359335.3247
2541.6472 23428804923.3210
2541.7584 93527443.6813
2541.8696 23434242889.8049
2541.9808 23428141061.8202
2542.0920 93282286.7777
2542.2032 23407892064.8681
2542.3143 23454202169.6762
2542.4255 92874225.1524
2542.5367 23439080297.8919
2542.6479 23433302670.7544
2542.7591 93665452.9230
2542.8703 23441822557.3734
2542.9815 23415451850.6244
2543.0927 93409986.4616
2543.2038 23449834033.5277
2543.3150 23424441053.3846
2543.4262 93380712.9891
2543.5374 23434024820.1012
2543.6486 23418696066.1144
2543.7598 93387884.5121
2543.8710 23423034031.5899
2543.9822 23426915893.4589
2544.0934 93077429.9746
2544.2045 23423910555.0829
2544.3157 23427720963.1160
2544.4269 93509188.2948
2544.5381 23423308749.1770
2544.6493 23429630294.7180
2544.7605 93875791.2563
2544.8717 23424863534.4968
2544.9829 23422075035.4577
2545.0940 93739680.2872
2545.2052 23406317477.7473
2545.3164 23430990787.3528
2545.4276 93426408.6271
2545.5388 23425516147.3602
2545.6500 23438781829.2957
2545.7612 93698247.2719
2545.8724 23441558470.2153
2545.9836 23430267610.6211
2546.0947 93951081.2500
2546.2059 23430047887.4761
2546.3171 23429442845.4877
2546.4283 92533349.8228
2546.5395 23435985878.6966
2546.6507 23430339731.4482
2546.7619 93577519.5367
2546.8731 23429828647.7234
2546.9842 23426968658.8711
2547.0954 93069122.7971
2547.2066 23442662653.0059
2547.3178 23420787394.3365
2547.4290 92597394.3327
2547.5402 23426875353.9906
2547.6514 23431992044.2439
2547.7626 93715846.0302
2547.8737 23425846158.2528
2547.9849 23429280086.5521
2548.0961 93397536.4818
2548.2073 23429399813.4642
2548.3185 23432413220.1258
2548.4297 93476399.6403
2548.5409 23420673002.1733
2548.6521 23426728359.4949
2548.7633 92916762.8244
2548.8744 23418294706.5635
2548.9856 23424212571.3661
2549.0968 93529681.8846
2549.2080 23437660025.9834
2549.3192 23427832265.9125
2549.4304 92955075.0539
2549.5416 23426248838.1885
2549.6528 23434007264.2788
2549.7639 93275765.2574
2549.8751 23429971878.6838
2549.9863 23436487810.5580
2550.0975 93129689.0218
2550.2087 23427082722.0236
2550.3199 23435682241.5252
2550.4311 93420324.3998
2550.5423 23444700930.0492
2550.6534 23427797199.2142
2550.7646 93754032.1168
2550.8758 23428033381.0516
2550.9870 23429897190.0520
2551.0982 92998904.2451
2551.2094 23436662238.5398
2551.3206 23423388569.9034
2551.4318 93642727.8856
2551.5430 23423509614.5613
2551.6541 23440026836.3098
2551.7653 93291084.4289
2551.8765 23434076139.5370
2551.9877 23421193213.1005
2552.0989 93422127.0353
2552.2101 23432446671.8454
2552.3213 23424211820.9291
2552.4325 93589809.6009
2552.5436 23430483546.0392
2552.6548 23449429275.0072
2552.7660 93310284.3492
2552.8772 23436047672.1770
2552.9884 23420093395.7627
2553.0996 92718777.4595
2553.2108 23428366349.2979
2553.3220 23428077272.4929
2553.4331 93586975.1696
2553.5443 23433526365.9535
2553.6555 23424130593.7558
2553.7667 93556892.1963
2553.8779 23424696186.8885
2553.9891 23425474888.9764
2554.1003 93503697.6947
2554.2115 23420379440.3312
2554.3227 23431209910.6392
2554.4338 93255105.4845
2554.5450 23436071378.0984
2554.6562 23416612569.7905
2554.7674 93348070.5877
2554.8786 23422601376.2656
2554.9898 23425861631.3168
2555.1010 93610863.2750
2555.2122 23424270683.9955
2555.3233 23434399774.3250
2555.4345 93145118.4492
2555.5457 23427221769.8490
2555.6569 23426563910.5701
2555.7681 93197355.0555
2555.8793 23422877138.9916
2555.9905 23441069639.4515
2556.1017 93072485.1577
2556.2128 23421590018.0973
2556.3240 23421272430.1523
2556.4352 93489763.8324
2556.5464 23418199920.3325
2556.6576 23438614696.2998
2556.7688 93204602.5391
2556.8800 23427001093.2578
2556.9912 23436916989.3354
2557.1024 93654752.3597
2557.2135 23426355646.1144
2557.3247 23421160016.2814
2557.4359 93313787.2939
2557.5471 23434574617.0960
2557.6583 23410421597.9171
2557.7695 94275841.6033
2557.8807 23428468512.8361
2557.9919 23418541393.3475
2558.1030 93662383.8849
2558.2142 23425567294.7555
2558.3254 23426049544.9426
2558.4366 94170767.5189
2558.5478 23419778743.0471
2558.6590 23428470448.0876
2558.7702 94270062.4073
2558.8814 23424780190.6426
2558.9925 23436273440.8831
2559.1037 93947804.4241
2559.2149 23420911335.0288
2559.3261 23430226152.3987
2559.4373 93138807.8492
2559.5485 23419866581.3443
2559.6597 23441387348.1048
2559.7709 93329535.3020
2559.8821 23429024530.8629
2559.9932 23417870848.2025
2560.1044 93499283.9152
2560.2156 23434656575.7026
2560.3268 23427473352.6852
2560.4380 93720740.5515
2560.5492 23420686179.2873
2560.6604 23433964410.1828
2560.7716 93321524.7206
2560.8827 23425015213.7978
2560.9939 23433255924.1011
2561.1051 93064799.5018
2561.2163 23419337896.7982
2561.3275 23440869304.2372
2561.4387 93451116.2478
2561.5499 23444185370.2458
2561.6611 23423091035.9705
2561.7723 93760245.1863
2561.8834 23422434079.1236
2561.9946 23436734979.3451
2562.1058 94024924.2681
2562.2170 23414427560.3417
2562.3282 23433703152.7684
2562.4394 93197040.1079
2562.5506 23440152432.6665
2562.6618 23425748960.7831
2562.7729 93311113.3879
2562.8841 23425252985.4824
2562.9953 23423764246.0827
2563.1065 93815074.9243
2563.2177 23428372314.8699
2563.3289 23431941312.1238
2563.4401 93351728.8265
2563.5513 23423883692.0195
2563.6624 23424299749.9064
2563.7736 92683870.4774
2563.8848 23416759420.4216
2563.9960 23435645982.9049
2564.1072 93647298.3765
2564.2184 23433203857.6111
2564.3296 23425565200.1854
2564.4408 93461661.6519
2564.5520 23437257726.8006
2564.6631 23422810527.7114
2564.7743 93537654.7466
2564.8855 23434426404.7340
2564.9967 23422491091.5354
2565.1079 93508034.8999
2565.2191 23417995409.5463
2565.3303 23431365335.8950
2565.4415 92955518.6005
2565.5526 23435142846.8744
2565.6638 23433235315.4665
2565.7750 93913625.3962
2565.8862 23426795990.7600
2565.9974 23426132238.8701
2566.1086 92902405.7278
2566.2198 23425791712.2666
2566.3310 23431701998.5414
2566.4421 93663662.4578
2566.5533 23429676067.7126
2566.6645 23428790536.1839
2566.7757 94069164.0515
2566.8869 23441300751.4469
2566.9981 23426147609.7223
2567.1093 92816899.5537
2567.2205 23429887975.6894
2567.3317 23425297321.3382
2567.4428 93323945.0793
2567.5540 23422211382.9441
2567.6652 23431068568.1796
2567.7764 93385221.2737
2567.8876 23433413876.6540
2567.9988 23431620662.8977
2568.1100 93621541.0297
2568.2212 23430351542.6393
2568.3323 23429248990.3887
2568.4435 93296320.6816
2568.5547 23431722048.6729
2568.6659 23419717437.8457
2568.7771 93752406.8435
2568.8883 23419374516.7783
2568.9995 23439314567.7436
2569.1107 93631191.4973
2569.2218 23424898205.5477
2569.3330 23414438793.7750
2569.4442 93277128.4684
2569.5554 23421874073.4945
2569.6666 23428674893.0962
2569.7778 93705149.5181
2569.8890 23425010066.5299
2570.0002 23430192387.6443
2570.1114 93696420.1491
2570.2225 23437072132.0665
2570.3337 23426195069.2567
2570.4449 93473173.4362
2570.5561 23426192283.2551
2570.6673 23428520043.1273
2570.7785 93296588.4662
2570.8897 23419128986.6060
2571.0009 23434342764.6185
2571.1120 93922332.9588
2571.2232 23425275909.7866
2571.3344 23425023255.3574
2571.4456 93091789.3108
2571.5568 23434111418.5034
2571.6680 23427426432.5446
2571.7792 93433013.1803
2571.8904 23436439279.8749
2572.0015 23433259218.0902
2572.1127 93128661.7529
2572.2239 23426957492.0217
2572.3351 23439472383.2314
2572.4463 93010580.0434
2572.5575 23444366225.8209
2572.6687 23438150036.2449
2572.7799 93471198.1034
2572.8911 23432294619.6056
2573.0022 23422554631.1138
2573.1134 93659239.0243
2573.2246 23427179899.4388
2573.3358 23429885225.6295
2573.4470 93306230.7504
2573.5582 23434936485.8329
2573.6694 23424583031.8694
2573.7806 93348325.2814
2573.8917 23420505480.9979
2574.0029 23430129571.1529
2574.1141 93487038.3669
2574.2253 23437286862.8024
2574.3365 23423022484.3384
2574.4477 93887878.7755
2574.5589 23427827844.9363
2574.6701 23423264234.9148
2574.7813 93256335.1462
2574.8924 23420252586.8707
2575.0036 23436157213.3708
2575.1148 93027415.3125
2575.2260 23430754394.3886
2575.3372 23422825109.5787
2575.4484 93660149.3045
2575.5596 23424241690.8167
2575.6708 23433227712.0695
2575.7819 93170505.8285
2575.8931 23412418260.7201
2576.0043 23442716233.5737
2576.1155 93593686.7663
2576.2267 23429197454.2615
2576.3379 23441472464.4600
2576.4491 93477442.4507
2576.5603 23442011762.4099
2576.6714 23419721603.7814
2576.7826 94018477.7210
2576.8938 23429482935.5367
2577.0050 23413774494.7429
2577.1162 93058639.5665
2577.2274 23420434875.2528
2577.3386 23433818994.5262
2577.4498 93159917.0043
2577.5610 23410312801.1792
2577.6721 23438582271.2605
2577.7833 94638752.4542
2577.8945 23432986441.9308
2578.0057 23430624728.3393
2578.1169 93627532.8365
2578.2281 23416105675.1806
2578.3393 23435139693.5183
2578.4505 92966570.3512
2578.5616 23423237159.9566
2578.6728 23422138043.3320
2578.7840 93457675.4326
2578.8952 23430986083.2824
2579.0064 23423265373.7198
2579.1176 94379094.8141
2579.2288 23441991197.0714
2579.3400 23414741688.1763
2579.4511 93264946.7584
2579.5623 23423885346.3802
2579.6735 23408489159.0220
2579.7847 93427088.6635
2579.8959 23416407217.9899
2580.0071 23441314215.2351
2580.1183 93630730.9212
2580.2295 23444471957.3486
2580.3407 23426298347.4641
2580.4518 93662366.1108
2580.5630 23431487918.8518
2580.6742 23431030289.9415
2580.7854 93538860.1376
2580.8966 23431921673.1102
2581.0078 23407866148.1370
2581.1190 93092576.7383
2581.2302 23426673632.9211
2581.3413 23431478172.0651
2581.4525 93203944.3023
2581.5637 23432823566.9132
2581.6749 23426713987.5618
2581.7861 93682918.5032
2581.8973 23426240177.8929
2582.0085 23423436134.2148
2582.1197 93367545.7704
2582.2308 23420628365.3073
2582.3420 23435434784.2657
2582.4532 92923520.6131
2582.5644 23432144649.9401
2582.6756 23429957207.5081
2582.7868 93625517.4939
2582.8980 23437238999.7300
2583.0092 23423503509.4668
2583.1204 93375471.1992
2583.2315 23425728354.8862
2583.3427 23425311068.5721
2583.4539 94177078.3775
2583.5651 23429973946.0488
2583.6763 23427586230.9158
2583.7875 93618111.3230
2583.8987 23434511132.9986
2584.0099 23419994692.7313
2584.1210 93110797.7529
2584.2322 23433607598.9940
2584.3434 23432400508.8629
2584.4546 93539365.6723
2584.5658 23427007275.8476
2584.6770 23443520674.6161
2584.7882 93490799.1273
2584.8994 23434683679.0787
2585.0105 23431762026.2342
2585.1217 93582043.0698
2585.2329 23437347143.6618
2585.3441 23414834920.0150
2585.4553 93741628.9211
2585.5665 23420140326.1263
2585.6777 23434155464.3860
2585.7889 93420171.3432
2585.9001 23422620210.1705
2586.0112 23427874815.9806
2586.1224 93289227.9543
2586.2336 23423801253.2507
2586.3448 23431619045.9668
2586.4560 93393417.1410
2586.5672 23440398613.1960
2586.6784 23415635673.1985
2586.7896 93451649.6889
2586.9007 23419411221.3955
2587.0119 23426792562.1101
2587.1231 93772563.6772
2587.2343 23413301412.1776
2587.3455 23427094700.3686
2587.4567 92439768.0879
2587.5679 23441884409.9151
2587.6791 23427596240.7037
2587.7903 93953901.4272
2587.9014 23438850077.8393
2588.0126 23423958516.8615
2588.1238 93172860.7528
2588.2350 23425387456.2998
2588.3462 23423757735.4508
2588.4574 92664077.0988
2588.5686 23438424665.6132
2588.6798 23421725088.3628
2588.7909 93046628.8632
2588.9021 23414435448.3084
2589.0133 23440836053.6692
2589.1245 93445805.7780
2589.2357 23418440822.8492
2589.3469 23431602860.8378
2589.4581 93482580.3635
2589.5693 23421399519.4870
2589.6804 23433469167.3713
2589.7916 93485574.6236
2589.9028 23429676581.3269
2590.0140 23424146683.3439
2590.1252 93507861.5753
2590.2364 23423713986.0827
2590.3476 23443827169.1850
2590.4588 93350322.0579
2590.5700 23426140119.7732
2590.6811 23417982015.4276
2590.7923 93376511.3817
2590.9035 23427362645.8041
2591.0147 23428156432.8775
2591.1259 93340355.0028
2591.2371 23421873011.1198
2591.3483 23426073251.7711
2591.4595 93326040.5902
2591.5706 23420649024.9752
2591.6818 23423825965.1824
2591.7930 93069458.6917
2591.9042 23431500943.8081
2592.0154 23422352587.8914
2592.1266 94021421.4886
2592.2378 23430188990.9530
2592.3490 23425567127.5328
2592.4601 93187256.2428
2592.5713 23432655723.0781
2592.6825 23419528216.2596
2592.7937 94371513.2639
2592.9049 23431396474.1170
2593.0161 23422198019.5591
2593.1273 93521736.0848
2593.2385 23420939614.6470
2593.3497 23432241295.6499
2593.4608 93118197.4187
2593.5720 23434745026.5769
2593.6832 23417314140.1179
2593.7944 93075760.1757
2593.9056 23421718774.2250
2594.0168 23412289274.5446
2594.1280 92986410.9948
2594.2392 23413115606.1138
2594.3503 23421200667.6562
2594.4615 93892007.6119
2594.5727 23429926224.3551
2594.6839 23424066208.3619
2594.7951 93475506.1619
2594.9063 23438327758.6626
2595.0175 23421091475.9229
2595.1287 93165519.6189
2595.2398 23414960084.5185
2595.3510 23436243187.7945
2595.4622 93367565.2026
2595.5734 23419872832.6223
2595.6846 23425547501.9739
2595.7958 93143838.7548
2595.9070 23420695506.1209
2596.0182 23417973571.5530
2596.1294 93239038.6618
2596.2405 23436929191.7353
2596.3517 23416792239.2453
2596.4629 93306168.5994
2596.5741 23413684399.1521
2596.6853 23441353198.9757
2596.7965 93515971.3465
2596.9077 23432332523.5528
2597.0189 23438550140.4504
2597.1300 94141102.4193
2597.2412 23411753678.0325
2597.3524 23432981100.8617
2597.4636 93386260.0541
2597.5748 23433550075.1127
2597.6860 23434844220.8874
2597.7972 94424808.3127
2597.9084 23431748476.2064
2598.0195 23428612494.8397
2598.1307 93351871.3919
2598.2419 23420200223.1790
2598.3531 23437931988.7711
2598.4643 93169339.8810
2598.5755 23425333755.2297
2598.6867 23422007850.1732
2598.7979 93610189.5921
2598.9091 23420700779.9300
2599.0202 23431699371.1678
2599.1314 93469624.3349
2599.2426 23418020416.6929
2599.3538 23423313946.5846
2599.4650 93593058.6136
2599.5762 23430567830.0415
2599.6874 23430743772.9712
2599.7986 93257177.9020
2599.9097 23428957107.5873
2600.0209 23420672480.3875
2600.1321 93375597.0393
2600.2433 23422030174.0536
2600.3545 23433892246.9441
2600.4657 93659610.2917
2600.5769 23426945732.3074
2600.6881 23419331477.1302
2600.7992 93391596.9073
2600.9104 23425419230.3766
2601.0216 23416492829.7920
2601.1328 93338050.6367
2601.2440 23442000158.2449
2601.3552 23418538124.0966
2601.4664 93340724.3899
2601.5776 23419254341.7681
2601.6888 23431536350.8965
2601.7999 93371457.9861
2601.9111 23429119997.9408
2602.0223 23418201825.6730
2602.1335 93604785.7786
2602.2447 23415677145.4585
2602.3559 23440221614.4938
2602.4671 93562889.8440
2602.5783 23430791205.1430
2602.6894 23427768543.1506
2602.8006 93496187.3023
2602.9118 23430842671.0504
2603.0230 23422755475.4271
2603.1342 93750196.3825
2603.2454 23425962706.3538
2603.3566 23418190176.4246
2603.4678 93364018.4357
2603.5790 23431062239.9776
2603.6901 23423782682.8889
2603.8013 92942658.9818
2603.9125 23435334363.4125
2604.0237 23421729897.5357
2604.1349 93595758.3668
2604.2461 23433772310.0803
2604.3573 23425117758.0938
2604.4685 92959995.4990
2604.5796 23419000546.5980
2604.6908 23428938708.1235
2604.8020 93840505.8469
2604.9132 23417620463.2414
2605.0244 23439957392.2444
2605.1356 93556064.6596
2605.2468 23434652835.1435
2605.3580 23417155355.2540
2605.4691 92898951.6657
2605.5803 23428747196.0383
2605.6915 23419456897.3419
2605.8027 93312529.4282
2605.9139 23429825259.4240
2606.0251 23424866490.4398
2606.1363 93835313.4715
2606.2475 23419741309.7584
2606.3587 23430780326.7028
2606.4698 92989017.9833
2606.5810 23442224479.5452
2606.6922 23410467968.6551
2606.8034 93400701.3309
2606.9146 23426264672.4161
2607.0258 23423343762.1524
2607.1370 93440994.8354
2607.2482 23418238935.8353
2607.3593 23424805497.8173
2607.4705 93622936.4235
2607.5817 23427110618.6603
2607.6929 23416023941.1959
2607.8041 94068550.8286
2607.9153 23424982070.0842
2608.0265 23416205684.4241
2608.1377 93164248.0466
2608.2488 23406546198.9597
2608.3600 23434123346.3972
2608.4712 93425912.3208
2608.5824 23433982205.1031
2608.6936 23425191781.1720
2608.8048 93516926.0588
2608.9160 23427556664.6220
2609.0272 23414669516.4339
2609.1384 93737472.0850
2609.2495 23408934642.3652
2609.3607 23438530443.7150
2609.4719 93682260.1379
2609.5831 23424934776.5725
2609.6943 23444189694.2856
2609.8055 93598438.0437
2609.9167 23435521111.4308
2610.0279 23427475321.4121
2610.1390 93175376.8020
2610.2502 23431676685.8757
2610.3614 23417056744.1375
2610.4726 93679667.8195
2610.5838 23426011376.4483
2610.6950 23432068269.0023
2610.8062 93986194.8893
2610.9174 23435310783.7257
2611.0285 23416778815.6840
2611.1397 93315126.6016
2611.2509 23423084626.0039
2611.3621 23436162098.7405
2611.4733 93625765.7321
2611.5845 23433223689.8439
2611.6957 23422159663.9821
2611.8069 93279510.1695
2611.9181 23434711962.9430
2612.0292 23416852129.2039
2612.1404 93751870.9413
2612.2516 23429091703.2841
2612.3628 23417367218.2910
2612.4740 93454068.2776
2612.5852 23418441991.8104
2612.6964 23416414039.9653
2612.8076 93316732.6295
2612.9187 23421724049.2219
2613.0299 23423885344.5229
2613.1411 93137826.6055
2613.2523 23422664565.3888
2613.3635 23420106486.2991
2613.4747 93272085.9871
2613.5859 23420847073.0112
2613.6971 23438184523.9947
2613.8082 93691193.7700
2613.9194 23435260560.7358
2614.0306 23415526718.2347
2614.1418 93377014.8028
2614.2530 23414634974.6353
2614.3642 23433638616.2115
2614.4754 93395261.5098
2614.5866 23425590755.9015
2614.6978 23428137373.4300
2614.8089 93341351.1391
2614.9201 23426539566.5333
2615.0313 23429328654.1864
2615.1425 93856007.7756
2615.2537 23413079709.7768
2615.3649 23440357298.8342
2615.4761 93178079.3382
2615.5873 23421901466.0202
2615.6984 23430617571.3994
2615.8096 93322696.2863
2615.9208 23433315835.5470
2616.0320 23420395994.9826
2616.1432 93587663.7645
2616.2544 23420430891.3059
2616.3656 23427018322.5011
2616.4768 93929728.7357
2616.5880 23418847094.8598
2616.6991 23422239783.4875
2616.8103 94173352.9126
2616.9215 23426485937.2826
2617.0327 23435189980.4096
2617.1439 93464862.6374
2617.2551 23415617173.1268
2617.3663 23432016102.5603
2617.4775 92850457.3414
2617.5886 23438190767.8320
2617.6998 23433985365.0092
2617.8110 93405220.6753
2617.9222 23424209886.8683
2618.0334 23415370961.7265
2618.1446 93228447.2896
2618.2558 23418717313.2090
2618.3670 23434851269.8552
2618.4781 93461457.1975
2618.5893 23429615436.0324
2618.7005 23428289602.6887
2618.8117 93145192.6980
2618.9229 23415836289.6836
2619.0341 23438934038.1676
2619.1453 93555381.9243
2619.2565 23433594623.2167
2619.3677 23418836516.6781
2619.4788 94065471.9318
2619.5900 23430983721.9430
2619.7012 23434824936.9171
2619.8124 93506015.3090
2619.9236 23431951316.4063
2620.0348 23423782916.3522
2620.1460 93739671.6382
2620.2572 23428346829.1485
2620.3683 23412335420.7015
2620.4795 93652297.5694
2620.5907 23418342762.2433
2620.7019 23427850528.4318
2620.8131 93352974.2827
2620.9243 23426010697.1210
2621.0355 23439809313.0098
2621.1467 93313920.0999
2621.2578 23420301102.1279
2621.3690 23433335380.0308
2621.4802 92887744.1780
2621.5914 23421915352.3544
2621.7026 23431466007.9702
2621.8138 93593926.6394
2621.9250 23421245016.9569
2622.0362 23431653565.6493
2622.1474 93146717.6312
2622.2585 23408653985.6612
2622.3697 23437922049.2615
2622.4809 93584868.3838
2622.5921 23421908966.8100
2622.7033 23433449835.4532
2622.8145 93431822.7496
2622.9257 23421292983.0206
2623.0369 23443428185.1354
2623.1480 93907498.5285
2623.2592 23434950366.7013
2623.3704 23446003365.8734
2623.4816 93499869.7816
2623.5928 23436372253.3757
2623.7040 23426894279.9285
2623.8152 93048577.3251
2623.9264 23430130331.1649
2624.0375 23430149125.4853
2624.1487 93182104.7080
2624.2599 23428257443.9442
2624.3711 23416276157.3975
2624.4823 93857155.0980
2624.5935 23434523316.3168
2624.7047 23424755368.0874
2624.8159 94248158.1558
2624.9271 23432594376.4788
2625.0382 23424977427.4249
2625.1494 93637885.6372
2625.2606 23421166715.6413
2625.3718 23444529658.1354
2625.4830 93424254.0497
2625.5942 23414295543.3379
2625.7054 23421837751.6883
2625.8166 93679793.6974
2625.9277 23413863831.9021
2626.0389 23444720481.2606
2626.1501 93339949.4101
2626.2613 23429130540.7104
2626.3725 23431592931.3725
2626.4837 93815075.6289
2626.5949 23441477746.7142
2626.7061 23417512942.5396
2626.8172 93991068.4938
2626.9284 23432382913.2454
2627.0396 23420320227.9288
2627.1508 93021139.2547
2627.2620 23437636281.8778
2627.3732 23436754293.4558
2627.4844 93611319.7769
2627.5956 23426613131.1033
2627.7068 23422347520.9433
2627.8179 93400462.1435
2627.9291 23431610968.2828
2628.0403 23422006850.3647
2628.1515 93233060.4061
2628.2627 23427935027.7514
2628.3739 23413108717.7651
2628.4851 93652294.3983
2628.5963 23422323470.6186
2628.7074 23423003546.5110
2628.8186 93617728.0278
2628.9298 23428178845.3011
2629.0410 23425042393.7779
2629.1522 93625472.3659
2629.2634 23435772248.0559
2629.3746 23428726289.9943
2629.4858 94130334.3924
2629.5969 23428889934.0707
2629.7081 23426058094.4435
2629.8193 93470247.1013
2629.9305 23417745434.6343
2630.0417 23424798920.2937
2630.1529 93590567.1576
2630.2641 23414035134.2276
2630.3753 23432594474.2992
2630.4865 93217905.5533
2630.5976 23423293450.4427
2630.7088 23438984726.9242
2630.8200 93596413.6613
2630.9312 23432350892.7858
2631.0424 23423679476.6805
2631.1536 93607474.2514
2631.2648 23426388145.5167
2631.3760 23428242847.0048
2631.4871 93426806.0481
2631.5983 23428226086.4901
2631.7095 23429034451.1209
2631.8207 93278160.5153
2631.9319 23417712806.3186
2632.0431 23435220431.3094
2632.1543 93362617.3110
2632.2655 23437611724.3563
2632.3767 23434562045.7078
2632.4878 94285423.1609
2632.5990 23432674719.9671
2632.7102 23437712141.3811
2632.8214 93211139.9574
2632.9326 23438332937.4531
2633.0438 23418399516.7335
2633.1550 93343231.4138
2633.2662 23432743343.2179
2633.3773 23429048993.1852
2633.4885 93786823.1137
2633.5997 23443462248.4533
2633.7109 23423302883.7893
2633.8221 93709626.5883
2633.9333 23425116780.4017
2634.0445 23414119104.8376
2634.1557 93160812.3804
2634.2668 23442424017.6810
2634.3780 23418606954.3441
2634.4892 93013752.7625
2634.6004 23421024884.1156
2634.7116 23427434498.4123
2634.8228 93270555.4790
2634.9340 23435606748.1526
2635.0452 23420105878.4117
2635.1564 93624936.9122
2635.2675 23424359792.2684
2635.3787 23426390118.0326
2635.4899 93061001.4078
2635.6011 23427813752.9625
2635.7123 23432622583.6515
2635.8235 93497973.9386
2635.9347 23432011814.3281
2636.0459 23434472902.5079
2636.1570 93452411.1507
2636.2682 23429131418.5750
2636.3794 23428615603.1679
2636.4906 93509245.5024
2636.6018 23433502790.4602
2636.7130 23435570288.1697
2636.8242 94395363.9198
2636.9354 23429618689.6788
2637.0465 23426733163.4141
2637.1577 93648817.9274
2637.2689 23430492131.6486
2637.3801 23418629521.7036
2637.4913 92878100.2287
2637.6025 23433456003.6187
2637.7137 23428771251.8518
2637.8249 93498311.3134
2637.9361 23426709637.2593
2638.0472 23416962033.7228
2638.1584 93443406.0802
2638.2696 23440020524.9126
2638.3808 23430650591.7407
2638.4920 93533158.8285
2638.6032 23420325028.7496
2638.7144 23439344387.1288
2638.8256 93156676.8275
2638.9367 23432721810.6672
2639.0479 23427382315.7164
2639.1591 93312909.3111
2639.2703 23414423010.5588
2639.3815 23432161086.0548
2639.4927 93601972.8810
2639.6039 23433880899.0570
2639.7151 23426891578.6239
2639.8262 93249826.9730
2639.9374 23432870147.6529
2640.0486 23429870548.2998
2640.1598 93457946.4665
2640.2710 23432952033.0450
2640.3822 23423876601.7443
2640.4934 93561470.6774
2640.6046 23421489020.3165
2640.7158 23431183232.8664
2640.8269 93466881.4491
2640.9381 23434523911.7846
2641.0493 23424072867.0760
2641.1605 93013921.3758
2641.2717 23425526120.5759
2641.3829 23432968476.4124
2641.4941 93611017.7384
2641.6053 23439636583.1992
2641.7164 23438946259.5305
2641.8276 93637495.5076
2641.9388 23431519825.6272
2642.0500 23430175232.7783
2642.1612 93387323.6100
2642.2724 23425708085.9273
2642.3836 23430046620.4538
2642.4948 93206881.0453
2642.6059 23434980439.6283
2642.7171 23425772749.3321
2642.8283 93634988.5847
2642.9395 23433877416.7774
2643.0507 23445884421.9404
2643.1619 93723244.5367
2643.2731 23435145577.3788
2643.3843 23421762132.4834
2643.4955 94095879.6227
2643.6066 23427761919.5186
2643.7178 23418994942.8330
2643.8290 93769346.9871
2643.9402 23418719287.9161
2644.0514 23452170976.2822
2644.1626 94270657.9659
2644.2738 23421034123.8601
2644.3850 23427873649.9341
2644.4961 93750238.4539
2644.6073 23422554092.4065
2644.7185 23443807190.0588
2644.8297 93311069.0200
2644.9409 23428365420.6799
2645.0521 23454935515.0329
2645.1633 92826525.5380
2645.2745 23435741296.7489
2645.3857 23430460282.6668
2645.4968 93464889.2793
2645.6080 23443768561.4048
2645.7192 23431815528.7358
2645.8304 94098486.6656
2645.9416 23428515491.5173
2646.0528 23427203621.5073
2646.1640 93495760.9337
2646.2752 23426699304.6755
2646.3863 23436921801.4968
2646.4975 93267448.3150
2646.6087 23423270283.7676
2646.7199 23445067210.9064
2646.8311 93622733.4783
2646.9423 23429208738.6469
2647.0535 23446093199.3717
2647.1647 93864737.2565
2647.2758 23436793575.1986
2647.3870 23419725156.3762
2647.4982 93743649.8211
2647.6094 23430243754.6186
2647.7206 23432666764.7355
2647.8318 92995470.2466
2647.9430 23429726076.9518
2648.0542 23439698826.3861
2648.1654 93148638.7779
2648.2765 23429041243.9633
2648.3877 23439176569.2957
2648.4989 93026437.5947
2648.6101 23437219386.5414
2648.7213 23433592475.5411
2648.8325 94015294.7118
2648.9437 23432482367.7027
2649.0549 23430129456.1928
2649.1660 93507905.2232
2649.2772 23416516048.0298
2649.3884 23444703200.8390
2649.4996 93761191.3499
2649.6108 23437553972.6831
2649.7220 23422723557.0170
2649.8332 92914673.1226
2649.9444 23428614045.9010
2650.0555 23446899642.9824
2650.1667 92940998.2387
2650.2779 23449438138.6519
2650.3891 23429114441.7106
2650.5003 93462932.1071
2650.6115 23406797701.6011
2650.7227 23435716809.5354
2650.8339 93529535.8754
2650.9451 23440272767.2085
2651.0562 23438602040.1390
2651.1674 93974593.7663
2651.2786 23439005391.4244
2651.3898 23431197530.8725
2651.5010 93273197.0669
2651.6122 23433650302.1218
2651.7234 23456037107.2219
2651.8346 93362897.7428
2651.9457 23432447661.2305
2652.0569 23437208797.1488
2652.1681 94010121.7436
2652.2793 23438138834.6721
2652.3905 23422753043.0185
2652.5017 93287448.1019
2652.6129 23439975865.8316
2652.7241 23429175224.6254
2652.8352 93368829.5435
2652.9464 23431900362.5291
2653.0576 23436215624.1149
2653.1688 93635625.5583
2653.2800 23435529512.8697
2653.3912 23425134248.2566
2653.5024 92561006.7635
2653.6136 23433311833.2800
2653.7248 23426330834.2457
2653.8359 94048457.5932
2653.9471 23428589571.5101
2654.0583 23446330498.2451
2654.1695 93365363.7675
2654.2807 23437547468.1629
2654.3919 23435625952.9363
2654.5031 93428974.9764
2654.6143 23442367140.6102
2654.7254 23433448656.6869
2654.8366 93663015.1160
2654.9478 23441767222.8207
2655.0590 23412081942.5114
2655.1702 93573545.2319
2655.2814 23434500943.8225
2655.3926 23426404133.6732
2655.5038 94095368.6929
2655.6149 23440765489.6847
2655.7261 23430740109.3736
2655.8373 93165742.4481
2655.9485 23434555770.1792
2656.0597 23433314819.3114
2656.1709 93240385.6487
2656.2821 23430503038.2654
2656.3933 23435961101.2135
2656.5045 94451061.8810
2656.6156 23435284415.5165
2656.7268 23429330447.7456
2656.8380 93478663.6384
2656.9492 23434787558.7225
2657.0604 23440193873.5901
2657.1716 93454821.5620
2657.2828 23430351728.3795
2657.3940 23434010133.7682
2657.5051 93134374.6418
2657.6163 23436119744.4091
2657.7275 23427963594.8540
2657.8387 93437133.6286
2657.9499 23426098410.1042
2658.0611 23427511503.4247
2658.1723 93295548.4794
2658.2835 23438844833.8299
2658.3947 23424753682.4325
2658.5058 93201679.7300
2658.6170 23428313431.2265
2658.7282 23425459706.5314
2658.8394 93448974.7083
2658.9506 23443018262.2513
2659.0618 23435300387.6819
2659.1730 93179295.5463
2659.2842 23415894507.7356
2659.3953 23446672944.1276
2659.5065 93382367.2308
2659.6177 23442918096.7320
2659.7289 23434292453.1585
2659.8401 93434044.8473
2659.9513 23431043615.5232
2660.0625 23434129238.1834
2660.1737 93388368.1176
2660.2848 23416090234.5499
2660.3960 23439837948.2940
2660.5072 93485153.8085
2660.6184 23436741521.0722
2660.7296 23437385913.4366
2660.8408 93544922.2099
2660.9520 23431776777.0816
2661.0632 23437725913.7743
2661.1744 93671203.2603
2661.2855 23422509511.8996
2661.3967 23435229047.3760
2661.5079 93465996.7405
2661.6191 23427006322.2048
2661.7303 23436664496.8129
2661.8415 93262087.7335
2661.9527 23426787303.7241
2662.0639 23440849636.6089
2662.1750 93764020.6628
2662.2862 23433793024.9519
2662.3974 23446235083.2961
2662.5086 93156577.0897
2662.6198 23442474512.0440
2662.7310 23440799502.5321
2662.8422 93425782.8457
2662.9534 23422808255.2158
2663.0645 23445059671.1830
2663.1757 93965009.6497
2663.2869 23453798930.3594
2663.3981 23420300815.3603
2663.5093 94261371.0732
2663.6205 23434662073.9031
2663.7317 23433975511.5243
2663.8429 92474332.7525
2663.9541 23445801799.1554
2664.0652 23425475808.2339
2664.1764 93620244.2584
2664.2876 23431652553.8221
2664.3988 23436047241.7214
2664.5100 94090734.6029
2664.6212 23442936357.8748
2664.7324 23436025769.4276
2664.8436 92991015.0777
2664.9547 23431334023.4988
2665.0659 23432357092.2413
2665.1771 93481167.5202
2665.2883 23443896151.8827
2665.3995 23438462970.8892
2665.5107 93263242.4891
2665.6219 23436610440.6470
2665.7331 23427041046.2094
2665.8442 93357262.6906
2665.9554 23417839315.8890
2666.0666 23435175279.3126
2666.1778 93374699.6092
2666.2890 23431868589.0095
2666.4002 23438047665.3547
2666.5114 92579761.8574
2666.6226 23427487847.2544
2666.7338 23445551651.4226
2666.8449 92646900.4387
2666.9561 23456582194.6223
2667.0673 23432777340.9610
2667.1785 93806895.0082
2667.2897 23436066383.3950
2667.4009 23428187954.5651
2667.5121 93375182.4981
2667.6233 23429749270.9751
2667.7344 23440174180.9655
2667.8456 93539624.7119
2667.9568 23435850792.9118
2668.0680 23442961521.4256
2668.1792 93730105.5133
2668.2904 23437602126.8577
2668.4016 23438597692.6853
2668.5128 93642150.6496
2668.6239 23441049471.2022
2668.7351 23432329573.9100
2668.8463 93128211.1630
2668.9575 23419806972.6860
2669.0687 23453212141.3187
2669.1799 93488399.7476
2669.2911 23443217480.3366
2669.4023 23428223766.4291
2669.5135 93884086.6845
2669.6246 23441980226.1924
2669.7358 23441108196.5769
2669.8470 93498531.1328
2669.9582 23436855758.3814
2670.0694 23442128858.6081
2670.1806 93691351.2893
2670.2918 23440305084.4969
2670.4030 23431369127.4149
2670.5141 93200932.8806
2670.6253 23441935363.8078
2670.7365 23439182446.9652
2670.8477 93707367.9951
2670.9589 23445143695.5212
2671.0701 23432413134.5406
2671.1813 93214477.5784
2671.2925 23434537384.4590
2671.4036 23439095952.5888
2671.5148 93680652.4581
2671.6260 23415403392.0152
2671.7372 23437847401.2851
2671.8484 93627695.4200
2671.9596 23438874605.2143
2672.0708 23429369752.7817
2672.1820 93383828.6553
2672.2932 23437468529.5209
2672.4043 23434288565.7590
2672.5155 93456545.3540
2672.6267 23439992764.2405
2672.7379 23428738171.2473
2672.8491 93874212.6247
2672.9603 23424250158.3749
2673.0715 23433310920.2616
2673.1827 93611791.1549
2673.2938 23431981274.8845
2673.4050 23434084528.9554
2673.5162 93672200.2211
2673.6274 23445203432.5131
2673.7386 23427430703.5922
2673.8498 93165530.6296
2673.9610 23426512030.6163
2674.0722 23453754727.0400
2674.1834 93808935.7612
2674.2945 23444357856.7361
2674.4057 23444725729.5566
2674.5169 93397533.8434
2674.6281 23433030335.6237
2674.7393 23435035107.2016
2674.8505 94192112.7685
2674.9617 23442912082.0542
2675.0729 23433043044.6183
2675.1840 93120863.9970
2675.2952 23437161217.6510
2675.4064 23445201019.6785
2675.5176 94061036.9175
2675.6288 23443519158.8132
2675.7400 23431720638.3816
2675.8512 93350110.5205
2675.9624 23426374658.7923
2676.0735 23435925734.1443
2676.1847 93659300.4763
2676.2959 23439681254.5385
2676.4071 23422891869.1593
2676.5183 93452952.6656
2676.6295 23424248917.8132
2676.7407 23450369413.5539
2676.8519 93166122.9038
2676.9631 23439312293.9909
2677.0742 23434594367.8318
2677.1854 93709881.4887
2677.2966 23428675544.0204
2677.4078 23434472951.1287
2677.5190 93659445.6218
2677.6302 23439451825.3438
2677.7414 23433872520.6331
2677.8526 93463463.8843
2677.9637 23448726966.0868
2678.0749 23442562222.3898
2678.1861 93419155.3182
2678.2973 23448194622.1780
2678.4085 23430308292.8509
2678.5197 93476443.1137
2678.6309 23446698276.9443
2678.7421 23440874645.0270
2678.8532 93474260.5591
2678.9644 23432995898.6746
2679.0756 23440531407.7340
2679.1868 93709859.6383
2679.2980 23449965721.0484
2679.4092 23435844868.9752
2679.5204 93636619.7695
2679.6316 23429271410.7139
2679.7428 23444172801.0213
2679.8539 93588219.9691
2679.9651 23450816280.3448
2680.0763 23424032232.6092
2680.1875 93489111.7484
2680.2987 23441490731.9483
2680.4099 23448547667.9971
2680.5211 92733444.2746
2680.6323 23438738665.0403
2680.7434 23437443115.6346
2680.8546 93687340.2651
2680.9658 23439948171.7490
2681.0770 23439071239.0322
2681.1882 93945386.4871
2681.2994 23430250615.5280
2681.4106 23434649939.6989
2681.5218 93560725.4349
2681.6329 23431031078.6316
2681.7441 23445081140.2830
2681.8553 94084133.0322
2681.9665 23429645827.1480
2682.0777 23433857423.7896
2682.1889 93210646.9635
2682.3001 23426026962.1460
2682.4113 23438318889.2652
2682.5225 93195639.1827
2682.6336 23435362298.7873
2682.7448 23437885410.3891
2682.8560 93598777.8976
2682.9672 23428880049.9067
2683.0784 23439864988.1311
2683.1896 93288218.3313
2683.3008 23426606743.3639
2683.4120 23457489529.9720
2683.5231 93529026.0380
2683.6343 23443050592.1758
2683.7455 23447903261.9911
2683.8567 93223424.1486
2683.9679 23441644877.6549
2684.0791 23448119402.9023
2684.1903 93439543.5663
2684.3015 23436831042.7822
2684.4126 23440443822.6511
2684.5238 93023993.8813
2684.6350 23448074247.5954
2684.7462 23449433854.0172
2684.8574 93475149.5588
2684.9686 23464563592.8506
2685.0798 23428693778.8446
2685.1910 93752828.8161
2685.3022 23440566415.4945
2685.4133 23439279910.3883
2685.5245 93546778.7973
2685.6357 23445260195.2348
2685.7469 23448334638.4965
2685.8581 93713696.6101
2685.9693 23436625818.1358
2686.0805 23446001057.1351
2686.1917 93855342.5359
2686.3028 23452392391.4309
2686.4140 23427739222.4067
2686.5252 92683943.1298
2686.6364 23431487209.0664
2686.7476 23457547598.5596
2686.8588 92966008.3354
2686.9700 23444126000.8882
2687.0812 23433830889.1688
2687.1924 92978890.7608
2687.3035 23440167698.3084
2687.4147 23450786510.1827
2687.5259 93542286.4802
2687.6371 23446871127.6083
2687.7483 23441832346.9319
2687.8595 93843176.6067
2687.9707 23451369051.6785
2688.0819 23439522197.5067
2688.1930 93095513.8184
2688.3042 23452100311.9030
2688.4154 23437051322.3179
2688.5266 93543248.3753
2688.6378 23443778050.7231
2688.7490 23444637352.1352
2688.8602 93583947.4819
2688.9714 23457080763.4464
2689.0825 23425606714.8381
2689.1937 94454481.6230
2689.3049 23445414483.5159
2689.4161 23433595232.1636
2689.5273 93033135.1280
2689.6385 23441107128.8550
2689.7497 23440515459.6863
2689.8609 93356480.2479
2689.9721 23454612763.5994
2690.0832 23431165663.8783
2690.1944 93822447.5618
2690.3056 23444036816.3045
2690.4168 23437749126.9570
2690.5280 93319304.1310
2690.6392 23458366551.0006
2690.7504 23442052847.5576
2690.8616 93559955.7617
2690.9727 23452259772.4287
2691.0839 23429213795.0177
2691.1951 93877711.0412
2691.3063 23430005076.3287
2691.4175 23445783880.2127
2691.5287 93120667.7438
2691.6399 23439075916.2962
2691.7511 23453946503.7748
2691.8622 93945951.4400
2691.9734 23448842865.3648
2692.0846 23443806281.7130
2692.1958 93061496.0149
2692.3070 23447194694.0677
2692.4182 23436140804.9290
2692.5294 93697512.2696
2692.6406 23432275308.3198
2692.7518 23453792751.9022
2692.8629 93266947.1950
2692.9741 23450208694.1229
2693.0853 23452910048.3956
2693.1965 93295813.4905
2693.3077 23454197006.6283
2693.4189 23449426027.3775
2693.5301 93466205.9548
2693.6413 23446719007.1943
2693.7524 23440172681.3391
2693.8636 94002677.5164
2693.9748 23443946400.4690
2694.0860 23438135522.6709
2694.1972 93361136.6296
2694.3084 23427856951.5731
2694.4196 23448220183.1558
2694.5308 93478315.3387
2694.6419 23447275724.8260
2694.7531 23454221755.8048
2694.8643 93660839.9080
2694.9755 23440790298.5536
2695.0867 23453885708.0809
2695.1979 92918393.0322
2695.3091 23443953881.7871
2695.4203 23443488101.5300
2695.5315 93729994.2685
2695.6426 23447948978.3298
2695.7538 23449827025.9797
2695.8650 93615850.8281
2695.9762 23458942496.2360
2696.0874 23445516836.3371
2696.1986 93758681.3436
2696.3098 23454308215.3100
2696.4210 23435958221.5776
2696.5321 93252621.1386
2696.6433 23456253677.3945
2696.7545 23436096434.7912
2696.8657 93751445.9621
2696.9769 23435153861.7698
2697.0881 23445763305.0927
2697.1993 93331422.0557
2697.3105 23447022297.3763
2697.4216 23437013815.0261
2697.5328 93960402.6655
2697.6440 23443998747.0959
2697.7552 23438298416.1396
2697.8664 93401851.1057
2697.9776 23451247707.7520
2698.0888 23440058430.2385
2698.2000 93999781.2007
2698.3112 23451632559.0037
2698.4223 23433293217.9385
2698.5335 94022442.5751
2698.6447 23443325904.1259
2698.7559 23449250797.2225
2698.8671 93635158.1768
2698.9783 23441780059.0408
2699.0895 23449205801.8129
2699.2007 93369449.3520
2699.3118 23454796583.6560
2699.4230 23453216704.4230
2699.5342 93961871.6206
2699.6454 23442910484.4593
2699.7566 23447494423.8216
2699.8678 93161302.3223
2699.9790 23449399145.8001
2700.0902 23439329896.5627
2700.2014 93415167.8771
2700.3125 23439017916.1650
2700.4237 23463618580.0050
2700.5349 93610952.2547
2700.6461 23438379479.8282
2700.7573 23443000592.6287
2700.8685 93054472.4252
2700.9797 23449430848.1263
2701.0909 23455845868.2205
2701.2020 93537309.2269
2701.3132 23453050295.6734
2701.4244 23441982203.5108
2701.5356 93622989.0217
2701.6468 23437213467.1451
2701.7580 23447307352.7683
2701.8692 93310628.5172
2701.9804 23445079567.9633
2702.0915 23445123195.9283
2702.2027 93841953.4686
2702.3139 23452466889.9401
2702.4251 23446697610.2811
2702.5363 93688973.3694
2702.6475 23448659576.0249
2702.7587 23449321083.9097
2702.8699 93290109.3478
2702.9811 23457958641.6531
2703.0922 23453165843.5323
2703.2034 93562618.8070
2703.3146 23437942028.4520
2703.4258 23460285927.8650
2703.5370 93793276.0685
2703.6482 23456003859.9765
2703.7594 23449998129.5944
2703.8706 93276625.7213
2703.9817 23452043890.8911
2704.0929 23456897631.9531
2704.2041 93418632.0278
2704.3153 23440939407.0837
2704.4265 23447369069.1418
2704.5377 93420313.5087
2704.6489 23450397552.8281
2704.7601 23446189371.4940
2704.8712 93236245.8871
2704.9824 23448457332.8474
2705.0936 23461372395.8076
2705.2048 93101042.9503
2705.3160 23452226683.2992
2705.4272 23452298578.0165
2705.5384 93278227.6737
2705.6496 23453310082.0437
2705.7608 23445127619.7136
2705.8719 94086394.2623
2705.9831 23446722324.2920
2706.0943 23459958575.8245
2706.2055 93513505.1574
2706.3167 23466270858.4509
2706.4279 23433691677.4427
2706.5391 93480659.1118
2706.6503 23446909440.4974
2706.7614 23455472350.4750
2706.8726 92897018.5191
2706.9838 23451805438.5171
2707.0950 23460894200.7297
2707.2062 93787991.1324
2707.3174 23447464492.3797
2707.4286 23450020462.7452
2707.5398 93725723.7592
2707.6509 23447789112.3713
2707.7621 23436337952.8437
2707.8733 93268502.7467
2707.9845 23451443283.5669
2708.0957 23451078229.9723
2708.2069 93943378.0489
2708.3181 23446045174.7203
2708.4293 23453319579.0053
2708.5405 94271152.8996
2708.6516 23447784721.6277
2708.7628 23453667611.2477
2708.8740 93277634.9755
2708.9852 23448823477.1115
2709.0964 23459593016.5432
2709.2076 93817366.5034
2709.3188 23457498908.4940
2709.4300 23448183213.9342
2709.5411 93416718.4833
2709.6523 23456833172.8404
2709.7635 23452772167.7222
2709.8747 93258539.8639
2709.9859 23453803654.7139
2710.0971 23437090360.6021
2710.2083 93421942.4043
2710.3195 23457496396.8666
2710.4306 23445733680.3795
2710.5418 94448509.0072
2710.6530 23444324201.3160
2710.7642 23458223406.3807
2710.8754 93459854.3158
2710.9866 23455646476.6516
2711.0978 23438940441.4058
2711.2090 93963266.5332
2711.3202 23444225201.1303
2711.4313 23437183527.7449
2711.5425 93427338.1368
2711.6537 23445410500.4463
2711.7649 23459632797.7849
2711.8761 93234015.8138
2711.9873 23454927566.1611
2712.0985 23442264027.8437
2712.2097 93993874.0587
2712.3208 23450749170.7342
2712.4320 23447633838.3172
2712.5432 93378450.3917
2712.6544 23447286414.3268
2712.7656 23463317540.4837
2712.8768 93948210.5569
2712.9880 23453379548.0733
2713.0992 23448241037.1328
2713.2103 93087696.8139
2713.3215 23452043267.0881
2713.4327 23451106997.8887
2713.5439 94031296.5548
2713.6551 23454241494.1959
2713.7663 23464070560.9773
2713.8775 93298512.0563
2713.9887 23460123684.3707
2714.0999 23445774011.3672
2714.2110 93245288.4686
2714.3222 23459922172.0672
2714.4334 23451729391.7024
2714.5446 93579947.8630
2714.6558 23454371963.9920
2714.7670 23441608180.1842
2714.8782 93820043.5349
2714.9894 23447994548.6560
2715.1005 23451978286.5450
2715.2117 93195096.8771
2715.3229 23446132688.2887
2715.4341 23450251329.9930
2715.5453 93407024.6128
2715.6565 23453837348.3842
2715.7677 23448148893.9016
2715.8789 93624126.7587
2715.9901 23444784512.9777
2716.1012 23456276360.9760
2716.2124 93676868.0002
2716.3236 23455828906.9837
2716.4348 23439302376.8341
2716.5460 93893968.2483
2716.6572 23440697132.5588
2716.7684 23467209695.3361
2716.8796 93728639.9349
2716.9907 23456604484.7317
2717.1019 23446530944.0114
2717.2131 93616203.3665
2717.3243 23465217159.0126
2717.4355 23445186689.9506
2717.5467 93751770.6784
2717.6579 23455453626.0234
2717.7691 23450733267.7794
2717.8802 93385018.3251
2717.9914 23448180528.1637
2718.1026 23449366621.7685
2718.2138 93372459.3116
2718.3250 23455296072.2967
2718.4362 23461278481.7777
2718.5474 93136552.3485
2718.6586 23454336425.3602
2718.7698 23458198021.4331
2718.8809 93319672.5902
2718.9921 23447979100.3986
2719.1033 23456576418.8512
2719.2145 93553222.3264
2719.3257 23447404580.0742
2719.4369 23455772584.2608
2719.5481 93956960.6699
2719.6593 23442183653.0099
2719.7704 23460167239.8136
2719.8816 93829204.6286
2719.9928 23453037618.9966
2720.1040 23471084656.1890
2720.2152 94194449.7757
2720.3264 23446871005.1710
2720.4376 23460758054.7604
2720.5488 93845077.8315
2720.6599 23459140917.5723
2720.7711 23456340717.7772
2720.8823 93228914.6304
2720.9935 23456832850.4351
2721.1047 23461652092.8914
2721.2159 94144163.0417
2721.3271 23461624870.1411
2721.4383 23450288401.5364
2721.5495 93289155.1886
2721.6606 23462240760.1668
2721.7718 23447022393.1124
2721.8830 93427667.6797
2721.9942 23450950110.9412
2722.1054 23442568800.5260
2722.2166 93627807.7240
2722.3278 23446793738.8674
2722.4390 23463577319.1207
2722.5501 93526030.2420
2722.6613 23472070224.3690
2722.7725 23464661892.8720
2722.8837 93700939.8356
2722.9949 23455963272.4521
2723.1061 23439209267.1155
2723.2173 93831744.0113
2723.3285 23444787936.5355
2723.4396 23460635714.7150
2723.5508 93511509.1750
2723.6620 23464133271.3873
2723.7732 23450095682.2248
2723.8844 93617807.9210
2723.9956 23467967148.9916
2724.1068 23444156328.1994
2724.2180 93356582.4271
2724.3292 23458085083.2563
2724.4403 23446081227.4723
2724.5515 93341546.3220
2724.6627 23454254645.0373
2724.7739 23454286826.0578
2724.8851 93667439.6779
2724.9963 23463636830.4239
2725.1075 23435900075.9498
2725.2187 93292357.8160
2725.3298 23454238892.4307
2725.4410 23467384388.7822
2725.5522 93262835.2560
2725.6634 23449832118.5176
2725.7746 23450872156.2169
2725.8858 92902938.3583
2725.9970 23460770076.4970
2726.1082 23453279870.4217
2726.2193 93089129.4085
2726.3305 23456440263.1113
2726.4417 23460511520.1631
2726.5529 93811165.8223
2726.6641 23442779540.0772
2726.7753 23460366054.9578
2726.8865 93526958.4580
2726.9977 23448846282.3690
2727.1089 23459819487.9208
2727.2200 93837016.9006
2727.3312 23452539807.2904
2727.4424 23465858207.0733
2727.5536 93303426.3047
2727.6648 23454273410.2565
2727.7760 23455193241.1552
2727.8872 93790712.7854
2727.9984 23448469074.6842
2728.1095 23471264400.5308
2728.2207 93323994.3975
2728.3319 23455145219.8992
2728.4431 23470285877.6079
2728.5543 93790014.8986
2728.6655 23435556785.4706
2728.7767 23462705828.5114
2728.8879 93928531.8594
2728.9991 23445585059.8837
2729.1102 23470431429.0321
2729.2214 93621170.5089
2729.3326 23472135430.9699
2729.4438 23463083446.3431
2729.5550 93390928.8712
2729.6662 23464214546.2893
2729.7774 23454106617.5328
2729.8886 94567804.0879
2729.9997 23454283722.0771
2730.1109 23465883323.3616
2730.2221 93880298.2941
2730.3333 23445997987.1621
2730.4445 23467426544.1212
2730.5557 93766340.9747
2730.6669 23465302125.8994
2730.7781 23458975467.8092
2730.8892 93496623.6751
2731.0004 23462427728.0121
2731.1116 23456977321.7017
2731.2228 93203101.1311
2731.3340 23452566566.4762
2731.4452 23453678406.1089
2731.5564 93564904.8087
2731.6676 23454228167.0025
2731.7788 23463221017.8673
2731.8899 93225190.3731
2732.0011 23460574256.6183
2732.1123 23472160849.5262
2732.2235 93400216.3034
2732.3347 23453530582.9834
2732.4459 23473225895.7802
2732.5571 93953126.8481
2732.6683 23468626108.3753
2732.7794 23446044026.3272
2732.8906 94082993.8785
2733.0018 23459295020.1063
2733.1130 23463948269.3602
2733.2242 94157394.0524
2733.3354 23474179344.5780
2733.4466 23453097990.2431
2733.5578 93815162.9938
2733.6689 23461285555.8506
2733.7801 23462195986.6521
2733.8913 93914148.4332
2734.0025 23462636132.8800
2734.1137 23461095818.7552
2734.2249 94153338.9813
2734.3361 23463760585.7984
2734.4473 23467937025.1311
2734.5585 93346344.5283
2734.6696 23460309000.1595
2734.7808 23465294687.4117
2734.8920 93391099.0763
2735.0032 23458421576.2386
2735.1144 23465849081.2653
2735.2256 93213728.2329
2735.3368 23457728270.0429
2735.4480 23461692592.6594
2735.5591 94082596.7929
2735.6703 23469800866.3438
2735.7815 23469742992.7115
2735.8927 94051957.3280
2736.0039 23454780612.6790
2736.1151 23461972144.3166
2736.2263 93951709.9343
2736.3375 23470324593.9116
2736.4486 23458380199.9561
2736.5598 93744098.7993
2736.6710 23462196608.1979
2736.7822 23460733323.8704
2736.8934 93931049.7825
2737.0046 23451902075.5976
2737.1158 23461332231.5629
2737.2270 93222264.7273
2737.3382 23458121420.2891
2737.4493 23468991329.7740
2737.5605 93956391.7407
2737.6717 23456421643.2334
2737.7829 23480015923.6194
2737.8941 93212468.3605
2738.0053 23459819653.6585
2738.1165 23466608909.1563
2738.2277 93813863.1880
2738.3388 23457113456.5492
2738.4500 23468079433.0102
2738.5612 93978897.3470
2738.6724 23452493868.5629
2738.7836 23464569713.9591
2738.8948 93381373.7442
2739.0060 23460199367.5476
2739.1172 23469593181.3338
2739.2283 93688611.8644
2739.3395 23459304223.7073
2739.4507 23461927630.1940
2739.5619 93968123.7919
2739.6731 23449154342.4289
2739.7843 23481319470.2583
2739.8955 93703812.0902
2740.0067 23465556038.3351
2740.1179 23469318567.7480
2740.2290 93818484.8504
2740.3402 23470855175.4415
2740.4514 23466729592.5065
2740.5626 93642091.7956
2740.6738 23451625369.6452
2740.7850 23482133039.3570
2740.8962 93381159.0534
2741.0074 23465151109.5460
2741.1185 23466982242.6490
2741.2297 93168109.4883
2741.3409 23461340658.1420
2741.4521 23459439215.0590
2741.5633 93862588.6299
2741.6745 23466496455.2347
2741.7857 23461288923.4995
2741.8969 93571541.8587
2742.0081 23461376184.3357
2742.1192 23471164370.8657
2742.2304 93338672.8349
2742.3416 23457781876.0503
2742.4528 23464811787.2259
2742.5640 93164156.5130
2742.6752 23449051385.3581
2742.7864 23470285118.1608
2742.8976 93431410.5127
2743.0087 23467365571.1913
2743.1199 23469464248.9009
2743.2311 93571230.7430
2743.3423 23474845141.5505
2743.4535 23469147666.9336
2743.5647 93437629.2891
2743.6759 23456250810.6693
2743.7871 23467845487.9618
2743.8982 93260029.6415
2744.0094 23462554301.6760
2744.1206 23476640435.4578
2744.2318 93759443.4376
2744.3430 23471090978.2037
2744.4542 23477989904.2088
2744.5654 93939239.8558
2744.6766 23480643810.4065
2744.7878 23470648165.7964
2744.8989 93665000.7987
2745.0101 23476428603.8643
2745.1213 23454559095.7026
2745.2325 93282676.2129
2745.3437 23472059323.8836
2745.4549 23455020222.8554
2745.5661 93950305.3779
2745.6773 23458227587.9985
2745.7884 23467747596.2909
2745.8996 93652229.5693
2746.0108 23471992676.6777
2746.1220 23474018008.1614
2746.2332 93434696.1718
2746.3444 23477973925.4892
2746.4556 23469250416.3822
2746.5668 94052474.7024
2746.6779 23461130258.1334
2746.7891 23485325412.8225
2746.9003 93702431.0946
2747.0115 23465381891.4151
2747.1227 23483215747.7292
2747.2339 92937261.4780
2747.3451 23466984293.8383
2747.4563 23472695704.6260
2747.5675 93041118.2061
2747.6786 23476537034.8847
2747.7898 23473912359.8981
2747.9010 93537184.7454
2748.0122 23475273944.1210
2748.1234 23481182618.5732
2748.2346 93272553.6444
2748.3458 23474934308.7351
2748.4570 23475448578.4992
2748.5681 93200688.7192
2748.6793 23470410765.0492
2748.7905 23475100606.1723
2748.9017 94035864.6632
2749.0129 23475806673.8025
2749.1241 23468783669.0414
2749.2353 93367193.2655
2749.3465 23453917239.3549
2749.4576 23472836237.4947
2749.5688 93390212.1956
2749.6800 23485606461.2936
2749.7912 23462323504.1518
2749.9024 93271143.1821
2750.0136 23456920563.1757
2750.1248 23486102761.5470
2750.2360 93391406.0105
2750.3472 23465724813.5940
2750.4583 23480546812.1842
2750.5695 93721376.2528
2750.6807 23480794852.1875
2750.7919 23457044366.7114
2750.9031 93884376.4286
2751.0143 23452353873.2060
2751.1255 23482846426.3244
2751.2367 93839838.4003
2751.3478 23468270907.4823
2751.4590 23472073402.4162
2751.5702 93869194.5797
2751.6814 23464071336.3678
2751.7926 23480844280.7212
2751.9038 93461715.3810
2752.0150 23471460388.3149
2752.1262 23486210421.9972
2752.2373 93853889.8581
2752.3485 23470129259.5848
2752.4597 23484684461.4259
2752.5709 94103788.2978
2752.6821 23478936915.3362
2752.7933 23470482885.3074
2752.9045 93554322.8250
2753.0157 23469163594.5653
2753.1269 23486403335.2376
2753.2380 93441101.0816
2753.3492 23468685054.6926
2753.4604 23475972476.1269
2753.5716 93119926.5397
2753.6828 23473085772.5427
2753.7940 23484345569.5036
2753.9052 93632792.9086
2754.0164 23480003897.4673
2754.1275 23472333096.2977
2754.2387 94132030.4895
2754.3499 23469568140.7490
2754.4611 23469877898.6128
2754.5723 94056540.5874
2754.6835 23462716768.1098
2754.7947 23472596036.7840
2754.9059 93770569.8828
2755.0170 23467667417.7361
2755.1282 23480545495.9212
2755.2394 93910926.0591
2755.3506 23487306513.7619
2755.4618 23458167567.8787
2755.5730 93886103.6508
2755.6842 23477505362.5819
2755.7954 23469402894.3415
2755.9066 93529777.0810
2756.0177 23472406756.7698
2756.1289 23473799489.9657
2756.2401 93250913.1585
2756.3513 23475499493.6608
2756.4625 23484125593.8940
2756.5737 93444257.7935
2756.6849 23473496372.5104
2756.7961 23481167217.2559
2756.9072 93189517.8480
2757.0184 23466549679.0928
2757.1296 23468701307.9543
2757.2408 92948348.4341
2757.3520 23467711243.1898
2757.4632 23491787797.1811
2757.5744 93407765.3730
2757.6856 23470781723.1057
2757.7968 23489436047.8671
2757.9079 94150040.6159
2758.0191 23462714314.7675
2758.1303 23497440805.3956
2758.2415 93505444.4651
2758.3527 23496907248.1300
2758.4639 23467464056.3487
2758.5751 93564149.2528
2758.6863 23477587284.8127
2758.7974 23480116018.6365
2758.9086 93116161.6223
2759.0198 23469951110.8341
2759.1310 23472948837.3781
2759.2422 93171199.3752
2759.3534 23481934442.9747
2759.4646 23475393697.4832
2759.5758 93393678.9455
2759.6869 23459686297.0309
2759.7981 23479564503.7633
2759.9093 93451271.0784
2760.0205 23461580138.6929
2760.1317 23486966151.5263
2760.2429 93680080.5585
2760.3541 23479975451.8738
2760.4653 23487504621.7298
2760.5765 93735876.5954
2760.6876 23478060766.1163
2760.7988 23478327346.6345
2760.9100 93732554.1603
2761.0212 23495495513.2915
2761.1324 23476104728.8019
2761.2436 93741551.5692
2761.3548 23481902759.5793
2761.4660 23463333699.0223
2761.5771 93890870.1369
2761.6883 23476233602.3740
2761.7995 23470849290.1818
2761.9107 93689972.9981
2762.0219 23466367771.6670
2762.1331 23488900033.0701
2762.2443 93014470.8664
2762.3555 23491549738.9458
2762.4666 23472413177.4212
2762.5778 94060145.2093
2762.6890 23488163285.6163
2762.8002 23481690127.4261
2762.9114 93480996.8009
2763.0226 23470106151.1454
2763.1338 23493332454.5127
2763.2450 93895406.3858
2763.3562 23496099191.5304
2763.4673 23466129152.8992
2763.5785 93921341.9241
2763.6897 23484576967.3407
2763.8009 23481620046.8503
2763.9121 93811888.7159
2764.0233 23478360274.6255
2764.1345 23475407685.0186
2764.2457 93830201.1358
2764.3568 23476515363.6208
2764.4680 23474940855.3694
2764.5792 93661513.5283
2764.6904 23487001911.6169
2764.8016 23483485505.9864
2764.9128 93874925.6509
2765.0240 23477023757.9611
2765.1352 23485788030.5751
2765.2463 93478005.9592
2765.3575 23485762168.9979
2765.4687 23490656398.3649
2765.5799 94177755.5944
2765.6911 23478692879.8073
2765.8023 23490334666.8452
2765.9135 93586164.6257
2766.0247 23494661354.7445
2766.1359 23476313581.1127
2766.2470 93999284.3086
2766.3582 23493761259.7950
2766.4694 23472243535.1828
2766.5806 93837475.6259
2766.6918 23478895181.9668
2766.8030 23476765018.2559
2766.9142 93270625.5246
2767.0254 23478305819.2442
2767.1365 23475519583.5270
2767.2477 94013082.2237
2767.3589 23479051582.9110
2767.4701 23471849532.0992
2767.5813 93927005.8916
2767.6925 23484589048.0567
2767.8037 23478778915.6196
2767.9149 93700212.1672
2768.0260 23476460887.1479
2768.1372 23476479810.9809
2768.2484 93259978.6061
2768.3596 23480337421.8302
2768.4708 23491540139.2592
2768.5820 93684068.1201
2768.6932 23491181572.5964
2768.8044 23481725576.1779
2768.9156 93055642.6755
2769.0267 23495390432.4359
2769.1379 23471758707.4491
2769.2491 93902527.2458
2769.3603 23484342401.6126
2769.4715 23476645351.4899
2769.5827 93859162.4102
2769.6939 23479232362.2143
2769.8051 23481240841.9386
2769.9162 93431337.8699
2770.0274 23487933727.5679
2770.1386 23493366973.2536
2770.2498 92590982.9639
2770.3610 23487430430.7211
2770.4722 23485058937.1614
2770.5834 94279855.4998
2770.6946 23475770842.6489
2770.8058 23485512139.9118
2770.9169 94154709.0140
2771.0281 23481005753.8912
2771.1393 23486499583.8162
2771.2505 93558069.2691
2771.3617 23497069785.2999
2771.4729 23478922112.1099
2771.5841 93742484.2084
2771.6953 23484391616.3582
2771.8064 23473382409.5953
2771.9176 93059234.9834
2772.0288 23491670846.6744
2772.1400 23474548855.1292
2772.2512 93716376.3144
2772.3624 23486312870.3628
2772.4736 23481928918.1115
2772.5848 93829350.9647
2772.6959 23484907379.4848
2772.8071 23485330908.9142
2772.9183 93603663.3773
2773.0295 23472305791.1133
2773.1407 23493615443.6381
2773.2519 93630889.8822
2773.3631 23486052087.3000
2773.4743 23490548519.4053
2773.5855 93828389.1016
2773.6966 23491393485.7668
2773.8078 23482316058.5325
2773.9190 93767734.8469
2774.0302 23492462647.7064
2774.1414 23484553612.1794
2774.2526 93966914.2993
2774.3638 23486643752.9307
2774.4750 23476935940.2101
2774.5861 93914987.2250
2774.6973 23479910705.8120
2774.8085 23503252941.9550
2774.9197 93351351.3033
2775.0309 23488619477.3959
2775.1421 23490261164.6434
2775.2533 93433822.3342
2775.3645 23485499031.6335
2775.4756 23489725237.6139
2775.5868 94065436.3570
2775.6980 23486503251.9627
2775.8092 23478521403.9790
2775.9204 93976316.9875
2776.0316 23489972037.9831
2776.1428 23484449677.4160
2776.2540 94072655.9918
2776.3652 23471882582.0529
2776.4763 23487515808.1720
2776.5875 92923214.9997
2776.6987 23482900473.9343
2776.8099 23476474826.7581
2776.9211 93286159.7302
2777.0323 23474131565.1365
2777.1435 23495568068.2930
2777.2547 93597877.0206
2777.3658 23478793116.1398
2777.4770 23491470870.9977
2777.5882 93886630.3261
2777.6994 23488239009.3623
2777.8106 23496767581.6262
2777.9218 94198394.0051
2778.0330 23492777389.6943
2778.1442 23486949848.6275
2778.2553 93605199.8674
2778.3665 23501097038.3144
2778.4777 23487988802.8424
2778.5889 93538331.0811
2778.7001 23492198950.0890
2778.8113 23492803146.2020
2778.9225 93905604.1889
2779.0337 23495704611.0488
2779.1449 23482451255.5826
2779.2560 93744567.0497
2779.3672 23477350776.8035
2779.4784 23489349120.3953
2779.5896 94691725.9546
2779.7008 23488825628.6402
2779.8120 23493587860.8340
2779.9232 93872891.4114
2780.0344 23491576896.4256
2780.1455 23483183559.9558
2780.2567 93554113.3381
2780.3679 23491864998.3281
2780.4791 23498314148.6830
2780.5903 93677320.0616
2780.7015 23484439535.7640
2780.8127 23491300618.6850
2780.9239 93584229.0375
2781.0350 23494218195.0664
2781.1462 23481747924.0041
2781.2574 94298917.4982
2781.3686 23481284338.9450
2781.4798 23483874172.0175
2781.5910 94176741.9390
2781.7022 23479353420.7895
2781.8134 23502178149.7518
2781.9246 93718266.0390
2782.0357 23474719011.5104
2782.1469 23506755606.6779
2782.2581 93747104.9595
2782.3693 23496003809.2620
2782.4805 23486480389.0353
2782.5917 94232045.4193
2782.7029 23488451936.2448
2782.8141 23487440037.6902
2782.9252 93624786.9651
2783.0364 23484795732.0596
2783.1476 23494474797.5961
2783.2588 93119304.7072
2783.3700 23490229497.2877
2783.4812 23484861660.1294
2783.5924 94064420.6626
2783.7036 23495774972.4433
2783.8147 23470727801.4962
2783.9259 93941507.6490
2784.0371 23483094095.6587
2784.1483 23501578399.5002
2784.2595 93810350.7818
2784.3707 23488487791.7445
2784.4819 23483760268.5577
2784.5931 93908838.8194
2784.7043 23489354662.5534
2784.8154 23487735144.1327
2784.9266 93410965.6404
2785.0378 23484604326.8546
2785.1490 23497839157.0606
2785.2602 93520743.7644
2785.3714 23483348591.9063
2785.4826 23505972807.5620
2785.5938 93747456.4993
2785.7049 23494513111.0434
2785.8161 23517037042.7167
2785.9273 93620079.3764
2786.0385 23490089550.5150
2786.1497 23490423386.4706
2786.2609 93203698.8973
2786.3721 23488488968.2811
2786.4833 23498503434.3008
2786.5945 93412915.5919
2786.7056 23489336646.1246
2786.8168 23498956248.3164
2786.9280 94177191.5370
2787.0392 23501114754.2202
2787.1504 23492611298.0259
2787.2616 93555591.5637
2787.3728 23492334173.2884
2787.4840 23502113876.8467
2787.5951 93624716.7858
2787.7063 23496170471.5822
2787.8175 23493399258.5182
2787.9287 93889331.7469
2788.0399 23489789993.5422
2788.1511 23498961164.1691
2788.2623 93561104.8653
2788.3735 23505213433.9165
2788.4846 23482609226.3869
2788.5958 94190632.3682
2788.7070 23494742758.3095
2788.8182 23488811866.2776
2788.9294 93532944.9819
2789.0406 23500284876.0256
2789.1518 23498988976.9429
2789.2630 93460695.5441
2789.3742 23503344542.5725
2789.4853 23489445512.7336
2789.5965 93105638.2122
2789.7077 23496351140.5922
2789.8189 23495463352.4602
2789.9301 93775294.6188
2790.0413 23490212104.0997
2790.1525 23490205092.3039
2790.2637 93606493.1399
2790.3748 23500372865.4092
2790.4860 23501082750.9691
2790.5972 93548436.0119
2790.7084 23491889568.1754
2790.8196 23496207546.8318
2790.9308 94223497.3065
2791.0420 23492858930.3644
2791.1532 23506398826.8216
2791.2643 94118585.6902
2791.3755 23493740558.0381
2791.4867 23494048036.2229
2791.5979 93897763.4104
2791.7091 23505772879.0507
2791.8203 23492168659.8113
2791.9315 93997510.1961
2792.0427 23492353734.0393
2792.1539 23495030517.0482
2792.2650 93825964.3891
2792.3762 23494372259.1793
2792.4874 23496786702.8095
2792.5986 94158477.9785
2792.7098 23491942650.3480
2792.8210 23497896856.9262
2792.9322 93148034.8468
2793.0434 23495159144.3125
2793.1545 23503320256.3042
2793.2657 93466365.8474
2793.3769 23482848648.4230
2793.4881 23504387992.6835
2793.5993 93746652.8500
2793.7105 23502886550.7337
2793.8217 23513047812.1660
2793.9329 93636520.3259
2794.0440 23504453958.1937
2794.1552 23495587085.7562
2794.2664 93523855.9914
2794.3776 23497315013.3117
2794.4888 23492725686.7662
2794.6000 93452954.4103
2794.7112 23496463266.7585
2794.8224 23503774145.1645
2794.9336 94225681.9842
2795.0447 23506961598.5700
2795.1559 23504294195.7904
2795.2671 93387846.3757
2795.3783 23485414367.4160
2795.4895 23505746434.6341
2795.6007 93485988.4605
2795.7119 23507472236.1616
2795.8231 23505459216.4165
2795.9342 93154498.1212
2796.0454 23517111598.6349
2796.1566 23493574053.7975
2796.2678 92983332.8538
2796.3790 23488685229.1170
2796.4902 23510202218.2458
2796.6014 93876653.0837
2796.7126 23509568659.7924
2796.8237 23502383123.9315
2796.9349 93313147.7488
2797.0461 23511819847.4883
2797.1573 23494358136.0714
2797.2685 93545638.2410
2797.3797 23495231544.0675
2797.4909 23507101282.2026
2797.6021 94215097.8306
2797.7133 23505521654.7441
2797.8244 23501445356.6556
2797.9356 93636727.1481
2798.0468 23495805603.6647
2798.1580 23490334982.5022
2798.2692 93958892.9773
2798.3804 23479620579.5717
2798.4916 23523975219.8575
2798.6028 94137092.6857
2798.7139 23508662486.0641
2798.8251 23512691809.2041
2798.9363 94108872.7928
2799.0475 23491858942.5928
2799.1587 23489981970.3288
2799.2699 93956851.3816
2799.3811 23494417663.3779
2799.4923 23514575805.2599
2799.6035 94175987.8515
2799.7146 23510355041.7409
2799.8258 23508285361.0179
2799.9370 93533374.3187
2800.0482 23502151879.5869
2800.1594 23508988505.7975
2800.2706 93742979.5513
2800.3818 23508399855.1871
2800.4930 23502364491.8209
2800.6041 93690123.4665
2800.7153 23504595512.0647
2800.8265 23499374220.5297
2800.9377 94441485.8361
2801.0489 23494758070.1704
2801.1601 23513112667.9416
2801.2713 93987828.6975
2801.3825 23498967847.7134
2801.4936 23501614427.7097
2801.6048 93182098.3469
2801.7160 23505294587.4219
2801.8272 23511614348.9844
2801.9384 92951021.9082
2802.0496 23510278927.5931
2802.1608 23501322916.0253
2802.2720 93747678.3274
2802.3832 23516040544.3620
2802.4943 23511453147.0085
2802.6055 93162169.9281
2802.7167 23517640696.3750
2802.8279 23510390270.1819
2802.9391 93943378.4043
2803.0503 23510734475.0870
2803.1615 23511159660.5545
2803.2727 93357692.4476
2803.3838 23509876914.2538
2803.4950 23505498444.2676
2803.6062 93609397.1729
2803.7174 23512619717.5769
2803.8286 23508625089.2609
2803.9398 94402802.0887
2804.0510 23514010639.6584
2804.1622 23509966870.0591
2804.2733 94027032.5551
2804.3845 23484909483.8912
2804.4957 23520500154.4059
2804.6069 94404624.4621
2804.7181 23502351263.6291
2804.8293 23515421863.4148
2804.9405 93798928.3367
2805.0517 23518391002.3872
2805.1629 23501604920.8035
2805.2740 93580975.1087
2805.3852 23503053467.1007
2805.4964 23497978395.2926
2805.6076 93526555.6939
2805.7188 23504696395.2684
2805.8300 23502477844.8549
2805.9412 93735064.2381
2806.0524 23499071568.7817
2806.1635 23509822125.3292
2806.2747 94220962.8136
2806.3859 23513862108.2934
2806.4971 23513528466.5327
2806.6083 93638451.1898
2806.7195 23509445278.7949
2806.8307 23514798429.8371
2806.9419 93724207.8421
2807.0530 23519415729.3499
2807.1642 23509117271.1596
2807.2754 93439380.1652
2807.3866 23517311915.7542
2807.4978 23506344453.7838
2807.6090 93884459.0188
2807.7202 23508788174.2585
2807.8314 23521020720.9826
2807.9426 93925846.6559
2808.0537 23517079366.9781
2808.1649 23509382877.8154
2808.2761 93707578.0538
2808.3873 23506154917.9618
2808.4985 23514919926.5919
2808.6097 93607705.8177
2808.7209 23513999482.4590
2808.8321 23508923453.0092
2808.9432 93575447.2825
2809.0544 23511742419.8302
2809.1656 23510166563.1728
2809.2768 94408458.2987
2809.3880 23516693733.7448
2809.4992 23507631268.7185
2809.6104 93260828.1487
2809.7216 23513146000.5087
2809.8327 23514433119.6301
2809.9439 93994836.7458
2810.0551 23512481847.7005
2810.1663 23510981518.6305
2810.2775 93639668.9213
2810.3887 23524412181.6180
2810.4999 23508218992.6974
2810.6111 93647220.7389
2810.7223 23500424267.5508
2810.8334 23528188867.0843
2810.9446 93587007.0559
2811.0558 23514630064.9770
2811.1670 23513701229.6208
2811.2782 93710441.1726
2811.3894 23512829526.4416
2811.5006 23508555179.9464
2811.6118 93359276.2528
2811.7229 23511366993.2548
2811.8341 23517298728.0875
2811.9453 93454532.8033
2812.0565 23510152974.9315
2812.1677 23509461298.0715
2812.2789 94040459.1471
2812.3901 23505950621.3734
2812.5013 23527070834.5963
2812.6125 93389419.4020
2812.7236 23538515690.1108
2812.8348 23501322110.5190
2812.9460 93223634.2577
2813.0572 23511035759.2338
2813.1684 23508323736.5938
2813.2796 93989425.3619
2813.3908 23513356042.6639
2813.5020 23507301774.8534
2813.6131 93872348.0441
2813.7243 23508596555.7694
2813.8355 23516501772.5860
2813.9467 93581059.0523
2814.0579 23522236379.9179
2814.1691 23514967703.7101
2814.2803 94011710.9631
2814.3915 23522957242.6476
2814.5026 23494556819.9028
2814.6138 93262134.0117
2814.7250 23505758188.1860
2814.8362 23509953218.1536
2814.9474 93845377.1556
2815.0586 23514219193.9878
2815.1698 23526781894.0727
2815.2810 93972295.4669
2815.3922 23521649202.6724
2815.5033 23505491332.3863
2815.6145 93699344.1247
2815.7257 23520799202.6525
2815.8369 23506031919.9997
2815.9481 93915751.3306
2816.0593 23523621932.1590
2816.1705 23524310065.8572
2816.2817 94094507.8254
2816.3928 23528206701.7556
2816.5040 23516254564.4118
2816.6152 93899567.9039
2816.7264 23535304083.3402
2816.8376 23506221449.1408
2816.9488 93946075.5318
2817.0600 23516423293.8586
2817.1712 23524337444.6890
2817.2823 94052843.6418
2817.3935 23533461060.0274
2817.5047 23495477282.8434
2817.6159 94077139.7424
2817.7271 23507762222.3702
2817.8383 23532558705.7021
2817.9495 94072979.3935
2818.0607 23528479068.8917
2818.1719 23517065567.5171
2818.2830 93855846.3082
2818.3942 23524969270.9369
2818.5054 23523271380.8793
2818.6166 93490097.7569
2818.7278 23515290547.7369
2818.8390 23517612404.8188
2818.9502 94322939.4286
2819.0614 23519416667.7622
2819.1725 23515897594.3504
2819.2837 93458655.7298
2819.3949 23510381409.4564
2819.5061 23519857884.5421
2819.6173 94152078.1832
2819.7285 23517758699.9433
2819.8397 23522596040.2377
2819.9509 93433211.1541
2820.0620 23514745718.4234
2820.1732 23521791737.2075
2820.2844 93574291.8572
2820.3956 23520857546.8505
2820.5068 23526108180.8826
2820.6180 94393440.9574
2820.7292 23534216227.0225
2820.8404 23518938233.3160
2820.9516 93767929.8785
2821.0627 23518023281.2785
2821.1739 23523407664.3331
2821.2851 93769471.5785
2821.3963 23522509622.4963
2821.5075 23531014445.1361
2821.6187 93365090.8217
2821.7299 23519411088.5006
2821.8411 23516052698.4630
2821.9522 94033236.5835
2822.0634 23537154863.0015
2822.1746 23502828955.6824
2822.2858 92931478.4708
2822.3970 23523267563.2864
2822.5082 23526283870.9285
2822.6194 93998901.8697
2822.7306 23518139602.0478
2822.8417 23514808131.1938
2822.9529 93901021.4517
2823.0641 23507094391.2234
2823.1753 23532206609.0571
2823.2865 93946061.6072
2823.3977 23538327861.2810
2823.5089 23531995802.7968
2823.6201 94383084.5433
2823.7313 23535421473.3037
2823.8424 23521199381.0827
2823.9536 94052094.1461
2824.0648 23538226366.6007
2824.1760 23519353865.3143
2824.2872 93921762.0433
2824.3984 23531314986.2475
2824.5096 23515192635.6233
2824.6208 94009223.9786
2824.7319 23521336465.5468
2824.8431 23523031874.7879
2824.9543 93405450.1104
2825.0655 23528018929.2657
2825.1767 23518483350.5049
2825.2879 93409351.9613
2825.3991 23534315992.1586
2825.5103 23530553249.3761
2825.6214 93561810.0902
2825.7326 23533089949.5156
2825.8438 23532874798.8544
2825.9550 93067295.7741
2826.0662 23531018580.0945
2826.1774 23501696687.0878
2826.2886 94285005.9129
2826.3998 23526057038.7578
2826.5110 23523030095.2737
2826.6221 94069001.4263
2826.7333 23521846942.3476
2826.8445 23512812315.2315
2826.9557 93555823.4950
2827.0669 23517263267.7574
2827.1781 23535853920.0008
2827.2893 94140455.5487
2827.4005 23523580291.3828
2827.5116 23531146098.7599
2827.6228 94378479.9676
2827.7340 23524956790.1185
2827.8452 23519724487.7974
2827.9564 94302108.3265
2828.0676 23521142358.1751
2828.1788 23531395850.4401
2828.2900 93809524.3288
2828.4012 23524144285.3082
2828.5123 23544222718.7856
2828.6235 94269964.6472
2828.7347 23537507330.1672
2828.8459 23527398986.2296
2828.9571 93907416.1731
2829.0683 23522168431.2633
2829.1795 23511496828.6296
2829.2907 93658850.2213
2829.4018 23535129014.2485
2829.5130 23530450030.9293
2829.6242 94034459.7471
2829.7354 23539248666.0998
2829.8466 23518392126.2219
2829.9578 93794431.6320
2830.0690 23526091868.6724
2830.1802 23526562311.4238
2830.2913 94237527.3464
2830.4025 23525476814.5856
2830.5137 23534240985.6172
2830.6249 94275038.4283
2830.7361 23518555477.2755
2830.8473 23538079672.2882
2830.9585 94371116.6859
2831.0697 23521318002.1881
2831.1809 23523048264.6931
2831.2920 94051406.6215
2831.4032 23507479312.1082
2831.5144 23542872699.0620
2831.6256 94113786.4535
2831.7368 23546600585.9788
2831.8480 23526492178.0683
2831.9592 93330794.0131
2832.0704 23528827036.3442
2832.1815 23519666484.5966
2832.2927 93419258.4771
2832.4039 23520007554.4782
2832.5151 23541903119.4873
2832.6263 94077645.1455
2832.7375 23548712651.1972
2832.8487 23530594286.5230
2832.9599 94120002.5503
2833.0710 23538295607.5848
2833.1822 23525751333.0877
2833.2934 94076163.7928
2833.4046 23523579943.5075
2833.5158 23523248297.3143
2833.6270 93537555.0724
2833.7382 23526490872.9129
2833.8494 23541715937.4751
2833.9606 94029066.4447
2834.0717 23518535774.3868
2834.1829 23525906998.3812
2834.2941 93577258.3283
2834.4053 23519573864.2189
2834.5165 23549055324.2228
2834.6277 94010175.5114
2834.7389 23539352088.5096
2834.8501 23535699353.6320
2834.9612 93754993.8913
2835.0724 23550545261.0281
2835.1836 23536419525.0159
2835.2948 93678954.7847
2835.4060 23545617897.1488
2835.5172 23513388812.2172
2835.6284 93330764.7816
2835.7396 23523093457.3088
2835.8507 23526033808.6385
2835.9619 94198835.0158
2836.0731 23534844960.5199
2836.1843 23540014748.2950
2836.2955 94203343.1554
2836.4067 23530734316.0583
2836.5179 23539520511.2482
2836.6291 94018991.7952
2836.7403 23533259021.8720
2836.8514 23542031346.8973
2836.9626 94031623.5308
2837.0738 23543443078.5604
2837.1850 23522144393.6082
2837.2962 93703648.7701
2837.4074 23524115527.6457
2837.5186 23537532918.1759
2837.6298 92826282.3071
2837.7409 23528573515.3231
2837.8521 23528276910.6208
2837.9633 94259670.4857
2838.0745 23524034541.4262
2838.1857 23547798848.3367
2838.2969 93811086.0847
2838.4081 23544583776.6462
2838.5193 23532829150.9370
2838.6304 93933685.7855
2838.7416 23532724974.2567
2838.8528 23535108357.5145
2838.9640 93969889.6714
2839.0752 23547017728.2955
2839.1864 23532743280.4555
2839.2976 93860316.4291
2839.4088 23542097414.5060
2839.5200 23528509190.4306
2839.6311 93737939.2522
2839.7423 23531471102.2773
2839.8535 23536583551.4272
2839.9647 94320711.8844
2840.0759 23533340153.2119
2840.1871 23545944862.3848
2840.2983 93766416.4931
2840.4095 23537673291.1344
2840.5206 23530646266.4380
2840.6318 93990269.7469
2840.7430 23531366045.0759
2840.8542 23541888904.2727
2840.9654 94475430.8527
2841.0766 23533673941.0695
2841.1878 23533617174.7797
2841.2990 93652008.0999
2841.4102 23532654893.2240
2841.5213 23538007427.2036
2841.6325 94398340.4670
2841.7437 23536642271.3753
2841.8549 23528290406.9918
2841.9661 94186484.8426
2842.0773 23516779369.9468
2842.1885 23538001842.5542
2842.2997 93767478.0021
2842.4108 23534411782.8891
2842.5220 23535944033.5611
2842.6332 93935506.6911
2842.7444 23537120844.8130
2842.8556 23548092972.4633
2842.9668 93517594.7000
2843.0780 23540383856.5864
2843.1892 23548637447.2207
2843.3003 94894059.5881
2843.4115 23535187325.2629
2843.5227 23539326617.9459
2843.6339 94350099.6454
2843.7451 23543611949.2647
2843.8563 23537761743.5784
2843.9675 93930250.5601
2844.0787 23532295230.7868
2844.1899 23538118188.3778
2844.3010 93649724.1695
2844.4122 23551128383.0763
2844.5234 23535130935.1889
2844.6346 94395320.9893
2844.7458 23527996079.6108
2844.8570 23547457340.4826
2844.9682 93331799.5263
2845.0794 23548744249.7792
2845.1905 23535497656.1391
2845.3017 94060116.1229
2845.4129 23533111511.0596
2845.5241 23556056620.4894
2845.6353 94055643.7059
2845.7465 23531465103.8975
2845.8577 23557315157.6648
2845.9689 94343123.8347
2846.0800 23550040813.4328
2846.1912 23551935705.7232
2846.3024 93817394.2380
2846.4136 23556110982.9800
2846.5248 23555094527.2626
2846.6360 93813291.4189
2846.7472 23533444880.6930
2846.8584 23547465104.0230
2846.9696 94030598.6862
2847.0807 23539572527.2622
2847.1919 23547664331.9315
2847.3031 94392010.0819
2847.4143 23537535780.1260
2847.5255 23550433668.0263
2847.6367 93823660.0011
2847.7479 23557642640.1747
2847.8591 23541519743.8511
2847.9702 93804663.4805
2848.0814 23536730457.7808
2848.1926 23546887356.9636
2848.3038 93931604.8729
2848.4150 23546082410.7657
2848.5262 23548104307.9933
2848.6374 93129216.9445
2848.7486 23549342547.2140
2848.8597 23554255563.0174
2848.9709 94234998.4287
2849.0821 23555311875.6976
2849.1933 23529037063.1168
2849.3045 94165736.6084
2849.4157 23544993545.2922
2849.5269 23545887401.3809
2849.6381 94304336.9630
2849.7493 23546448756.3063
2849.8604 23540079814.6574
2849.9716 94739239.6781
2850.0828 23540946906.3298
2850.1940 23534779530.8564
2850.3052 93545970.5455
2850.4164 23543978018.7393
2850.5276 23534218099.1705
2850.6388 94079375.6459
2850.7499 23542111317.3340
2850.8611 23554280502.5207
2850.9723 94010105.1904
2851.0835 23539071807.9644
2851.1947 23557384637.7775
2851.3059 93958857.4850
2851.4171 23529900729.0870
2851.5283 23547342834.8836
2851.6394 94089775.1381
2851.7506 23555070006.2308
2851.8618 23554361849.8733
2851.9730 93241024.0542
2852.0842 23559643610.8148
2852.1954 23538853247.4668
2852.3066 93910031.6535
2852.4178 23543253191.6778
2852.5290 23553017184.5494
2852.6401 93677685.4552
2852.7513 23547631513.7863
2852.8625 23552862374.3067
2852.9737 93174423.8286
2853.0849 23557100109.1214
2853.1961 23543376815.9465
2853.3073 94020510.4932
2853.4185 23538084955.4540
2853.5296 23555043631.6194
2853.6408 93525282.4715
2853.7520 23543798630.7962
2853.8632 23554442035.2828
2853.9744 93886854.9235
2854.0856 23534966594.5949
2854.1968 23567517333.3633
2854.3080 93316204.0717
2854.4192 23549045924.5427
2854.5303 23556145219.3676
2854.6415 93934695.2147
2854.7527 23544243465.3821
2854.8639 23564297875.6683
2854.9751 93570228.6667
2855.0863 23541542384.9875
2855.1975 23562481758.4984
2855.3087 93798418.1642
2855.4198 23559909201.5327
2855.5310 23545959388.4691
2855.6422 93593987.4933
2855.7534 23539099335.3635
2855.8646 23571328456.0681
2855.9758 93794396.1591
2856.0870 23586261036.9881
2856.1982 23540344722.3496
2856.3093 93460375.6940
2856.4205 23554663544.3675
2856.5317 23556056895.1240
2856.6429 93303575.4671
2856.7541 23562404437.9859
2856.8653 23551520550.1918
2856.9765 93823288.4430
2857.0877 23571148751.7875
2857.1989 23549714426.5361
2857.3100 94664191.2669
2857.4212 23553192534.0355
2857.5324 23561441996.6700
2857.6436 93838622.1844
2857.7548 23565130023.7175
2857.8660 23549372567.9607
2857.9772 94231830.1947
2858.0884 23544800823.5716
2858.1995 23554365261.6478
2858.3107 93465096.6759
2858.4219 23567861241.2300
2858.5331 23548520202.1885
2858.6443 93050349.4346
2858.7555 23553073316.0419
2858.8667 23562238288.3634
2858.9779 94399993.9546
2859.0890 23545015686.4030
2859.2002 23566566082.3082
2859.3114 93718235.6628
2859.4226 23552832594.6074
2859.5338 23554305734.1040
2859.6450 93695148.3275
2859.7562 23564629131.1750
2859.8674 23560189257.7485
2859.9786 93786554.0107
2860.0897 23557624221.6856
2860.2009 23558224827.9832
2860.3121 93555738.5320
2860.4233 23577301015.9601
2860.5345 23557982803.8212
2860.6457 94323490.6684
2860.7569 23555482912.1404
2860.8681 23558892122.6683
2860.9792 94199027.6680
2861.0904 23568800535.1223
2861.2016 23554682299.1948
2861.3128 94007376.2553
2861.4240 23564342502.8280
2861.5352 23535061267.6533
2861.6464 93571696.0643
2861.7576 23554972651.2520
2861.8687 23551730743.2554
2861.9799 94039207.6308
2862.0911 23560169082.7911
2862.2023 23557615350.5895
2862.3135 93568097.4724
2862.4247 23551556780.6223
2862.5359 23545133282.7099
2862.6471 93478396.0097
2862.7583 23558038132.4862
2862.8694 23559347567.9769
2862.9806 94134644.1613
2863.0918 23560167662.6475
2863.2030 23568174202.5672
2863.3142 93947815.2662
2863.4254 23563354570.8493
2863.5366 23557774898.0240
2863.6478 94003247.5509
2863.7589 23555648041.0680
2863.8701 23558252905.5035
2863.9813 93859457.9152
2864.0925 23551798604.9839
2864.2037 23567034696.9987
2864.3149 93982124.5183
2864.4261 23563407079.8054
2864.5373 23558655249.8659
2864.6484 94464190.0031
2864.7596 23565207781.5775
2864.8708 23557210025.9753
2864.9820 94763060.4579
2865.0932 23569078398.9224
2865.2044 23564580816.6395
2865.3156 93708316.5420
2865.4268 23559485068.2532
2865.5380 23556278114.3696
2865.6491 93703159.4257
2865.7603 23558061161.3236
2865.8715 23560816446.5045
2865.9827 94162453.1497
2866.0939 23562448893.4397
2866.2051 23571062103.3022
2866.3163 94282594.4712
2866.4275 23564365777.0840
2866.5386 23573623731.2444
2866.6498 94001633.6379
2866.7610 23585956876.5977
2866.8722 23552806971.3850
2866.9834 93764869.0682
2867.0946 23561694267.7228
2867.2058 23567067722.9900
2867.3170 94375872.4109
2867.4281 23563088208.0260
2867.5393 23556914394.3962
2867.6505 94081666.4789
2867.7617 23559373938.8036
2867.8729 23565207606.3643
2867.9841 93991783.5208
2868.0953 23558628972.5438
2868.2065 23568086081.8320
2868.3177 93611008.0319
2868.4288 23552097535.4064
2868.5400 23568617273.6284
2868.6512 93717816.0304
2868.7624 23562888177.9110
2868.8736 23567742999.7977
2868.9848 94612138.5983
2869.0960 23546956374.4147
2869.2072 23578271332.9875
2869.3183 94723985.1070
2869.4295 23575780296.8024
2869.5407 23562318550.8414
2869.6519 93843536.2245
2869.7631 23568103811.4758
2869.8743 23570241633.0294
2869.9855 94361547.1231
2870.0967 23571366167.6388
2870.2079 23565003465.8006
2870.3190 93441255.4790
2870.4302 23561739803.8411
2870.5414 23575874641.1010
2870.6526 94524762.3177
2870.7638 23571291655.8272
2870.8750 23559101570.5580
2870.9862 93618345.5933
2871.0974 23559248211.6764
2871.2085 23576567400.1322
2871.3197 94045612.5083
2871.4309 23572029376.2439
2871.5421 23566583705.6643
2871.6533 94016498.4037
2871.7645 23573088465.2668
2871.8757 23564054657.2933
2871.9869 93404695.9773
2872.0980 23554958760.4484
2872.2092 23585829052.6848
2872.3204 94074826.4751
2872.4316 23568071814.9400
2872.5428 23585779685.9141
2872.6540 93670530.8879
2872.7652 23579672996.7627
2872.8764 23564893016.9994
2872.9876 93392751.2251
2873.0987 23585310870.6918
2873.2099 23575750867.8956
2873.3211 93490396.3420
2873.4323 23572427776.2268
2873.5435 23581176951.6707
2873.6547 93611375.1256
2873.7659 23579089740.7141
2873.8771 23565611271.8507
2873.9882 94467109.6493
2874.0994 23571777490.1176
2874.2106 23575335398.3953
2874.3218 93729083.7602
2874.4330 23579209142.7493
2874.5442 23551807350.8712
2874.6554 93974931.4994
2874.7666 23583322213.0973
2874.8777 23565542073.5524
2874.9889 94132705.2609
2875.1001 23576293427.9105
2875.2113 23557378081.7459
2875.3225 94160769.1624
2875.4337 23584526927.6851
2875.5449 23556026278.1033
2875.6561 93558301.9803
2875.7673 23583598253.3970
2875.8784 23568866624.4181
2875.9896 93829398.1762
2876.1008 23561850990.6305
2876.2120 23570072049.4827
2876.3232 93652394.4464
2876.4344 23582071479.8496
2876.5456 23581246447.9534
2876.6568 94733167.8675
2876.7679 23576758321.6523
2876.8791 23574709505.4200
2876.9903 93596960.8492
2877.1015 23583432185.7925
2877.2127 23574075128.4693
2877.3239 93527087.3146
2877.4351 23564274386.7655
2877.5463 23573728214.8729
2877.6574 94040696.9195
2877.7686 23586463190.6418
2877.8798 23560198067.9617
2877.9910 94033605.2661
2878.1022 23574531944.8254
2878.2134 23584366864.5913
2878.3246 94123272.9059
2878.4358 23580115441.5573
2878.5470 23567117542.4084
2878.6581 93933888.3380
2878.7693 23561672091.8520
2878.8805 23581592680.4613
2878.9917 93833621.8373
2879.1029 23567240214.5590
2879.2141 23584015564.6157
2879.3253 93889710.5334
2879.4365 23578334518.9942
2879.5476 23573251801.9507
2879.6588 94044825.6490
2879.7700 23570826911.4518
2879.8812 23571459492.9653
2879.9924 94459248.3426
2880.1036 23574728794.8059
2880.2148 23576353646.8227
2880.3260 93870941.5990
2880.4371 23570373378.0569
2880.5483 23577824773.1660
2880.6595 93529084.9430
2880.7707 23583887216.5373
2880.8819 23578626319.2182
2880.9931 94542401.7189
2881.1043 23583457815.5058
2881.2155 23571645016.0424
2881.3267 93783938.5212
2881.4378 23576953503.6903
2881.5490 23581088121.6603
2881.6602 93188241.1868
2881.7714 23569856975.3777
2881.8826 23577701146.5982
2881.9938 94064529.9877
2882.1050 23594740058.6172
2882.2162 23568024955.8509
2882.3273 94475904.5827
2882.4385 23568410782.7108
2882.5497 23591802882.2363
2882.6609 93838873.6984
2882.7721 23573849513.2902
2882.8833 23583473901.4420
2882.9945 94393800.8661
2883.1057 23589916794.8785
2883.2169 23582562997.6429
2883.3280 94413040.5449
2883.4392 23568338240.4446
2883.5504 23579334282.2579
2883.6616 93756361.7786
2883.7728 23574665837.0236
2883.8840 23592204798.8442
2883.9952 94185004.1123
2884.1064 23578010209.5185
2884.2175 23584862379.8592
2884.3287 93927725.7220
2884.4399 23584287491.1466
2884.5511 23590138263.9674
2884.6623 94217899.0247
2884.7735 23575259583.5890
2884.8847 23582568201.4826
2884.9959 94038064.3586
2885.1070 23592247583.1284
2885.2182 23573065507.0823
2885.3294 93936518.7457
2885.4406 23579829479.2113
2885.5518 23590072774.9015
2885.6630 94503532.6707
2885.7742 23583890656.4449
2885.8854 23590256151.5282
2885.9966 93533253.0853
2886.1077 23582095328.2593
2886.2189 23578100106.3359
2886.3301 94085147.8347
2886.4413 23589515321.8935
2886.5525 23581476536.6909
2886.6637 93958579.9577
2886.7749 23580738715.4755
2886.8861 23582957573.5846
2886.9972 94526564.4304
2887.1084 23590957623.2853
2887.2196 23588133280.5869
2887.3308 93947362.9440
2887.4420 23575860796.6515
2887.5532 23586168149.5760
2887.6644 93797777.4384
2887.7756 23591243213.0533
2887.8867 23585213533.1294
2887.9979 94608626.9095
2888.1091 23583274626.7144
2888.2203 23589430257.0812
2888.3315 93794038.1403
2888.4427 23591028435.7332
2888.5539 23596995933.7590
2888.6651 93871897.3372
2888.7763 23571120664.8460
2888.8874 23601731282.2154
2888.9986 93429378.2412
2889.1098 23583677100.3370
2889.2210 23595519350.8250
2889.3322 93712590.0231
2889.4434 23590315836.4271
2889.5546 23592727336.4845
2889.6658 93527017.3500
2889.7769 23595072344.8537
2889.8881 23581042663.5581
2889.9993 94013787.8970
2890.1105 23597829857.0009
2890.2217 23592196643.3027
2890.3329 94266124.8746
2890.4441 23585588594.8310
2890.5553 23586779234.6272
2890.6664 93916553.4631
2890.7776 23596900944.3374
2890.8888 23586289196.2525
2891.0000 94322394.3129
2891.1112 23589830862.4532
2891.2224 23587755908.0251
2891.3336 94314674.1085
2891.4448 23588639108.4906
2891.5560 23594900078.9290
2891.6671 93985971.4364
2891.7783 23581907177.5288
2891.8895 23582306689.8022
2892.0007 94585588.4367
2892.1119 23591436004.5959
2892.2231 23596230633.7838
2892.3343 94190230.5898
2892.4455 23598291310.6599
2892.5566 23589897711.8742
2892.6678 94040188.5647
2892.7790 23602757524.9764
2892.8902 23582098842.6760
2893.0014 94042391.2828
2893.1126 23599236713.4216
2893.2238 23587442254.9471
2893.3350 93722731.7467
2893.4461 23601861414.9972
2893.5573 23585474546.7661
2893.6685 94034714.9030
2893.7797 23596775108.2067
2893.8909 23597023370.9506
2894.0021 93989194.9563
2894.1133 23597388902.2052
2894.2245 23587718812.2434
2894.3357 93876922.9445
2894.4468 23599692783.1538
2894.5580 23584484452.7278
2894.6692 94079697.3084
2894.7804 23603068507.8770
2894.8916 23583055407.3153
2895.0028 94113640.1939
2895.1140 23593518433.2466
2895.2252 23596705821.5238
2895.3363 94572324.6644
2895.4475 23602973831.7316
2895.5587 23587976129.9284
2895.6699 93828889.9930
2895.7811 23588197073.4670
2895.8923 23593504080.0138
2896.0035 93884057.9248
2896.1147 23597310733.3877
2896.2258 23585658332.6887
2896.3370 94111148.7863
2896.4482 23577218712.0818
2896.5594 23595212118.5262
2896.6706 94285594.4167
2896.7818 23593846997.7065
2896.8930 23600368352.8166
2897.0042 94217206.2156
2897.1154 23599897073.8790
2897.2265 23607098553.6706
2897.3377 94546961.4849
2897.4489 23592675260.3345
2897.5601 23602536922.3179
2897.6713 93988334.8289
2897.7825 23605146673.5702
2897.8937 23592282126.4437
2898.0049 94251930.6770
2898.1160 23601050410.2592
2898.2272 23592505856.2362
2898.3384 94123091.0959
2898.4496 23578347692.4893
2898.5608 23603642360.2414
2898.6720 94118376.0573
2898.7832 23616038326.7987
2898.8944 23606191094.8605
2899.0056 94503268.0829
2899.1167 23603966293.3867
2899.2279 23604747425.2734
2899.3391 94399482.9029
2899.4503 23602703826.2956
2899.5615 23604648039.8145
2899.6727 94290478.8953
2899.7839 23611539475.1473
2899.8951 23602553971.6569
2900.0062 93754200.3962
2900.1174 23595763234.5487
2900.2286 23586223831.9161
2900.3398 93841208.0511
2900.4510 23603352125.6079
2900.5622 23585695629.3469
2900.6734 93839171.3852
2900.7846 23580702957.1392
2900.8957 23620487368.0144
2901.0069 93537925.6410
2901.1181 23618799947.9431
2901.2293 23607684935.5585
2901.3405 94453633.0846
2901.4517 23611323879.4413
2901.5629 23614501377.0910
2901.6741 94489588.3020
2901.7853 23595396329.1962
2901.8964 23610484455.2667
2902.0076 94072705.8648
2902.1188 23602171383.6004
2902.2300 23604802279.3554
2902.3412 94156356.1224
2902.4524 23621047822.5625
2902.5636 23593469234.0710
2902.6748 93750271.6481
2902.7859 23606447766.5798
2902.8971 23592527162.3255
2903.0083 93943821.3514
2903.1195 23606276225.8357
2903.2307 23587532760.2999
2903.3419 93868446.1608
2903.4531 23599665849.0706
2903.5643 23609857914.9523
2903.6754 94613606.1096
2903.7866 23589232250.6552
2903.8978 23613744821.1178
2904.0090 94288380.1046
2904.1202 23598016350.4799
2904.2314 23600109942.9258
2904.3426 93920055.3451
2904.4538 23608635642.6386
2904.5650 23617120426.4990
2904.6761 94403906.6943
2904.7873 23616440558.7438
2904.8985 23611142403.4901
2905.0097 93808599.3109
2905.1209 23616130576.7300
2905.2321 23606782939.2792
2905.3433 93985768.8264
2905.4545 23610245224.1477
2905.5656 23601920374.3065
2905.6768 94340985.8831
2905.7880 23615580848.4708
2905.8992 23607488753.0227
2906.0104 94486932.3031
2906.1216 23614295945.5747
2906.2328 23595656679.0684
2906.3440 94144796.4135
2906.4551 23610212161.8596
2906.5663 23606722875.0779
2906.6775 93680433.9712
2906.7887 23605710576.5741
2906.8999 23607908824.6361
2907.0111 93653712.7965
2907.1223 23606070499.0956
2907.2335 23601211574.4206
2907.3447 94207339.3082
2907.4558 23617461561.7567
2907.5670 23601461732.8821
2907.6782 94135221.0230
2907.7894 23603833300.0558
2907.9006 23620906018.8995
2908.0118 94220111.8897
2908.1230 23608016627.9289
2908.2342 23614526118.9437
2908.3453 93475883.2741
2908.4565 23610909221.4611
2908.5677 23614533019.9256
2908.6789 95057784.9884
2908.7901 23606809164.3221
2908.9013 23616573031.6524
2909.0125 94109433.8149
2909.1237 23616472615.5100
2909.2348 23598588509.6565
2909.3460 93968890.7065
2909.4572 23610984862.3834
2909.5684 23603057440.9655
2909.6796 94431816.8892
2909.7908 23604054807.7987
2909.9020 23601390190.4710
2910.0132 93937168.6729
2910.1244 23600360338.9040
2910.2355 23604233065.8598
2910.3467 93816908.0411
2910.4579 23599352893.6986
2910.5691 23617695922.4442
2910.6803 93682052.2797
2910.7915 23605322345.8093
2910.9027 23612019908.1173
2911.0139 104006889.3837
2911.1250 23614982495.4723
2911.2362 23620256586.4416
2911.3474 103824880.7524
2911.4586 23630350243.4574
2911.5698 23614065233.9077
2911.6810 107917602.6099
2911.7922 23625590586.0651
2911.9034 23617314659.8402
2912.0146 105870293.9826
2912.1257 23623507581.3040
2912.2369 23603542710.3053
2912.3481 115750652.3622
2912.4593 23628192995.1781
2912.5705 23599259284.6975
2912.6817 112000906.1960
2912.7929 23618347945.3749
2912.9041 23623328472.5030
2913.0152 122482415.1900
2913.1264 23608892448.1891
2913.2376 23609929368.9903
2913.3488 118964980.1303
2913.4600 23612461874.8648
2913.5712 23611054486.5757
2913.6824 125531411.5819
2913.7936 23614239807.4233
2913.9047 23626233905.1952
2914.0159 126478237.1930
2914.1271 23612610245.2122
2914.2383 23628897066.3762
2914.3495 131845300.7546
2914.4607 23612353856.8630
2914.5719 23616173803.3200
2914.6831 127201968.7148
2914.7943 23608414727.1619
2914.9054 23628985303.5216
2915.0166 151358405.8061
2915.1278 23632967021.8307
2915.2390 23611964876.5433
2915.3502 134379824.8749
2915.4614 23619798137.8585
2915.5726 23615750455.6765
2915.6838 149294860.8341
2915.7949 23612551360.4109
2915.9061 23613660263.0884
2916.0173 155274945.0616
2916.1285 23627253745.7648
2916.2397 23610602052.5071
2916.3509 151405401.4774
2916.4621 23601491848.4475
2916.5733 23631185127.8267
2916.6844 157494276.9718
2916.7956 23620565674.7539
2916.9068 23616972751.3424
2917.0180 171213966.9520
2917.1292 23629548305.5490
2917.2404 23609816242.1560
2917.3516 173051313.3688
2917.4628 23629379102.7733
2917.5740 23615705415.0985
2917.6851 172550628.5621
2917.7963 23618279335.8902
2917.9075 23621760233.6298
2918.0187 183818511.5636
2918.1299 23622938793.8191
2918.2411 23621648045.1161
2918.3523 182096888.0778
2918.4635 23637410970.3498
2918.5746 23600328577.0618
2918.6858 185649703.2172
2918.7970 23629520587.2793
2918.9082 23610366849.5596
2919.0194 193375472.4769
2919.1306 23623409094.5599
2919.2418 23609604987.1444
2919.3530 210660395.5695
2919.4641 23624868330.9165
2919.5753 23616535765.8127
2919.6865 217820631.8376
2919.7977 23612205274.7721
2919.9089 23626491534.4779
2920.0201 228313619.7482
2920.1313 23626560301.8939
2920.2425 23607247210.9791
2920.3537 240263839.4082
2920.4648 23614576933.2628
2920.5760 23633339350.7983
2920.6872 236950657.4305
2920.7984 23627412242.8161
2920.9096 23621158259.9133
2921.0208 252366599.7111
2921.1320 23619684132.1241
2921.2432 23611174786.2411
2921.3543 262939736.1058
2921.4655 23625371564.0523
2921.5767 23622733768.6379
2921.6879 267257469.7766
2921.7991 23620430305.3855
2921.9103 23612986029.8601
2922.0215 290816030.6634
2922.1327 23627694607.0230
2922.2438 23634716103.7775
2922.3550 287737999.8816
2922.4662 23622176450.2705
2922.5774 23619227318.6521
2922.6886 297520569.7567
2922.7998 23620576439.6929
2922.9110 23639681001.3901
2923.0222 306735314.5958
2923.1334 23613941625.1634
2923.2445 23629818134.3929
2923.3557 320046739.1072
2923.4669 23623827107.7972
2923.5781 23645485416.4719
2923.6893 341779512.3654
2923.8005 23625171626.6740
2923.9117 23628050655.5845
2924.0229 360973069.6784
2924.1340 23621191857.3616
2924.2452 23638027605.7615
2924.3564 377440850.8819
2924.4676 23621307896.0162
2924.5788 23642013006.0520
2924.6900 348635085.3775
2924.8012 23627803436.4025
2924.9124 23623114152.8557
2925.0236 376003885.6993
2925.1347 23631425163.9474
2925.2459 23641244453.8040
2925.3571 400195237.3151
2925.4683 23636475443.2779
2925.5795 23634316682.3742
2925.6907 419515900.8687
2925.8019 23623629788.8772
2925.9131 23632497975.1789
2926.0242 415354343.2417
2926.1354 23644488155.1890
2926.2466 23612363433.3178
2926.3578 415782765.3656
2926.4690 23616763055.0597
2926.5802 23634534620.0737
2926.6914 436417556.7728
2926.8026 23627386066.1772
2926.9137 23633405293.0121
2927.0249 437899046.0747
2927.1361 23630690581.4119
2927.2473 23631330433.0438
2927.3585 460332540.4558
2927.4697 23630563433.4169
2927.5809 23647855090.7942
2927.6921 485471488.2366
2927.8033 23632623044.4155
2927.9144 23626380174.5635
2928.0256 493674433.4997
2928.1368 23633964893.9850
2928.2480 23627487317.4440
2928.3592 523000142.5925
2928.4704 23636617669.2528
2928.5816 23635874091.6762
2928.6928 507236574.3213
2928.8039 23643690856.9337
2928.9151 23634342500.2036
2929.0263 500756090.2685
2929.1375 23630628058.1504
2929.2487 23623014245.0095
2929.3599 526948924.2591
2929.4711 23623032164.6142
2929.5823 23651375039.1604
2929.6934 533371846.6643
2929.8046 23623920770.0744
2929.9158 23638930656.1321
2930.0270 524475316.6103
2930.1382 23635490794.3328
2930.2494 23627120391.8388
2930.3606 538347628.9756
2930.4718 23624977438.5724
2930.5830 23643637458.2611
2930.6941 543729053.9179
2930.8053 23641586027.6087
2930.9165 23630949122.4966
2931.0277 544641135.2088
2931.1389 23622118917.3390
2931.2501 23639805912.2791
2931.3613 540275777.1132
2931.4725 23627118274.0198
2931.5836 23630915794.0902
2931.6948 501459347.7454
2931.8060 23630990568.2483
2931.9172 23644060425.6846
2932.0284 511023857.0986
2932.1396 23654341691.0896
2932.2508 23635575146.0936
2932.3620 579257694.6794
2932.4731 23655428206.4028
2932.5843 23634316854.9481
2932.6955 532402173.7211
2932.8067 23624883584.0275
2932.9179 23645327175.0475
2933.0291 514994325.1787
2933.1403 23649602750.2563
2933.2515 23642572330.7826
2933.3627 503840546.0622
2933.4738 23629665406.6351
2933.5850 23641652239.0971
2933.6962 546226022.4445
2933.8074 23638973087.9017
2933.9186 23640654434.0958
2934.0298 537552332.6898
2934.1410 23663115977.6763
2934.2522 23635446781.0965
2934.3633 526124150.3409
2934.4745 23639463856.3763
2934.5857 23629253343.3578
2934.6969 504108584.7459
2934.8081 23641605950.2198
2934.9193 23639020916.6667
2935.0305 493246830.2866
2935.1417 23643327743.1260
2935.2528 23639779924.7935
2935.3640 474260305.1881
2935.4752 23638819566.6642
2935.5864 23637392036.5506
2935.6976 479772134.7795
2935.8088 23638741548.8196
2935.9200 23635027264.2426
2936.0312 457755555.5530
2936.1424 23635829270.2107
2936.2535 23649120366.6106
2936.3647 462773910.3063
2936.4759 23642620102.7520
2936.5871 23631943342.8736
2936.6983 445398126.8640
2936.8095 23637172442.8977
2936.9207 23642753643.8271
2937.0319 433315966.9579
2937.1430 23635227587.2175
2937.2542 23648149549.9553
2937.3654 441193085.0102
2937.4766 23653263530.0496
2937.5878 23641341118.9589
2937.6990 427736050.8771
2937.8102 23636210221.6148
2937.9214 23654490103.0480
2938.0325 385696676.3469
2938.1437 23660809884.4975
2938.2549 23632545498.7623
2938.3661 407084491.4179
2938.4773 23639310889.0416
2938.5885 23650187827.8577
2938.6997 379771680.1956
2938.8109 23647171592.6481
2938.9221 23655240884.2385
2939.0332 387761644.1177
2939.1444 23650972580.6674
2939.2556 23640185544.0846
2939.3668 376077324.6363
2939.4780 23644311576.4056
2939.5892 23651020062.1109
2939.7004 381964043.4380
2939.8116 23644002260.2014
2939.9227 23646872354.5980
2940.0339 339674249.1231
2940.1451 23632362639.7003
2940.2563 23639730037.2144
2940.3675 356761244.4271
2940.4787 23644595332.1130
2940.5899 23648595934.6844
2940.7011 355509406.3054
2940.8123 23646177917.2678
2940.9234 23637818731.4087
2941.0346 310348649.1745
2941.1458 23639678323.7443
2941.2570 23652040906.5708
2941.3682 327696711.2556
2941.4794 23645052117.9167
2941.5906 23642884057.1083
2941.7018 298065056.2237
2941.8129 23645440976.5724
2941.9241 23645774132.6505
2942.0353 305921754.3894
2942.1465 23646022711.4272
2942.2577 23651837500.0635
2942.3689 302114069.6567
2942.4801 23641849874.8297
2942.5913 23661973199.5325
2942.7024 300137599.5854
2942.8136 23627742223.6029
2942.9248 23648634553.6154
2943.0360 258933089.7395
2943.1472 23641211323.5872
2943.2584 23671413825.8206
2943.3696 269395403.0945
2943.4808 23660895047.1665
2943.5920 23664545419.9723
2943.7031 271525880.1458
2943.8143 23650442993.4861
2943.9255 23658076690.6187
2944.0367 249914596.0947
2944.1479 23640575498.2424
2944.2591 23663089970.2386
2944.3703 243900887.9967
2944.4815 23660203047.2728
2944.5926 23653940423.7999
2944.7038 238681255.3436
2944.8150 23668210202.1850
2944.9262 23650154209.7682
2945.0374 225848973.4963
2945.1486 23674035428.3238
2945.2598 23645195823.1211
2945.3710 238378729.1887
2945.4821 23657412348.8340
2945.5933 23659402269.6982
2945.7045 225708705.9914
2945.8157 23649189949.0139
2945.9269 23649959142.4747
2946.0381 215574300.8444
2946.1493 23651731292.9447
2946.2605 23653551995.2181
2946.3717 213817996.0892
2946.4828 23665387145.9460
2946.5940 23662385066.1960
2946.7052 202579361.4143
2946.8164 23663501434.0327
2946.9276 23663123598.2017
2947.0388 209830228.1594
2947.1500 23664133795.9431
2947.2612 23658732449.7412
2947.3723 189775982.4299
2947.4835 23661393428.5658
2947.5947 23658070866.3702
2947.7059 189069978.0662
2947.8171 23658683987.8437
2947.9283 23653419653.9772
2948.0395 183685024.7342
2948.1507 23662061748.8062
2948.2618 23661998053.3999
2948.3730 178722899.5375
2948.4842 23652413934.5921
2948.5954 23656925173.8716
2948.7066 183376579.0159
2948.8178 23656356876.0291
2948.9290 23667987840.9101
2949.0402 174323942.1316
2949.1514 23670056894.0602
2949.2625 23662665495.4381
2949.3737 175857208.4695
2949.4849 23667568326.1974
2949.5961 23656417059.8027
2949.7073 164616723.8224
2949.8185 23661537611.4053
2949.9297 23659614521.6735
2950.0409 159332267.2117
2950.1520 23667777913.3962
2950.2632 23654391505.3973
2950.3744 162954326.3268
2950.4856 23649004445.0315
2950.5968 23668037528.0102
2950.7080 157238623.5485
2950.8192 23660984360.7892
2950.9304 23668056473.3621
2951.0415 155269450.7411
2951.1527 23661246503.0108
2951.2639 23675959281.6426
2951.3751 149984930.1146
2951.4863 23661916886.4422
2951.5975 23655743540.2181
2951.7087 149534062.1008
2951.8199 23659915800.7523
2951.9311 23668162218.6776
2952.0422 152324661.8096
2952.1534 23670411892.3284
2952.2646 23664319556.8375
2952.3758 141078501.5949
2952.4870 23660613147.3825
2952.5982 23655883683.9233
2952.7094 136050933.5614
2952.8206 23670793263.6086
2952.9317 23663528819.9808
2953.0429 131533130.7628
2953.1541 23656741359.8363
2953.2653 23678831038.9783
2953.3765 131806879.6665
2953.4877 23656111475.5590
2953.5989 23678398172.0259
2953.7101 137290407.7810
2953.8213 23676928961.9640
2953.9324 23657674341.4731
2954.0436 136041329.0498
2954.1548 23660511853.5169
2954.2660 23675719893.6259
2954.3772 130463913.3167
2954.4884 23664745341.8617
2954.5996 23681348728.5369
2954.7108 136227239.5890
2954.8219 23662606180.1575
2954.9331 23676357519.2009
2955.0443 122664821.2643
2955.1555 23661187599.0691
2955.2667 23690973467.0255
2955.3779 119663381.7543
2955.4891 23673101658.9941
2955.6003 23667085218.1703
2955.7114 131117928.7294
2955.8226 23666770421.7596
2955.9338 23668375840.1956
2956.0450 129220371.3590
2956.1562 23660627194.6348
2956.2674 23664393356.8093
2956.3786 127003062.3833
2956.4898 23677124785.3964
2956.6010 23675741934.8380
2956.7121 125682158.4596
2956.8233 23683903831.9132
2956.9345 23672963013.7070
2957.0457 116967612.1057
2957.1569 23676831680.6152
2957.2681 23654801362.2720
2957.3793 124236072.5483
2957.4905 23677861365.1148
2957.6016 23672928625.7606
2957.7128 119308539.1552
2957.8240 23668192486.4110
2957.9352 23664975624.5024
2958.0464 118351711.2257
2958.1576 23679118337.2836
2958.2688 23660477697.0101
2958.3800 118457628.9657
2958.4911 23674835823.5577
2958.6023 23664841002.2653
2958.7135 112735965.9476
2958.8247 23668510606.2329
2958.9359 23677186193.4820
2959.0471 106410839.1599
2959.1583 23674471870.1535
2959.2695 23667727324.7774
2959.3807 112493527.8340
2959.4918 23661251823.5452
2959.6030 23674941459.7999
2959.7142 112645381.6570
2959.8254 23687959573.2670
2959.9366 23665750443.3679
2960.0478 110892860.1554
2960.1590 23658364684.1376
2960.2702 23678587063.1468
2960.3813 107275818.4777
2960.4925 23662550830.8080
2960.6037 23681967188.1271
2960.7149 111635390.5197
2960.8261 23674523345.2606
2960.9373 23669290480.0384
2961.0485 109544367.5156
2961.1597 23689483662.6204
2961.2708 23676967738.6879
2961.3820 105577095.7874
2961.4932 23679489685.5649
2961.6044 23675802064.0303
2961.7156 116286051.0767
2961.8268 23679340725.8143
2961.9380 23676754379.5806
2962.0492 114460635.1053
2962.1604 23681247758.5735
2962.2715 23679175757.4449
2962.3827 103050507.2553
2962.4939 23676753062.2071
2962.6051 23676204426.9203
2962.7163 114239727.8249
2962.8275 23660791901.6263
2962.9387 23690655401.8796
2963.0499 106360161.4315
2963.1610 23681909194.1113
2963.2722 23683454445.9711
2963.3834 109186848.7797
2963.4946 23669077887.9381
2963.6058 23680157286.3301
2963.7170 104070064.3745
2963.8282 23676396381.4770
2963.9394 23703375721.3558
2964.0505 109243799.6761
2964.1617 23690959634.4903
2964.2729 23692146490.4695
2964.3841 114188900.2318
2964.4953 23700434205.2963
2964.6065 23673288746.5681
2964.7177 109151525.7297
2964.8289 23676175874.3666
2964.9401 23679358105.4921
2965.0512 106952343.3164
2965.1624 23685876146.8863
2965.2736 23675624226.7623
2965.3848 106713209.7892
2965.4960 23688201235.8424
2965.6072 23685226628.8841
2965.7184 114266477.0375
2965.8296 23709242432.2611
2965.9407 23679765991.9343
2966.0519 99878916.4442
2966.1631 23696059149.4970
2966.2743 23677574571.8722
2966.3855 108154241.7101
2966.4967 23684240736.7784
2966.6079 23671438260.8718
2966.7191 104585834.2999
2966.8303 23671107812.7419
2966.9414 23689971436.0142
2967.0526 105644454.0265
2967.1638 23678134125.2411
2967.2750 23674444938.9043
2967.3862 105226230.7410
2967.4974 23690455451.4042
2967.6086 23683868704.3751
2967.7198 110423581.8082
2967.8309 23681955736.1818
2967.9421 23674820358.3700
2968.0533 107846521.0870
2968.1645 23682565822.5477
2968.2757 23677677075.1317
2968.3869 102466311.5045
2968.4981 23677814672.4587
2968.6093 23700063456.2301
2968.7204 109296786.0867
2968.8316 23694567682.1219
2968.9428 23682253621.4902
2969.0540 107848252.4742
2969.1652 23714014208.0846
2969.2764 23679732114.7271
2969.3876 110317936.3081
2969.4988 23685961347.5700
2969.6100 23690273828.4635
2969.7211 108936541.7870
2969.8323 23688809295.9416
2969.9435 23704575113.5121
2970.0547 106515087.0264
2970.1659 23712929815.3790
2970.2771 23671873561.5648
2970.3883 106607462.2573
2970.4995 23682641961.8723
2970.6106 23697296302.2859
2970.7218 109563095.4926
2970.8330 23685290010.5957
2970.9442 23691731820.7808
2971.0554 104629485.7847
2971.1666 23700934455.3723
2971.2778 23676906550.7153
2971.3890 108199374.6308
2971.5001 23678674398.4067
2971.6113 23684781385.7696
2971.7225 106600857.2829
2971.8337 23699881637.8201
2971.9449 23689616718.1299
2972.0561 112769596.0080
2972.1673 23680452357.4847
2972.2785 23702567103.6144
2972.3897 113029463.1571
2972.5008 23687137263.9203
2972.6120 23704315834.5033
2972.7232 106308115.8426
2972.8344 23693675554.0581
2972.9456 23686697753.2483
2973.0568 111215581.2554
2973.1680 23689399335.2067
2973.2792 23699361538.2523
2973.3903 113693559.6290
2973.5015 23692663840.9752
2973.6127 23697794152.5828
2973.7239 110718524.9146
2973.8351 23706356999.1534
2973.9463 23697265452.7081
2974.0575 113266335.5758
2974.1687 23712290323.4768
2974.2798 23684355823.7725
2974.3910 114126421.0655
2974.5022 23683370517.8288
2974.6134 23701024174.1884
2974.7246 110997816.1102
2974.8358 23701127914.2081
2974.9470 23688422521.1744
2975.0582 117312352.9822
2975.1694 23691168709.3733
2975.2805 23699408978.6409
2975.3917 122891248.8442
2975.5029 23708194309.1644
2975.6141 23687839690.6648
2975.7253 115639530.3900
2975.8365 23702081297.9116
2975.9477 23688516361.7148
2976.0589 120264090.9718
2976.1700 23685048638.5456
2976.2812 23709172444.6719
2976.3924 122951788.7614
2976.5036 23683387649.5282
2976.6148 23709836171.9307
2976.7260 116673962.9504
2976.8372 23695303898.5262
2976.9484 23705752611.3363
2977.0595 122881750.5452
2977.1707 23694876868.2453
2977.2819 23702096860.6963
2977.3931 129448897.2879
2977.5043 23694523256.3838
2977.6155 23703011029.0549
2977.7267 113256643.0817
2977.8379 23700646389.5930
2977.9491 23696857872.7592
2978.0602 129207612.7107
2978.1714 23718791877.9512
2978.2826 23694099585.6471
2978.3938 120344607.8649
2978.5050 23701701655.6082
2978.6162 23696960217.4715
2978.7274 124421856.6412
2978.8386 23698058923.5217
2978.9497 23701089404.3376
2979.0609 128778223.5825
2979.1721 23707740300.6270
2979.2833 23684621534.3898
2979.3945 130337368.6148
2979.5057 23695366870.4867
2979.6169 23704649374.4032
2979.7281 135448702.8498
2979.8392 23702198158.5118
2979.9504 23705911248.2460
2980.0616 127944600.7794
2980.1728 23700449588.3020
2980.2840 23697605544.3766
2980.3952 129537032.5895
2980.5064 23705210266.5584
2980.6176 23705452332.4276
2980.7288 126017154.1130
2980.8399 23715664028.5514
2980.9511 23703424301.5065
2981.0623 138268604.6532
2981.1735 23706764084.0390
2981.2847 23692701819.7174
2981.3959 131962338.4889
2981.5071 23704108069.8247
2981.6183 23700815950.4149
2981.7294 139550485.7096
2981.8406 23695741989.7692
2981.9518 23712443474.9228
2982.0630 137641575.2446
2982.1742 23709368281.5204
2982.2854 23695227859.4940
2982.3966 135898174.1938
2982.5078 23699546761.4594
2982.6190 23694553025.9682
2982.7301 143241432.2232
2982.8413 23707723935.8355
2982.9525 23703737122.6987
2983.0637 146302156.2345
2983.1749 23714183449.0388
2983.2861 23716725673.3282
2983.3973 153685449.8419
2983.5085 23693652350.7259
2983.6196 23716666695.7816
2983.7308 140886832.7542
2983.8420 23701886344.6150
2983.9532 23715021972.0068
2984.0644 144040847.2421
2984.1756 23709444451.9659
2984.2868 23707545691.5555
2984.3980 145503887.8388
2984.5091 23697183492.1276
2984.6203 23719061134.1900
2984.7315 149729606.0118
2984.8427 23709706094.9531
2984.9539 23715434285.0821
2985.0651 152401182.6256
2985.1763 23704280381.9572
2985.2875 23725232731.1891
2985.3987 158369814.8842
2985.5098 23719547602.8089
2985.6210 23700416872.4292
2985.7322 149489959.2059
2985.8434 23704223301.1690
2985.9546 23715034809.1069
2986.0658 164013470.0180
2986.1770 23700611077.8930
2986.2882 23702323095.0970
2986.3993 153286751.6540
2986.5105 23703583422.3095
2986.6217 23718079346.3642
2986.7329 162709254.3500
2986.8441 23708506039.5657
2986.9553 23715109896.2232
2987.0665 151462902.2370
2987.1777 23723887729.6779
2987.2888 23715349908.0653
2987.4000 154756233.1985
2987.5112 23720158391.5860
2987.6224 23707385110.1489
2987.7336 165400610.0683
2987.8448 23717935231.3436
2987.9560 23720621431.5239
2988.0672 163516405.9851
2988.1784 23720446723.6686
2988.2895 23728476794.4949
2988.4007 169526482.6615
2988.5119 23721705681.0699
2988.6231 23714801445.7584
2988.7343 172383356.3148
2988.8455 23714678173.2940
2988.9567 23723991838.4156
2989.0679 170795779.5467
2989.1790 23713081396.6579
2989.2902 23723606328.1400
2989.4014 180991398.4870
2989.5126 23729408939.4688
2989.6238 23716557069.9798
2989.7350 178068219.4243
2989.8462 23725768019.7389
2989.9574 23724163221.3631
2990.0685 172462933.0277
2990.1797 23714621830.1463
2990.2909 23721366952.7853
2990.4021 174829433.4404
2990.5133 23717896794.9914
2990.6245 23712912134.3498
2990.7357 187468143.5114
2990.8469 23705700576.0282
2990.9581 23724601120.2387
2991.0692 191455710.1623
2991.1804 23728116283.5739
2991.2916 23713257761.2765
2991.4028 188629139.5218
2991.5140 23719118918.5614
2991.6252 23721312107.9876
2991.7364 187310811.1053
2991.8476 23725964053.8954
2991.9587 23716727928.1849
2992.0699 187291982.8506
2992.1811 23713945684.0850
2992.2923 23726472677.5975
2992.4035 191580677.5092
2992.5147 23717082885.6430
2992.6259 23729993170.9234
2992.7371 190134658.3598
2992.8482 23728079582.3329
2992.9594 23710981217.9855
2993.0706 206379708.6800
2993.1818 23720410807.1654
2993.2930 23719941493.1159
2993.4042 196345303.3545
2993.5154 23714214809.5861
2993.6266 23726426482.3589
2993.7378 205334174.9819
2993.8489 23724713964.5914
2993.9601 23726516287.8783
2994.0713 213167205.7780
2994.1825 23731233231.0752
2994.2937 23719568602.2205
2994.4049 200293374.0331
2994.5161 23714661553.7643
2994.6273 23719520532.6156
2994.7384 213538882.4527
2994.8496 23708904834.1423
2994.9608 23721296742.0881
2995.0720 212070365.8266
2995.1832 23722486291.9901
2995.2944 23721480745.0613
2995.4056 214295497.5798
2995.5168 23733830734.9110
2995.6280 23723858654.3712
2995.7391 235097629.7298
2995.8503 23733802755.6676
2995.9615 23731562554.6219
2996.0727 222118493.2230
2996.1839 23725970999.3242
2996.2951 23734294372.1365
2996.4063 227202576.6718
2996.5175 23733009307.7630
2996.6286 23731888050.1180
2996.7398 219706632.0640
2996.8510 23722352900.7368
2996.9622 23731517549.9355
2997.0734 229797480.0941
2997.1846 23730919874.1794
2997.2958 23728281210.1556
2997.4070 246522456.9893
2997.5181 23731247202.6247
2997.6293 23719265767.1351
2997.7405 240278802.8324
2997.8517 23717240002.2523
2997.9629 23737138249.0120
2998.0741 241102882.5507
2998.1853 23731038926.5017
2998.2965 23721675800.5666
2998.4077 263546118.9111
2998.5188 23731029602.6464
2998.6300 23716698381.8765
2998.7412 242694456.3921
2998.8524 23743121242.2217
2998.9636 23733884203.0815
2999.0748 253301071.6715
2999.1860 23728634293.6934
2999.2972 23724395105.0041
2999.4083 264149644.7038
2999.5195 23732025280.9014
2999.6307 23738659632.2610
2999.7419 265511665.6751
2999.8531 23730379943.8001
2999.9643 23731011357.9676
3000.0755 252925984.0683
3000.1867 23726304471.8835
3000.2978 23730436588.8151
3000.4090 279107156.3177
3000.5202 23710437834.8352
3000.6314 23749476080.9013
3000.7426 282919367.3585
3000.8538 23735620965.8354
3000.9650 23738784529.7125
3001.0762 265396154.1475
3001.1874 23718520704.1145
3001.2985 23743770208.2751
3001.4097 298431224.9479
3001.5209 23731652342.1015
3001.6321 23749636175.8586
3001.7433 282676067.7535
3001.8545 23731353474.8740
3001.9657 23741679978.0829
3002.0769 308438192.8412
3002.1880 23744199887.6373
3002.2992 23748173463.8496
3002.4104 310854794.0823
3002.5216 23739329872.1667
3002.6328 23740275953.4472
3002.7440 306786842.1639
3002.8552 23727699296.3127
3002.9664 23729831983.5434
3003.0775 333154214.9556
3003.1887 23740700137.0911
3003.2999 23747189998.5636
3003.4111 335020158.4980
3003.5223 23737854248.2514
3003.6335 23743581501.1134
3003.7447 356517659.9916
3003.8559 23754984069.9882
3003.9671 23743677579.7548
3004.0782 354518668.7484
3004.1894 23757647349.2489
3004.3006 23735849986.7353
3004.4118 337488483.6485
3004.5230 23749804967.7360
3004.6342 23738862213.4398
3004.7454 346892576.3557
3004.8566 23736985404.9262
3004.9677 23750862618.6194
3005.0789 353432733.5839
3005.1901 23742121607.4514
3005.3013 23723009888.1652
3005.4125 379198613.7713
3005.5237 23730443709.2311
3005.6349 23735903981.3545
3005.7461 365536377.8790
3005.8572 23726867271.0840
3005.9684 23747333705.2373
3006.0796 393109781.9571
3006.1908 23745325780.3696
3006.3020 23748302340.8712
3006.4132 375408549.3049
3006.5244 23741370949.0842
3006.6356 23748585367.4961
3006.7468 404307472.4893
3006.8579 23741784958.8234
3006.9691 23734313481.8530
3007.0803 401110938.9227
3007.1915 23748757075.0032
3007.3027 23744274772.1913
3007.4139 395865182.6018
3007.5251 23743072701.4760
3007.6363 23741521400.5614
3007.7474 449173624.2737
3007.8586 23730728630.6438
3007.9698 23757473317.9721
3008.0810 441779742.9874
3008.1922 23764011104.9757
3008.3034 23731570058.9447
3008.4146 421961983.6865
3008.5258 23735693510.8134
3008.6370 23761219004.4023
3008.7481 434656275.3123
3008.8593 23746751638.2286
3008.9705 23739695676.6765
3009.0817 437638868.9520
3009.1929 23740337721.2793
3009.3041 23742958637.8721
3009.4153 456032830.7438
3009.5265 23753426238.0379
3009.6376 23745467471.1207
3009.7488 435570754.7042
3009.8600 23753733725.1631
3009.9712 23743824793.4627
3010.0824 500955596.9495
3010.1936 23748939631.8895
3010.3048 23744522748.5506
3010.4160 475087628.8245
3010.5271 23752033980.6247
3010.6383 23754882784.7485
3010.7495 473223978.3794
3010.8607 23766047496.3949
3010.9719 23739942859.6097
3011.0831 515374101.0761
3011.1943 23745556779.1443
3011.3055 23750613070.8317
3011.4167 531386612.2256
3011.5278 23750619732.5750
3011.6390 23750339707.3088
3011.7502 544136235.6021
3011.8614 23743227238.3781
3011.9726 23748579583.3157
3012.0838 536269996.4942
3012.1950 23750722890.9387
3012.3062 23738794786.9128
3012.4173 613777156.2666
3012.5285 23736665120.2368
3012.6397 23751543037.7236
3012.7509 570768012.1324
3012.8621 23753709559.7699
3012.9733 23742451695.5791
3013.0845 588768801.3598
3013.1957 23748074617.0583
3013.3068 23760539984.0380
3013.4180 597988576.6993
3013.5292 23752622430.9705
3013.6404 23756497653.3292
3013.7516 643354246.2594
3013.8628 23740039068.2029
3013.9740 23775564871.7502
3014.0852 637775748.0774
3014.1964 23771950985.8254
3014.3075 23752162451.8674
3014.4187 648972140.9786
3014.5299 23759900127.2752
3014.6411 23762942244.6926
3014.7523 662962214.4876
3014.8635 23764581957.6148
3014.9747 23748293465.0826
3015.0859 710652904.9277
3015.1970 23742050574.4016
3015.3082 23757696408.4990
3015.4194 710790139.2818
3015.5306 23754785459.5587
3015.6418 23751930527.1792
3015.7530 706372192.8012
3015.8642 23744411953.5354
3015.9754 23754938844.5745
3016.0865 741697417.6220
3016.1977 23757303888.1340
3016.3089 23744857016.2701
3016.4201 837076043.4493
3016.5313 23754052683.5069
3016.6425 23764444686.3705
3016.7537 866969907.1703
3016.8649 23764367265.3859
3016.9761 23754662774.2188
3017.0872 882703386.0210
3017.1984 23757111033.0457
3017.3096 23761533335.2987
3017.4208 871333896.6564
3017.5320 23754462262.2833
3017.6432 23761673016.8261
3017.7544 928754061.7630
3017.8656 23760461089.0811
3017.9767 23766908799.7695
3018.0879 911700579.2301
3018.1991 23754432092.2285
3018.3103 23757493796.4950
3018.4215 961839273.7963
3018.5327 23765064883.6684
3018.6439 23773463345.7274
3018.7551 993735967.8883
3018.8662 23754849594.9060
3018.9774 23763942011.5516
3019.0886 1070573514.1723
3019.1998 23757071763.7771
3019.3110 23759710377.9220
3019.4222 1031605464.1571
3019.5334 23758168075.9779
3019.6446 23774993407.9703
3019.7558 1075480189.7091
3019.8669 23758328569.8948
3019.9781 23769418074.7691
3020.0893 1075398691.4189
3020.2005 23759826219.1541
3020.3117 23768071654.9925
3020.4229 1244183974.7146
3020.5341 23766882834.5645
3020.6453 23755803386.6966
3020.7564 1223339402.5552
3020.8676 23766292867.0874
3020.9788 23754170522.3738
3021.0900 1321347670.8816
3021.2012 23752822768.8804
3021.3124 23760660314.1104
3021.4236 1317081008.4262
3021.5348 23763255513.8151
3021.6459 23771821373.3774
3021.7571 1390988849.6145
3021.8683 23780855157.0365
3021.9795 23755902409.8743
3022.0907 1497626460.6859
3022.2019 23765079385.2972
3022.3131 23768496062.9433
3022.4243 1499563190.5651
3022.5355 23750613750.6742
3022.6466 23772895316.5444
3022.7578 1626983248.3848
3022.8690 23758875736.1273
3022.9802 23784432936.8905
3023.0914 1631629019.7799
3023.2026 23769420618.6857
3023.3138 23782997498.1103
3023.4250 1779134435.2833
3023.5361 23757935796.8879
3023.6473 23768548619.0261
3023.7585 1740810464.6931
3023.8697 23760038630.1857
3023.9809 23778273805.0105
3024.0921 1727994975.2412
3024.2033 23783406090.5153
3024.3145 23759445536.1218
3024.4257 1930069514.6342
3024.5368 23767471181.8997
3024.6480 23754996935.9422
3024.7592 1910444304.8006
3024.8704 23766461126.0173
3024.9816 23759720318.2487
3025.0928 2173091917.1246
3025.2040 23761585448.4088
3025.3152 23774659294.0401
3025.4263 2259466795.6129
3025.5375 23778105344.6690
3025.6487 23767508823.8963
3025.7599 2242961477.7804
3025.8711 23763237141.5859
3025.9823 23779667511.2719
3026.0935 2243870851.8456
3026.2047 23769270151.3694
3026.3158 23780376808.5880
3026.4270 2428558554.0481
3026.5382 23779479039.9237
3026.6494 23786122534.8861
3026.7606 2580408558.6848
3026.8718 23776324029.8229
3026.9830 23780615591.0389
3027.0942 2696405852.2400
3027.2054 23782299462.3838
3027.3165 23763365692.9270
3027.4277 2648365298.2234
3027.5389 23757589538.8844
3027.6501 23793774793.5112
3027.7613 2738349358.3151
3027.8725 23780902128.6094
3027.9837 23793886383.7099
3028.0949 2726403006.2416
3028.2060 23782158532.4736
3028.3172 23779965009.5024
3028.4284 2875099554.1415
3028.5396 23788338668.3589
3028.6508 23768586461.9275
3028.7620 2946233949.7491
3028.8732 23782823176.3769
3028.9844 23773340222.8751
3029.0955 3098126126.1582
3029.2067 23784742461.9078
3029.3179 23765966862.9317
3029.4291 3148659503.5549
3029.5403 23774717757.1255
3029.6515 23790639611.3016
3029.7627 3347739842.5445
3029.8739 23775826939.5359
3029.9851 23794682919.2684
3030.0962 3273512741.2950
3030.2074 23787798321.9795
3030.3186 23782481086.0028
3030.4298 3166732393.2687
3030.5410 23787189243.4872
3030.6522 23791030561.6931
3030.7634 3373473904.5585
3030.8746 23795482713.7662
3030.9857 23786290813.2655
3031.0969 3590145482.7876
3031.2081 23787691697.3669
3031.3193 23781141652.4292
3031.4305 3356248393.0253
3031.5417 23794494937.6534
3031.6529 23772762144.4222
3031.7641 3380880468.6857
3031.8752 23789356810.6031
3031.9864 23782528592.4584
3032.0976 3398442636.4026
3032.2088 23781195806.7700
3032.3200 23789678639.2906
3032.4312 3490981288.2426
3032.5424 23802394044.1570
3032.6536 23776287406.3992
3032.7648 3370781804.5103
3032.8759 23785452395.6423
3032.9871 23787503731.6703
3033.0983 3238385727.9942
3033.2095 23781095035.5349
3033.3207 23789952400.5728
3033.4319 3391312092.2265
3033.5431 23786618411.2576
3033.6543 23774268599.3394
3033.7654 3301309863.3938
3033.8766 23798279520.0915
3033.9878 23780665710.9681
3034.0990 3307939077.4692
3034.2102 23786601713.7002
3034.3214 23790337162.8740
3034.4326 3212942716.6915
3034.5438 23795879172.3052
3034.6549 23781317786.6413
3034.7661 3344202797.9231
3034.8773 23787373799.9993
3034.9885 23775545511.3743
3035.0997 3102442005.3720
3035.2109 23780976446.6611
3035.3221 23786230617.0555
3035.4333 3337316321.3510
3035.5445 23780106446.8015
3035.6556 23809987433.2190
3035.7668 3057327043.8465
3035.8780 23796238704.0774
3035.9892 23780305830.1876
3036.1004 3001594532.4268
3036.2116 23797932117.2901
3036.3228 23788268725.8463
3036.4340 2860470476.1890
3036.5451 23805730886.1341
3036.6563 23787371608.0006
3036.7675 2768426930.5744
3036.8787 23801965639.6005
3036.9899 23785408641.4177
3037.1011 2827190570.7997
3037.2123 23800626134.6966
3037.3235 23784492173.8701
3037.4347 2737574628.4825
3037.5458 23790844416.0645
3037.6570 23782999465.3671
3037.7682 2626843183.0548
3037.8794 23795854900.6250
3037.9906 23788995448.3239
3038.1018 2537267719.2604
3038.2130 23789502639.8580
3038.3242 23811201914.6799
3038.4353 2508230480.3333
3038.5465 23799282158.8534
3038.6577 23794945718.0925
3038.7689 2284635559.2652
3038.8801 23794472350.6795
3038.9913 23803808630.4348
3039.1025 2201218486.8621
3039.2137 23814123966.9185
3039.3248 23794669212.6336
3039.4360 2149906691.6767
3039.5472 23803574624.3690
3039.6584 23798510582.6679
3039.7696 2011746841.2466
3039.8808 23805450978.0227
3039.9920 23794805527.2242
3040.1032 1973785448.2241
3040.2144 23796121501.0376
3040.3255 23791992457.2535
3040.4367 1846647720.6904
3040.5479 23805785123.4458
3040.6591 23796346440.8519
3040.7703 1940366528.0151
3040.8815 23789786286.1753
3040.9927 23798298118.0513
3041.1039 1769147852.7789
3041.2150 23803388203.3228
3041.3262 23800171879.0336
3041.4374 1761850522.7983
3041.5486 23809140836.5472
3041.6598 23799317224.8361
3041.7710 1697837109.9521
3041.8822 23789940074.7827
3041.9934 23794842000.4282
3042.1045 1532203835.9756
3042.2157 23813847771.2752
3042.3269 23781874791.8476
3042.4381 1520679947.2804
3042.5493 23795065561.6668
3042.6605 23797607211.2006
3042.7717 1347601504.1380
3042.8829 23795931767.8249
3042.9941 23787796734.8040
3043.1052 1407029901.8213
3043.2164 23800472195.6973
3043.3276 23806155831.7985
3043.4388 1334602666.2704
3043.5500 23805361844.4633
3043.6612 23794864974.3432
3043.7724 1282959918.3812
3043.8836 23793263079.9124
3043.9947 23818314657.6461
3044.1059 1182489018.4452
3044.2171 23810764524.0905
3044.3283 23801821280.2519
3044.4395 1189429118.4147
3044.5507 23801793590.3942
3044.6619 23795647744.1508
3044.7731 1158250875.0238
3044.8842 23801777974.5607
3044.9954 23805563332.8511
3045.1066 1178982698.6634
3045.2178 23812101183.5321
3045.3290 23817239863.2037
3045.4402 1105695510.9876
3045.5514 23821570588.5184
3045.6626 23796850201.9345
3045.7738 1062076445.6786
3045.8849 23804160413.6482
3045.9961 23811601436.2127
3046.1073 1043014737.6848
3046.2185 23796306890.9165
3046.3297 23806681480.5757
3046.4409 1063189891.7820
3046.5521 23815762788.6333
3046.6633 23787812235.6412
3046.7744 945847101.6541
3046.8856 23805805113.0221
3046.9968 23806466663.1691
3047.1080 909024497.2843
3047.2192 23803708820.2431
3047.3304 23798592617.9103
3047.4416 880807037.5928
3047.5528 23795377382.7060
3047.6639 23810548812.2402
3047.7751 898318105.0374
3047.8863 23810413953.1635
3047.9975 23812540375.3648
3048.1087 883336704.8547
3048.2199 23805586925.5702
3048.3311 23821153241.9554
3048.4423 831509267.3684
3048.5535 23815167132.6788
3048.6646 23815166667.6110
3048.7758 759768501.2268
3048.8870 23816736871.5037
3048.9982 23819866242.5301
3049.1094 773415237.0110
3049.2206 23811054348.9766
3049.3318 23820634109.4667
3049.4430 743639568.4672
3049.5541 23822565775.7181
3049.6653 23805030611.6126
3049.7765 698517715.2612
3049.8877 23809391044.2267
3049.9989 23805670036.1209
3050.1101 712271368.0141
3050.2213 23814853758.7351
3050.3325 23830047519.8100
3050.4436 702588828.9322
3050.5548 23817203916.2183
3050.6660 23806623370.3861
3050.7772 665303813.5855
3050.8884 23832939316.3559
3050.9996 23815474027.8899
3051.1108 703528199.6286
3051.2220 23810503294.1458
3051.3332 23817298846.1405
3051.4443 637372319.2273
3051.5555 23827547512.1879
3051.6667 23804082611.8809
3051.7779 625125676.3899
3051.8891 23811896852.1669
3052.0003 23821240965.2072
3052.1115 583904951.8249
3052.2227 23827784917.7447
3052.3338 23808407292.2714
3052.4450 550402751.2417
3052.5562 23821196491.4698
3052.6674 23811031782.1855
3052.7786 566506977.0243
3052.8898 23826609602.0801
3053.0010 23800159693.8941
3053.1122 518862118.5087
3053.2234 23806093150.4579
3053.3345 23817490145.1134
3053.4457 525839560.9027
3053.5569 23816545109.6035
3053.6681 23827476572.6713
3053.7793 546848065.9439
3053.8905 23841155040.0582
3054.0017 23821135345.0601
3054.1129 513584427.3391
3054.2240 23829979751.7748
3054.3352 23807001791.4854
3054.4464 512020567.1082
3054.5576 23820965387.3905
3054.6688 23811714494.0791
3054.7800 491161186.9355
3054.8912 23834347278.1587
3055.0024 23814405068.2100
3055.1135 462893561.1373
3055.2247 23822013727.4086
3055.3359 23813470760.9050
3055.4471 472406133.5941
3055.5583 23826783942.5086
3055.6695 23818930260.9683
3055.7807 474894147.8359
3055.8919 23821093256.1700
3056.0031 23817678804.7531
3056.1142 436278155.8590
3056.2254 23835934665.5017
3056.3366 23818319082.3267
3056.4478 445864531.2273
3056.5590 23822946731.4798
3056.6702 23823292722.6822
3056.7814 429973458.8089
3056.8926 23827023604.3293
3057.0037 23827460080.9220
3057.1149 392045054.6160
3057.2261 23824869114.3763
3057.3373 23812694917.2386
3057.4485 411180019.0685
3057.5597 23808250844.0445
3057.6709 23819717676.2272
3057.7821 382541068.1577
3057.8932 23819268239.5758
3058.0044 23819868223.1100
3058.1156 353206815.5222
3058.2268 23825439422.3253
3058.3380 23816084307.3975
3058.4492 353123921.5141
3058.5604 23831199477.2088
3058.6716 23825875182.5073
3058.7828 380031897.3636
3058.8939 23820540965.4974
3059.0051 23838533307.6702
3059.1163 346459644.2557
3059.2275 23834771801.0236
3059.3387 23840306432.5151
3059.4499 359483875.9645
3059.5611 23825933833.0247
3059.6723 23839048295.7157
3059.7834 339075084.1020
3059.8946 23832831720.3194
3060.0058 23825230484.8021
3060.1170 331227244.3014
3060.2282 23829870076.1685
3060.3394 23821983497.0980
3060.4506 338736394.8490
3060.5618 23823518767.1393
3060.6729 23834759598.0036
3060.7841 323830678.7077
3060.8953 23835982732.8898
3061.0065 23815993419.3333
3061.1177 296332752.3339
3061.2289 23814343545.3789
3061.3401 23843942939.7979
3061.4513 318368433.4037
3061.5625 23837490295.0864
3061.6736 23825370119.3972
3061.7848 308318428.5700
3061.8960 23831337538.0509
3062.0072 23829074189.0228
3062.1184 294503631.0493
3062.2296 23839832744.2407
3062.3408 23855939398.5422
3062.4520 280624693.8479
3062.5631 23845500633.3836
3062.6743 23830207366.6428
3062.7855 295965295.6058
3062.8967 23837343652.1206
3063.0079 23838515013.3261
3063.1191 285542893.2620
3063.2303 23842720109.6463
3063.3415 23823927934.1782
3063.4526 272633073.5503
3063.5638 23836323157.7110
3063.6750 23833816297.2539
3063.7862 275356982.2286
3063.8974 23814534752.1409
3064.0086 23840594741.3476
3064.1198 283253645.2329
3064.2310 23829787681.1937
3064.3422 23850089127.5286
3064.4533 263338771.7398
3064.5645 23844338151.9613
3064.6757 23832996581.3664
3064.7869 252476208.2052
3064.8981 23836235755.1212
3065.0093 23856831586.9896
3065.1205 251185674.7736
3065.2317 23838784067.3128
3065.3428 23839445063.6464
3065.4540 246875777.9233
3065.5652 23836619950.5782
3065.6764 23844520387.8056
3065.7876 231905416.0694
3065.8988 23824632697.5085
3066.0100 23860169648.6556
3066.1212 237423964.3845
3066.2324 23840797230.9590
3066.3435 23851884143.2149
3066.4547 236616821.7784
3066.5659 23844110026.4215
3066.6771 23831259858.9519
3066.7883 234965892.8360
3066.8995 23846944552.0713
3067.0107 23844416105.1370
3067.1219 211883454.7255
3067.2330 23849720232.9665
3067.3442 23824800382.4769
3067.4554 213613217.4342
3067.5666 23833364026.0347
3067.6778 23846371353.8409
3067.7890 221157215.7452
3067.9002 23835791723.2610
3068.0114 23843670402.6710
3068.1225 228811185.0638
3068.2337 23848910107.6445
3068.3449 23857409543.9991
3068.4561 227232981.0308
3068.5673 23846692571.7300
3068.6785 23840235497.6814
3068.7897 202957501.6997
3068.9009 23850297019.7499
3069.0121 23840506891.6988
3069.1232 198808752.3947
3069.2344 23846222083.3337
3069.3456 23845113641.5277
3069.4568 207094687.2938
3069.5680 23841918230.9394
3069.6792 23851363235.1282
3069.7904 195296699.5166
3069.9016 23829613658.1772
3070.0127 23865572158.0803
3070.1239 189848271.5998
3070.2351 23861129667.2721
3070.3463 23851697318.4891
3070.4575 204721543.9310
3070.5687 23856644680.0850
3070.6799 23852268327.3147
3070.7911 175948310.8283
3070.9022 23872347397.6077
3071.0134 23850971085.2848
3071.1246 194178585.5995
3071.2358 23842031232.6459
3071.3470 23840533954.2435
3071.4582 182479414.5969
3071.5694 23857119889.4209
3071.6806 23849862105.3175
3071.7918 181107904.1853
3071.9029 23846397901.8232
3072.0141 23861072394.9354
3072.1253 163744147.2380
3072.2365 23851767558.1898
3072.3477 23852990877.6391
3072.4589 185461864.9602
3072.5701 23854176745.2982
3072.6813 23852565424.6252
3072.7924 172814101.1026
3072.9036 23849959398.4082
3073.0148 23867458865.9159
3073.1260 161306194.1457
3073.2372 23854192328.1394
3073.3484 23849807003.7097
3073.4596 177429302.2953
3073.5708 23851197537.6081
3073.6819 23869478351.2815
3073.7931 166016975.8125
3073.9043 23851597023.8639
3074.0155 23873575189.8657
3074.1267 173514295.9648
3074.2379 23866944392.1271
3074.3491 23847171271.5197
3074.4603 168398358.8692
3074.5715 23848970546.6009
3074.6826 23857188974.2733
3074.7938 148087409.6976
3074.9050 23847164032.4631
3075.0162 23869433261.7912
3075.1274 153340208.4199
3075.2386 23855277451.1171
3075.3498 23867927069.3450
3075.4610 160342558.0535
3075.5721 23856549543.9087
3075.6833 23872889811.5472
3075.7945 154758670.0403
3075.9057 23856059124.7491
3076.0169 23859249550.8492
3076.1281 146306484.2485
3076.2393 23865527287.2628
3076.3505 23856131336.9962
3076.4616 152860982.3197
3076.5728 23851107114.4375
3076.6840 23866758631.0265
3076.7952 146206292.5484
3076.9064 23867970161.2398
3077.0176 23868842657.3960
3077.1288 146511700.5835
3077.2400 23868129817.5495
3077.3512 23860724118.6153
3077.4623 138177317.6073
3077.5735 23868711150.2584
3077.6847 23866370626.9868
3077.7959 136517738.0646
3077.9071 23882367371.7760
3078.0183 23862244738.0625
3078.1295 130595539.6223
3078.2407 23858891005.4428
3078.3518 23870892243.3873
3078.4630 135025061.0959
3078.5742 23859384880.4132
3078.6854 23862615907.5778
3078.7966 131893507.5869
3078.9078 23850550597.4189
3079.0190 23886055743.5437
3079.1302 126942342.2306
3079.2414 23858981900.2680
3079.3525 23867771326.7636
3079.4637 132438515.8317
3079.5749 23864206162.6091
3079.6861 23867008997.6779
3079.7973 134059548.3142
3079.9085 23849991010.8535
3080.0197 23881144947.5945
3080.1309 128623166.6973
3080.2420 23868964804.9703
3080.3532 23873838872.1444
3080.4644 129104764.2606
3080.5756 23862640818.4979
3080.6868 23870562442.7995
3080.7980 127956649.7233
3080.9092 23863863670.0646
3081.0204 23879403701.5768
3081.1315 121617667.8465
3081.2427 23882208689.4988
3081.3539 23884639972.0592
3081.4651 127423344.0020
3081.5763 23882493800.8889
3081.6875 23869629646.8670
3081.7987 118181398.4490
3081.9099 23880856893.9079
3082.0211 23849742545.4205
3082.1322 121619154.6220
3082.2434 23874207435.1995
3082.3546 23883845679.1748
3082.4658 117090288.4530
3082.5770 23878846767.8418
3082.6882 23870189654.8513
3082.7994 111085025.5450
3082.9106 23880392339.4011
3083.0217 23870485824.6896
3083.1329 110992151.1503
3083.2441 23872471898.2784
3083.3553 23874646357.6219
3083.4665 115021663.5083
3083.5777 23869379983.2956
3083.6889 23868815201.5630
3083.8001 109661433.8585
3083.9112 23869422386.6930
3084.0224 23872922822.5742
3084.1336 110803416.5516
3084.2448 23889507569.1026
3084.3560 23887478819.9218
3084.4672 103649751.7456
3084.5784 23877122929.9954
3084.6896 23875364574.9451
3084.8008 105582129.8812
3084.9119 23868342283.1211
3085.0231 23876326523.4723
3085.1343 109178229.5397
3085.2455 23895030665.8077
3085.3567 23869710288.3508
3085.4679 98086942.2659
3085.5791 23868771952.1909
3085.6903 23885155015.0758
3085.8014 103921336.5711
3085.9126 23869943894.9101
3086.0238 23880898039.7591
3086.1350 99174150.1002
3086.2462 23861533192.1471
3086.3574 23881074842.1843
3086.4686 100930641.7631
3086.5798 23871325265.6388
3086.6909 23888316477.2890
3086.8021 96225992.2669
3086.9133 23882108494.4060
3087.0245 23885786661.3749
3087.1357 95210055.0975
3087.2469 23859430676.2819
3087.3581 23873611457.1228
3087.4693 94233747.4050
3087.5805 23873773250.2483
3087.6916 23883727407.9917
3087.8028 95311799.8834
3087.9140 23891392082.0155
3088.0252 23892044397.1034
3088.1364 95691388.4951
3088.2476 23881474099.8427
3088.3588 23895499151.1487
3088.4700 95414686.0481
3088.5811 23891364077.3752
3088.6923 23873156849.6556
3088.8035 95429027.0323
3088.9147 23880611490.7833
3089.0259 23904289163.9712
3089.1371 95241859.6674
3089.2483 23885185618.9106
3089.3595 23885693259.3541
3089.4706 95384345.7141
3089.5818 23885041871.6110
3089.6930 23881021631.9305
3089.8042 95449704.4397
3089.9154 23885340926.6873
3090.0266 23885448955.6954
3090.1378 94885062.1238
3090.2490 23888240700.0084
3090.3602 23881729455.1913
3090.4713 94732120.0198
3090.5825 23895588864.2419
3090.6937 23878409233.8891
3090.8049 94789912.0154
3090.9161 23882123707.3739
3091.0273 23895921199.3311
3091.1385 94639583.0263
3091.2497 23900082774.1922
3091.3608 23893944227.3983
3091.4720 95191896.7075
3091.5832 23884797222.9061
3091.6944 23900597361.6037
3091.8056 95327324.0793
3091.9168 23886632579.9484
3092.0280 23900469557.6346
3092.1392 95177413.1492
3092.2503 23896902040.7103
3092.3615 23890439531.5278
3092.4727 95740350.8940
3092.5839 23895934182.7610
3092.6951 23879757766.3995
3092.8063 95150753.2210
3092.9175 23884929235.9907
3093.0287 23896370389.3049
3093.1399 95358974.4656
3093.2510 23892094581.1889
3093.3622 23889960044.6053
3093.4734 95651394.3174
3093.5846 23882884956.3399
3093.6958 23901577448.4415
3093.8070 95165627.2426
3093.9182 23887724649.4912
3094.0294 23890921798.1744
3094.1405 94459117.7383
3094.2517 23891085010.4231
3094.3629 23885246994.4166
3094.4741 95837145.9914
3094.5853 23885507676.2201
3094.6965 23898132698.2094
3094.8077 95605912.7136
3094.9189 23895868750.6528
3095.0301 23899663952.8379
3095.1412 95280721.7509
3095.2524 23892519171.9457
3095.3636 23893473702.5944
3095.4748 95341856.2649
3095.5860 23897664150.1644
3095.6972 23901063263.0859
3095.8084 96122894.6540
3095.9196 23891069679.1318
3096.0307 23898191805.6094
3096.1419 95095089.1618
3096.2531 23897211537.5065
3096.3643 23895696946.3105
3096.4755 95440196.3690
3096.5867 23891376251.3769
3096.6979 23913663605.2120
3096.8091 94870435.2975
3096.9202 23893899929.6257
3097.0314 23901223302.8917
3097.1426 95636488.8823
3097.2538 23915969560.4542
3097.3650 23889599250.3058
3097.4762 95880153.5383
3097.5874 23894716694.3184
3097.6986 23904824522.9839
3097.8098 94752136.1347
3097.9209 23900813244.1380
3098.0321 23903727046.7775
3098.1433 95172241.8122
3098.2545 23910801320.5415
3098.3657 23909953883.4699
3098.4769 96144263.5209
3098.5881 23903216003.8905
3098.6993 23901755624.6928
3098.8104 95938865.4118
3098.9216 23914763582.4687
3099.0328 23909395824.4426
3099.1440 94343239.3250
3099.2552 23912341969.6441
3099.3664 23896290674.6993
3099.4776 95280364.2990
3099.5888 23897648103.0434
3099.6999 23911043924.8698
3099.8111 94928230.3118
3099.9223 23922701373.7451
3100.0335 23898159560.3594
3100.1447 95140976.5929
3100.2559 23906422893.1594
3100.3671 23917998662.8014
3100.4783 95320448.4823
3100.5895 23916615154.9009
3100.7006 23906622844.3005
3100.8118 95409998.7424
3100.9230 23922774253.2967
3101.0342 23895422280.6117
3101.1454 95170419.9248
3101.2566 23895643668.3471
3101.3678 23917483667.9467
3101.4790 95541984.4514
3101.5901 23914874813.0900
3101.7013 23906893960.0701
3101.8125 95989726.6552
3101.9237 23901552749.2651
3102.0349 23919508895.3709
3102.1461 95705701.3877
3102.2573 23913246375.2051
3102.3685 23908489381.9300
3102.4796 95284284.4618
3102.5908 23908473427.1899
3102.7020 23911977045.8768
3102.8132 95133622.6082
3102.9244 23921431744.4421
3103.0356 23901722936.7482
3103.1468 95294075.6298
3103.2580 23919208962.9500
3103.3692 23902843264.0084
3103.4803 94746805.8599
3103.5915 23897474112.0736
3103.7027 23932754917.3223
3103.8139 95427280.0586
3103.9251 23907420064.0299
3104.0363 23919567907.9494
3104.1475 95113787.5946
3104.2587 23918025798.3315
3104.3698 23910707428.3226
3104.4810 95395249.1237
3104.5922 23919875995.6658
3104.7034 23916395594.4806
3104.8146 95306674.3273
3104.9258 23922623832.8911
3105.0370 23907341709.2506
3105.1482 95473242.4150
3105.2593 23922686743.3905
3105.3705 23916273579.9801
3105.4817 95939431.9572
3105.5929 23909592727.9474
3105.7041 23910321369.8663
3105.8153 95442768.4078
3105.9265 23915326917.5020
3106.0377 23927416002.0577
3106.1489 95654621.1207
3106.2600 23912151479.3863
3106.3712 23920111103.0145
3106.4824 95313029.7443
3106.5936 23912761610.5854
3106.7048 23929312053.7050
3106.8160 94835918.0630
3106.9272 23915933337.7388
3107.0384 23928397288.0312
3107.1495 95765018.4334
3107.2607 23921249789.9469
3107.3719 23905009461.2392
3107.4831 95830147.0209
3107.5943 23915108675.0157
3107.7055 23922430534.8917
3107.8167 95510305.6190
3107.9279 23927095925.6101
3108.0391 23918346054.4738
3108.1502 95009494.5002
3108.2614 23934862018.3774
3108.3726 23922747370.8551
3108.4838 95561491.5219
3108.5950 23906832115.5163
3108.7062 23909852997.3147
3108.8174 96122633.0564
3108.9286 23932826344.1771
3109.0397 23909105564.0525
3109.1509 95123320.4131
3109.2621 23926916268.2435
3109.3733 23923940082.4785
3109.4845 94869606.0850
3109.5957 23921358719.7193
3109.7069 23910537924.0054
3109.8181 95339362.5934
3109.9292 23929991909.5933
3110.0404 23924555746.9167
3110.1516 95463105.5523
3110.2628 23911107539.8100
3110.3740 23927990891.8439
3110.4852 95314812.8042
3110.5964 23922393343.1838
3110.7076 23923043047.0267
3110.8188 95926237.2248
3110.9299 23927400444.6276
3111.0411 23931970143.6548
3111.1523 95473984.5862
3111.2635 23921636302.7076
3111.3747 23933556072.5245
3111.4859 95134866.1367
3111.5971 23921686150.3715
3111.7083 23913824147.9878
3111.8194 95087925.6109
3111.9306 23921126198.9122
3112.0418 23931082869.8681
3112.1530 96097228.8615
3112.2642 23935364839.3330
3112.3754 23922104310.5497
3112.4866 94974773.7520
3112.5978 23926347928.6284
3112.7089 23933823779.8460
3112.8201 95666310.2606
3112.9313 23919897239.4856
3113.0425 23921896084.8074
3113.1537 95564114.9747
3113.2649 23941714613.2222
3113.3761 23931052673.0409
3113.4873 95676228.9548
3113.5985 23932667607.0678
3113.7096 23943719435.9413
3113.8208 95145944.2087
3113.9320 23931530305.8053
3114.0432 23928065267.4248
3114.1544 95952295.6370
3114.2656 23927652440.1739
3114.3768 23925169545.9061
3114.4880 95618057.7050
3114.5991 23939109328.2945
3114.7103 23942982169.6028
3114.8215 95033028.6065
3114.9327 23935989466.4725
3115.0439 23930619489.1595
3115.1551 94616812.0173
3115.2663 23934654148.8108
3115.3775 23934300948.1011
3115.4886 95718291.6621
3115.5998 23942051433.4228
3115.7110 23940380297.9374
3115.8222 96432089.0140
3115.9334 23939606313.9854
3116.0446 23923145254.2551
3116.1558 95444759.1759
3116.2670 23924890370.3324
3116.3782 23941371462.2914
3116.4893 95128948.8430
3116.6005 23945853974.8114
3116.7117 23934631935.6031
3116.8229 95420151.9655
3116.9341 23944940449.4262
3117.0453 23948655666.6440
3117.1565 95874136.3165
3117.2677 23946796532.6917
3117.3788 23919636368.6765
3117.4900 96085410.2922
3117.6012 23928420628.6906
3117.7124 23943476288.1541
3117.8236 95044320.2174
3117.9348 23937187632.3165
3118.0460 23953170880.0370
3118.1572 95596841.1703
3118.2683 23945661717.0524
3118.3795 23936216561.7593
3118.4907 95827341.5891
3118.6019 23949604475.8864
3118.7131 23936265392.6936
3118.8243 95383979.3478
3118.9355 23952341691.0269
3119.0467 23939185479.7463
3119.1579 95695072.2147
3119.2690 23938387586.6371
3119.3802 23947204740.3413
3119.4914 95951340.9567
3119.6026 23951813937.8657
3119.7138 23955370123.6878
3119.8250 95061430.8151
3119.9362 23946114321.6007
3120.0474 23947943392.0661
3120.1585 95059448.0318
3120.2697 23934015526.0577
3120.3809 23948288005.4712
3120.4921 96160012.5713
3120.6033 23949708594.0745
3120.7145 23947789084.5131
3120.8257 95294465.9960
3120.9369 23947672544.3345
3121.0481 23942281209.4955
3121.1592 95610912.9921
3121.2704 23944150782.8375
3121.3816 23937919793.3918
3121.4928 95862828.6523
3121.6040 23940572560.7293
3121.7152 23947801158.3804
3121.8264 94670050.3100
3121.9376 23938110367.3703
3122.0487 23941740951.2431
3122.1599 95211543.8985
3122.2711 23932676104.3946
3122.3823 23974392662.6342
3122.4935 95423764.7123
3122.6047 23948817313.4395
3122.7159 23943775357.2756
3122.8271 95054025.7700
3122.9382 23958643163.9748
3123.0494 23952314663.9362
3123.1606 94887847.3958
3123.2718 23963653609.8031
3123.3830 23952172805.1021
3123.4942 95700611.8472
3123.6054 23960194343.5748
3123.7166 23953531443.6293
3123.8278 95243851.4440
3123.9389 23954198792.7551
3124.0501 23942358701.9819
3124.1613 95880702.4908
3124.2725 23945641714.4538
3124.3837 23948131522.2436
3124.4949 95058978.6679
3124.6061 23939014969.0487
3124.7173 23968787849.8121
3124.8284 96006120.6328
3124.9396 23958303461.2412
3125.0508 23950870133.5629
3125.1620 96112061.8475
3125.2732 23950125731.9438
3125.3844 23951834140.2223
3125.4956 95693111.0791
3125.6068 23939103792.4197
3125.7179 23966564096.1416
3125.8291 94790228.4309
3125.9403 23957355396.6108
3126.0515 23965202472.2821
3126.1627 94962852.4959
3126.2739 23967988133.5380
3126.3851 23932939420.6555
3126.4963 95868462.7668
3126.6075 23957737895.7028
3126.7186 23950210394.0247
3126.8298 95812770.3559
3126.9410 23957642148.3096
3127.0522 23967809881.1399
3127.1634 96155022.9819
3127.2746 23951842826.6137
3127.3858 23957977139.2891
3127.4970 95394678.1717
3127.6081 23964473611.6116
3127.7193 23959301116.5226
3127.8305 96113259.3649
3127.9417 23961533513.2805
3128.0529 23959037922.5798
3128.1641 96127504.5664
3128.2753 23963366424.7393
3128.3865 23968545212.9753
3128.4976 95525897.7471
3128.6088 23966544531.7896
3128.7200 23967734093.8768
3128.8312 95758042.5340
3128.9424 23950517396.7382
3129.0536 23984954128.0677
3129.1648 95544505.3565
3129.2760 23949928275.8938
3129.3872 23969881964.9470
3129.4983 95242984.9077
3129.6095 23975428539.8247
3129.7207 23966761008.9674
3129.8319 95471977.8902
3129.9431 23979884449.8521
3130.0543 23950566713.3371
3130.1655 95502505.9314
3130.2767 23962103848.5564
3130.3878 23978756102.0008
3130.4990 95265940.7268
3130.6102 23968929622.9956
3130.7214 23958852608.9535
3130.8326 95559901.2032
3130.9438 23967997881.4250
3131.0550 23976631110.6063
3131.1662 95101611.2783
3131.2773 23966840546.5801
3131.3885 23988270361.8164
3131.4997 95647962.1866
3131.6109 23973434796.0371
3131.7221 23965178706.4176
3131.8333 96097822.5162
3131.9445 23961933215.1163
3132.0557 23957883691.4098
3132.1669 95649772.4464
3132.2780 23950438631.6692
3132.3892 23975545459.7046
3132.5004 95677251.1833
3132.6116 23970647305.8050
3132.7228 23981901458.2923
3132.8340 95711107.5060
3132.9452 23962390037.3133
3133.0564 23969851989.5171
3133.1675 95947132.9540
3133.2787 23961999374.4292
3133.3899 23979191864.3404
3133.5011 95794002.8361
3133.6123 23972502148.8023
3133.7235 23968808526.9598
3133.8347 95309042.5031
3133.9459 23978685586.0825
3134.0570 23983159704.8034
3134.1682 95549494.0833
3134.2794 23952713056.4962
3134.3906 23983570067.4568
3134.5018 95294868.5822
3134.6130 23980973073.6471
3134.7242 23983675575.5979
3134.8354 95887627.5508
3134.9466 23973119511.7022
3135.0577 23976176502.6903
3135.1689 95914175.0807
3135.2801 23981527028.2227
3135.3913 23974165947.0860
3135.5025 95349716.7701
3135.6137 23982700508.1865
3135.7249 23984985970.4500
3135.8361 95515285.5423
3135.9472 23975999819.3928
3136.0584 23976657266.0521
3136.1696 95881219.8013
3136.2808 23981368738.5909
3136.3920 23977338702.3989
3136.5032 95609455.4181
3136.6144 23981915869.4159
3136.7256 23965392824.7335
3136.8368 96000235.5537
3136.9479 23969804768.6667
3137.0591 23973776419.4635
3137.1703 95573879.9527
3137.2815 23977565986.1235
3137.3927 23983378959.9413
3137.5039 95372198.0733
3137.6151 23977137248.0469
3137.7263 23980272966.6787
3137.8374 95146594.7354
3137.9486 23986028297.1967
3138.0598 23982508400.1992
3138.1710 95408480.6045
3138.2822 23984809973.1134
3138.3934 23982377396.5496
3138.5046 95584501.9859
3138.6158 23980624117.2758
3138.7269 23992788996.0095
3138.8381 96103520.7090
3138.9493 23987723567.9791
3139.0605 23984822307.6865
3139.1717 95503667.1782
3139.2829 23981960002.1170
3139.3941 23984391216.9979
3139.5053 95161261.2879
3139.6165 23986053087.9024
3139.7276 23988740962.4289
3139.8388 95228706.4574
3139.9500 23985967933.8289
3140.0612 23996881412.4197
3140.1724 95484341.7531
3140.2836 23997320879.9105
3140.3948 23998175132.7514
3140.5060 94989424.1047
3140.6171 23989071302.1177
3140.7283 23980946203.5315
3140.8395 95149911.1766
3140.9507 23989721492.1375
3141.0619 23988350166.6723
3141.1731 95625095.5741
3141.2843 23989835250.6201
3141.3955 23980803449.9947
3141.5066 95228896.5907
3141.6178 23983076780.1090
3141.7290 23994468815.1842
3141.8402 96160679.2552
3141.9514 23983068791.3475
3142.0626 24006095653.1997
3142.1738 95765642.4997
3142.2850 23982398353.5631
3142.3962 23993175559.5080
3142.5073 95960951.2843
3142.6185 23981258349.6195
3142.7297 23990458894.3332
3142.8409 95085317.5658
3142.9521 23985914914.3398
3143.0633 23994831242.9961
3143.1745 95778866.6465
3143.2857 24005171618.6624
3143.3968 23984679292.4977
3143.5080 95697045.2059
3143.6192 24006626283.7783
3143.7304 23984957985.8234
3143.8416 95429556.4175
3143.9528 23995070002.8086
3144.0640 23994506703.0032
3144.1752 95801834.0076
3144.2863 23987237115.5558
3144.3975 24000632638.9364
3144.5087 95293117.5163
3144.6199 23997866900.8521
3144.7311 23993479454.7866
3144.8423 94950794.4127
3144.9535 24007479643.0347
3145.0647 23994026864.3420
3145.1759 95723178.1412
3145.2870 23986457804.9007
3145.3982 24012406952.5169
3145.5094 95082385.7844
3145.6206 24002495393.9661
3145.7318 23996414913.9881
3145.8430 95017056.2173
3145.9542 23993405425.5963
3146.0654 23994662950.4337
3146.1765 96256978.2944
3146.2877 23997676356.2769
3146.3989 23993973502.9054
3146.5101 95568508.5210
3146.6213 23990488196.2958
3146.7325 24007825772.1265
3146.8437 95617738.2814
3146.9549 23997501622.7228
3147.0660 24020545865.8474
3147.1772 95996927.4732
3147.2884 23998362022.5494
3147.3996 23999928050.1966
3147.5108 95620586.8266
3147.6220 24006754096.3313
3147.7332 24010730089.8599
3147.8444 94800568.4651
3147.9556 23990892654.5323
3148.0667 24008812536.4587
3148.1779 95111802.0406
3148.2891 24009735725.7546
3148.4003 24006616589.3235
3148.5115 95513884.2535
3148.6227 24004655485.5798
3148.7339 23999716902.4293
3148.8451 95327354.0795
3148.9562 24002555114.7517
3149.0674 23987285092.2112
3149.1786 95927757.7623
3149.2898 24001447805.5309
3149.4010 24015605970.2304
3149.5122 95113644.6221
3149.6234 24003392214.8764
3149.7346 24010949748.6944
3149.8458 95944354.2881
3149.9569 24020798845.5929
3150.0681 23992052690.7766
3150.1793 95445785.1901
3150.2905 24003883122.7703
3150.4017 24011066838.8601
3150.5129 94880960.7020
3150.6241 24005678958.8226
3150.7353 24010312742.4106
3150.8464 94810208.8154
3150.9576 23999274058.5153
3151.0688 24016991330.2565
3151.1800 95715839.5541
3151.2912 24027536118.5710
3151.4024 24023293587.9305
3151.5136 95683863.6275
3151.6248 24026463830.8187
3151.7359 23999281999.1130
3151.8471 95899132.0014
3151.9583 24016842978.0456
3152.0695 24017394199.3949
3152.1807 96049617.0991
3152.2919 24013837758.4365
3152.4031 24007908566.2800
3152.5143 96031998.0462
3152.6255 24018683331.5628
3152.7366 24017041873.1248
3152.8478 95606200.1975
3152.9590 24009993443.5738
3153.0702 24012801566.6524
3153.1814 96181382.9847
3153.2926 24005155418.9600
3153.4038 24023959305.1259
3153.5150 95197525.4632
3153.6261 24014914696.3052
3153.7373 24016822354.4131
3153.8485 95436792.7163
3153.9597 24020803476.1828
3154.0709 24015673876.5597
3154.1821 96139877.0980
3154.2933 24005320374.2634
3154.4045 24017590213.1599
3154.5156 95861965.1315
3154.6268 24016427418.3485
3154.7380 24020466462.5057
3154.8492 96121410.3817
3154.9604 24020589758.9553
3155.0716 24001981388.2148
3155.1828 95718182.5657
3155.2940 23999282712.1765
3155.4052 24035900988.8027
3155.5163 95749092.8834
3155.6275 24035483342.8100
3155.7387 24015809819.9145
3155.8499 95858799.0628
3155.9611 24015034885.0542
3156.0723 24021433070.2946
3156.1835 96378329.5441
3156.2947 24018414999.6373
3156.4058 24017257690.8789
3156.5170 95196505.0668
3156.6282 24024822547.0144
3156.7394 24032408146.9303
3156.8506 96641359.1217
3156.9618 24020262108.7261
3157.0730 24027193361.6989
3157.1842 95811494.7629
3157.2953 24042683065.7634
3157.4065 24000258585.3077
3157.5177 95532345.1853
3157.6289 24028080273.6985
3157.7401 24024482844.7794
3157.8513 95297334.4261
3157.9625 24022810229.8213
3158.0737 24028675819.5341
3158.1849 95604977.4435
3158.2960 24029686507.0204
3158.4072 24026500990.7042
3158.5184 95378622.0020
3158.6296 24029117362.3011
3158.7408 24035338443.8948
3158.8520 96630419.4914
3158.9632 24033184160.2264
3159.0744 24014107663.9439
3159.1855 96257018.1481
3159.2967 24019142662.7632
3159.4079 24033516169.1556
3159.5191 95432828.3147
3159.6303 24023401405.4463
3159.7415 24034119670.4006
3159.8527 95800207.8826
3159.9639 24033016373.6630
3160.0750 24025825196.8072
3160.1862 95593486.6077
3160.2974 24025917426.1184
3160.4086 24036563601.7807
3160.5198 95538182.8712
3160.6310 24029638883.3389
3160.7422 24023917236.1075
3160.8534 95814907.4437
3160.9646 24034592787.5112
3161.0757 24047733897.5153
3161.1869 95983996.7108
3161.2981 24023959034.3783
3161.4093 24026439278.8833
3161.5205 96172625.4207
3161.6317 24038999711.2378
3161.7429 24032279294.1961
3161.8541 95626457.1680
3161.9652 24039193757.8531
3162.0764 24028252190.4426
3162.1876 95377338.0514
3162.2988 24041234259.2885
3162.4100 24039293669.8401
3162.5212 95675920.8638
3162.6324 23997374944.7043
3162.7436 24063331822.4237
3162.8548 95353598.2990
3162.9659 24042012459.2082
3163.0771 24032389963.7309
3163.1883 95895202.4475
3163.2995 24028648249.7264
3163.4107 24030832967.4701
3163.5219 94818237.9701
3163.6331 24036753534.3679
3163.7443 24053389485.1354
3163.8554 96036979.6011
3163.9666 24044601500.4127
3164.0778 24042910298.9798
3164.1890 95127597.9798
3164.3002 24022126199.6999
3164.4114 24043457798.5732
3164.5226 95702634.0065
3164.6338 24058356557.2881
3164.7449 24036686598.9641
3164.8561 96763947.0890
3164.9673 24038918837.8945
3165.0785 24039232619.9239
3165.1897 96223741.7304
3165.3009 24040878537.1546
3165.4121 24035608289.8750
3165.5233 95950726.3332
3165.6345 24036094578.5288
3165.7456 24041520396.4131
3165.8568 96033122.7275
3165.9680 24050148810.4358
3166.0792 24043710848.0872
3166.1904 95325494.0347
3166.3016 24040451226.7232
3166.4128 24042246051.7489
3166.5240 96182528.5055
3166.6351 24046697066.0664
3166.7463 24052469404.5447
3166.8575 96115193.3039
3166.9687 24038571239.7750
3167.0799 24049458261.5036
3167.1911 95271416.2563
3167.3023 24035671722.5389
3167.4135 24045832279.7956
3167.5246 95245483.7812
3167.6358 24057047658.1364
3167.7470 24052757510.5851
3167.8582 95862176.1355
3167.9694 24061133745.6505
3168.0806 24048919108.6536
3168.1918 95070264.5384
3168.3030 24040896563.5587
3168.4142 24053841422.8534
3168.5253 95533041.8328
3168.6365 24059629729.2550
3168.7477 24034864911.7322
3168.8589 95827000.4696
3168.9701 24049850309.8688
3169.0813 24034040803.3633
3169.1925 96493125.1619
3169.3037 24049387961.1114
3169.4148 24037147876.3350
3169.5260 95815789.2281
3169.6372 24044182020.6958
3169.7484 24052516695.5789
3169.8596 95745019.0173
3169.9708 24044603115.0402
3170.0820 24048525061.9451
3170.1932 95358997.9570
3170.3043 24050236298.4745
3170.4155 24047709040.8938
3170.5267 95462484.3909
3170.6379 24051125142.5784
3170.7491 24053865730.3368
3170.8603 96309528.9724
3170.9715 24053812434.7588
3171.0827 24063376455.5113
3171.1939 96526381.9576
3171.3050 24057190555.4627
3171.4162 24053293492.3318
3171.5274 96210954.8533
3171.6386 24074703562.1479
3171.7498 24044423066.2620
3171.8610 95970344.4511
3171.9722 24066067007.0464
3172.0834 24057364550.7616
3172.1945 95967542.6561
3172.3057 24055223079.3383
3172.4169 24062037089.5872
3172.5281 95793711.9014
3172.6393 24058861510.8404
3172.7505 24056009045.9855
3172.8617 95911472.9738
3172.9729 24053238972.7967
3173.0840 24059723390.9969
3173.1952 96052610.0232
3173.3064 24061311441.6718
3173.4176 24051808140.9577
3173.5288 96364558.4875
3173.6400 24047484372.3895
3173.7512 24069113532.3638
3173.8624 96041211.2031
3173.9736 24051181348.9774
3174.0847 24067036275.6513
3174.1959 95600112.8225
3174.3071 24060419047.7208
3174.4183 24072406064.5558
3174.5295 95910236.9773
3174.6407 24061121238.3172
3174.7519 24057122773.4247
3174.8631 95392296.9196
3174.9742 24069841841.8713
3175.0854 24071344270.7179
3175.1966 96340695.0215
3175.3078 24053297221.3587
3175.4190 24066041627.2285
3175.5302 95920461.4968
3175.6414 24056075756.9861
3175.7526 24049557217.1941
3175.8637 95875203.6124
3175.9749 24045069061.1377
3176.0861 24059722525.6768
3176.1973 96028954.3153
3176.3085 24060814212.6091
3176.4197 24072283380.6102
3176.5309 96220337.7385
3176.6421 24074748524.0042
3176.7533 24054170902.8620
3176.8644 96402655.6813
3176.9756 24051584875.1648
3177.0868 24070562691.3203
3177.1980 95484343.1340
3177.3092 24066412472.7768
3177.4204 24061706014.2848
3177.5316 95886718.2474
3177.6428 24072296175.8103
3177.7539 24058706118.6784
3177.8651 96304830.7777
3177.9763 24076518618.1508
3178.0875 24062811503.5466
3178.1987 96516946.6207
3178.3099 24059409568.1667
3178.4211 24067362011.9099
3178.5323 95702231.4009
3178.6435 24071426095.2486
3178.7546 24077553387.1530
3178.8658 96131096.8743
3178.9770 24065359516.2618
3179.0882 24083930205.4905
3179.1994 95743625.4797
3179.3106 24070522785.9664
3179.4218 24084087640.2348
3179.5330 95936959.6579
3179.6441 24079485855.8776
3179.7553 24077912643.7289
3179.8665 95598172.9614
3179.9777 24081705048.5394
3180.0889 24067620848.4376
3180.2001 96221851.6000
3180.3113 24086883533.6869
3180.4225 24071250619.7589
3180.5336 96446845.6582
3180.6448 24076487040.8027
3180.7560 24072827579.2327
3180.8672 95775823.2385
3180.9784 24081506671.5027
3181.0896 24073107731.4206
3181.2008 96080579.7179
3181.3120 24071849285.9084
3181.4232 24065783301.7822
3181.5343 96146387.2954
3181.6455 24061430190.3160
3181.7567 24072000290.1723
3181.8679 95984099.8194
3181.9791 24066039135.0758
3182.0903 24090127171.0183
3182.2015 96091062.7453
3182.3127 24096749990.8095
3182.4238 24080252065.4321
3182.5350 96318177.3025
3182.6462 24083343840.1405
3182.7574 24080695988.1898
3182.8686 95597357.7525
3182.9798 24087502314.9846
3183.0910 24077128394.6224
3183.2022 95629389.2022
3183.3133 24087213373.4403
3183.4245 24082349143.8279
3183.5357 95694039.4769
3183.6469 24086879241.9271
3183.7581 24088483936.3271
3183.8693 95975091.4082
3183.9805 24083483377.5502
3184.0917 24079496169.6471
3184.2029 96694600.1678
3184.3140 24067314460.5189
3184.4252 24095128976.2479
3184.5364 96208423.1120
3184.6476 24076042330.6602
3184.7588 24087252829.5793
3184.8700 96231880.0877
3184.9812 24083464756.4146
3185.0924 24089191259.6028
3185.2035 96357643.3818
3185.3147 24061541587.7516
3185.4259 24101948583.7938
3185.5371 96216383.9149
3185.6483 24087888758.1236
3185.7595 24095918975.5321
3185.8707 95893160.5324
3185.9819 24092589952.3421
3186.0930 24084018693.4156
3186.2042 96141157.6750
3186.3154 24094240247.9994
3186.4266 24085361779.8813
3186.5378 96094132.1709
3186.6490 24100437242.3079
3186.7602 24073828115.1697
3186.8714 96322621.1322
3186.9826 24095029761.0486
3187.0937 24076341345.4249
3187.2049 96078244.3076
3187.3161 24080524502.9785
3187.4273 24085784805.5317
3187.5385 95971874.7083
3187.6497 24094099212.8114
3187.7609 24110091550.6059
3187.8721 95563569.0031
3187.9832 24092013272.4987
3188.0944 24102143248.5130
3188.2056 95697949.3321
3188.3168 24101018009.8371
3188.4280 24080990058.1572
3188.5392 96188699.7511
3188.6504 24093130527.0768
3188.7616 24093463227.9422
3188.8727 96023200.3945
3188.9839 24102752382.0666
3189.0951 24095993008.1207
3189.2063 96214205.8174
3189.3175 24089976986.0656
3189.4287 24099885866.2073
3189.5399 96342308.5368
3189.6511 24078753079.0876
3189.7623 24114927762.0273
3189.8734 97210579.4686
3189.9846 24109543509.1402
3190.0958 24106542151.4980
3190.2070 96264400.6054
3190.3182 24112307982.1782
3190.4294 24088643244.4392
3190.5406 96484135.9885
3190.6518 24091771615.7130
3190.7629 24098550913.4787
3190.8741 96262733.6573
3190.9853 24096681649.7921
3191.0965 24099202164.6292
3191.2077 96449258.7383
3191.3189 24109107929.5490
3191.4301 24096238607.6408
3191.5413 96190242.3446
3191.6525 24119796591.1285
3191.7636 24100746170.5072
3191.8748 95759414.5024
3191.9860 24099917917.8371
3192.0972 24107784889.1677
3192.2084 96105782.0035
3192.3196 24095663762.8666
3192.4308 24111485761.9620
3192.5420 95740960.3045
3192.6531 24098674156.0239
3192.7643 24121059089.7442
3192.8755 95787626.9603
3192.9867 24098483594.8456
3193.0979 24114162521.1732
3193.2091 96533462.2351
3193.3203 24109821366.0455
3193.4315 24096910988.1505
3193.5426 96022010.6291
3193.6538 24085708662.6570
3193.7650 24115155986.0045
3193.8762 96833977.8906
3193.9874 24110563861.9923
3194.0986 24110294710.5633
3194.2098 96116806.9461
3194.3210 24109660738.1435
3194.4322 24105785276.6452
3194.5433 95610499.2091
3194.6545 24091931748.8599
3194.7657 24115652658.0192
3194.8769 95523160.3804
3194.9881 24110929493.1917
3195.0993 24105187449.0396
3195.2105 96589993.2481
3195.3217 24106695744.4425
3195.4328 24122927033.1520
3195.5440 96206323.5025
3195.6552 24127973876.5136
3195.7664 24130138168.4199
3195.8776 96270944.3852
3195.9888 24122807137.2770
3196.1000 24105354108.8818
3196.2112 96582934.3162
3196.3223 24116022416.0800
3196.4335 24101128926.7107
3196.5447 96281819.2044
3196.6559 24121947385.6404
3196.7671 24112115275.4151
3196.8783 96487907.7648
3196.9895 24122249136.6239
3197.1007 24102519925.6108
3197.2119 95950283.7743
3197.3230 24104768805.0721
3197.4342 24114467575.0638
3197.5454 95907068.7974
3197.6566 24100130443.1301
3197.7678 24121544239.9787
3197.8790 95507377.9528
3197.9902 24126397677.1669
3198.1014 24104565474.2697
3198.2125 96565503.3468
3198.3237 24110332097.3667
3198.4349 24128618520.3209
3198.5461 97002516.6753
3198.6573 24128940295.8329
3198.7685 24110407547.7492
3198.8797 95860613.7164
3198.9909 24123105073.3449
3199.1020 24109453780.0851
3199.2132 96561560.8294
3199.3244 24119591361.6812
3199.4356 24107501382.3045
3199.5468 96519275.0677
3199.6580 24116323672.4255
3199.7692 24128894376.6864
3199.8804 95886146.3013
3199.9916 24128251683.1493
3200.1027 24109103118.5282
3200.2139 95453397.4844
3200.3251 24110278553.7223
3200.4363 24113991493.4142
3200.5475 96263787.2881
3200.6587 24129161324.3330
3200.7699 24115193385.5207
3200.8811 96610316.1460
3200.9922 24112353027.2076
3201.1034 24128632517.8532
3201.2146 96129574.9390
3201.3258 24138024548.8975
3201.4370 24117086162.8455
3201.5482 95380837.7684
3201.6594 24110166312.4114
3201.7706 24127484835.7481
3201.8817 95819644.8923
3201.9929 24125621779.8308
3202.1041 24116018982.1493
3202.2153 95495010.2123
3202.3265 24113915600.9172
3202.4377 24125398095.9862
3202.5489 96319115.6597
3202.6601 24116242993.8651
3202.7713 24148699845.0482
3202.8824 95615045.9147
3202.9936 24121415888.5123
3203.1048 24119768554.3630
3203.2160 95335588.8493
3203.3272 24130469522.2459
3203.4384 24147042318.8342
3203.5496 96262525.1497
3203.6608 24143570720.2471
3203.7719 24126738043.9086
3203.8831 95638979.6787
3203.9943 24118608815.5937
3204.1055 24131460593.3061
3204.2167 95931872.1221
3204.3279 24115908322.4031
3204.4391 24122664505.1330
3204.5503 96337220.5151
3204.6614 24127447992.4251
3204.7726 24122018784.7619
3204.8838 95602273.5986
3204.9950 24118786003.1554
3205.1062 24136370683.7945
3205.2174 96546717.7511
3205.3286 24145872221.4875
3205.4398 24110127171.2115
3205.5510 96222876.4426
3205.6621 24132085946.3393
3205.7733 24126555993.9625
3205.8845 96067300.9296
3205.9957 24115025634.6546
3206.1069 24145501995.7552
3206.2181 95924169.7062
3206.3293 24134898623.4317
3206.4405 24137420508.0544
3206.5516 96388638.9103
3206.6628 24143950222.5579
3206.7740 24143452542.4421
3206.8852 96074188.4197
3206.9964 24140764905.4493
3207.1076 24128863423.1611
3207.2188 96718605.0737
3207.3300 24134896898.9850
3207.4412 24129425771.8785
3207.5523 96201284.4153
3207.6635 24148049817.2602
3207.7747 24128922962.1242
3207.8859 96944473.6031
3207.9971 24128368667.8762
3208.1083 24128592420.9327
3208.2195 95619737.7167
3208.3307 24130862530.0279
3208.4418 24157637667.2486
3208.5530 96977698.9570
3208.6642 24155653300.6794
3208.7754 24151357781.1732
3208.8866 96223754.6611
3208.9978 24133740600.1801
3209.1090 24153636360.8042
3209.2202 95665757.9899
3209.3313 24149203699.7052
3209.4425 24133936121.7510
3209.5537 95903387.4121
3209.6649 24145026477.6152
3209.7761 24138113764.9255
3209.8873 96514267.6705
3209.9985 24146517847.0489
3210.1097 24135654639.0869
3210.2209 96539795.2393
3210.3320 24137897615.4174
3210.4432 24134242885.6523
3210.5544 96087266.4416
3210.6656 24154769245.1171
3210.7768 24136806094.0763
3210.8880 96812561.8975
3210.9992 24127413979.2010
3211.1104 24147820432.3141
3211.2215 95916685.3685
3211.3327 24140440273.3800
3211.4439 24148073231.0373
3211.5551 96340992.9657
3211.6663 24140072024.1231
3211.7775 24151260181.6201
3211.8887 95783709.3453
3211.9999 24151948393.2415
3212.1110 24153952796.6348
3212.2222 95925916.1356
3212.3334 24141854833.0314
3212.4446 24150697075.6891
3212.5558 96002102.8672
3212.6670 24136286596.7000
3212.7782 24152006017.1459
3212.8894 96046241.9387
3213.0006 24154214782.1762
3213.1117 24152068535.6260
3213.2229 95869527.4021
3213.3341 24156000763.7553
3213.4453 24154907125.5959
3213.5565 96200347.4398
3213.6677 24156256421.4454
3213.7789 24156029713.4209
3213.8901 96884096.3691
3214.0012 24172301892.8848
3214.1124 24134645919.2606
3214.2236 95725041.8492
3214.3348 24148053785.0162
3214.4460 24162503947.3992
3214.5572 96032951.6207
3214.6684 24152411276.2910
3214.7796 24142948722.2121
3214.8907 96132080.9414
3215.0019 24143043189.0610
3215.1131 24165342936.8683
3215.2243 96432894.3690
3215.3355 24150358372.9656
3215.4467 24144703200.3931
3215.5579 96718025.0350
3215.6691 24152413848.7984
3215.7803 24162396020.7596
3215.8914 96248675.1103
3216.0026 24141708489.5198
3216.1138 24160672422.7030
3216.2250 96346579.3076
3216.3362 24166991190.4906
3216.4474 24174757476.6904
3216.5586 95840488.3738
3216.6698 24162741212.8112
3216.7809 24158341309.8740
3216.8921 97041569.6705
3217.0033 24145421453.5765
3217.1145 24167166142.3465
3217.2257 97364694.7616
3217.3369 24155452398.4758
3217.4481 24168532090.0660
3217.5593 96229228.3585
3217.6704 24165439815.8831
3217.7816 24167138059.8451
3217.8928 96325006.4966
3218.0040 24154965944.2933
3218.1152 24169753891.9590
3218.2264 96671940.3201
3218.3376 24163534460.6197
3218.4488 24166474068.2816
3218.5600 96027310.1793
3218.6711 24176180888.6285
3218.7823 24164442022.7113
3218.8935 96125314.1123
3219.0047 24180743279.3070
3219.1159 24166752451.7468
3219.2271 96424986.3242
3219.3383 24166805149.3315
3219.4495 24170293572.1643
3219.5606 96345056.0228
3219.6718 24173459277.3284
3219.7830 24157166813.9864
3219.8942 96832371.4796
3220.0054 24164590221.2360
3220.1166 24166054144.2631
3220.2278 96695567.9002
3220.3390 24167682641.4704
3220.4502 24169505005.9387
3220.5613 96303567.9068
3220.6725 24170526524.1699
3220.7837 24173602241.5474
3220.8949 96085427.7232
3221.0061 24183209461.1648
3221.1173 24163442764.4734
3221.2285 97218246.5908
3221.3397 24164332903.6373
3221.4508 24184948789.6935
3221.5620 96522024.8081
3221.6732 24180719613.4215
3221.7844 24173868795.6264
3221.8956 96414120.6935
3222.0068 24183636868.1327
3222.1180 24172355047.7423
3222.2292 96385481.2041
3222.3403 24189373282.4546
3222.4515 24156928236.5577
3222.5627 97375345.4676
3222.6739 24154095835.8941
3222.7851 24172354289.3760
3222.8963 96056763.8179
3223.0075 24173734930.3321
3223.1187 24189981201.1983
3223.2299 95745818.1922
3223.3410 24190191064.9962
3223.4522 24167048675.7288
3223.5634 96430879.6327
3223.6746 24179403334.9026
3223.7858 24173210589.6687
3223.8970 96196420.2027
3224.0082 24168274931.4020
3224.1194 24175695936.8231
3224.2305 95915185.6736
3224.3417 24175001478.1609
3224.4529 24179670251.9877
3224.5641 96323065.6483
3224.6753 24182059334.4031
3224.7865 24186739937.0607
3224.8977 95465066.5030
3225.0089 24167122578.7174
3225.1200 24172546083.2233
3225.2312 96502942.0422
3225.3424 24171577252.1851
3225.4536 24174784899.3329
3225.5648 97096844.9268
3225.6760 24184188285.9416
3225.7872 24183655783.4919
3225.8984 95869475.4824
3226.0096 24173981960.2937
3226.1207 24180150514.6702
3226.2319 96263378.7640
3226.3431 24178025892.4233
3226.4543 24189365452.5118
3226.5655 95819500.9295
3226.6767 24167101264.0542
3226.7879 24200540079.5378
3226.8991 96985165.8591
3227.0102 24173755067.8995
3227.1214 24190197350.4349
3227.2326 96527687.2746
3227.3438 24187275233.4918
3227.4550 24187709825.9621
3227.5662 95795151.2360
3227.6774 24185138514.2076
3227.7886 24179078779.9504
3227.8997 96335150.9070
3228.0109 24184788415.3134
3228.1221 24180878955.6518
3228.2333 97535546.5335
3228.3445 24185626885.6933
3228.4557 24196233454.6107
3228.5669 96420320.7416
3228.6781 24184802909.0423
3228.7893 24196451015.4820
3228.9004 96158089.0765
3229.0116 24211121277.3276
3229.1228 24176755431.8637
3229.2340 96392686.7977
3229.3452 24188902137.2100
3229.4564 24193440058.0976
3229.5676 96771012.3311
3229.6788 24180223634.2882
3229.7899 24199682600.8246
3229.9011 96465496.5668
3230.0123 24197063011.5833
3230.1235 24190031956.7834
3230.2347 96841168.0518
3230.3459 24196673009.5212
3230.4571 24182145293.3329
3230.5683 96578841.7657
3230.6794 24197441016.9948
3230.7906 24178060263.1345
3230.9018 95745394.7149
3231.0130 24187309497.0454
3231.1242 24210304737.0743
3231.2354 96284883.8368
3231.3466 24207921533.3862
3231.4578 24195915644.2661
3231.5690 95655333.3484
3231.6801 24200661463.1778
3231.7913 24196975358.7534
3231.9025 96829876.3556
3232.0137 24196361637.3640
3232.1249 24200729228.0215
3232.2361 96527845.4211
3232.3473 24188384254.5392
3232.4585 24198399217.8766
3232.5696 96528275.0985
3232.6808 24202240442.0164
3232.7920 24210648983.2106
3232.9032 96726397.2714
3233.0144 24206141674.7578
3233.1256 24190913166.1663
3233.2368 96141105.3138
3233.3480 24193645026.4001
3233.4592 24215207732.5224
3233.5703 96252320.8611
3233.6815 24203608507.6645
3233.7927 24206847661.0275
3233.9039 96973675.7863
3234.0151 24185756884.6755
3234.1263 24214518295.8863
3234.2375 96137945.2980
3234.3487 24204928401.9475
3234.4598 24216443001.7695
3234.5710 96675001.6271
3234.6822 24194408859.7211
3234.7934 24197271720.3979
3234.9046 96889014.3692
3235.0158 24224861079.5374
3235.1270 24189994007.7708
3235.2382 96840659.8243
3235.3493 24202987096.2481
3235.4605 24204374947.4691
3235.5717 96999583.2407
3235.6829 24211234879.1920
3235.7941 24204780729.0565
3235.9053 96875360.9507
3236.0165 24207892837.9879
3236.1277 24216763689.6329
3236.2389 96073276.5561
3236.3500 24203259439.0882
3236.4612 24210741173.6369
3236.5724 96518596.3895
3236.6836 24218135380.3067
3236.7948 24212808633.5293
3236.9060 96701551.5676
3237.0172 24213979786.1573
3237.1284 24212991357.9971
3237.2395 96543615.0849
3237.3507 24203671595.2350
3237.4619 24227278336.1212
3237.5731 96954038.4224
3237.6843 24214409634.5859
3237.7955 24223371366.5618
3237.9067 96917165.1664
3238.0179 24222377331.8699
3238.1290 24210508017.6329
3238.2402 96454301.9264
3238.3514 24226902880.1047
3238.4626 24200338986.3162
3238.5738 96144123.5110
3238.6850 24219792623.4539
3238.7962 24205596773.6688
3238.9074 96992605.6040
3239.0186 24206877015.7037
3239.1297 24224191132.0853
3239.2409 96175947.6692
3239.3521 24224885666.8540
3239.4633 24219074705.0428
3239.5745 97893983.3472
3239.6857 24230632303.5860
3239.7969 24217186776.6516
3239.9081 96376550.0717
3240.0192 24206794763.6492
3240.1304 24209369441.6732
3240.2416 97300949.1608
3240.3528 24215888171.2820
3240.4640 24225219400.4745
3240.5752 96639021.8528
3240.6864 24221892542.2913
3240.7976 24220450596.2975
3240.9087 96616625.4883
3241.0199 24213243004.5329
3241.1311 24217969681.7442
3241.2423 95559506.2583
3241.3535 24217479281.5197
3241.4647 24222525494.5791
3241.5759 96967359.9919
3241.6871 24214684227.6826
3241.7983 24227032400.2657
3241.9094 96559350.8270
3242.0206 24226466161.9129
3242.1318 24212101133.9444
3242.2430 96537058.9393
3242.3542 24220027082.7994
3242.4654 24231511585.8883
3242.5766 96470533.6325
3242.6878 24210049396.1673
3242.7989 24220232779.4369
3242.9101 96294979.1589
3243.0213 24212142000.3172
3243.1325 24222252644.3061
3243.2437 96352348.5251
3243.3549 24219830204.2542
3243.4661 24249086281.9649
3243.5773 95777398.0532
3243.6884 24232943874.0724
3243.7996 24216479941.1547
3243.9108 96952132.4476
3244.0220 24225780536.4065
3244.1332 24228365246.1590
3244.2444 96302187.0484
3244.3556 24236901034.0438
3244.4668 24231278189.8225
3244.5780 96496822.6345
3244.6891 24241133363.2026
3244.8003 24243383086.5432
3244.9115 96549142.4270
3245.0227 24248955398.3791
3245.1339 24217628986.0347
3245.2451 96414219.8079
3245.3563 24230217764.6244
3245.4675 24235057289.1491
3245.5786 96413779.8615
3245.6898 24234237405.0938
3245.8010 24239947370.4254
3245.9122 96586298.1455
3246.0234 24229005083.4249
3246.1346 24240470650.3561
3246.2458 97257191.0580
3246.3570 24252938858.1168
3246.4681 24229208840.6075
3246.5793 96498967.2515
3246.6905 24234824028.7214
3246.8017 24228458351.5601
3246.9129 96496729.7701
3247.0241 24234457984.0117
3247.1353 24236415031.0149
3247.2465 96494958.9776
3247.3577 24244935983.0385
3247.4688 24221685092.2755
3247.5800 96003480.3494
3247.6912 24234046997.4963
3247.8024 24226429326.2730
3247.9136 97281765.8736
3248.0248 24236826735.3738
3248.1360 24243681631.8086
3248.2472 96644943.8873
3248.3583 24244181535.0588
3248.4695 24226297741.8856
3248.5807 96782037.3841
3248.6919 24241145043.7170
3248.8031 24232916485.1112
3248.9143 96188598.1546
3249.0255 24225181065.1732
3249.1367 24247186217.8474
3249.2479 96513714.3948
3249.3590 24244909099.8036
3249.4702 24231288251.3751
3249.5814 96821166.9964
3249.6926 24240115378.4300
3249.8038 24246577043.6494
3249.9150 96547194.9433
3250.0262 24238091637.7368
3250.1374 24253240607.6321
3250.2485 97380331.4208
3250.3597 24233197939.5145
3250.4709 24249088504.5137
3250.5821 95959849.6455
3250.6933 24245427020.6062
3250.8045 24250232184.4586
3250.9157 96325032.6381
3251.0269 24253725168.6298
3251.1380 24229607079.0982
3251.2492 96817795.3428
3251.3604 24242916636.1478
3251.4716 24248793415.1474
3251.5828 96893460.1866
3251.6940 24227591437.5549
3251.8052 24257654996.5904
3251.9164 96613559.6767
3252.0276 24251631664.9304
3252.1387 24250182420.5862
3252.2499 96037074.9859
3252.3611 24247910582.9004
3252.4723 24258952789.1500
3252.5835 97339948.8583
3252.6947 24248424841.1113
3252.8059 24242395655.2209
3252.9171 96436269.1194
3253.0282 24251443326.8322
3253.1394 24262733480.4924
3253.2506 97088151.9666
3253.3618 24260725951.9780
3253.4730 24244864803.9404
3253.5842 96850371.8191
3253.6954 24248381619.0258
3253.8066 24255449431.3493
3253.9177 97432214.1420
3254.0289 24254185542.8400
3254.1401 24250028536.2828
3254.2513 95778569.1353
3254.3625 24232133584.7077
3254.4737 24271403882.8506
3254.5849 96518354.1982
3254.6961 24252931904.8648
3254.8073 24274977045.0492
3254.9184 96503508.0216
3255.0296 24266211966.2209
3255.1408 24240670499.3635
3255.2520 97158303.1562
3255.3632 24268411873.0249
3255.4744 24241912735.7749
3255.5856 96201015.6168
3255.6968 24259692652.3824
3255.8079 24251262267.5888
3255.9191 96652710.9803
3256.0303 24269889936.0346
3256.1415 24252310521.9978
3256.2527 96770831.7381
3256.3639 24264029997.5708
3256.4751 24263448113.0874
3256.5863 97030455.4653
3256.6974 24270233699.3530
3256.8086 24261250269.8226
3256.9198 96159229.5210
3257.0310 24261813354.7217
3257.1422 24248733167.6788
3257.2534 97023707.1001
3257.3646 24260100016.8907
3257.4758 24259227586.9475
3257.5870 96529465.4205
3257.6981 24267814188.3982
3257.8093 24260702544.9068
3257.9205 96409327.1977
3258.0317 24267764744.8902
3258.1429 24258425418.3806
3258.2541 96577297.3682
3258.3653 24265559090.4244
3258.4765 24266999344.0936
3258.5876 96833497.0311
3258.6988 24263472710.5262
3258.8100 24254078223.6748
3258.9212 96727763.0509
3259.0324 24266341048.6327
3259.1436 24274661192.4328
3259.2548 96359273.0623
3259.3660 24249443474.4539
3259.4771 24255982229.4583
3259.5883 96648779.8492
3259.6995 24274189458.2351
3259.8107 24265871076.8501
3259.9219 96806668.6508
3260.0331 24250784018.5920
3260.1443 24282541694.3538
3260.2555 97201207.2169
3260.3667 24266206502.2235
3260.4778 24271682205.3569
3260.5890 97160972.2969
3260.7002 24287230350.4730
3260.8114 24249428080.9752
3260.9226 96350933.1743
3261.0338 24273348626.6158
3261.1450 24265592829.8518
3261.2562 96767741.0751
3261.3673 24263177296.7614
3261.4785 24274539975.7670
3261.5897 96507429.2441
3261.7009 24275013958.9742
3261.8121 24267744786.5723
3261.9233 96480092.7358
3262.0345 24275012372.1934
3262.1457 24277000459.2488
3262.2569 96425612.8953
3262.3680 24275769025.3410
3262.4792 24273638863.2200
3262.5904 96604306.1229
3262.7016 24276445478.6082
3262.8128 24267464318.7837
3262.9240 96599854.3870
3263.0352 24281189113.2181
3263.1464 24278628351.1844
3263.2575 96798408.1956
3263.3687 24278412462.9914
3263.4799 24286631783.3105
3263.5911 97364925.2880
3263.7023 24271989925.5420
3263.8135 24279654485.9040
3263.9247 96086528.5247
3264.0359 24259928238.7352
3264.1470 24287484682.5839
3264.2582 96564097.2030
3264.3694 24283950752.9466
3264.4806 24273020619.5279
3264.5918 97126451.4836
3264.7030 24282159475.8880
3264.8142 24285237108.8161
3264.9254 96904319.4782
3265.0366 24285829821.5272
3265.1477 24281336371.3110
3265.2589 97019934.8681
3265.3701 24262739688.5715
3265.4813 24293086080.6009
3265.5925 96393394.7404
3265.7037 24273703563.5584
3265.8149 24304770290.1815
3265.9261 96799634.6019
3266.0372 24300518157.6949
3266.1484 24285134800.8175
3266.2596 96867363.7155
3266.3708 24285128212.4681
3266.4820 24291173119.7775
3266.5932 96508271.0891
3266.7044 24287546876.2375
3266.8156 24298117622.9568
3266.9267 97156158.7510
3267.0379 24294788758.2927
3267.1491 24276533854.8649
3267.2603 96448754.4794
3267.3715 24307928155.2805
3267.4827 24286867942.4939
3267.5939 96438232.5290
3267.7051 24290721208.8960
3267.8163 24284760564.6061
3267.9274 95923403.7903
3268.0386 24290958971.2277
3268.1498 24289183766.4285
3268.2610 97612096.8737
3268.3722 24284310117.1732
3268.4834 24311171053.7553
3268.5946 97596549.1368
3268.7058 24294756500.0816
3268.8169 24301755882.6280
3268.9281 96787282.0485
3269.0393 24302987070.2419
3269.1505 24287860821.8707
3269.2617 97159391.6184
3269.3729 24284640703.2518
3269.4841 24278596285.6849
3269.5953 96356280.7616
3269.7064 24275203991.9760
3269.8176 24303248267.8528
3269.9288 96030443.8576
3270.0400 24279792460.3420
3270.1512 24298334577.7484
3270.2624 97173022.3391
3270.3736 24290069973.7282
3270.4848 24299787598.3254
3270.5960 96347855.9874
3270.7071 24305211630.3906
3270.8183 24302847863.6945
3270.9295 97239581.8149
3271.0407 24309835681.5455
3271.1519 24298374607.5321
3271.2631 96546830.8557
3271.3743 24287467783.7476
3271.4855 24288008954.0472
3271.5966 97057537.7245
3271.7078 24302553577.4585
3271.8190 24296297934.2329
3271.9302 97436269.6075
3272.0414 24282754966.3997
3272.1526 24310374639.2655
3272.2638 96680130.9878
3272.3750 24280622131.1718
3272.4861 24323232829.3274
3272.5973 97027994.0900
3272.7085 24313820693.3774
3272.8197 24318184618.8510
3272.9309 97244258.8000
3273.0421 24315639150.8953
3273.1533 24277458490.7201
3273.2645 97491173.0102
3273.3757 24290657544.2126
3273.4868 24314106115.0459
3273.5980 96632803.9426
3273.7092 24302736800.0965
3273.8204 24296005481.2628
3273.9316 96250693.9303
3274.0428 24304208316.4151
3274.1540 24309144200.9772
3274.2652 97259937.5483
3274.3763 24302063066.2270
3274.4875 24320044886.4525
3274.5987 97413018.6200
3274.7099 24313436630.5139
3274.8211 24307277854.4118
3274.9323 96849675.9184
3275.0435 24318457920.8540
3275.1547 24293711992.4812
3275.2659 96749610.8078
3275.3770 24306091769.4735
3275.4882 24290093401.6067
3275.5994 96897364.4988
3275.7106 24306312058.0051
3275.8218 24310171236.6723
3275.9330 96629382.5208
3276.0442 24295107951.6467
3276.1554 24309347057.0850
3276.2665 96900974.2159
3276.3777 24317097862.9499
3276.4889 24311980796.3422
3276.6001 97222912.6355
3276.7113 24313724498.5987
3276.8225 24298353692.0916
3276.9337 96573427.6831
3277.0449 24306283663.9229
3277.1560 24314388080.7150
3277.2672 96659082.4293
3277.3784 24304514568.4630
3277.4896 24327658455.0396
3277.6008 96549822.4324
3277.7120 24317628685.2536
3277.8232 24317504820.4067
3277.9344 96657089.4622
3278.0456 24324928256.3764
3278.1567 24311678632.2532
3278.2679 97052686.2882
3278.3791 24314411273.3186
3278.4903 24316585066.7242
3278.6015 96682750.9458
3278.7127 24319680651.3907
3278.8239 24324100402.1788
3278.9351 96609764.8975
3279.0462 24328794863.4563
3279.1574 24318712061.7542
3279.2686 97126895.0602
3279.3798 24329438515.7811
3279.4910 24310053861.7905
3279.6022 97283301.5196
3279.7134 24307736471.9485
3279.8246 24327857373.9500
3279.9357 96410125.8666
3280.0469 24326519225.6612
3280.1581 24325746344.0109
3280.2693 97334410.5931
3280.3805 24316598859.5326
3280.4917 24322960357.8184
3280.6029 96503443.8963
3280.7141 24317434032.0050
3280.8253 24330183392.9254
3280.9364 96997341.2961
3281.0476 24318542443.8047
3281.1588 24332134803.8825
3281.2700 97220389.0755
3281.3812 24318552656.2042
3281.4924 24331386458.4429
3281.6036 97348621.7821
3281.7148 24333974708.6922
3281.8259 24319193002.3470
3281.9371 97024065.2330
3282.0483 24336093147.9078
3282.1595 24321005395.7281
3282.2707 97223679.4294
3282.3819 24328274009.4832
3282.4931 24341292458.3173
3282.6043 97465769.1051
3282.7154 24335535097.2009
3282.8266 24335705546.5935
3282.9378 96308045.0541
3283.0490 24335262249.2664
3283.1602 24327851836.3436
3283.2714 97273815.0466
3283.3826 24338745564.5988
3283.4938 24321434746.9882
3283.6050 96971299.9323
3283.7161 24332259706.0507
3283.8273 24336824099.6804
3283.9385 97074134.2099
3284.0497 24348536423.8319
3284.1609 24324763286.6310
3284.2721 96559950.6311
3284.3833 24322856614.0759
3284.4945 24339208064.9137
3284.6056 97021775.0188
3284.7168 24334975343.0052
3284.8280 24346544229.2718
3284.9392 97215185.6009
3285.0504 24350978622.5765
3285.1616 24319503373.7780
3285.2728 97046857.0242
3285.3840 24344654847.8100
3285.4951 24316732045.1079
3285.6063 97269817.3202
3285.7175 24339871495.8090
3285.8287 24335468758.5587
3285.9399 97091291.2408
3286.0511 24346967198.3861
3286.1623 24339306066.4470
3286.2735 97504783.2632
3286.3847 24332074633.2296
3286.4958 24342868844.1327
3286.6070 97081853.4619
3286.7182 24347612853.9503
3286.8294 24331010581.9684
3286.9406 97174666.0619
3287.0518 24323870591.8663
3287.1630 24343943949.5947
3287.2742 96617870.3069
3287.3853 24337393438.3489
3287.4965 24335929162.4788
3287.6077 97243136.9954
3287.7189 24343195516.2688
3287.8301 24339259281.9881
3287.9413 97016459.6921
3288.0525 24357642774.0520
3288.1637 24342323246.8474
3288.2748 97283193.1506
3288.3860 24330828540.9471
3288.4972 24349110381.1533
3288.6084 97002839.1572
3288.7196 24347639396.8867
3288.8308 24341889115.8125
3288.9420 97029203.6217
3289.0532 24334793918.4503
3289.1644 24361093169.0942
3289.2755 97146755.3486
3289.3867 24364646706.9281
3289.4979 24344748019.5945
3289.6091 96763276.4201
3289.7203 24340971237.6577
3289.8315 24338430613.9782
3289.9427 97087990.0105
3290.0539 24343047882.1202
3290.1650 24345266569.2305
3290.2762 97599389.5117
3290.3874 24344745957.3093
3290.4986 24343400058.8356
3290.6098 96356835.2281
3290.7210 24352799760.7714
3290.8322 24356546944.8664
3290.9434 97307427.1864
3291.0546 24350156686.5767
3291.1657 24355681867.1813
3291.2769 96602004.8781
3291.3881 24342732391.9870
3291.4993 24349274453.2797
3291.6105 97023057.7474
3291.7217 24352484880.8583
3291.8329 24355346090.9235
3291.9441 97058559.2899
3292.0552 24349463640.0937
3292.1664 24362200941.9864
3292.2776 97239878.1054
3292.3888 24360722184.7397
3292.5000 24343249261.7810
3292.6112 97253884.4505
3292.7224 24342014307.5745
3292.8336 24366847820.6937
3292.9447 97409856.9713
3293.0559 24349476483.2098
3293.1671 24364847998.6584
3293.2783 97185304.3040
3293.3895 24346747910.1356
3293.5007 24382125713.0293
3293.6119 97213255.3902
3293.7231 24357213077.6934
3293.8343 24347578800.2687
3293.9454 96613141.6243
3294.0566 24352844501.9038
3294.1678 24362327789.4116
3294.2790 97048722.6750
3294.3902 24362690305.7188
3294.5014 24359871265.3177
3294.6126 96759808.8656
3294.7238 24348121721.0002
3294.8349 24356143913.2063
3294.9461 97277268.7308
3295.0573 24362007005.0493
3295.1685 24362329023.2305
3295.2797 97387623.4570
3295.3909 24373810889.7367
3295.5021 24380867866.3460
3295.6133 96592022.6379
3295.7244 24368541962.8475
3295.8356 24373793692.5722
3295.9468 97730687.6027
3296.0580 24375651031.2202
3296.1692 24359663094.8187
3296.2804 97581678.3565
3296.3916 24373351455.5117
3296.5028 24362456109.0192
3296.6140 97223339.5234
3296.7251 24362599649.7149
3296.8363 24368608455.8050
3296.9475 97265419.7386
3297.0587 24375153035.9926
3297.1699 24353869192.5849
3297.2811 97496029.0300
3297.3923 24367992839.5582
3297.5035 24357816362.0937
3297.6146 97001948.1752
3297.7258 24373599018.4328
3297.8370 24352277542.5744
3297.9482 96888181.5271
3298.0594 24374408638.5782
3298.1706 24368962229.1296
3298.2818 97226906.6664
3298.3930 24369576811.1211
3298.5041 24369124512.7268
3298.6153 97331226.3685
3298.7265 24355231259.3751
3298.8377 24387539997.9710
3298.9489 97361098.8206
3299.0601 24377335896.3739
3299.1713 24361173793.6674
3299.2825 96965905.9812
3299.3937 24372424404.7619
3299.5048 24356840587.1156
3299.6160 96726993.0173
3299.7272 24353939917.6436
3299.8384 24394374683.4301
3299.9496 97198618.6046
3300.0608 24365373325.5140
3300.1720 24379001061.2727
3300.2832 97058323.6446
3300.3943 24366008690.4186
3300.5055 24388295622.0761
3300.6167 97870271.1658
3300.7279 24370796501.3790
3300.8391 24375826730.7315
3300.9503 97158675.8411
3301.0615 24375928030.6626
3301.1727 24391388856.9589
3301.2838 97638777.2033
3301.3950 24380659079.8350
3301.5062 24386582562.1851
3301.6174 97486651.7863
3301.7286 24372433847.9816
3301.8398 24379554344.8938
3301.9510 96503458.5059
3302.0622 24385466431.7953
3302.1734 24376399008.4043
3302.2845 97664264.0022
3302.3957 24387267351.1360
3302.5069 24384873284.5824
3302.6181 97243578.6120
3302.7293 24373999216.1220
3302.8405 24390697949.2119
3302.9517 97506856.3509
3303.0629 24366779865.0403
3303.1740 24399310799.3294
3303.2852 97500076.8681
3303.3964 24385770894.2935
3303.5076 24383991057.8781
3303.6188 97273481.1868
3303.7300 24374314267.8627
3303.8412 24390251522.8859
3303.9524 97635483.0220
3304.0636 24388618710.1489
3304.1747 24411886279.3398
3304.2859 96636361.4352
3304.3971 24397580378.5763
3304.5083 24379562116.2030
3304.6195 97631441.4789
3304.7307 24407610096.1973
3304.8419 24392188152.4987
3304.9531 97241871.1423
3305.0642 24396536546.1269
3305.1754 24388460547.0409
3305.2866 96873558.2037
3305.3978 24375233683.5338
3305.5090 24398558766.7339
3305.6202 96669693.4621
3305.7314 24404724143.7729
3305.8426 24393774398.6724
3305.9537 96977236.1232
3306.0649 24399528129.6509
3306.1761 24399849688.8309
3306.2873 97067734.1840
3306.3985 24407117482.7565
3306.5097 24393691054.4574
3306.6209 97487495.4987
3306.7321 24413820388.2769
3306.8433 24381797445.8996
3306.9544 97577874.7961
3307.0656 24396601437.8801
3307.1768 24386080444.4971
3307.2880 96568446.4430
3307.3992 24391640814.2222
3307.5104 24377477030.3017
3307.6216 96762345.1927
3307.7328 24407761263.2297
3307.8439 24394725614.6120
3307.9551 96881584.6131
3308.0663 24403267766.6973
3308.1775 24391486721.0266
3308.2887 97967064.6616
3308.3999 24392162874.3680
3308.5111 24407457280.0628
3308.6223 96910563.3919
3308.7334 24390653461.0528
3308.8446 24406467355.4700
3308.9558 96821918.5501
3309.0670 24390815638.6481
3309.1782 24413644594.4148
3309.2894 97132212.8123
3309.4006 24399918638.5150
3309.5118 24396918791.7696
3309.6230 97365889.0965
3309.7341 24401363950.0025
3309.8453 24392853942.0631
3309.9565 97494799.5089
3310.0677 24382138193.4434
3310.1789 24426002544.3207
3310.2901 97310330.8204
3310.4013 24398814505.4937
3310.5125 24392878425.1955
3310.6236 97553400.3610
3310.7348 24394989376.2344
3310.8460 24415652855.7153
3310.9572 96535049.5052
3311.0684 24425111948.7059
3311.1796 24407876359.2019
3311.2908 97297346.0622
3311.4020 24398787260.7016
3311.5131 24416143215.2272
3311.6243 97731202.8885
3311.7355 24422850222.4100
3311.8467 24404893389.1146
3311.9579 96773213.7876
3312.0691 24431195707.0153
3312.1803 24395367861.8394
3312.2915 97824161.1917
3312.4027 24409679215.4428
3312.5138 24404079167.5796
3312.6250 97288672.9678
3312.7362 24415317556.9476
3312.8474 24390207774.0873
3312.9586 96835031.3970
3313.0698 24408440001.3996
3313.1810 24422666976.2550
3313.2922 96653101.2992
3313.4033 24415651411.9310
3313.5145 24412907636.5807
3313.6257 96966810.7096
3313.7369 24413954597.3497
3313.8481 24416682400.9723
3313.9593 96880359.6880
3314.0705 24427106221.8399
3314.1817 24428266299.0012
3314.2928 97521718.5240
3314.4040 24417993971.4421
3314.5152 24419000454.3942
3314.6264 97222444.1730
3314.7376 24420370351.2270
3314.8488 24428104895.0735
3314.9600 97078385.7727
3315.0712 24432148326.8063
3315.1824 24409871078.6368
3315.2935 98054186.0677
3315.4047 24423099049.0389
3315.5159 24427859306.1009
3315.6271 97751275.4032
3315.7383 24422230388.9621
3315.8495 24412661757.1521
3315.9607 97392206.3050
3316.0719 24408117810.3240
3316.1830 24421194041.9982
3316.2942 97010922.8722
3316.4054 24418964040.8272
3316.5166 24419717808.7295
3316.6278 96657401.4135
3316.7390 24427371677.5737
3316.8502 24431193378.1206
3316.9614 97681991.0989
3317.0726 24432495704.3499
3317.1837 24424069366.8051
3317.2949 97788650.6611
3317.4061 24431239598.1811
3317.5173 24415313697.0125
3317.6285 96570624.8733
3317.7397 24424177310.8090
3317.8509 24436746836.8846
3317.9621 97487726.0975
3318.0732 24411803425.4400
3318.1844 24436480285.2080
3318.2956 97362600.7641
3318.4068 24416758431.2829
3318.5180 24439757703.8640
3318.6292 97592401.1111
3318.7404 24435998330.6360
3318.8516 24443216614.1233
3318.9627 98363966.8934
3319.0739 24428935801.2126
3319.1851 24436164057.0980
3319.2963 97478535.4326
3319.4075 24422383423.3369
3319.5187 24425673885.0611
3319.6299 97078559.2842
3319.7411 24434569543.2620
3319.8523 24439162105.3439
3319.9634 97169141.2765
3320.0746 24434360067.5615
3320.1858 24441292556.1607
3320.2970 97105649.9130
3320.4082 24451458660.8230
3320.5194 24432389154.0962
3320.6306 96860910.8982
3320.7418 24438286114.9067
3320.8529 24432990781.1616
3320.9641 97740276.2885
3321.0753 24446537931.2061
3321.1865 24422276515.9486
3321.2977 97102684.5648
3321.4089 24455055159.7063
3321.5201 24426748937.2608
3321.6313 97222724.6131
3321.7424 24434824738.1455
3321.8536 24439052135.5140
3321.9648 97191065.5723
3322.0760 24435826075.5705
3322.1872 24440477547.7150
3322.2984 98283327.3651
3322.4096 24447002301.2803
3322.5208 24442239299.7531
3322.6320 97540195.5630
3322.7431 24438737876.7861
3322.8543 24437481330.2958
3322.9655 96986327.5811
3323.0767 24443643953.4866
3323.1879 24444010214.4488
3323.2991 98169430.8635
3323.4103 24436297950.1385
3323.5215 24448329522.7710
3323.6326 97054161.3261
3323.7438 24448212196.4290
3323.8550 24441602973.1173
3323.9662 97655091.1803
3324.0774 24437756331.8477
3324.1886 24446913358.3340
3324.2998 98231484.6466
3324.4110 24456374147.2810
3324.5221 24434480279.5747
3324.6333 97745413.1735
3324.7445 24428310225.5147
3324.8557 24441712184.4982
3324.9669 97496966.2292
3325.0781 24449330501.9937
3325.1893 24461123118.1464
3325.3005 97319278.7779
3325.4117 24444051571.4646
3325.5228 24454587925.0228
3325.6340 97956486.2111
3325.7452 24425309650.5880
3325.8564 24455898022.8900
3325.9676 97557847.3336
3326.0788 24441072988.9674
3326.1900 24461702129.5875
3326.3012 97703393.8364
3326.4123 24454594573.1196
3326.5235 24471640266.9503
3326.6347 96789894.6708
3326.7459 24455834222.2597
3326.8571 24456225182.7593
3326.9683 97276133.6716
3327.0795 24456043991.2261
3327.1907 24452828380.2910
3327.3018 97949666.3289
3327.4130 24463310629.6179
3327.5242 24447705322.9428
3327.6354 97095206.6459
3327.7466 24450333674.9453
3327.8578 24457423230.9546
3327.9690 97713006.8953
3328.0802 24453088843.9712
3328.1914 24448385305.2193
3328.3025 97507015.3154
3328.4137 24458641914.9789
3328.5249 24451432090.6595
3328.6361 97065002.4631
3328.7473 24443420884.2241
3328.8585 24455645213.8387
3328.9697 98068937.6214
3329.0809 24462325737.8926
3329.1920 24453271651.0297
3329.3032 97450598.6343
3329.4144 24468985949.0522
3329.5256 24456594254.7174
3329.6368 97178272.8547
3329.7480 24461804968.9357
3329.8592 24451830972.5290
3329.9704 97090509.3044
3330.0815 24457891061.6951
3330.1927 24474877992.5682
3330.3039 96779005.5973
3330.4151 24461378090.1207
3330.5263 24470285953.5663
3330.6375 97493046.6597
3330.7487 24471872828.6850
3330.8599 24455539163.8041
3330.9711 98291817.1170
3331.0822 24463730118.4354
3331.1934 24458025143.0490
3331.3046 98099408.4731
3331.4158 24461596333.4586
3331.5270 24477496038.5940
3331.6382 97699808.9581
3331.7494 24452167021.2684
3331.8606 24472889556.5062
3331.9717 97560123.6861
3332.0829 24480665967.9506
3332.1941 24464992767.6166
3332.3053 97936139.8153
3332.4165 24490222652.4305
3332.5277 24450454684.0003
3332.6389 97858150.6590
3332.7501 24457938084.5111
3332.8613 24470193224.8924
3332.9724 97642329.4136
3333.0836 24475306320.0142
3333.1948 24459363754.0524
3333.3060 97451471.3958
3333.4172 24478994871.7885
3333.5284 24460559002.0472
3333.6396 97270116.3199
3333.7508 24453107746.2349
3333.8619 24486685899.6256
3333.9731 98051586.5548
3334.0843 24470797502.6833
3334.1955 24478228068.0097
3334.3067 97077943.9320
3334.4179 24481818445.8631
3334.5291 24476555579.7589
3334.6403 97435968.5802
3334.7514 24476567794.1492
3334.8626 24477098895.4936
3334.9738 97267040.3853
3335.0850 24468372322.1319
3335.1962 24480314408.1718
3335.3074 98120530.3265
3335.4186 24475918609.1769
3335.5298 24477349332.2072
3335.6410 97817932.5975
3335.7521 24472767336.2234
3335.8633 24488671850.5146
3335.9745 97524317.7958
3336.0857 24464238663.3654
3336.1969 24483851503.6006
3336.3081 97985133.9883
3336.4193 24472622356.6223
3336.5305 24475528564.8976
3336.6416 96882870.3228
3336.7528 24472796049.6207
3336.8640 24487431328.6567
3336.9752 98238508.9178
3337.0864 24468964595.5593
3337.1976 24480148216.0404
3337.3088 97653270.0760
3337.4200 24490305972.8388
3337.5311 24489894846.0228
3337.6423 97862990.6839
3337.7535 24492793310.3820
3337.8647 24478808577.5545
3337.9759 96824073.2216
3338.0871 24483621030.9482
3338.1983 24482794252.0277
3338.3095 96781777.8613
3338.4207 24482101130.8304
3338.5318 24501749869.0418
3338.6430 97487139.0195
3338.7542 24497021462.9131
3338.8654 24491663337.3437
3338.9766 97400009.9243
3339.0878 24501414218.6425
3339.1990 24491492074.2808
3339.3102 96633407.8683
3339.4213 24469701624.8562
3339.5325 24487560156.9422
3339.6437 97710044.9264
3339.7549 24474873634.0412
3339.8661 24493780561.3985
3339.9773 97002603.7993
3340.0885 24508177210.5624
3340.1997 24509929086.7708
3340.3108 96552957.4458
3340.4220 24491776298.2374
3340.5332 24499492304.4866
3340.6444 97745927.2782
3340.7556 24491238119.1321
3340.8668 24497968972.3826
3340.9780 97376322.3302
3341.0892 24493879541.1524
3341.2004 24499068707.4814
3341.3115 97343725.5783
3341.4227 24509372078.9047
3341.5339 24505381212.6966
3341.6451 97911205.9786
3341.7563 24500242279.8789
3341.8675 24475573260.4426
3341.9787 97568746.5149
3342.0899 24485675337.9429
3342.2010 24496513124.5320
3342.3122 96613283.4186
3342.4234 24496969651.7269
3342.5346 24491827354.8525
3342.6458 97641273.1763
3342.7570 24502191522.4767
3342.8682 24495220913.9706
3342.9794 97410566.1619
3343.0905 24486364665.2154
3343.2017 24517533869.5778
3343.3129 97615947.9460
3343.4241 24503243842.7832
3343.5353 24486525386.5767
3343.6465 98012864.8818
3343.7577 24491798260.4445
3343.8689 24496482560.3512
3343.9801 97912292.5174
3344.0912 24503372058.2053
3344.2024 24501285490.6712
3344.3136 97920980.4102
3344.4248 24512431102.9627
3344.5360 24501051663.2152
3344.6472 97730047.0557
3344.7584 24488627936.8216
3344.8696 24508966888.4823
3344.9807 97451076.0579
3345.0919 24499811983.3799
3345.2031 24511850210.0539
3345.3143 97676694.7569
3345.4255 24506931869.3211
3345.5367 24506910896.4078
3345.6479 97287692.5087
3345.7591 24498699577.4556
3345.8703 24532198419.3729
3345.9814 96991033.3989
3346.0926 24508455039.4792
3346.2038 24510678211.1834
3346.3150 98652522.0200
3346.4262 24509124928.1275
3346.5374 24511806369.9372
3346.6486 97281375.1001
3346.7598 24514742659.6968
3346.8709 24515731522.4150
3346.9821 97467683.7567
3347.0933 24505407348.9421
3347.2045 24521094911.6588
3347.3157 97957092.8249
3347.4269 24490421314.9761
3347.5381 24520630608.8202
3347.6493 98041257.2345
3347.7604 24507669861.8560
3347.8716 24523471102.0664
3347.9828 97488247.8241
3348.0940 24513557634.1035
3348.2052 24509600442.1565
3348.3164 97718105.9142
3348.4276 24523939819.8719
3348.5388 24522418126.4127
3348.6500 98070858.2122
3348.7611 24521551494.2703
3348.8723 24521140294.8829
3348.9835 97662438.4079
3349.0947 24529138179.3276
3349.2059 24510212961.7561
3349.3171 97554726.8813
3349.4283 24515754437.5709
3349.5395 24517220115.4491
3349.6506 98731660.0558
3349.7618 24521339919.0086
3349.8730 24513528596.1536
3349.9842 97838405.6200
3350.0954 24514596367.3242
3350.2066 24540521726.5504
3350.3178 97763942.7569
3350.4290 24543014327.4896
3350.5401 24516491044.8001
3350.6513 97580060.7135
3350.7625 24537265181.4426
3350.8737 24511682317.3608
3350.9849 97949710.7327
3351.0961 24507326455.5854
3351.2073 24503412701.1426
3351.3185 97459795.4454
3351.4297 24534970908.5698
3351.5408 24509801472.9879
3351.6520 97319374.7308
3351.7632 24535302522.9335
3351.8744 24519061583.5785
3351.9856 97887746.8140
3352.0968 24523752933.2913
3352.2080 24527034837.8845
3352.3192 97388573.8299
3352.4303 24540816841.3214
3352.5415 24525799339.1321
3352.6527 97467587.7290
3352.7639 24518590344.1924
3352.8751 24526854545.2276
3352.9863 97939771.2332
3353.0975 24533431377.3640
3353.2087 24527026987.7870
3353.3198 97445279.2927
3353.4310 24537114665.3867
3353.5422 24513168779.3291
3353.6534 97984684.8332
3353.7646 24536257210.3501
3353.8758 24533047729.7372
3353.9870 98051451.5820
3354.0982 24531658074.0501
3354.2094 24544129715.3931
3354.3205 97761153.9512
3354.4317 24547275759.5364
3354.5429 24510103671.4694
3354.6541 97327176.4134
3354.7653 24536725338.0423
3354.8765 24513744410.1252
3354.9877 97811332.0906
3355.0989 24522548530.8644
3355.2100 24537129482.7051
3355.3212 97428906.0364
3355.4324 24531014845.2688
3355.5436 24546681539.5536
3355.6548 98943765.8207
3355.7660 24524851407.8883
3355.8772 24546548192.1744
3355.9884 98353023.2032
3356.0995 24548921721.3543
3356.2107 24539072430.8358
3356.3219 97718734.2381
3356.4331 24545711384.0650
3356.5443 24535334306.0015
3356.6555 97388496.2162
3356.7667 24549106343.4437
3356.8779 24534897411.7314
3356.9891 96935299.6931
3357.1002 24538908998.3607
3357.2114 24554313115.2712
3357.3226 97537045.4948
3357.4338 24543840304.8024
3357.5450 24538937839.8088
3357.6562 97366568.5068
3357.7674 24559090793.8901
3357.8786 24556906248.6983
3357.9897 98289996.8196
3358.1009 24554154539.1600
3358.2121 24543361558.5084
3358.3233 97836445.3978
3358.4345 24542387001.8144
3358.5457 24548546669.6275
3358.6569 97780183.7291
3358.7681 24547552607.4296
3358.8792 24554463764.2120
3358.9904 98221915.3987
3359.1016 24546628323.8405
3359.2128 24549831329.7503
3359.3240 97072412.7973
3359.4352 24559401675.5535
3359.5464 24557601233.7053
3359.6576 98633131.8890
3359.7688 24556419784.4143
3359.8799 24539677090.6203
3359.9911 97227430.2489
3360.1023 24551562518.7515
3360.2135 24551100404.5230
3360.3247 98469788.4255
3360.4359 24555821617.8240
3360.5471 24537008742.0413
3360.6583 97869207.0711
3360.7694 24528501982.3698
3360.8806 24568011464.0901
3360.9918 98304567.8876
3361.1030 24530058310.2646
3361.2142 24556273767.6068
3361.3254 98607976.4558
3361.4366 24565238582.8734
3361.5478 24552627911.7286
3361.6590 98135424.0987
3361.7701 24567068772.5012
3361.8813 24544556533.9474
3361.9925 97822449.5105
3362.1037 24564363550.6864
3362.2149 24561018316.6997
3362.3261 98224643.2590
3362.4373 24546116224.4327
3362.5485 24574720393.5947
3362.6596 97962362.3274
3362.7708 24567274837.9756
3362.8820 24563029690.2156
3362.9932 98146613.2632
3363.1044 24564398825.9889
3363.2156 24573708974.5508
3363.3268 97773827.4327
3363.4380 24564110493.1408
3363.5491 24576844979.0080
3363.6603 98073944.0785
3363.7715 24582416350.1053
3363.8827 24550294712.8253
3363.9939 98343023.1270
3364.1051 24554149884.0784
3364.2163 24576566103.0550
3364.3275 97773599.4067
3364.4387 24572803711.2035
3364.5498 24573710038.6195
3364.6610 98445856.8020
3364.7722 24555471078.0095
3364.8834 24581053023.1347
3364.9946 98443052.5785
3365.1058 24562309935.9968
3365.2170 24569782305.0874
3365.3282 98102423.9321
3365.4393 24573025042.8924
3365.5505 24556007818.7476
3365.6617 98312338.7885
3365.7729 24567728285.0842
3365.8841 24574561318.2167
3365.9953 97933470.8582
3366.1065 24570322740.3060
3366.2177 24559331719.2743
3366.3288 97833607.1799
3366.4400 24564316362.1303
3366.5512 24572518050.0748
3366.6624 97509405.2473
3366.7736 24571439549.4823
3366.8848 24567397295.0281
3366.9960 98514621.7824
3367.1072 24563144653.9561
3367.2184 24577429380.7263
3367.3295 97561679.6316
3367.4407 24578815027.0332
3367.5519 24570822113.5833
3367.6631 98527686.4602
3367.7743 24580243017.5419
3367.8855 24580460912.5675
3367.9967 97528903.7516
3368.1079 24563927166.4252
3368.2190 24593799476.5735
3368.3302 97800518.2147
3368.4414 24588987751.3378
3368.5526 24583810869.0970
3368.6638 97917202.7992
3368.7750 24576212447.3583
3368.8862 24595747561.6461
3368.9974 98158334.9151
3369.1085 24594454447.7201
3369.2197 24575867661.8970
3369.3309 97646538.8593
3369.4421 24583606312.8904
3369.5533 24570878876.8433
3369.6645 98395118.4260
3369.7757 24573576166.1442
3369.8869 24576995972.0123
3369.9981 98719149.0014
3370.1092 24572583451.2471
3370.2204 24596788148.2211
3370.3316 98072757.0368
3370.4428 24577027316.0741
3370.5540 24582916261.3506
3370.6652 98318679.3655
3370.7764 24587504554.1832
3370.8876 24591549042.2356
3370.9987 98495459.6774
3371.1099 24582296170.2874
3371.2211 24592427030.8123
3371.3323 97600763.3255
3371.4435 24586900256.1701
3371.5547 24607868445.1669
3371.6659 98300479.6145
3371.7771 24590923277.8400
3371.8882 24598288802.0028
3371.9994 97329625.4525
3372.1106 24578822328.5811
3372.2218 24597192028.8739
3372.3330 98404513.9069
3372.4442 24579292861.7688
3372.5554 24601255348.1530
3372.6666 97876571.3991
3372.7778 24604056484.0526
3372.8889 24577721567.7632
3373.0001 98333226.2964
3373.1113 24581741089.1802
3373.2225 24590304247.0000
3373.3337 97813056.2306
3373.4449 24590372746.0521
3373.5561 24591692984.0409
3373.6673 99272391.7770
3373.7784 24586639115.2883
3373.8896 24603557574.4358
3374.0008 98025161.2869
3374.1120 24596032805.2537
3374.2232 24586127085.0390
3374.3344 98372669.0904
3374.4456 24585774042.9420
3374.5568 24596099166.2856
3374.6680 97730517.7357
3374.7791 24584108193.5950
3374.8903 24612975675.2763
3375.0015 98477328.7313
3375.1127 24587095602.5947
3375.2239 24592731802.2969
3375.3351 97900054.9776
3375.4463 24609766196.2902
3375.5575 24595716752.8967
3375.6686 97990570.9993
3375.7798 24583648763.0686
3375.8910 24595570373.7808
3376.0022 97999434.9852
3376.1134 24592356219.6214
3376.2246 24607683734.4454
3376.3358 98685794.9095
3376.4470 24615674733.7830
3376.5581 24603380656.4506
3376.6693 99350811.8231
3376.7805 24608479320.3296
3376.8917 24608761392.4703
3377.0029 97801977.5056
3377.1141 24602692768.0867
3377.2253 24592698656.2598
3377.3365 98131717.9606
3377.4477 24580556358.6576
3377.5588 24609660914.0573
3377.6700 98525922.6697
3377.7812 24611299402.4478
3377.8924 24615618943.6201
3378.0036 98072588.1690
3378.1148 24607528537.1752
3378.2260 24606644797.0648
3378.3372 98869246.2997
3378.4483 24601262710.1300
3378.5595 24610431942.9448
3378.6707 97191728.2461
3378.7819 24609790519.3442
3378.8931 24595704649.3917
3379.0043 97850021.5296
3379.1155 24596209390.8686
3379.2267 24624265377.8094
3379.3378 98555598.1492
3379.4490 24603666841.5971
3379.5602 24624538607.9279
3379.6714 98333824.5780
3379.7826 24629265524.2671
3379.8938 24629518929.8017
3380.0050 98273661.3101
3380.1162 24615486548.2767
3380.2274 24627096044.9812
3380.3385 98238855.2840
3380.4497 24600705408.0802
3380.5609 24625759429.8927
3380.6721 97916577.4859
3380.7833 24630097473.2639
3380.8945 24614822297.1653
3381.0057 98221033.8644
3381.1169 24621796485.8648
3381.2280 24637055624.0208
3381.3392 98200738.6629
3381.4504 24635275268.2052
3381.5616 24620481587.9523
3381.6728 98584860.2487
3381.7840 24635243440.3759
3381.8952 24622724803.3092
3382.0064 98317938.9866
3382.1175 24612332684.5606
3382.2287 24635683064.2762
3382.3399 98238870.6920
3382.4511 24629764329.2485
3382.5623 24629335313.6001
3382.6735 98440922.6646
3382.7847 24630012003.4384
3382.8959 24624843246.1569
3383.0071 98167058.8667
3383.1182 24637595427.7421
3383.2294 24612887932.1252
3383.3406 98706743.5594
3383.4518 24615829575.5330
3383.5630 24629957973.6138
3383.6742 98345520.5197
3383.7854 24635682351.6599
3383.8966 24622517331.0559
3384.0077 98021660.3490
3384.1189 24633107504.1114
3384.2301 24631250945.7412
3384.3413 97414629.2979
3384.4525 24637502103.7842
3384.5637 24622067822.6192
3384.6749 98752736.9151
3384.7861 24622550368.7469
3384.8972 24633209170.8274
3385.0084 98298853.2051
3385.1196 24648714112.5509
3385.2308 24624510640.1517
3385.3420 97975872.3245
3385.4532 24632557459.4257
3385.5644 24627445116.7709
3385.6756 97763135.7925
3385.7868 24630951462.5573
3385.8979 24639739247.3197
3386.0091 97999792.6062
3386.1203 24628562331.5099
3386.2315 24626382228.8423
3386.3427 98027049.2277
3386.4539 24640204851.6987
3386.5651 24631701855.6995
3386.6763 98381482.0921
3386.7874 24627551983.5065
3386.8986 24634852926.9424
3387.0098 98299539.7057
3387.1210 24614494918.4596
3387.2322 24628743502.6348
3387.3434 97958943.0373
3387.4546 24618471906.7297
3387.5658 24654369349.8141
3387.6770 98220609.3713
3387.7881 24645617583.8990
3387.8993 24632262632.6647
3388.0105 98197719.5899
3388.1217 24634633365.4775
3388.2329 24647266486.0029
3388.3441 98719513.3046
3388.4553 24641410414.5775
3388.5665 24644563273.4565
3388.6776 98473940.7115
3388.7888 24655346961.4808
3388.9000 24633264869.3330
3389.0112 98827633.4113
3389.1224 24652879454.7178
3389.2336 24632555225.4365
3389.3448 97828457.4697
3389.4560 24639242888.9735
3389.5671 24643924748.2655
3389.6783 97668351.0867
3389.7895 24656261729.2159
3389.9007 24640622581.8595
3390.0119 98186307.3784
3390.1231 24641231626.8609
3390.2343 24650714546.3023
3390.3455 98161798.5093
3390.4567 24642666892.1883
3390.5678 24659344570.1741
3390.6790 98161861.3941
3390.7902 24650487904.5125
3390.9014 24647423399.9983
3391.0126 98023474.4798
3391.1238 24658359919.2650
3391.2350 24645809127.2805
3391.3462 98761758.7478
3391.4573 24651272850.7731
3391.5685 24649683371.8039
3391.6797 98357381.9634
3391.7909 24647405543.3664
3391.9021 24653977248.6792
3392.0133 98225205.1383
3392.1245 24648869609.8122
3392.2357 24647243545.5816
3392.3468 98519967.9134
3392.4580 24648315154.8439
3392.5692 24645007404.5003
3392.6804 97855381.9117
3392.7916 24631498151.6958
3392.9028 24658105163.1351
3393.0140 98337112.3686
3393.1252 24665903676.1445
3393.2364 24654579221.4591
3393.3475 97647738.5646
3393.4587 24665795857.4580
3393.5699 24655863574.5370
3393.6811 98399423.7292
3393.7923 24661807502.0310
3393.9035 24643002335.9994
3394.0147 97960292.3190
3394.1259 24661953085.5713
3394.2370 24655491522.3009
3394.3482 98934737.3093
3394.4594 24658239660.0196
3394.5706 24637538175.3935
3394.6818 98961330.3903
3394.7930 24650395248.8432
3394.9042 24668326868.1378
3395.0154 98378528.9327
3395.1265 24664410192.7356
3395.2377 24667009395.4833
3395.3489 98581700.8844
3395.4601 24657033520.7510
3395.5713 24664610732.2944
3395.6825 98538347.6072
3395.7937 24671695169.8067
3395.9049 24667508560.7947
3396.0161 98461658.6903
3396.1272 24659996500.0034
3396.2384 24665123743.8898
3396.3496 98498361.6083
3396.4608 24662112757.8288
3396.5720 24669067039.9938
3396.6832 98310872.4003
3396.7944 24674766458.1842
3396.9056 24672358973.7923
3397.0167 98364809.5664
3397.1279 24656247719.4743
3397.2391 24683008266.3102
3397.3503 98538533.7297
3397.4615 24661090791.3462
3397.5727 24652903796.8044
3397.6839 98527305.1976
3397.7951 24673381061.3011
3397.9062 24671701293.6589
3398.0174 98522307.5413
3398.1286 24669487493.3966
3398.2398 24673809103.4005
3398.3510 97821483.6233
3398.4622 24663895626.4587
3398.5734 24679855685.0425
3398.6846 98334050.6294
3398.7958 24669269221.8966
3398.9069 24685965300.6353
3399.0181 98225068.8062
3399.1293 24697871497.6093
3399.2405 24675815380.4642
3399.3517 98215956.8434
3399.4629 24682538479.5185
3399.5741 24672999065.8799
3399.6853 98302555.2852
3399.7964 24668956377.4915
3399.9076 24674547149.7915
3400.0188 98636965.5707
3400.1300 24689696721.6815
3400.2412 24683704900.7884
3400.3524 97992265.7018
3400.4636 24672949980.7350
3400.5748 24679243727.2947
3400.6859 98661080.7892
3400.7971 24672253543.3532
3400.9083 24673282754.5998
3401.0195 98679768.4892
3401.1307 24670032921.4787
3401.2419 24682312800.5210
3401.3531 98118623.3942
3401.4643 24702180555.8201
3401.5755 24665255282.9579
3401.6866 98997165.2076
3401.7978 24676468774.8591
3401.9090 24709691321.0762
3402.0202 98039969.5486
3402.1314 24692695068.3887
3402.2426 24684390603.7401
3402.3538 97189218.8570
3402.4650 24686770335.6753
3402.5761 24672765424.7306
3402.6873 97954864.2021
3402.7985 24682556644.1213
3402.9097 24681555171.5587
3403.0209 98638291.9976
3403.1321 24690141103.8928
3403.2433 24684344126.6555
3403.3545 99163629.9126
3403.4657 24694701942.0849
3403.5768 24688439308.3216
3403.6880 98525610.1485
3403.7992 24688241920.8680
3403.9104 24690818383.4006
3404.0216 98844052.7506
3404.1328 24705110510.9994
3404.2440 24685873802.6473
3404.3552 98531774.4204
3404.4663 24687505611.3109
3404.5775 24677267950.9379
3404.6887 98413874.2301
3404.7999 24687597745.1570
3404.9111 24687693444.3985
3405.0223 98641828.2116
3405.1335 24694254737.3215
3405.2447 24673824072.4154
3405.3558 98676001.7546
3405.4670 24684957668.5425
3405.5782 24709901084.5034
3405.6894 98815298.0882
3405.8006 24677459442.2074
3405.9118 24699065944.0882
3406.0230 98762222.5707
3406.1342 24704992759.4598
3406.2454 24713039581.0003
3406.3565 97884320.0458
3406.4677 24711897430.2282
3406.5789 24700342947.0436
3406.6901 98377624.7766
3406.8013 24685257470.7907
3406.9125 24701473983.2356
3407.0237 98605555.8706
3407.1349 24700708855.2311
3407.2460 24689098920.7947
3407.3572 99639648.8373
3407.4684 24712492071.9839
3407.5796 24684089915.6527
3407.6908 98032699.5940
3407.8020 24705723823.5134
3407.9132 24693040472.0550
3408.0244 97877936.3718
3408.1355 24696432308.7230
3408.2467 24702595385.1624
3408.3579 99352216.8631
3408.4691 24710048497.3059
3408.5803 24701303370.0323
3408.6915 98388218.5348
3408.8027 24712054207.8060
3408.9139 24702420451.0693
3409.0251 98609356.7081
3409.1362 24702707924.2358
3409.2474 24693367572.4634
3409.3586 98735775.6610
3409.4698 24696131317.5068
3409.5810 24719944209.4831
3409.6922 97800875.2675
3409.8034 24707762985.4774
3409.9146 24697346352.0167
3410.0257 98504870.8343
3410.1369 24702903278.1077
3410.2481 24712589945.5332
3410.3593 98553724.3424
3410.4705 24706209706.6403
3410.5817 24718440670.9618
3410.6929 98726125.5205
3410.8041 24721369324.0646
3410.9152 24697571690.6346
3411.0264 98782680.8405
3411.1376 24702149422.9030
3411.2488 24709554015.8980
3411.3600 98612450.9508
3411.4712 24719382141.0336
3411.5824 24731446454.5097
3411.6936 98447862.4347
3411.8048 24717892593.9587
3411.9159 24713331207.9712
3412.0271 98476472.4803
3412.1383 24701705000.8946
3412.2495 24723935543.4820
3412.3607 98225005.9727
3412.4719 24714738536.6073
3412.5831 24727927924.8536
3412.6943 98773390.1873
3412.8054 24721764858.8982
3412.9166 24716774311.0156
3413.0278 98741664.7585
3413.1390 24722010351.8329
3413.2502 24721663896.4505
3413.3614 98669606.8402
3413.4726 24713123273.2489
3413.5838 24727177562.6081
3413.6949 97933121.9564
3413.8061 24743333440.1027
3413.9173 24713171268.3472
3414.0285 97918551.6407
3414.1397 24729908589.0328
3414.2509 24721384060.9600
3414.3621 98478828.5681
3414.4733 24728902869.9673
3414.5845 24732337180.8886
3414.6956 98411787.8401
3414.8068 24734233020.7346
3414.9180 24715889109.2908
3415.0292 98407092.2889
3415.1404 24721507587.6183
3415.2516 24717916986.9760
3415.3628 98100761.3907
3415.4740 24739222594.4684
3415.5851 24726652287.4479
3415.6963 98854186.0881
3415.8075 24731047742.1129
3415.9187 24739713929.9194
3416.0299 98354757.1316
3416.1411 24719493849.3922
3416.2523 24730961666.8893
3416.3635 98856423.0313
3416.4747 24732043559.3380
3416.5858 24741085002.5182
3416.6970 99176141.4109
3416.8082 24720712545.7256
3416.9194 24740280329.3416
3417.0306 98439040.0522
3417.1418 24739984973.8034
3417.2530 24751202223.6503
3417.3642 98699099.6607
3417.4753 24744635205.2331
3417.5865 24718236292.2212
3417.6977 98245093.2931
3417.8089 24728356318.4358
3417.9201 24730213785.8981
3418.0313 99038063.1768
3418.1425 24750577214.7764
3418.2537 24751303818.0864
3418.3648 99400333.5701
3418.4760 24740203536.2049
3418.5872 24727088802.3389
3418.6984 98932155.3227
3418.8096 24741061291.2627
3418.9208 24733113655.6094
3419.0320 98618974.3746
3419.1432 24738982937.3878
3419.2544 24727506363.0457
3419.3655 98427979.2764
3419.4767 24734018484.3600
3419.5879 24750191759.7913
3419.6991 99160340.5345
3419.8103 24725594794.8276
3419.9215 24751571063.3307
3420.0327 98406507.6530
3420.1439 24750329833.5923
3420.2550 24739905676.2887
3420.3662 99240035.1728
3420.4774 24741350826.9156
3420.5886 24763048603.0171
3420.6998 98189912.4736
3420.8110 24753136055.6251
3420.9222 24747098737.9937
3421.0334 98053427.6189
3421.1445 24745021752.4759
3421.2557 24760338243.2899
3421.3669 98863401.0312
3421.4781 24759533211.7752
3421.5893 24754226922.3486
3421.7005 99135874.7292
3421.8117 24766998362.4126
3421.9229 24737501903.3248
3422.0341 98865036.2803
3422.1452 24738374397.6208
3422.2564 24756315232.3063
3422.3676 98403807.8970
3422.4788 24750043496.3584
3422.5900 24756770068.7724
3422.7012 98933176.7897
3422.8124 24765395414.6898
3422.9236 24747320708.2326
3423.0347 98597082.4449
3423.1459 24756664980.4930
3423.2571 24755402772.9350
3423.3683 98447458.1050
3423.4795 24753636850.3316
3423.5907 24758014657.6146
3423.7019 98289059.5195
3423.8131 24746678547.0067
3423.9242 24767739490.8906
3424.0354 97935700.5688
3424.1466 24753834969.1449
3424.2578 24764238390.6868
3424.3690 98270244.1585
3424.4802 24768796635.8106
3424.5914 24761207524.3711
3424.7026 98505464.8185
3424.8138 24761578422.6023
3424.9249 24761948019.8436
3425.0361 100074572.4820
3425.1473 24771869784.2049
3425.2585 24762229468.9708
3425.3697 98561731.0064
3425.4809 24768956466.6557
3425.5921 24751623788.5618
3425.7033 98970260.8090
3425.8144 24762038004.0263
3425.9256 24757642788.2288
3426.0368 99198415.3239
3426.1480 24775917282.5409
3426.2592 24745654928.0770
3426.3704 97696975.1941
3426.4816 24764832695.5281
3426.5928 24746787550.3867
3426.7039 98327876.2077
3426.8151 24756576584.6968
3426.9263 24774213749.3220
3427.0375 98465583.3120
3427.1487 24765726915.0507
3427.2599 24764353217.9393
3427.3711 98216547.6716
3427.4823 24770579549.8130
3427.5935 24765679867.9510
3427.7046 98446642.9245
3427.8158 24767722599.0311
3427.9270 24757631933.6587
3428.0382 98239402.3893
3428.1494 24775296638.3820
3428.2606 24781736432.8772
3428.3718 98656077.9641
3428.4830 24767309897.3152
3428.5941 24769523989.9502
3428.7053 98891236.6605
3428.8165 24772949388.5433
3428.9277 24774565564.4456
3429.0389 98805732.2972
3429.1501 24785884581.8780
3429.2613 24766163116.5849
3429.3725 98738024.5563
3429.4837 24772902263.6485
3429.5948 24763482856.0685
3429.7060 98816851.4255
3429.8172 24775209344.1813
3429.9284 24773481518.9643
3430.0396 98742054.8806
3430.1508 24778128638.8363
3430.2620 24790136956.2936
3430.3732 99263228.0196
3430.4843 24797526833.4909
3430.5955 24764314752.6811
3430.7067 99388924.5641
3430.8179 24784466522.9787
3430.9291 24771307656.1139
3431.0403 98870286.8231
3431.1515 24772210427.6452
3431.2627 24783760750.1498
3431.3738 98286730.9032
3431.4850 24787315132.7687
3431.5962 24775535703.8410
3431.7074 98024426.9945
3431.8186 24777404167.8838
3431.9298 24782525195.4408
3432.0410 98631808.5051
3432.1522 24787189291.4259
3432.2634 24780042798.3473
3432.3745 99271987.7492
3432.4857 24772315759.5542
3432.5969 24787869761.8972
3432.7081 99308024.5283
3432.8193 24774870083.2303
3432.9305 24795539225.9804
3433.0417 98750090.7245
3433.1529 24788957359.5725
3433.2640 24778419087.5277
3433.3752 99037227.7867
3433.4864 24798717686.5347
3433.5976 24796599910.3547
3433.7088 98862877.4371
3433.8200 24778610914.5035
3433.9312 24814182820.0238
3434.0424 98861521.9088
3434.1535 24813848437.0347
3434.2647 24784285202.3155
3434.3759 98554528.1515
3434.4871 24791551428.1177
3434.5983 24784973893.3157
3434.7095 98697848.9133
3434.8207 24786010422.8908
3434.9319 24801072487.2888
3435.0431 98470253.0595
3435.1542 24787093584.7617
3435.2654 24778652472.2546
3435.3766 98635214.1769
3435.4878 24787922259.3392
3435.5990 24787739777.5363
3435.7102 98357510.0132
3435.8214 24786504099.6019
3435.9326 24798037153.9715
3436.0437 98882644.1726
3436.1549 24790270094.3412
3436.2661 24793608882.1322
3436.3773 98723063.8184
3436.4885 24797147354.0187
3436.5997 24802790233.5023
3436.7109 98481593.4884
3436.8221 24801305202.1948
3436.9332 24804668949.5845
3437.0444 98719073.0316
3437.1556 24786174788.4886
3437.2668 24795710990.2910
3437.3780 99083136.0056
3437.4892 24795993596.7803
3437.6004 24790132820.7075
3437.7116 98571010.4312
3437.8228 24792365862.3508
3437.9339 24816741863.7713
3438.0451 98959809.9755
3438.1563 24813263826.0740
3438.2675 24800927195.4604
3438.3787 98495034.5496
3438.4899 24794717148.9198
3438.6011 24812089587.1437
3438.7123 98560003.4539
3438.8234 24815695779.7922
3438.9346 24805380092.0206
3439.0458 99234599.5404
3439.1570 24825037738.5664
3439.2682 24802856916.5403
3439.3794 99246249.0709
3439.4906 24790793999.9479
3439.6018 24797914337.6081
3439.7129 98481467.5888
3439.8241 24797356534.0384
3439.9353 24823333648.7465
3440.0465 98516637.9536
3440.1577 24815255888.6525
3440.2689 24794494502.5431
3440.3801 99237175.6352
3440.4913 24825966471.7128
3440.6025 24798832213.2720
3440.7136 99636576.8689
3440.8248 24814278114.0468
3440.9360 24814121067.1572
3441.0472 98826845.3738
3441.1584 24807803316.9758
3441.2696 24815895601.3437
3441.3808 98821035.7407
3441.4920 24810550286.0666
3441.6031 24817127217.4933
3441.7143 99548445.2289
3441.8255 24809229056.6516
3441.9367 24817343570.2065
3442.0479 99200866.7083
3442.1591 24821232731.2271
3442.2703 24825969196.1569
3442.3815 99137229.5786
3442.4926 24830708133.3717
3442.6038 24814837395.1511
3442.7150 98689194.6037
3442.8262 24833212067.5445
3442.9374 24821976369.0677
3443.0486 99112806.1337
3443.1598 24814861128.2332
3443.2710 24812162541.7258
3443.3822 98458173.5885
3443.4933 24808757987.2184
3443.6045 24834420918.3278
3443.7157 99213787.5819
3443.8269 24833827024.1547
3443.9381 24835521892.4609
3444.0493 98934621.1228
3444.1605 24838232158.6571
3444.2717 24819809092.8348
3444.3828 98962296.6446
3444.4940 24835575057.8669
3444.6052 24821048496.2902
3444.7164 99004874.2044
3444.8276 24827403575.7660
3444.9388 24826807943.8074
3445.0500 98881305.4314
3445.1612 24828744508.2629
3445.2724 24841115189.4240
3445.3835 98895737.8351
3445.4947 24848255132.9158
3445.6059 24806020339.5012
3445.7171 99339921.7303
3445.8283 24822293680.8169
3445.9395 24843093356.1958
3446.0507 98780530.4857
3446.1619 24830815143.9871
3446.2730 24817528439.7876
3446.3842 99112152.0088
3446.4954 24836122650.2765
3446.6066 24843222287.8092
3446.7178 98855858.4694
3446.8290 24831870784.6896
3446.9402 24828921316.0346
3447.0514 98190981.8724
3447.1625 24844870643.6967
3447.2737 24826706245.1365
3447.3849 98981155.7761
3447.4961 24828533708.2469
3447.6073 24852816062.3883
3447.7185 98739498.8715
3447.8297 24829598502.3634
3447.9409 24844908647.5555
3448.0521 99072797.3554
3448.1632 24849660728.6105
3448.2744 24832453716.2904
3448.3856 99030462.8853
3448.4968 24841759023.7179
3448.6080 24842141470.8716
3448.7192 99516735.1740
3448.8304 24854258372.7094
3448.9416 24838150261.7317
3449.0527 98871223.6502
3449.1639 24837332645.4834
3449.2751 24843530205.7170
3449.3863 98687366.4980
3449.4975 24834543259.2060
3449.6087 24844488577.5611
3449.7199 98425059.3108
3449.8311 24844492165.2427
3449.9422 24837208681.5951
3450.0534 99116540.0846
3450.1646 24830971229.8392
3450.2758 24848749609.1847
3450.3870 98804887.4747
3450.4982 24844781001.7107
3450.6094 24855972316.4336
3450.7206 99944686.7269
3450.8318 24843629112.0681
3450.9429 24847916384.9618
3451.0541 99035383.0549
3451.1653 24846800010.1364
3451.2765 24848936957.8292
3451.3877 99210404.8218
3451.4989 24850531070.0149
3451.6101 24838444112.3867
3451.7213 99029567.6886
3451.8324 24855990536.0636
3451.9436 24855802692.0923
3452.0548 99923271.3353
3452.1660 24853154957.3442
3452.2772 24853695647.8474
3452.3884 99255918.5419
3452.4996 24851438076.4688
3452.6108 24854751830.7540
3452.7219 99106079.0017
3452.8331 24869749764.6767
3452.9443 24844028693.9268
3453.0555 99176116.3349
3453.1667 24857204462.5951
3453.2779 24863895524.4768
3453.3891 99322331.7069
3453.5003 24860447708.5316
3453.6115 24847834302.4019
3453.7226 99089657.4135
3453.8338 24861095577.2080
3453.9450 24850139264.2885
3454.0562 98549110.4143
3454.1674 24865132274.8947
3454.2786 24852216963.0551
3454.3898 98354550.3149
3454.5010 24853391765.7844
3454.6121 24863747988.1074
3454.7233 99538090.5140
3454.8345 24863484235.8053
3454.9457 24867588073.7991
3455.0569 99381001.3488
3455.1681 24870595275.1924
3455.2793 24858644978.5378
3455.3905 98409467.1523
3455.5016 24871366088.3495
3455.6128 24878975511.5745
3455.7240 98993305.5339
3455.8352 24874340314.0381
3455.9464 24851332953.2147
3456.0576 98406903.6653
3456.1688 24848793038.4663
3456.2800 24873897620.5979
3456.3912 98885674.0181
3456.5023 24865497431.4578
3456.6135 24886908954.1644
3456.7247 99621090.6344
3456.8359 24865660739.4171
3456.9471 24873983668.8455
3457.0583 98932053.5703
3457.1695 24871819426.4691
3457.2807 24870869431.4173
3457.3918 98924654.4884
3457.5030 24864430895.9165
3457.6142 24874010696.7982
3457.7254 100009341.3205
3457.8366 24878053656.1344
3457.9478 24872580373.9750
3458.0590 99757629.2668
3458.1702 24863902725.9149
3458.2814 24870015954.0510
3458.3925 98661277.1530
3458.5037 24883354043.7826
3458.6149 24872879421.6949
3458.7261 98796028.4897
3458.8373 24867838737.2806
3458.9485 24887596185.6705
3459.0597 99718920.6183
3459.1709 24865564509.4954
3459.2820 24867597138.4619
3459.3932 99474892.7222
3459.5044 24870346268.0962
3459.6156 24877967369.0843
3459.7268 99769955.6085
3459.8380 24874149191.4858
3459.9492 24884235164.2908
3460.0604 98945644.6617
3460.1715 24874871453.7026
3460.2827 24889165098.3482
3460.3939 99607022.5398
3460.5051 24886098808.6243
3460.6163 24865908280.5787
3460.7275 98711252.6177
3460.8387 24882666385.0922
3460.9499 24888015814.1920
3461.0611 99000023.2236
3461.1722 24891678130.2287
3461.2834 24878715062.5911
3461.3946 99635383.1861
3461.5058 24863675283.7610
3461.6170 24898265080.8822
3461.7282 99477426.3595
3461.8394 24895613547.5035
3461.9506 24894498849.8040
3462.0617 99495551.4037
3462.1729 24899886628.8699
3462.2841 24882259807.1682
3462.3953 98680042.7636
3462.5065 24885351430.6232
3462.6177 24884157510.8325
3462.7289 98829973.2816
3462.8401 24888548001.5826
3462.9512 24916058493.9048
3463.0624 98872182.7778
3463.1736 24905811767.5635
3463.2848 24887578754.6432
3463.3960 99837806.2325
3463.5072 24900596506.5381
3463.6184 24900188109.4655
3463.7296 99871006.4835
3463.8408 24893396631.6242
3463.9519 24897295781.3083
3464.0631 99415956.5227
3464.1743 24910487883.0214
3464.2855 24883955034.6102
3464.3967 99941305.2932
3464.5079 24890441713.7142
3464.6191 24892803917.1833
3464.7303 98855822.7296
3464.8414 24896619512.6553
3464.9526 24887868201.4243
3465.0638 99293824.3616
3465.1750 24883840370.0548
3465.2862 24899507146.7729
3465.3974 98855184.1302
3465.5086 24910085503.5054
3465.6198 24896365527.0789
3465.7309 98827872.6566
3465.8421 24908960546.1143
3465.9533 24905925203.1861
3466.0645 99156142.5279
3466.1757 24902067977.9044
3466.2869 24895159610.4946
3466.3981 99771950.7928
3466.5093 24912073895.4574
3466.6205 24901576552.9935
3466.7316 99559541.0501
3466.8428 24896423901.4921
3466.9540 24898965989.2350
3467.0652 99509638.1791
3467.1764 24903878895.4623
3467.2876 24919319060.4628
3467.3988 99564429.2702
3467.5100 24922009645.6238
3467.6211 24887091455.0102
3467.7323 99803425.0794
3467.8435 24907457283.9394
3467.9547 24922561120.1450
3468.0659 99700265.9610
3468.1771 24920008209.8870
3468.2883 24916426579.8617
3468.3995 99691077.8046
3468.5106 24904684130.9674
3468.6218 24912694456.5146
3468.7330 99343268.2749
3468.8442 24917926114.0863
3468.9554 24902660545.0366
3469.0666 98871962.7408
3469.1778 24915216915.7445
3469.2890 24908197543.0721
3469.4002 99810819.3835
3469.5113 24910127286.6552
3469.6225 24915002639.5563
3469.7337 99058712.1523
3469.8449 24926298327.6852
3469.9561 24907525906.6702
3470.0673 99354924.4200
3470.1785 24923492914.2321
3470.2897 24904834095.3692
3470.4008 99743366.5874
3470.5120 24916635260.3603
3470.6232 24921674614.9823
3470.7344 99263607.6002
3470.8456 24926276650.0706
3470.9568 24905391589.2754
3471.0680 99217090.4117
3471.1792 24908545114.1539
3471.2903 24925760753.3614
3471.4015 98997414.5741
3471.5127 24921016787.9584
3471.6239 24918923221.8510
3471.7351 99099292.7616
3471.8463 24927021304.1711
3471.9575 24912427896.5110
3472.0687 99992940.7145
3472.1799 24919666350.3995
3472.2910 24934306844.4314
3472.4022 99045873.8377
3472.5134 24925967834.6654
3472.6246 24938646736.3826
3472.7358 99325391.0879
3472.8470 24923194839.3060
3472.9582 24919234404.9492
3473.0694 99555982.6990
3473.1805 24930101225.5413
3473.2917 24917710593.1122
3473.4029 99305845.7684
3473.5141 24909125991.3429
3473.6253 24926871730.6827
3473.7365 100180227.3138
3473.8477 24945585894.7976
3473.9589 24918691844.3461
3474.0701 99271307.4997
3474.1812 24932776776.2911
3474.2924 24917094955.4809
3474.4036 99488909.8133
3474.5148 24918532399.9772
3474.6260 24934285820.0560
3474.7372 99315975.7863
3474.8484 24930481118.8191
3474.9596 24938641080.0283
3475.0707 98994578.5594
3475.1819 24915544190.7530
3475.2931 24944190411.6994
3475.4043 98984031.1255
3475.5155 24926963187.8889
3475.6267 24948435464.0423
3475.7379 99214819.8281
3475.8491 24929644160.3643
3475.9602 24953904290.8342
3476.0714 99101174.8544
3476.1826 24946263213.4727
3476.2938 24929689943.2786
3476.4050 99309311.4297
3476.5162 24954805838.9290
3476.6274 24934935783.1994
3476.7386 99894422.0027
3476.8498 24945158996.6872
3476.9609 24944291334.3336
3477.0721 98997548.0153
3477.1833 24918472511.8385
3477.2945 24946488992.5854
3477.4057 99456815.2360
3477.5169 24953119843.0641
3477.6281 24940250583.8387
3477.7393 99336467.0430
3477.8504 24931774926.2650
3477.9616 24968900026.7200
3478.0728 99369373.6463
3478.1840 24974175892.3048
3478.2952 24933919709.2060
3478.4064 99231892.9598
3478.5176 24947046417.5342
3478.6288 24945048775.6637
3478.7399 99037640.8171
3478.8511 24945110810.3995
3478.9623 24942444421.4633
3479.0735 99524832.2240
3479.1847 24944022847.4053
3479.2959 24966322341.2452
3479.4071 99373550.1636
3479.5183 24952645261.9660
3479.6295 24936050007.6214
3479.7406 99840876.6412
3479.8518 24940045097.8783
3479.9630 24962046090.2972
3480.0742 99839733.8290
3480.1854 24974873695.6984
3480.2966 24939517381.1990
3480.4078 99721769.4859
3480.5190 24933046480.7638
3480.6301 24956909797.1836
3480.7413 99265769.9892
3480.8525 24963985004.3834
3480.9637 24939241070.0752
3481.0749 99621199.5117
3481.1861 24954029610.3949
3481.2973 24943792916.9950
3481.4085 98671399.5749
3481.5196 24954920570.0660
3481.6308 24965801927.1562
3481.7420 99262830.6544
3481.8532 24965322362.8663
3481.9644 24948563090.2777
3482.0756 99457669.3910
3482.1868 24960539678.0199
3482.2980 24947934974.8825
3482.4092 99516379.8367
3482.5203 24951870214.2887
3482.6315 24966475257.8274
3482.7427 100084445.4610
3482.8539 24969019525.0848
3482.9651 24953753343.1164
3483.0763 99766816.0904
3483.1875 24966646163.8245
3483.2987 24967181515.1295
3483.4098 99496390.1888
3483.5210 24958841213.4977
3483.6322 24968130865.7100
3483.7434 99235316.5201
3483.8546 24969852480.0268
3483.9658 24951095032.1041
3484.0770 100396252.2495
3484.1882 24979732680.7926
3484.2993 24958865918.4086
3484.4105 99598425.7253
3484.5217 24950594470.3264
3484.6329 24970046259.0093
3484.7441 99287956.6832
3484.8553 24963689547.5410
3484.9665 24963452103.0443
3485.0777 99386797.3798
3485.1889 24950447106.7279
3485.3000 24977630408.6563
3485.4112 99085139.7978
3485.5224 24967609447.6974
3485.6336 24987975459.9272
3485.7448 99334047.4296
3485.8560 24980691654.5341
3485.9672 24972572387.3823
3486.0784 99429472.9904
3486.1895 24965145236.9115
3486.3007 24979798849.3490
3486.4119 100261985.7756
3486.5231 24982738314.9970
3486.6343 24984939350.6156
3486.7455 98930477.3229
3486.8567 24981315468.5140
3486.9679 24972158492.6813
3487.0791 99170351.9487
3487.1902 24970581231.6997
3487.3014 24981039753.4221
3487.4126 99355408.7489
3487.5238 24985134635.3442
3487.6350 24974975306.0514
3487.7462 100198871.8348
3487.8574 24975160574.9958
3487.9686 24978803035.2806
3488.0797 99220596.9300
3488.1909 24984257858.5019
3488.3021 24966029500.7894
3488.4133 99561969.4332
3488.5245 24991305645.7059
3488.6357 24978181580.6810
3488.7469 99175795.9447
3488.8581 24971910931.8128
3488.9692 24995094523.9661
3489.0804 99320579.3814
3489.1916 24967734336.2465
3489.3028 24996925786.8811
3489.4140 100212555.0261
3489.5252 24996832682.0647
3489.6364 24990856452.8731
3489.7476 99751712.4185
3489.8588 24991644038.3653
3489.9699 24984894786.1390
3490.0811 99741676.3720
3490.1923 24982780934.5191
3490.3035 24993227329.7814
3490.4147 99978628.2092
3490.5259 24993117531.8156
3490.6371 24989917362.6428
3490.7483 99944839.2009
3490.8594 24991401608.4263
3490.9706 24989563262.6249
3491.0818 99851631.4238
3491.1930 24992551134.6844
3491.3042 25002630447.4248
3491.4154 99118837.0594
3491.5266 24976271897.8624
3491.6378 25004476746.8137
3491.7489 99624733.7823
3491.8601 24996175041.2470
3491.9713 25001656175.9982
3492.0825 100341595.4257
3492.1937 24993240843.3131
3492.3049 24986651061.7850
3492.4161 99423668.4176
3492.5273 25000992758.4053
3492.6385 25003336488.4013
3492.7496 99939169.8880
3492.8608 24986816368.4711
3492.9720 25003313963.0926
3493.0832 99460430.4328
3493.1944 25002528422.7658
3493.3056 24990322529.5381
3493.4168 99696835.7957
3493.5280 25014039052.2343
3493.6391 25000173079.6428
3493.7503 99744554.8317
3493.8615 24998492588.5484
3493.9727 24997924734.0476
3494.0839 99707940.4049
3494.1951 24991516968.0566
3494.3063 25013646683.0961
3494.4175 100107940.5805
3494.5286 25013653919.6476
3494.6398 25017972252.3362
3494.7510 99246653.3629
3494.8622 24999826780.7490
3494.9734 25015511861.6402
3495.0846 99658245.6203
3495.1958 25003599021.5651
3495.3070 25013688062.0927
3495.4182 99790446.8248
3495.5293 25021379290.4289
3495.6405 24988513028.2898
3495.7517 99469957.4687
3495.8629 25003064851.7073
3495.9741 25010485695.0882
3496.0853 99707062.4163
3496.1965 25012312717.7225
3496.3077 25025537048.1168
3496.4188 99403893.5570
3496.5300 25013929580.3636
3496.6412 25012103010.8780
3496.7524 100197745.4746
3496.8636 25020454015.9747
3496.9748 25021094805.1922
3497.0860 99318370.2605
3497.1972 25028529929.8331
3497.3083 24997203063.5425
3497.4195 99739850.1462
3497.5307 24988430285.0327
3497.6419 25026570478.8212
3497.7531 99608099.3423
3497.8643 25014044899.0937
3497.9755 25030363138.2316
3498.0867 99720987.4457
3498.1979 25015786425.2294
3498.3090 25020458801.4651
3498.4202 99785880.0346
3498.5314 25014377389.2856
3498.6426 25039970335.2431
3498.7538 100344732.5113
3498.8650 25014169903.8353
3498.9762 25041900615.1528
3499.0874 98635869.7477
3499.1985 25029477005.7977
3499.3097 25011938078.8234
3499.4209 100894883.8689
3499.5321 25016856826.4616
3499.6433 25040549013.5464
3499.7545 99606049.2343
3499.8657 25027017728.8711
3499.9769 25034193583.8953
3500.0881 100309796.3937
3500.1992 25023554203.8943
3500.3104 25040040979.2667
3500.4216 100341758.9289
3500.5328 25041571508.1354
3500.6440 25027648360.3522
3500.7552 100105806.7765
3500.8664 25034330242.9487
3500.9776 25028443883.6596
3501.0887 99965335.3211
3501.1999 25021893765.4552
3501.3111 25039668214.9537
3501.4223 100241902.2851
3501.5335 25031676979.2475
3501.6447 25035268323.8908
3501.7559 100354958.2566
3501.8671 25041534297.0138
3501.9782 25044534467.9979
3502.0894 100082481.8354
3502.2006 25025914639.2722
3502.3118 25032419121.9316
3502.4230 99922831.7652
3502.5342 25029443746.8613
3502.6454 25041652175.7786
3502.7566 99704892.1571
3502.8678 25058626760.2051
3502.9789 25024974955.1215
3503.0901 99885764.9981
3503.2013 25053977822.6493
3503.3125 25028829214.8840
3503.4237 99361828.4553
3503.5349 25041036711.1649
3503.6461 25026797186.9776
3503.7573 99484506.9331
3503.8684 25036245553.7524
3503.9796 25034387401.8126
3504.0908 99442627.7811
3504.2020 25044185502.5101
3504.3132 25020783407.6700
3504.4244 99297875.8656
3504.5356 25038083250.5979
3504.6468 25044636861.8943
3504.7579 100087944.6584
3504.8691 25012828250.6757
3504.9803 25073916145.5333
3505.0915 99287274.3049
3505.2027 25043410128.2230
3505.3139 25039844153.3334
3505.4251 99746334.7124
3505.5363 25046151000.2091
3505.6475 25050180320.3503
3505.7586 100074075.6743
3505.8698 25057192150.2805
3505.9810 25037978450.8324
3506.0922 99742824.9909
3506.2034 25060792745.7575
3506.3146 25044938832.0080
3506.4258 99895223.7584
3506.5370 25037461370.5823
3506.6481 25052282961.0120
3506.7593 99965944.6468
3506.8705 25044007093.8466
3506.9817 25034364750.1444
3507.0929 99474085.9218
3507.2041 25067331849.2165
3507.3153 25031303212.0587
3507.4265 100008007.5486
3507.5376 25032484549.9830
3507.6488 25061414234.6420
3507.7600 99743257.1483
3507.8712 25054520855.1489
3507.9824 25055704282.7224
3508.0936 100382485.4368
3508.2048 25053395499.0466
3508.3160 25057548509.4108
3508.4272 100242183.5523
3508.5383 25050181615.7546
3508.6495 25047457604.5956
3508.7607 100122532.6030
3508.8719 25048814010.9329
3508.9831 25044203933.9564
3509.0943 99658822.3310
3509.2055 25056116861.4378
3509.3167 25054131534.2443
3509.4278 99103493.5407
3509.5390 25052292327.4192
3509.6502 25073733918.8418
3509.7614 99503234.4585
3509.8726 25058204313.4379
3509.9838 25068517456.0007
3510.0950 99358567.4288
3510.2062 25051722999.3446
3510.3173 25071606972.1981
3510.4285 99079369.2071
3510.5397 25066390659.5411
3510.6509 25076081101.5650
3510.7621 100419496.9931
3510.8733 25065107057.4848
3510.9845 25066359450.4864
3511.0957 99535686.8285
3511.2069 25089479394.4911
3511.3180 25070212743.3746
3511.4292 99910832.9371
3511.5404 25054482224.3207
3511.6516 25066111341.5512
3511.7628 99688717.4156
3511.8740 25053760822.6997
3511.9852 25076025525.7485
3512.0964 99517902.0389
3512.2075 25071343135.1632
3512.3187 25067515333.7934
3512.4299 100733716.8945
3512.5411 25053650788.5540
3512.6523 25081316764.9549
3512.7635 99631620.5618
3512.8747 25067788903.7222
3512.9859 25092750854.6189
3513.0970 99652546.3129
3513.2082 25087269746.8593
3513.3194 25069755649.9697
3513.4306 100244621.2627
3513.5418 25080860393.8734
3513.6530 25075559243.9346
3513.7642 100012066.8782
3513.8754 25085233998.1043
3513.9866 25074335570.1508
3514.0977 99054078.8943
3514.2089 25077652681.9140
3514.3201 25085523833.1098
3514.4313 100175638.9135
3514.5425 25081489502.0473
3514.6537 25084009008.0259
3514.7649 99444442.5941
3514.8761 25077705762.6086
3514.9872 25075540605.0115
3515.0984 99662397.2089
3515.2096 25079536641.4932
3515.3208 25085282509.9742
3515.4320 100433063.1339
3515.5432 25094800750.4699
3515.6544 25080914240.4334
3515.7656 99778611.4084
3515.8768 25096064025.0515
3515.9879 25095955567.0480
3516.0991 100118562.0249
3516.2103 25093554474.9072
3516.3215 25089759770.0349
3516.4327 99716874.9304
3516.5439 25093616242.0445
3516.6551 25080200742.6956
3516.7663 99418019.7266
3516.8774 25104599017.3335
3516.9886 25093557089.0253
3517.0998 99786554.6083
3517.2110 25087011829.7408
3517.3222 25099483678.2231
3517.4334 100721256.1772
3517.5446 25075803847.3731
3517.6558 25098028120.8938
3517.7669 100107189.6197
3517.8781 25097613605.1962
3517.9893 25100987496.3811
3518.1005 100226526.5520
3518.2117 25111224991.6295
3518.3229 25078111137.5331
3518.4341 100464782.3366
3518.5453 25091920264.0955
3518.6565 25094649698.6530
3518.7676 99622538.3942
3518.8788 25107672791.6958
3518.9900 25103559279.1309
3519.1012 99698429.6286
3519.2124 25092072129.6294
3519.3236 25100447408.8057
3519.4348 99585564.7831
3519.5460 25114810789.8679
3519.6571 25102639355.1270
3519.7683 99278274.0066
3519.8795 25099507139.0210
3519.9907 25110853423.1856
3520.1019 100245075.2609
3520.2131 25119645776.5925
3520.3243 25076300569.9637
3520.4355 99787677.7770
3520.5466 25096603695.0405
3520.6578 25115840255.4158
3520.7690 100309728.8845
3520.8802 25111355708.4325
3520.9914 25103439484.3278
3521.1026 99736112.7485
3521.2138 25099173528.0251
3521.3250 25099565148.6045
3521.4362 99830495.0776
3521.5473 25104044208.0766
3521.6585 25105924896.0714
3521.7697 99381256.3773
3521.8809 25110973754.5986
3521.9921 25104103495.1991
3522.1033 99330723.8446
3522.2145 25099790302.6042
3522.3257 25117207708.7235
3522.4368 99807469.8595
3522.5480 25124088951.7384
3522.6592 25106938647.6613
3522.7704 99232373.3968
3522.8816 25108774674.4163
3522.9928 25111177946.4167
3523.1040 99798929.6595
3523.2152 25111837049.1651
3523.3263 25129427654.7864
3523.4375 100218378.1394
3523.5487 25115706549.4406
3523.6599 25125998667.6434
3523.7711 99633513.5414
3523.8823 25112076139.2027
3523.9935 25125939430.6601
3524.1047 99931645.7374
3524.2159 25117059524.6724
3524.3270 25131316458.1193
3524.4382 99864080.2037
3524.5494 25134077520.3400
3524.6606 25108284685.0000
3524.7718 100182050.0760
3524.8830 25138524921.5575
3524.9942 25097217899.5029
3525.1054 100638676.6646
3525.2165 25113383046.5838
3525.3277 25119456608.7455
3525.4389 99350447.0661
3525.5501 25120729841.3515
3525.6613 25119020948.3338
3525.7725 99188024.9242
3525.8837 25122271104.4435
3525.9949 25124177310.5790
3526.1060 100019518.8826
3526.2172 25129526084.3407
3526.3284 25128094318.3543
3526.4396 100282323.6970
3526.5508 25124257694.5875
3526.6620 25138796001.9697
3526.7732 99648106.8565
3526.8844 25141418377.4469
3526.9956 25110844345.6826
3527.1067 100792192.2570
3527.2179 25128589761.7399
3527.3291 25136301913.1165
3527.4403 99496954.0642
3527.5515 25142064619.6494
3527.6627 25138274001.7220
3527.7739 100098104.8308
3527.8851 25136024101.6561
3527.9962 25115133299.0254
3528.1074 100599556.2551
3528.2186 25115018441.0216
3528.3298 25142425559.8530
3528.4410 100468356.4824
3528.5522 25119460991.2015
3528.6634 25147974546.4707
3528.7746 100152436.2447
3528.8858 25139078569.3520
3528.9969 25135963944.9602
3529.1081 99713910.3215
3529.2193 25140729258.5925
3529.3305 25125283280.2450
3529.4417 99742793.9949
3529.5529 25141756046.1029
3529.6641 25141984946.7052
3529.7753 100841589.4500
3529.8864 25144400407.9120
3529.9976 25132079496.6579
3530.1088 100355759.7333
3530.2200 25147668430.9369
3530.3312 25141037069.2333
3530.4424 100640394.4906
3530.5536 25151436966.5485
3530.6648 25129288050.9718
3530.7759 100146064.9259
3530.8871 25144245521.9513
3530.9983 25137124437.0484
3531.1095 100469204.5635
3531.2207 25132682537.2426
3531.3319 25155455571.0479
3531.4431 99945368.1437
3531.5543 25137711380.2739
3531.6655 25146991364.4194
3531.7766 100511360.3893
3531.8878 25159581037.1808
3531.9990 25141083584.5471
3532.1102 99706549.5960
3532.2214 25140824305.6012
3532.3326 25146016952.1524
3532.4438 99876400.0736
3532.5550 25156947410.4727
3532.6661 25142467081.2854
3532.7773 100609499.2455
3532.8885 25151708431.3495
3532.9997 25144323599.2822
3533.1109 100152131.8903
3533.2221 25147699433.1301
3533.3333 25155593141.9608
3533.4445 100395708.7131
3533.5556 25154829321.3290
3533.6668 25155309868.0753
3533.7780 99772375.9118
3533.8892 25160175268.5316
3534.0004 25145448469.2216
3534.1116 100038736.0584
3534.2228 25154821807.9286
3534.3340 25170101388.4527
3534.4452 100326363.0546
3534.5563 25157910973.9267
3534.6675 25155144606.9357
3534.7787 100205164.5723
3534.8899 25155297073.5420
3535.0011 25148695213.6604
3535.1123 100036252.9208
3535.2235 25167064841.7359
3535.3347 25140479431.4162
3535.4458 101028758.6820
3535.5570 25151161970.7671
3535.6682 25164947154.9571
3535.7794 99576088.8144
3535.8906 25160090004.6807
3536.0018 25155597109.6005
3536.1130 99878236.3628
3536.2242 25169456532.0819
3536.3353 25170795851.1612
3536.4465 100275773.7387
3536.5577 25186630826.4411
3536.6689 25157623703.1795
3536.7801 100348281.6695
3536.8913 25168006886.6324
3537.0025 25156371772.9181
3537.1137 99784681.1250
3537.2249 25168098926.3711
3537.3360 25164032001.7005
3537.4472 100760969.0951
3537.5584 25176820655.0098
3537.6696 25165036282.7582
3537.7808 100618115.6415
3537.8920 25178652230.6506
3538.0032 25158031268.9849
3538.1144 101240047.1237
3538.2255 25168752543.6592
3538.3367 25170988122.6745
3538.4479 101091956.0976
3538.5591 25159140431.4111
3538.6703 25201717493.1921
3538.7815 100617148.0535
3538.8927 25181544619.2296
3539.0039 25158646597.8662
3539.1150 100098467.4324
3539.2262 25160557410.2737
3539.3374 25170732321.7069
3539.4486 100664883.2035
3539.5598 25170594843.7277
3539.6710 25169779863.8833
3539.7822 100105946.2119
3539.8934 25194468598.5448
3540.0046 25176942994.5868
3540.1157 100881128.3376
3540.2269 25176965378.1420
3540.3381 25169200087.8165
3540.4493 100510590.7516
3540.5605 25183778091.3411
3540.6717 25187977218.3188
3540.7829 99638537.6684
3540.8941 25163507223.6904
3541.0052 25199725231.4770
3541.1164 100213416.5131
3541.2276 25189841715.7546
3541.3388 25187333662.3210
3541.4500 100193358.0303
3541.5612 25176273146.5879
3541.6724 25200899271.0535
3541.7836 100716003.0210
3541.8948 25192138690.5458
3542.0059 25180496234.7771
3542.1171 100157301.0853
3542.2283 25194973157.0829
3542.3395 25185584541.2646
3542.4507 100916912.5534
3542.5619 25193342052.4801
3542.6731 25173607050.4270
3542.7843 100309429.6492
3542.8954 25178329632.7586
3543.0066 25183825612.7216
3543.1178 100225986.6228
3543.2290 25188032765.7724
3543.3402 25175346184.9300
3543.4514 100062588.0634
3543.5626 25180406741.9480
3543.6738 25186629992.0975
3543.7849 100471792.2476
3543.8961 25176215384.9368
3544.0073 25198572934.5601
3544.1185 100478227.5406
3544.2297 25187466544.9702
3544.3409 25201719741.3639
3544.4521 101525968.2837
3544.5633 25190155467.4801
3544.6745 25210277787.4712
3544.7856 101096131.5988
3544.8968 25198118772.9004
3545.0080 25190605092.0881
3545.1192 100702759.1621
3545.2304 25202657817.9083
3545.3416 25180573131.3146
3545.4528 100280002.6873
3545.5640 25191869434.8558
3545.6751 25192288577.7621
3545.7863 99364011.9290
3545.8975 25204502148.2513
3546.0087 25203094559.1785
3546.1199 100050577.0400
3546.2311 25207775692.3522
3546.3423 25213217949.4605
3546.4535 99897674.8750
3546.5646 25212584251.6043
3546.6758 25194005250.2507
3546.7870 100537569.9235
3546.8982 25216026345.2557
3547.0094 25211890615.0148
3547.1206 100618307.9184
3547.2318 25205856611.8529
3547.3430 25222685769.4854
3547.4542 100758123.7036
3547.5653 25209067525.1883
3547.6765 25207896878.8075
3547.7877 100655469.5624
3547.8989 25201084585.9833
3548.0101 25209823806.6253
3548.1213 100248054.1416
3548.2325 25218186341.0596
3548.3437 25218579298.4893
3548.4548 100896373.4025
3548.5660 25209679339.0113
3548.6772 25211254575.3449
3548.7884 100357987.1223
3548.8996 25209367459.2742
3549.0108 25213648569.4492
3549.1220 100059297.6068
3549.2332 25219668775.2968
3549.3443 25217785853.1907
3549.4555 99898853.4839
3549.5667 25220022257.2182
3549.6779 25228166837.1064
3549.7891 100321048.0298
3549.9003 25209099123.8239
3550.0115 25228020217.6154
3550.1227 100061229.1133
3550.2339 25219521720.3964
3550.3450 25228872423.5901
3550.4562 100048261.4991
3550.5674 25217841022.0705
3550.6786 25229560664.6530
3550.7898 99693356.8162
3550.9010 25222769518.6309
3551.0122 25227668858.6931
3551.1234 101068791.6902
3551.2345 25250277050.4264
3551.3457 25218388910.1531
3551.4569 99675313.4444
3551.5681 25222452908.2888
3551.6793 25222138484.7463
3551.7905 100009930.2303
3551.9017 25239500080.8999
3552.0129 25204414780.9438
3552.1240 100513813.6040
3552.2352 25224878882.0791
3552.3464 25231675855.0694
3552.4576 100242541.4147
3552.5688 25218297209.9612
3552.6800 25224953539.1789
3552.7912 101080896.6301
3552.9024 25237699329.5441
3553.0136 25225844645.4202
3553.1247 100742694.6741
3553.2359 25232621841.3411
3553.3471 25225500845.6480
3553.4583 100090207.3893
3553.5695 25224389258.7005
3553.6807 25225980869.1565
3553.7919 100569471.3163
3553.9031 25245725111.2564
3554.0142 25223330243.9256
3554.1254 100907617.8081
3554.2366 25250506596.5759
3554.3478 25213376425.5031
3554.4590 100510307.8617
3554.5702 25231917501.6871
3554.6814 25242172796.1311
3554.7926 101368783.1063
3554.9037 25241411600.1811
3555.0149 25234390507.9867
3555.1261 99964827.4380
3555.2373 25241224476.9365
3555.3485 25229392781.7914
3555.4597 99997769.5875
3555.5709 25245086710.8777
3555.6821 25244327066.8143
3555.7933 100757585.5748
3555.9044 25236132782.9787
3556.0156 25228085355.0874
3556.1268 100226837.9792
3556.2380 25254934168.5557
3556.3492 25260068904.2396
3556.4604 101416458.2413
3556.5716 25272020998.2760
3556.6828 25224640927.6395
3556.7939 100239280.3203
3556.9051 25265066273.3180
3557.0163 25237445192.4273
3557.1275 100935552.8028
3557.2387 25244854225.9841
3557.3499 25240795277.8778
3557.4611 100349739.2054
3557.5723 25242374668.2891
3557.6835 25239669507.4722
3557.7946 100756236.7476
3557.9058 25238807521.5603
3558.0170 25246252279.0703
3558.1282 100940504.6115
3558.2394 25248809006.8020
3558.3506 25260353555.2942
3558.4618 100638509.5201
3558.5730 25246894720.6788
3558.6841 25255559055.9445
3558.7953 100742707.3980
3558.9065 25248288364.7286
3559.0177 25255891197.8220
3559.1289 100002021.8785
3559.2401 25259899028.1177
3559.3513 25254297580.9147
3559.4625 100836524.4153
3559.5736 25248204643.6188
3559.6848 25244801343.7483
3559.7960 101159860.6497
3559.9072 25259012461.1457
3560.0184 25250629294.3955
3560.1296 101443283.3090
3560.2408 25260533051.2097
3560.3520 25257919667.1473
3560.4632 99635787.3771
3560.5743 25263569440.1643
3560.6855 25265250475.1925
3560.7967 100523060.1435
3560.9079 25272104964.3928
3561.0191 25247385383.7953
3561.1303 101130540.4830
3561.2415 25269360319.3436
3561.3527 25257900682.7873
3561.4638 100423428.3776
3561.5750 25268873041.2559
3561.6862 25255609897.0851
3561.7974 100936082.6533
3561.9086 25252084869.5879
3562.0198 25271332303.6639
3562.1310 100654411.2920
3562.2422 25268851461.4226
3562.3533 25268279139.9528
3562.4645 101704971.7872
3562.5757 25265386155.2815
3562.6869 25269423617.7807
3562.7981 100982408.7924
3562.9093 25262143697.4355
3563.0205 25271476000.6802
3563.1317 101097221.0583
3563.2429 25265012298.6060
3563.3540 25281981106.5731
3563.4652 100509522.3644
3563.5764 25295817510.0065
3563.6876 25264977940.7608
3563.7988 100567383.0740
3563.9100 25280374156.2433
3564.0212 25259193507.5875
3564.1324 100408762.9943
3564.2435 25271691532.0627
3564.3547 25268963564.2334
3564.4659 100688177.5476
3564.5771 25269207924.0887
3564.6883 25273804052.3830
3564.7995 100127342.5101
3564.9107 25277587003.9206
3565.0219 25265773663.4807
3565.1330 101727742.5979
3565.2442 25261344266.2692
3565.3554 25274833053.1306
3565.4666 101369699.7348
3565.5778 25267606870.1070
3565.6890 25301570352.7963
3565.8002 100729118.5127
3565.9114 25275409130.8762
3566.0226 25280424757.2792
3566.1337 101089194.8067
3566.2449 25262447744.7779
3566.3561 25291382259.8767
3566.4673 101344613.9714
3566.5785 25284348457.8886
3566.6897 25291896904.1135
3566.8009 100198993.4760
3566.9121 25303755026.8118
3567.0232 25279087686.7441
3567.1344 100696550.4505
3567.2456 25275693696.5027
3567.3568 25303342537.8590
3567.4680 101449270.4295
3567.5792 25281671996.9239
3567.6904 25290305647.9153
3567.8016 101029153.1103
3567.9127 25294071945.1923
3568.0239 25283147525.6513
3568.1351 101614135.1017
3568.2463 25302745610.4146
3568.3575 25280121108.8891
3568.4687 100803368.4271
3568.5799 25296194068.9875
3568.6911 25272678295.4428
3568.8023 101318427.0877
3568.9134 25279633511.2749
3569.0246 25309521960.5929
3569.1358 100902334.9045
3569.2470 25291430769.6312
3569.3582 25286030725.0051
3569.4694 100976515.8502
3569.5806 25294453824.9280
3569.6918 25309054546.4453
3569.8029 100416414.0389
3569.9141 25300052162.3276
3570.0253 25304146255.6880
3570.1365 100707553.6422
3570.2477 25298170518.0969
3570.3589 25282653135.5158
3570.4701 100810549.6663
3570.5813 25302545312.3622
3570.6925 25298680472.0549
3570.8036 100865825.0253
3570.9148 25304408841.5934
3571.0260 25310940107.0435
3571.1372 100888231.2059
3571.2484 25303522750.1630
3571.3596 25296177128.1832
3571.4708 101178306.3128
3571.5820 25294333451.8533
3571.6931 25309883961.4395
3571.8043 100968406.5424
3571.9155 25299838183.6956
3572.0267 25307895016.8537
3572.1379 100765350.5672
3572.2491 25315472343.0198
3572.3603 25313619381.2199
3572.4715 101117704.2041
3572.5826 25315481769.0932
3572.6938 25310827603.5398
3572.8050 100984788.7789
3572.9162 25316647499.6151
3573.0274 25290298208.2946
3573.1386 100597012.7702
3573.2498 25294860220.0566
3573.3610 25314494047.2734
3573.4722 101698061.5981
3573.5833 25317885646.2801
3573.6945 25300781303.5090
3573.8057 101069820.4300
3573.9169 25299347376.0470
3574.0281 25320239470.7684
3574.1393 101359106.3260
3574.2505 25314610074.0349
3574.3617 25321098378.7716
3574.4728 101088957.9456
3574.5840 25307538189.0735
3574.6952 25310078137.3570
3574.8064 101397765.8449
3574.9176 25310925698.8708
3575.0288 25311330330.8592
3575.1400 100975093.3064
3575.2512 25322416302.3183
3575.3623 25318505755.1248
3575.4735 101273992.4446
3575.5847 25315116878.8934
3575.6959 25326214464.2581
3575.8071 100118248.2795
3575.9183 25330317713.6632
3576.0295 25320679952.8266
3576.1407 101245698.7777
3576.2519 25336125530.2347
3576.3630 25313973822.9531
3576.4742 100929944.2601
3576.5854 25310077124.7707
3576.6966 25343036310.9003
3576.8078 100773214.9746
3576.9190 25328972598.4539
3577.0302 25317883221.5049
3577.1414 101064309.7526
3577.2525 25327360977.8837
3577.3637 25318826240.3891
3577.4749 101749281.5259
3577.5861 25344363768.1141
3577.6973 25318495553.7229
3577.8085 100877269.3810
3577.9197 25310727293.7670
3578.0309 25331964811.6043
3578.1420 100807064.6073
3578.2532 25337463814.5154
3578.3644 25327822826.3102
3578.4756 100943231.3824
3578.5868 25312775131.1753
3578.6980 25354668776.1881
3578.8092 101446179.6225
3578.9204 25332624408.2980
3579.0316 25339667264.9621
3579.1427 101795590.4629
3579.2539 25338807381.8043
3579.3651 25337322312.4452
3579.4763 101131836.2865
3579.5875 25343807382.1628
3579.6987 25344225986.7487
3579.8099 101422485.8892
3579.9211 25350494792.8138
3580.0322 25327077426.8491
3580.1434 101114231.0066
3580.2546 25338978097.6153
3580.3658 25345241649.6785
3580.4770 101195471.5937
3580.5882 25348556754.7014
3580.6994 25327698527.1409
3580.8106 101000664.2511
3580.9217 25346800711.0863
3581.0329 25346271026.3119
3581.1441 101616418.2274
3581.2553 25335901641.3167
3581.3665 25346604810.4130
3581.4777 101212112.6042
3581.5889 25344045510.5232
3581.7001 25350980432.8791
3581.8113 101179928.3245
3581.9224 25342322090.0193
3582.0336 25348555778.7444
3582.1448 101530283.9602
3582.2560 25334675593.2320
3582.3672 25345498301.4617
3582.4784 100837081.5310
3582.5896 25361734988.3530
3582.7008 25345330083.2853
3582.8119 100558821.8506
3582.9231 25365246801.2885
3583.0343 25350787770.1729
3583.1455 100166172.3554
3583.2567 25343723260.4760
3583.3679 25355223463.0789
3583.4791 100945085.7834
3583.5903 25348558891.8552
3583.7015 25351511308.6806
3583.8126 102064349.9252
3583.9238 25350071958.6578
3584.0350 25371855182.0079
3584.1462 100466122.5381
3584.2574 25347988090.4112
3584.3686 25341452452.3483
3584.4798 101052062.2126
3584.5910 25338868406.1173
3584.7021 25362917634.9098
3584.8133 100472547.2248
3584.9245 25367261578.9001
3585.0357 25363052972.8906
3585.1469 100377719.3927
3585.2581 25359133079.5401
3585.3693 25360684126.5675
3585.4805 100955717.3216
3585.5916 25344704327.6446
3585.7028 25380103536.1033
3585.8140 100573566.6484
3585.9252 25349716630.6712
3586.0364 25352731073.0998
3586.1476 100426339.4757
3586.2588 25339420555.2833
3586.3700 25376231054.7804
3586.4812 101373918.6316
3586.5923 25356548048.0994
3586.7035 25379204583.0390
3586.8147 101054077.5326
3586.9259 25377249976.7705
3587.0371 25351747975.9599
3587.1483 101562947.7822
3587.2595 25356653616.9656
3587.3707 25386205849.4451
3587.4818 101478944.8063
3587.5930 25364515637.7874
3587.7042 25388421962.5420
3587.8154 100630520.9123
3587.9266 25378409084.1077
3588.0378 25382737102.8760
3588.1490 100768909.4312
3588.2602 25361391186.9563
3588.3713 25367083992.3472
3588.4825 101673953.3961
3588.5937 25363210770.7555
3588.7049 25388182805.2221
3588.8161 100923155.8728
3588.9273 25382160863.9488
3589.0385 25399603921.2383
3589.1497 101243680.0551
3589.2609 25375920435.6688
3589.3720 25395412527.4774
3589.4832 101396245.1353
3589.5944 25386210066.9692
3589.7056 25369601636.5280
3589.8168 101290046.4957
3589.9280 25379539886.7525
3590.0392 25391760324.8008
3590.1504 100765287.2125
3590.2615 25378933603.6809
3590.3727 25395883594.9763
3590.4839 101527420.7202
3590.5951 25392228807.0961
3590.7063 25376801312.7364
3590.8175 100434453.4424
3590.9287 25389119893.6963
3591.0399 25391841933.6479
3591.1510 101129499.6085
3591.2622 25386799520.3858
3591.3734 25379755085.8672
3591.4846 101889158.6934
3591.5958 25381713820.5609
3591.7070 25398150684.2348
3591.8182 101000820.9041
3591.9294 25396180200.1937
3592.0406 25384582328.8152
3592.1517 100702949.2618
3592.2629 25396562853.7787
3592.3741 25384112806.4039
3592.4853 100954257.9618
3592.5965 25384722698.6126
3592.7077 25386182792.8990
3592.8189 100955639.1338
3592.9301 25401681887.0180
3593.0412 25384363191.3185
3593.1524 100674308.2206
3593.2636 25389678291.0219
3593.3748 25397514411.5760
3593.4860 100962706.6032
3593.5972 25403573245.8587
3593.7084 25382415476.4440
3593.8196 100771828.3641
3593.9307 25398324405.5735
3594.0419 25406875897.3680
3594.1531 101330005.1972
3594.2643 25407354142.7134
3594.3755 25369839109.0607
3594.4867 100937878.9688
3594.5979 25390202466.3338
3594.7091 25397812491.0769
3594.8203 100951535.1082
3594.9314 25380817465.8731
3595.0426 25407767347.5967
3595.1538 101616719.2447
3595.2650 25397040370.2446
3595.3762 25408924902.3315
3595.4874 100889750.6607
3595.5986 25413461228.8010
3595.7098 25400300813.6405
3595.8209 101390296.0345
3595.9321 25403494701.2242
3596.0433 25406286599.1735
3596.1545 101766932.8192
3596.2657 25392329672.7216
3596.3769 25407839190.7271
3596.4881 101369555.2236
3596.5993 25421162246.9244
3596.7104 25407411675.0168
3596.8216 101292856.6721
3596.9328 25423592649.5624
3597.0440 25408676793.4842
3597.1552 100623537.4951
3597.2664 25407025446.1065
3597.3776 25419367139.6302
3597.4888 101105194.6744
3597.6000 25406468346.8271
3597.7111 25424468135.3331
3597.8223 101314902.6059
3597.9335 25406477705.2626
3598.0447 25424875830.5856
3598.1559 100489464.5272
3598.2671 25415205133.0918
3598.3783 25418400239.8623
3598.4895 101352866.1812
3598.6006 25429329549.2124
3598.7118 25418786425.8138
3598.8230 101865465.0292
3598.9342 25425186950.5547
3599.0454 25398710484.7564
3599.1566 101981176.8822
3599.2678 25427869605.8707
3599.3790 25403097877.8074
3599.4902 101166424.2817
3599.6013 25417885007.5195
3599.7125 25415491512.7890
3599.8237 100543206.5590
3599.9349 25438618381.3091
3600.0461 25406496398.9937
3600.1573 101038317.2247
3600.2685 25423772591.9095
3600.3797 25411882937.7345
3600.4908 100563708.5601
3600.6020 25427528512.5151
3600.7132 25399523001.1502
3600.8244 101413912.9730
3600.9356 25410253299.0926
3601.0468 25431094021.4957
3601.1580 101228540.6914
3601.2692 25430876571.6757
3601.3803 25415396914.4304
3601.4915 101055933.1644
3601.6027 25418217451.7337
3601.7139 25431395048.0677
3601.8251 101728097.4752
3601.9363 25452507234.0097
3602.0475 25419031854.5271
3602.1587 101569059.3859
3602.2699 25448553908.2733
3602.3810 25426519087.2156
3602.4922 100634736.8196
3602.6034 25439290812.2273
3602.7146 25443518379.1301
3602.8258 101592526.6660
3602.9370 25425748212.8290
3603.0482 25424725023.4932
3603.1594 101217544.6616
3603.2705 25417623218.4194
3603.3817 25434372269.4756
3603.4929 101467075.9750
3603.6041 25428168204.7948
3603.7153 25440619081.4274
3603.8265 101320898.8962
3603.9377 25427548038.9724
3604.0489 25444002353.7725
3604.1600 101569757.5955
3604.2712 25444933547.9292
3604.3824 25433010536.1821
3604.4936 101232762.8983
3604.6048 25431696556.5984
3604.7160 25443855307.8351
3604.8272 101761485.4299
3604.9384 25441907813.2952
3605.0496 25452133524.0844
3605.1607 101836568.4583
3605.2719 25431993194.3258
3605.3831 25449342143.8704
3605.4943 101507031.5936
3605.6055 25437276062.2588
3605.7167 25444468761.5652
3605.8279 101671735.8365
3605.9391 25436552328.6476
3606.0502 25458742057.9046
3606.1614 100915857.0074
3606.2726 25457529137.7463
3606.3838 25440643981.7324
3606.4950 101947293.3838
3606.6062 25444192683.1845
3606.7174 25445617300.6851
3606.8286 101140249.9253
3606.9397 25448664757.2765
3607.0509 25454899130.9959
3607.1621 102158448.8904
3607.2733 25457442789.5299
3607.3845 25460502349.4107
3607.4957 100716954.2346
3607.6069 25436965982.2034
3607.7181 25463187029.3735
3607.8293 102161413.8685
3607.9404 25457737293.4354
3608.0516 25474481603.3126
3608.1628 101513684.7611
3608.2740 25453896244.3577
3608.3852 25481460683.6145
3608.4964 101222596.4443
3608.6076 25470087373.8060
3608.7188 25472503082.0550
3608.8299 100378806.9320
3608.9411 25467130176.0638
3609.0523 25457116685.7643
3609.1635 101140667.3526
3609.2747 25442318965.6987
3609.3859 25471248755.9422
3609.4971 101663700.8364
3609.6083 25461731378.4285
3609.7194 25470615302.5403
3609.8306 101352573.3596
3609.9418 25461809634.6256
3610.0530 25471996110.2112
3610.1642 102197973.9396
3610.2754 25476699927.3784
3610.3866 25462820474.5006
3610.4978 101260286.7433
3610.6090 25472476371.2428
3610.7201 25470971659.2711
3610.8313 101457567.9700
3610.9425 25477726372.0364
3611.0537 25463508211.5602
3611.1649 101794979.6554
3611.2761 25458753484.8862
3611.3873 25461493941.9232
3611.4985 101672725.0328
3611.6096 25486743151.8953
3611.7208 25466447629.0574
3611.8320 101089288.8680
3611.9432 25468659705.7091
3612.0544 25481399988.1848
3612.1656 101003994.7605
3612.2768 25489357240.6313
3612.3880 25476998712.0035
3612.4992 100969571.4095
3612.6103 25486877883.5948
3612.7215 25487854536.8285
3612.8327 102207578.3223
3612.9439 25471377483.4745
3613.0551 25478901703.6281
3613.1663 101878878.5110
3613.2775 25484445566.1527
3613.3887 25489446603.9110
3613.4998 101926731.0369
3613.6110 25490409115.2733
3613.7222 25472089674.6851
3613.8334 102540907.8322
3613.9446 25481021701.5456
3614.0558 25474480225.1530
3614.1670 101990257.1886
3614.2782 25485885795.0176
3614.3893 25497459926.8083
3614.5005 101161331.9003
3614.6117 25492486289.7267
3614.7229 25477154418.5449
3614.8341 101482748.5108
3614.9453 25489808245.3490
3615.0565 25468388152.3611
3615.1677 101633843.5623
3615.2789 25506028635.4467
3615.3900 25470125038.2320
3615.5012 101447445.3337
3615.6124 25487802278.3861
3615.7236 25496329848.1268
3615.8348 101449098.7055
3615.9460 25494339785.5938
3616.0572 25486708976.2861
3616.1684 101619416.1054
3616.2795 25509170144.6695
3616.3907 25498184566.3023
3616.5019 100681369.2583
3616.6131 25489358307.3168
3616.7243 25488100294.3812
3616.8355 101463286.3109
3616.9467 25493891320.6862
3617.0579 25496586696.7429
3617.1690 102240205.0912
3617.2802 25492220893.0620
3617.3914 25491200172.6340
3617.5026 101333829.6633
3617.6138 25486265680.5664
3617.7250 25490734920.9193
3617.8362 101645032.6251
3617.9474 25497482167.6072
3618.0586 25491820931.8968
3618.1697 102202689.3202
3618.2809 25493084112.6832
3618.3921 25515186713.2836
3618.5033 101433550.8141
3618.6145 25506893609.3747
3618.7257 25497176083.4968
3618.8369 101560833.0724
3618.9481 25500708777.0313
3619.0592 25502574544.9886
3619.1704 102136504.8888
3619.2816 25495908947.6391
3619.3928 25516914972.4332
3619.5040 101657817.2225
3619.6152 25503573457.3298
3619.7264 25513925246.9509
3619.8376 101316066.8670
3619.9487 25511973687.2908
3620.0599 25512675426.6289
3620.1711 102296537.1256
3620.2823 25509755185.7133
3620.3935 25510902184.1926
3620.5047 101653471.4345
3620.6159 25507972250.3823
3620.7271 25520822821.3684
3620.8383 101923641.5670
3620.9494 25515411724.3715
3621.0606 25515653890.1736
3621.1718 101253155.3077
3621.2830 25510235452.3575
3621.3942 25508830299.7904
3621.5054 101489963.9250
3621.6166 25535673468.7056
3621.7278 25510638103.9118
3621.8389 100678213.0200
3621.9501 25514961064.6000
3622.0613 25514020831.0177
3622.1725 101966145.5808
3622.2837 25499998824.3037
3622.3949 25520763403.1193
3622.5061 102198408.0233
3622.6173 25545308737.6848
3622.7284 25522503421.0902
3622.8396 100839573.5148
3622.9508 25527154176.1279
3623.0620 25506189100.1290
3623.1732 100699791.0688
3623.2844 25512209467.5169
3623.3956 25527189832.8129
3623.5068 101763580.8774
3623.6180 25518362095.5498
3623.7291 25522739985.0611
3623.8403 101730799.4855
3623.9515 25539200370.1534
3624.0627 25512177918.1096
3624.1739 101799721.0657
3624.2851 25515540007.3170
3624.3963 25531224026.7402
3624.5075 101196437.1776
3624.6186 25506781387.1927
3624.7298 25537613816.7428
3624.8410 101909183.0214
3624.9522 25535270219.5764
3625.0634 25530381592.6083
3625.1746 102046767.2249
3625.2858 25533106888.9886
3625.3970 25516970986.2958
3625.5081 101645788.7239
3625.6193 25519144211.6677
3625.7305 25543046067.3933
3625.8417 101723484.2311
3625.9529 25536647925.7943
3626.0641 25535659217.8597
3626.1753 101481657.5904
3626.2865 25538205622.7271
3626.3977 25544153006.5112
3626.5088 101215359.2307
3626.6200 25537475042.1581
3626.7312 25543440343.1538
3626.8424 101386879.0630
3626.9536 25553553200.0429
3627.0648 25523299147.0092
3627.1760 102012704.8822
3627.2872 25535758258.6888
3627.3983 25538399631.5444
3627.5095 102036183.9104
3627.6207 25528287687.5965
3627.7319 25532060759.6333
3627.8431 101816782.8282
3627.9543 25534255468.7138
3628.0655 25562259997.8466
3628.1767 101645854.9605
3628.2879 25549136137.6489
3628.3990 25561944302.8383
3628.5102 101338261.7237
3628.6214 25549570980.5367
3628.7326 25552170641.6638
3628.8438 102125606.0253
3628.9550 25557893058.5216
3629.0662 25540691227.0184
3629.1774 101516129.9387
3629.2885 25545132241.0558
3629.3997 25543474508.3035
3629.5109 102222355.1646
3629.6221 25543323635.0275
3629.7333 25558325420.1822
3629.8445 101415712.7861
3629.9557 25557811514.5406
3630.0669 25547051757.5427
3630.1780 102336825.0014
3630.2892 25539902342.4724
3630.4004 25546080574.8308
3630.5116 102641415.1368
3630.6228 25560137644.9619
3630.7340 25564676728.8712
3630.8452 102572603.2142
3630.9564 25565560118.8017
3631.0676 25562967437.2523
3631.1787 101992018.9772
3631.2899 25553647188.4506
3631.4011 25560482557.5085
3631.5123 101732908.7010
3631.6235 25577383470.3654
3631.7347 25562746391.3389
3631.8459 101580026.7975
3631.9571 25554923074.0396
3632.0682 25569193715.5922
3632.1794 100799778.1474
3632.2906 25562874415.5317
3632.4018 25565697812.3581
3632.5130 102585768.5004
3632.6242 25557260627.3693
3632.7354 25557015389.3502
3632.8466 101417431.0226
3632.9577 25562333977.6378
3633.0689 25582661548.6546
3633.1801 102825481.6205
3633.2913 25555906605.0761
3633.4025 25571430739.4761
3633.5137 102265568.4084
3633.6249 25571429041.5628
3633.7361 25563588750.2097
3633.8473 101755915.2506
3633.9584 25565580771.2914
3634.0696 25562256070.9120
3634.1808 102162014.5787
3634.2920 25564917238.5956
3634.4032 25578881129.5727
3634.5144 101836264.3954
3634.6256 25569039574.4807
3634.7368 25585254819.5247
3634.8479 101796730.2958
3634.9591 25569607639.6532
3635.0703 25587761990.3365
3635.1815 102043473.5981
3635.2927 25565134573.6659
3635.4039 25577731128.9486
3635.5151 102095836.2584
3635.6263 25580434061.3785
3635.7374 25592533435.0188
3635.8486 102877992.3376
3635.9598 25580856654.0349
3636.0710 25567204716.4147
3636.1822 102034633.1036
3636.2934 25565865300.3963
3636.4046 25575797719.9988
3636.5158 101384711.2237
3636.6270 25591926087.1878
3636.7381 25561698260.2860
3636.8493 102681658.0115
3636.9605 25568645453.8534
3637.0717 25599492396.4449
3637.1829 101420198.9746
3637.2941 25590089728.7221
3637.4053 25593293042.4008
3637.5165 102169997.5163
3637.6276 25579344388.6378
3637.7388 25584837277.2693
3637.8500 101859004.2893
3637.9612 25589423570.6617
3638.0724 25589504113.1605
3638.1836 101855260.0467
3638.2948 25583595483.1734
3638.4060 25592518060.5016
3638.5171 102017895.8450
3638.6283 25583192641.5825
3638.7395 25595015932.7178
3638.8507 101831978.5626
3638.9619 25585425202.5437
3639.0731 25585185317.9628
3639.1843 100569035.1245
3639.2955 25615517410.8834
3639.4067 25583735252.7119
3639.5178 101682268.1914
3639.6290 25580857269.7562
3639.7402 25592966658.8948
3639.8514 102514327.8690
3639.9626 25596617845.8151
3640.0738 25596399587.8889
3640.1850 101712192.9209
3640.2962 25600093066.0725
3640.4073 25588572959.9989
3640.5185 102503234.3717
3640.6297 25588908005.4072
3640.7409 25611117269.0304
3640.8521 101772402.8045
3640.9633 25606408994.2736
3641.0745 25597582119.8067
3641.1857 102450001.8047
3641.2969 25609273120.5288
3641.4080 25594376985.3470
3641.5192 101988028.3174
3641.6304 25612825909.1615
3641.7416 25609849734.9623
3641.8528 101362363.0399
3641.9640 25608097694.1437
3642.0752 25603679278.9847
3642.1864 100977352.2016
3642.2975 25604562862.3063
3642.4087 25588145985.1319
3642.5199 102330898.0730
3642.6311 25597120280.6676
3642.7423 25612917279.1667
3642.8535 102986337.0314
3642.9647 25619207036.7716
3643.0759 25601583586.9936
3643.1870 102030587.1414
3643.2982 25588930140.2168
3643.4094 25619051693.2733
3643.5206 101920493.2599
3643.6318 25626571011.5665
3643.7430 25608464588.3158
3643.8542 102572978.3196
3643.9654 25612200471.2862
3644.0766 25602459185.3964
3644.1877 101729178.3235
3644.2989 25605429450.3988
3644.4101 25617292695.3594
3644.5213 102689269.8968
3644.6325 25617295068.9618
3644.7437 25605958768.3531
3644.8549 102557547.7939
3644.9661 25607116519.5312
3645.0772 25621880917.9914
3645.1884 102070058.7761
3645.2996 25626881612.1747
3645.4108 25618538431.9716
3645.5220 102248373.1240
3645.6332 25623125692.2891
3645.7444 25632909983.7160
3645.8556 102290978.6664
3645.9667 25631896911.1397
3646.0779 25617453938.8422
3646.1891 102153461.6354
3646.3003 25626099432.8441
3646.4115 25634386430.4419
3646.5227 102122159.1290
3646.6339 25629364736.8711
3646.7451 25619971925.4553
3646.8563 102011514.9037
3646.9674 25625860386.2258
3647.0786 25631240829.8367
3647.1898 102178049.6908
3647.3010 25618028091.0864
3647.4122 25638033749.2610
3647.5234 102498770.6108
3647.6346 25621302082.3429
3647.7458 25642919140.3975
3647.8569 102021428.8391
3647.9681 25630849578.7868
3648.0793 25622107031.9147
3648.1905 101902726.6624
3648.3017 25637349863.9980
3648.4129 25646113121.6881
3648.5241 102634018.4404
3648.6353 25637263535.7542
3648.7464 25615468542.9170
3648.8576 102449192.0494
3648.9688 25645500338.5564
3649.0800 25625872558.5814
3649.1912 102114357.3661
3649.3024 25646045695.2177
3649.4136 25631879219.6891
3649.5248 103269859.0283
3649.6360 25643621904.0296
3649.7471 25631396246.6047
3649.8583 102578171.4474
3649.9695 25633687349.6406
3650.0807 25646735329.6822
3650.1919 102612869.3849
3650.3031 25644970992.6267
3650.4143 25647637552.1919
3650.5255 101900475.5813
3650.6366 25634495655.7586
3650.7478 25645302263.2344
3650.8590 102283696.0491
3650.9702 25654059995.2697
3651.0814 25634785693.2735
3651.1926 102406153.3694
3651.3038 25645757104.9138
3651.4150 25652808990.9278
3651.5261 102246688.1067
3651.6373 25652541880.0146
3651.7485 25639695837.0813
3651.8597 101795066.6612
3651.9709 25624443688.9021
3652.0821 25664697965.8673
3652.1933 102818102.3243
3652.3045 25644392071.7512
3652.4157 25643528235.5898
3652.5268 102184362.1884
3652.6380 25644167899.1888
3652.7492 25647491984.5173
3652.8604 101830659.2366
3652.9716 25644343190.8414
3653.0828 25653675122.6291
3653.1940 101204022.0482
3653.3052 25646062947.1000
3653.4163 25658413181.6610
3653.5275 102099492.7745
3653.6387 25653946231.3262
3653.7499 25647024300.4193
3653.8611 102239870.3178
3653.9723 25658350437.5315
3654.0835 25655818818.5809
3654.1947 102590007.7009
3654.3059 25661774003.5474
3654.4170 25670887527.7994
3654.5282 102719442.2729
3654.6394 25656323566.5784
3654.7506 25668944847.3004
3654.8618 101796619.2548
3654.9730 25664630938.2270
3655.0842 25659413245.1784
3655.1954 101716409.1024
3655.3065 25655450489.1957
3655.4177 25662800138.3182
3655.5289 101975262.9188
3655.6401 25670211990.2680
3655.7513 25669645742.7896
3655.8625 101634963.3989
3655.9737 25667826677.3092
3656.0849 25650706723.0846
3656.1960 102995919.1799
3656.3072 25665569578.0332
3656.4184 25658815653.0938
3656.5296 102632608.5969
3656.6408 25654468826.8426
3656.7520 25671468859.5081
3656.8632 102766276.2332
3656.9744 25678060047.5246
3657.0856 25671157619.8912
3657.1967 102820837.3586
3657.3079 25675882685.6023
3657.4191 25664597941.2558
3657.5303 101117990.3842
3657.6415 25676794077.3588
3657.7527 25666064512.5379
3657.8639 102075176.0648
3657.9751 25664475244.7612
3658.0862 25686071689.7203
3658.1974 102335080.0855
3658.3086 25670333136.8905
3658.4198 25668867947.8078
3658.5310 102425332.5039
3658.6422 25669197662.4177
3658.7534 25695450558.6890
3658.8646 102580121.2352
3658.9757 25667977459.7816
3659.0869 25705661014.6192
3659.1981 101731515.6474
3659.3093 25704230910.4955
3659.4205 25680256603.2717
3659.5317 101688175.2923
3659.6429 25682345951.9093
3659.7541 25683946099.9311
3659.8653 102624123.6157
3659.9764 25694015695.6440
3660.0876 25679694963.9421
3660.1988 102942263.9479
3660.3100 25672027037.5981
3660.4212 25699105507.2517
3660.5324 102402718.3830
3660.6436 25670809679.0009
3660.7548 25698288541.6482
3660.8659 102195785.7558
3660.9771 25690282821.4113
3661.0883 25690043187.8640
3661.1995 102016863.6513
3661.3107 25681283217.5228
3661.4219 25685189697.9331
3661.5331 101731048.9039
3661.6443 25691727370.4957
3661.7554 25696543847.8594
3661.8666 103083726.7917
3661.9778 25703397587.8692
3662.0890 25705604340.3565
3662.2002 103345487.5298
3662.3114 25692876612.7331
3662.4226 25681825778.5341
3662.5338 102031718.3360
3662.6450 25682145870.8333
3662.7561 25713977183.4787
3662.8673 102709728.3188
3662.9785 25692638585.2166
3663.0897 25715764705.7480
3663.2009 103267347.7827
3663.3121 25693679300.9831
3663.4233 25710279354.9887
3663.5345 102439579.8761
3663.6456 25705802760.8660
3663.7568 25704309975.1758
3663.8680 102107601.6563
3663.9792 25703757252.7953
3664.0904 25697772124.8697
3664.2016 103012297.6639
3664.3128 25709399311.9225
3664.4240 25707861379.5063
3664.5351 102871886.1278
3664.6463 25713607822.1450
3664.7575 25694717021.7846
3664.8687 101697404.4681
3664.9799 25712846685.1176
3665.0911 25699624512.1647
3665.2023 102548146.3731
3665.3135 25716580361.9655
3665.4247 25703697786.3810
3665.5358 102218885.6172
3665.6470 25723992627.5629
3665.7582 25705592046.3912
3665.8694 102584584.3710
3665.9806 25703264363.2298
3666.0918 25732557167.0476
3666.2030 102347309.7711
3666.3142 25689734444.1822
3666.4253 25724358383.6995
3666.5365 103083250.8398
3666.6477 25710260257.1415
3666.7589 25716018723.6382
3666.8701 102874665.6770
3666.9813 25721342221.9523
3667.0925 25704522092.4381
3667.2037 102105567.0171
3667.3148 25705269934.6171
3667.4260 25728074870.9824
3667.5372 102238693.0781
3667.6484 25723166440.9186
3667.7596 25718744334.1235
3667.8708 101955785.4646
3667.9820 25706784159.4996
3668.0932 25740846655.5932
3668.2044 102604164.5318
3668.3155 25723420759.7823
3668.4267 25720247669.1857
3668.5379 102552420.0422
3668.6491 25714313955.0831
3668.7603 25727617491.5121
3668.8715 102278580.1063
3668.9827 25719948557.8547
3669.0939 25725676656.1806
3669.2050 103033831.5117
3669.3162 25716538531.8104
3669.4274 25759465931.5818
3669.5386 103426736.9557
3669.6498 25732321547.5671
3669.7610 25730653442.6185
3669.8722 103108853.1229
3669.9834 25742669345.3216
3670.0946 25735478752.8893
3670.2057 103486024.8664
3670.3169 25760160925.3620
3670.4281 25694489013.9900
3670.5393 101917199.1051
3670.6505 25736470679.2324
3670.7617 25729204549.8393
3670.8729 102493078.7233
3670.9841 25747057581.3656
3671.0952 25701739553.4853
3671.2064 102828580.2062
3671.3176 25724393679.3253
3671.4288 25753170191.7142
3671.5400 103384753.6009
3671.6512 25723909155.0005
3671.7624 25746240652.3676
3671.8736 102752036.6424
3671.9847 25740590549.6465
3672.0959 25730023075.2948
3672.2071 102080576.2337
3672.3183 25760558402.2095
3672.4295 25736354151.4075
3672.5407 102261630.1468
3672.6519 25742578273.2599
3672.7631 25749164605.8832
3672.8743 102370510.5552
3672.9854 25743576661.9103
3673.0966 25738940122.1803
3673.2078 102804309.4766
3673.3190 25727358354.1331
3673.4302 25750951499.7677
3673.5414 102441067.5657
3673.6526 25741846940.8414
3673.7638 25750260640.4831
3673.8749 102291171.3368
3673.9861 25734382519.3659
3674.0973 25734242264.4655
3674.2085 102652014.0779
3674.3197 25753545899.0104
3674.4309 25749177128.5593
3674.5421 102943389.7121
3674.6533 25747126615.0692
3674.7644 25755431395.6480
3674.8756 102712553.2673
3674.9868 25761172918.1480
3675.0980 25758127768.1301
3675.2092 103099789.4976
3675.3204 25747491020.3828
3675.4316 25765985891.2557
3675.5428 102621264.7327
3675.6540 25761388219.1239
3675.7651 25766104363.8702
3675.8763 103467409.8307
3675.9875 25752134958.0344
3676.0987 25769274987.7751
3676.2099 102476413.6628
3676.3211 25760574747.9244
3676.4323 25760323020.8841
3676.5435 102397746.1438
3676.6546 25754403612.2919
3676.7658 25760149619.6107
3676.8770 102074540.7000
3676.9882 25759961672.3136
3677.0994 25769431652.8231
3677.2106 102551981.1705
3677.3218 25760854969.7813
3677.4330 25769134816.1200
3677.5441 102689148.0742
3677.6553 25776991118.2691
3677.7665 25764720762.9100
3677.8777 102747429.5074
3677.9889 25762331012.9817
3678.1001 25754587837.3069
3678.2113 103432859.6959
3678.3225 25741826889.2829
3678.4337 25778279908.3846
3678.5448 101962285.5337
3678.6560 25781365153.5814
3678.7672 25776333827.9418
3678.8784 102156055.4631
3678.9896 25755596110.9095
3679.1008 25785516782.0461
3679.2120 102850182.4668
3679.3232 25785253030.1113
3679.4343 25764189411.3100
3679.5455 102891022.4542
3679.6567 25771608806.1480
3679.7679 25771164196.5047
3679.8791 103134278.9814
3679.9903 25766628363.2101
3680.1015 25781305170.5297
3680.2127 102571455.2295
3680.3238 25786669651.8007
3680.4350 25788021813.6504
3680.5462 103149945.9851
3680.6574 25785814229.9069
3680.7686 25777876144.4691
3680.8798 102361274.7831
3680.9910 25783872876.0656
3681.1022 25797077994.4980
3681.2134 103145308.6019
3681.3245 25788014143.4455
3681.4357 25791287981.6577
3681.5469 102655180.4636
3681.6581 25790013217.9993
3681.7693 25778579269.5316
3681.8805 102166605.8077
3681.9917 25783205529.4681
3682.1029 25794454957.9162
3682.2140 102527141.9703
3682.3252 25787751506.7892
3682.4364 25776336539.3363
3682.5476 102198099.7071
3682.6588 25789831168.6037
3682.7700 25781901623.3775
3682.8812 103198130.6296
3682.9924 25771097087.2688
3683.1036 25794301262.0265
3683.2147 103199907.0416
3683.3259 25811217948.9148
3683.4371 25785365927.8093
3683.5483 102542134.0194
3683.6595 25801741310.6710
3683.7707 25791554368.5456
3683.8819 102609322.4038
3683.9931 25789373450.9353
3684.1042 25792907267.6987
3684.2154 102313708.9628
3684.3266 25806422044.5455
3684.4378 25800123405.0278
3684.5490 102886744.3959
3684.6602 25812716950.8441
3684.7714 25802942360.0917
3684.8826 103206903.9850
3684.9937 25818225300.8775
3685.1049 25771508910.0924
3685.2161 103289735.1282
3685.3273 25786028201.5009
3685.4385 25813045272.2539
3685.5497 103138959.9291
3685.6609 25800020979.6002
3685.7721 25819358369.0210
3685.8833 103549591.9017
3685.9944 25821570332.2085
3686.1056 25803382693.8342
3686.2168 102799598.8880
3686.3280 25796418286.0352
3686.4392 25804660465.7916
3686.5504 102460580.0821
3686.6616 25800960518.3551
3686.7728 25811824838.4940
3686.8839 102580058.4858
3686.9951 25819153117.0790
3687.1063 25800836425.7123
3687.2175 102594507.2812
3687.3287 25795591941.2076
3687.4399 25808561138.3037
3687.5511 102702012.7025
3687.6623 25812015623.1654
3687.7734 25810367815.7273
3687.8846 102824711.2194
3687.9958 25824271569.2136
3688.1070 25821459886.2186
3688.2182 102707051.9431
3688.3294 25811036649.8300
3688.4406 25802724025.9812
3688.5518 103603912.7582
3688.6630 25808369221.7865
3688.7741 25816898158.8976
3688.8853 102905654.6274
3688.9965 25821961419.1615
3689.1077 25814777484.2827
3689.2189 103079625.6959
3689.3301 25804490385.3450
3689.4413 25832186568.4001
3689.5525 103158254.0259
3689.6636 25802637400.9094
3689.7748 25820780288.2783
3689.8860 103304143.7783
3689.9972 25825352638.5659
3690.1084 25819123327.7701
3690.2196 103502631.2076
3690.3308 25832296011.3767
3690.4420 25816566831.9698
3690.5531 102693914.5229
3690.6643 25812632475.6567
3690.7755 25820394468.2835
3690.8867 103951886.6369
3690.9979 25824772733.9124
3691.1091 25840919305.1099
3691.2203 103337479.0571
3691.3315 25835028376.6064
3691.4427 25843613128.0130
3691.5538 102965815.2968
3691.6650 25850244934.6610
3691.7762 25819090336.2425
3691.8874 102969297.8199
3691.9986 25833969213.1942
3692.1098 25830261573.1292
3692.2210 103262309.4774
3692.3322 25828487308.9190
3692.4433 25836582320.8216
3692.5545 103439322.6993
3692.6657 25843785699.0974
3692.7769 25836511701.0596
3692.8881 102219167.5085
3692.9993 25826834390.2182
3693.1105 25840223689.0552
3693.2217 103220550.0182
3693.3328 25830103641.3145
3693.4440 25860724970.5828
3693.5552 102706756.7003
3693.6664 25851528304.4483
3693.7776 25851318743.3451
3693.8888 102673390.0632
3694.0000 25847188531.0731
3694.1112 25849284864.4286
3694.2224 102302948.5729
3694.3335 25837587596.9366
3694.4447 25858594996.3283
3694.5559 102180575.8582
3694.6671 25870395428.2016
3694.7783 25843033309.3807
3694.8895 103138873.8426
3695.0007 25855239305.0869
3695.1119 25853142891.1653
3695.2230 103495075.1028
3695.3342 25852988996.9426
3695.4454 25852737967.5359
3695.5566 103029167.1052
3695.6678 25840251555.6062
3695.7790 25850836977.8216
3695.8902 103301125.3004
3696.0014 25862918618.5947
3696.1126 25849393013.6769
3696.2237 102037188.9299
3696.3349 25883755754.6218
3696.4461 25850119869.5590
3696.5573 103151294.6855
3696.6685 25844459802.0742
3696.7797 25850325507.1125
3696.8909 103636726.5402
3697.0021 25851114286.2917
3697.1132 25861821126.7056
3697.2244 102692448.0460
3697.3356 25861023276.2532
3697.4468 25873299472.6314
3697.5580 102964908.6577
3697.6692 25864434280.0144
3697.7804 25866896916.5567
3697.8916 103399771.6545
3698.0027 25883865955.9592
3698.1139 25836467188.6162
3698.2251 102954856.3539
3698.3363 25853421216.6416
3698.4475 25860136549.9394
3698.5587 102521118.0328
3698.6699 25856634123.1464
3698.7811 25865217581.7019
3698.8923 102753846.9984
3699.0034 25855911098.6439
3699.1146 25868678722.3561
3699.2258 103436624.5185
3699.3370 25877570510.8066
3699.4482 25863992742.7599
3699.5594 102987632.0809
3699.6706 25855221806.2011
3699.7818 25866494321.0440
3699.8929 102553875.1131
3700.0041 25873334042.0913
3700.1153 25862518918.4553
3700.2265 102814214.6953
3700.3377 25871515866.4007
3700.4489 25867390175.6809
3700.5601 103500369.0102
3700.6713 25879345202.9432
3700.7824 25881804889.0398
3700.8936 103520444.3873
3701.0048 25872620371.9245
3701.1160 25864930808.6216
3701.2272 103398177.8677
3701.3384 25875748561.4893
3701.4496 25884242443.0694
3701.5608 102824802.4944
3701.6720 25884379498.3779
3701.7831 25886014246.5759
3701.8943 102982911.6314
3702.0055 25864826411.6610
3702.1167 25876587422.2912
3702.2279 102847537.2536
3702.3391 25884407192.2033
3702.4503 25875627703.8036
3702.5615 102276116.9237
3702.6726 25872731006.4874
3702.7838 25889489694.1647
3702.8950 103213340.6304
3703.0062 25873587944.0754
3703.1174 25899092545.4537
3703.2286 102889251.7493
3703.3398 25883213677.6095
3703.4510 25887468453.4927
3703.5621 102968458.5750
3703.6733 25881745679.3586
3703.7845 25902550719.9743
3703.8957 102410764.4817
3704.0069 25901854579.1490
3704.1181 25879825189.0508
3704.2293 102857350.8326
3704.3405 25890058385.3970
3704.4517 25893081688.0993
3704.5628 103442630.7786
3704.6740 25915843313.2091
3704.7852 25887104790.7385
3704.8964 104046783.3478
3705.0076 25902276467.9331
3705.1188 25896502966.7571
3705.2300 102584646.2997
3705.3412 25889573427.7464
3705.4523 25896098876.7434
3705.5635 103611433.2238
3705.6747 25896469245.6130
3705.7859 25885180275.7196
3705.8971 103038687.8831
3706.0083 25888087309.5905
3706.1195 25917780600.2483
3706.2307 102782891.2789
3706.3418 25899058080.7060
3706.4530 25920244956.5719
3706.5642 103718552.8571
3706.6754 25897437464.6331
3706.7866 25903078896.1517
3706.8978 104048155.6701
3707.0090 25897263011.9926
3707.1202 25920105024.3225
3707.2314 103505080.9598
3707.3425 25917342126.7860
3707.4537 25907675138.7312
3707.5649 103397515.7804
3707.6761 25905350069.8719
3707.7873 25907070657.0441
3707.8985 102634359.9071
3708.0097 25900825055.0251
3708.1209 25924117833.4967
3708.2320 104143265.3025
3708.3432 25927910645.7958
3708.4544 25911611679.5862
3708.5656 103179812.6370
3708.6768 25915555797.5192
3708.7880 25920507243.8930
3708.8992 102574015.0044
3709.0104 25924926363.5601
3709.1215 25923686652.3421
3709.2327 102984309.1344
3709.3439 25915353268.2397
3709.4551 25917453499.2085
3709.5663 102488564.0963
3709.6775 25931500100.0511
3709.7887 25915766862.3607
3709.8999 103040334.8009
3710.0111 25917877540.4970
3710.1222 25913730812.2064
3710.2334 103660458.0779
3710.3446 25914779226.6764
3710.4558 25917731911.2192
3710.5670 103539222.2629
3710.6782 25921435255.8626
3710.7894 25913954794.1748
3710.9006 103136390.6289
3711.0117 25935939010.7209
3711.1229 25916207733.6252
3711.2341 102875221.7022
3711.3453 25918464889.3836
3711.4565 25924137235.6677
3711.5677 103963491.1314
3711.6789 25920584282.2415
3711.7901 25924206393.9302
3711.9013 103278269.8686
3712.0124 25935201049.7745
3712.1236 25932732440.1015
3712.2348 103153519.0516
3712.3460 25920240928.1794
3712.4572 25939721326.1127
3712.5684 103397347.6566
3712.6796 25929650848.1386
3712.7908 25923151335.9084
3712.9019 103044880.4798
3713.0131 25923055579.0037
3713.1243 25944074093.7451
3713.2355 102981493.7088
3713.3467 25943926085.4456
3713.4579 25930541887.5581
3713.5691 103071241.9633
3713.6803 25943633760.5833
3713.7914 25932712011.4803
3713.9026 102273273.1139
3714.0138 25944508783.5053
3714.1250 25931296212.6335
3714.2362 103351332.2302
3714.3474 25943486272.2836
3714.4586 25936549964.2619
3714.5698 103770709.2774
3714.6810 25950581061.0627
3714.7921 25938347067.3183
3714.9033 103232451.1529
3715.0145 25936546770.3784
3715.1257 25934830804.9020
3715.2369 102833616.0958
3715.3481 25962754612.2230
3715.4593 25935941576.0452
3715.5705 103482027.2798
3715.6816 25942577731.6633
3715.7928 25946179885.0685
3715.9040 103039372.9460
3716.0152 25949991812.9678
3716.1264 25949320467.3403
3716.2376 102655365.5060
3716.3488 25957793077.3157
3716.4600 25954458944.2690
3716.5711 103439713.0301
3716.6823 25944690983.9405
3716.7935 25967132408.4920
3716.9047 104061393.7707
3717.0159 25951020801.6497
3717.1271 25952878966.2507
3717.2383 102813610.1878
3717.3495 25948423419.4537
3717.4607 25954351031.6755
3717.5718 103790036.6353
3717.6830 25980133447.5106
3717.7942 25949325636.9478
3717.9054 103602248.6328
3718.0166 25960146522.0817
3718.1278 25955090236.4515
3718.2390 103620230.7455
3718.3502 25964370011.8960
3718.4613 25963014838.2480
3718.5725 103611642.4709
3718.6837 25958641760.9051
3718.7949 25966258370.0984
3718.9061 103431914.2221
3719.0173 25950280792.8826
3719.1285 25980464898.7547
3719.2397 103221624.5824
3719.3508 25995914801.2781
3719.4620 25953571865.3894
3719.5732 103696475.8424
3719.6844 25971425988.4341
3719.7956 25961571875.0230
3719.9068 102839502.8553
3720.0180 25967846327.5649
3720.1292 25974408352.0365
3720.2404 103490785.6038
3720.3515 25974578609.0519
3720.4627 25978010667.8287
3720.5739 103278060.8265
3720.6851 25968302624.4428
3720.7963 25970588191.3651
3720.9075 104132832.9434
3721.0187 25969187632.1945
3721.1299 25961413514.9234
3721.2410 103574627.3459
3721.3522 25959223125.6645
3721.4634 25980188655.2635
3721.5746 103347753.2140
3721.6858 25966559835.5958
3721.7970 25969560035.5488
3721.9082 102735756.5355
3722.0194 25952829957.1403
3722.1305 25989541389.4096
3722.2417 103990919.9570
3722.3529 25997344452.8854
3722.4641 25987359187.4549
3722.5753 103389328.9322
3722.6865 25992353399.3179
3722.7977 25972147453.2235
3722.9089 103999046.3016
3723.0201 25979011360.9033
3723.1312 25983828844.7193
3723.2424 103367614.5554
3723.3536 25976552935.6430
3723.4648 25989246388.1629
3723.5760 103543506.8100
3723.6872 25992796617.8262
3723.7984 25996064799.7500
3723.9096 103643276.0545
3724.0207 25998216113.5357
3724.1319 25974313957.1689
3724.2431 103462174.0274
3724.3543 25985411598.9152
3724.4655 26000970282.0793
3724.5767 103758303.5595
3724.6879 25980532462.3172
3724.7991 25980238386.4539
3724.9103 103990240.9775
3725.0214 25998862299.2067
3725.1326 25982799894.6170
3725.2438 103881201.9107
3725.3550 26006401491.0632
3725.4662 25993945014.1651
3725.5774 102514768.1929
3725.6886 25994893741.7699
3725.7998 25999464997.3353
3725.9109 104195463.0635
3726.0221 25999583863.0539
3726.1333 25983268306.5222
3726.2445 103872692.4088
3726.3557 25995452504.9123
3726.4669 25983468474.8037
3726.5781 103626417.6437
3726.6893 26006324324.5986
3726.8004 26006461172.8396
3726.9116 103917124.7649
3727.0228 25983569394.7315
3727.1340 26006246518.7245
3727.2452 103648519.7402
3727.3564 25985787771.1939
3727.4676 26008675651.5448
3727.5788 103453262.6358
3727.6900 26000880339.4654
3727.8011 26012799753.3067
3727.9123 103451091.2213
3728.0235 26001186624.4432
3728.1347 26014803608.3750
3728.2459 103874661.5492
3728.3571 26006491389.8008
3728.4683 26023434192.1766
3728.5795 103509624.8261
3728.6906 26023178968.8704
3728.8018 26010271415.0544
3728.9130 104394738.3262
3729.0242 26006867709.4133
3729.1354 26021487658.1226
3729.2466 103565755.4453
3729.3578 26043888873.9185
3729.4690 26008881971.4207
3729.5801 103357562.1586
3729.6913 25999927569.1780
3729.8025 26020939467.7682
3729.9137 104289763.8103
3730.0249 26007433830.1927
3730.1361 26024446800.7068
3730.2473 103237601.5035
3730.3585 26036982129.8753
3730.4697 26018430281.3964
3730.5808 103629583.3895
3730.6920 26026765695.2247
3730.8032 26017207595.4737
3730.9144 104009973.2841
3731.0256 26019207638.7361
3731.1368 26016942208.3899
3731.2480 103667508.1114
3731.3592 26023410153.6598
3731.4703 26004893868.7360
3731.5815 103667749.6288
3731.6927 26031654752.6442
3731.8039 26030821975.4596
3731.9151 104430495.5056
3732.0263 26030777282.7822
3732.1375 26012947626.4277
3732.2487 103211999.5334
3732.3598 26027511266.9412
3732.4710 26028491942.8138
3732.5822 103757531.9390
3732.6934 26033120955.7452
3732.8046 26027704094.9422
3732.9158 103697714.8596
3733.0270 26035234155.5560
3733.1382 26029473557.0155
3733.2494 103559659.3526
3733.3605 26026377200.4021
3733.4717 26030817988.4482
3733.5829 104494792.9662
3733.6941 26031091654.4082
3733.8053 26037266386.8168
3733.9165 104298965.8353
3734.0277 26027771554.9540
3734.1389 26043853766.4316
3734.2500 103554986.7924
3734.3612 26022373171.4916
3734.4724 26058485774.3356
3734.5836 102822341.1347
3734.6948 26031306249.3489
3734.8060 26039801368.5333
3734.9172 103348269.8580
3735.0284 26045446450.9474
3735.1395 26021035299.3616
3735.2507 104403544.4660
3735.3619 26033049912.4604
3735.4731 26060830976.4331
3735.5843 103232137.9633
3735.6955 26059775708.2663
3735.8067 26049337410.8145
3735.9179 103651238.2915
3736.0291 26030303805.3652
3736.1402 26062287385.5056
3736.2514 103181527.4706
3736.3626 26048077365.8093
3736.4738 26052563055.3298
3736.5850 102803422.2261
3736.6962 26042290926.2130
3736.8074 26058690084.0133
3736.9186 103079719.5302
3737.0297 26039462675.5993
3737.1409 26055960865.5049
3737.2521 103866913.6611
3737.3633 26052228566.6819
3737.4745 26066643856.5733
3737.5857 104007238.1299
3737.6969 26065193445.4982
3737.8081 26047073939.2018
3737.9193 104049791.0406
3738.0304 26068266929.5868
3738.1416 26038828952.0019
3738.2528 104142520.1548
3738.3640 26040614625.5215
3738.4752 26065274235.8156
3738.5864 102899042.9990
3738.6976 26060499563.1455
3738.8088 26037158780.7000
3738.9199 103200431.3564
3739.0311 26054425965.2579
3739.1423 26060503607.6966
3739.2535 103039653.9957
3739.3647 26043441949.1204
3739.4759 26081944037.2996
3739.5871 103008065.3257
3739.6983 26073204669.9074
3739.8094 26065916810.3019
3739.9206 103586793.6595
3740.0318 26071355907.5102
3740.1430 26059644293.3544
3740.2542 103985764.0082
3740.3654 26065068716.8054
3740.4766 26083081836.4784
3740.5878 104109963.5660
3740.6990 26074891431.7246
3740.8101 26079580701.0103
3740.9213 104583618.0963
3741.0325 26066298955.8255
3741.1437 26066953891.2437
3741.2549 103356835.2453
3741.3661 26074840011.7086
3741.4773 26080016291.4790
3741.5885 103302395.6316
3741.6996 26074789114.7214
3741.8108 26084871382.7427
3741.9220 103407686.4204
3742.0332 26083863642.9603
3742.1444 26079288279.1470
3742.2556 103923735.9191
3742.3668 26081430586.4638
3742.4780 26090741937.3853
3742.5891 103630256.2145
3742.7003 26079208729.8339
3742.8115 26083279001.3362
3742.9227 103561049.9490
3743.0339 26092750967.2280
3743.1451 26068616245.0764
3743.2563 103599525.0112
3743.3675 26080578440.1193
3743.4787 26089007204.3062
3743.5898 103416165.6940
3743.7010 26093700971.8514
3743.8122 26082030439.1709
3743.9234 103706057.9285
3744.0346 26093032888.8028
3744.1458 26099311873.4881
3744.2570 104033169.2437
3744.3682 26097284132.9988
3744.4793 26074558636.6481
3744.5905 103986253.0328
3744.7017 26071922382.7943
3744.8129 26092678058.4732
3744.9241 103971774.9209
3745.0353 26077783461.2904
3745.1465 26111824303.6418
3745.2577 103459904.7157
3745.3688 26094706608.2960
3745.4800 26090877974.5840
3745.5912 104448408.1305
3745.7024 26095995124.8185
3745.8136 26088210257.9216
3745.9248 104735203.0634
3746.0360 26102983059.5613
3746.1472 26091417913.8952
3746.2584 104459446.7503
3746.3695 26106029298.7434
3746.4807 26092935404.8544
3746.5919 104772615.1625
3746.7031 26097706488.9619
3746.8143 26112725556.8792
3746.9255 103620685.9627
3747.0367 26100174342.1645
3747.1479 26108473748.1726
3747.2590 103695226.6603
3747.3702 26082615708.3479
3747.4814 26120965523.2326
3747.5926 103381723.3700
3747.7038 26097376191.6655
3747.8150 26114653842.1991
3747.9262 104177723.0579
3748.0374 26119097978.6007
3748.1485 26125238763.5509
3748.2597 103979631.3496
3748.3709 26118031691.7519
3748.4821 26105332837.0277
3748.5933 103811143.2362
3748.7045 26115217051.8373
3748.8157 26115344742.2476
3748.9269 103952518.2113
3749.0381 26108935924.7321
3749.1492 26105645295.1143
3749.2604 104572365.0397
3749.3716 26108861401.2917
3749.4828 26108134131.7053
3749.5940 105035319.5856
3749.7052 26113966753.2904
3749.8164 26127705204.5424
3749.9276 103551305.5217
3750.0387 26118063439.8911
3750.1499 26094147637.9107
3750.2611 103401282.3541
3750.3723 26133588501.2903
3750.4835 26110490887.9972
3750.5947 103755495.0882
3750.7059 26122359683.5328
3750.8171 26110743922.0385
3750.9282 104541423.7501
3751.0394 26120773604.6643
3751.1506 26124645071.6657
3751.2618 104568755.9788
3751.3730 26122101475.8608
3751.4842 26132035938.1641
3751.5954 103395782.2084
3751.7066 26124988162.2708
3751.8178 26132260460.5630
3751.9289 104740363.9839
3752.0401 26129491522.0870
3752.1513 26132649335.7661
3752.2625 105120706.2854
3752.3737 26129674864.2401
3752.4849 26130440763.1730
3752.5961 103713368.6856
3752.7073 26132400908.8923
3752.8184 26114240616.5148
3752.9296 103779893.5725
3753.0408 26135751513.9691
3753.1520 26112472349.5582
3753.2632 104910598.8987
3753.3744 26124946808.3753
3753.4856 26122034417.1205
3753.5968 104274464.0440
3753.7080 26120626942.7925
3753.8191 26147600850.4541
3753.9303 103331150.7343
3754.0415 26135988454.1136
3754.1527 26144427557.7532
3754.2639 104074877.9309
3754.3751 26142650404.0352
3754.4863 26148968585.0702
3754.5975 103810142.7775
3754.7086 26151263594.3846
3754.8198 26138977634.9454
3754.9310 104410027.7288
3755.0422 26138942627.5355
3755.1534 26140898358.1914
3755.2646 104743400.5599
3755.3758 26142375630.3350
3755.4870 26144090815.8182
3755.5981 104368983.2197
3755.7093 26136805128.2839
3755.8205 26156233914.9027
3755.9317 103576298.8661
3756.0429 26151235188.7115
3756.1541 26147821603.0597
3756.2653 104689848.3787
3756.3765 26159342746.2823
3756.4877 26140856860.8956
3756.5988 104266829.5882
3756.7100 26151963102.0838
3756.8212 26148298345.0067
3756.9324 105085806.4371
3757.0436 26168943435.1274
3757.1548 26144689391.2657
3757.2660 104296865.9421
3757.3772 26153664669.1776
3757.4883 26152613255.4667
3757.5995 104549376.5494
3757.7107 26162038568.5052
3757.8219 26146622427.4595
3757.9331 103556107.8951
3758.0443 26160893211.3665
3758.1555 26149712959.1837
3758.2667 104531335.5203
3758.3778 26167635313.5310
3758.4890 26163277509.5088
3758.6002 104215910.0550
3758.7114 26147663625.4564
3758.8226 26169110011.6659
3758.9338 104521956.4582
3759.0450 26151728202.3181
3759.1562 26144175929.4054
3759.2674 103734707.9660
3759.3785 26168695255.6200
3759.4897 26179055594.5585
3759.6009 104551628.4810
3759.7121 26178761972.5334
3759.8233 26151381205.1971
3759.9345 104804192.5629
3760.0457 26156706478.4350
3760.1569 26185637938.5819
3760.2680 104884939.4168
3760.3792 26176049921.5123
3760.4904 26170816706.6989
3760.6016 104416954.2199
3760.7128 26143854988.7346
3760.8240 26183185909.3039
3760.9352 104268397.7856
3761.0464 26194178149.5358
3761.1575 26168832640.4439
3761.2687 104673875.2217
3761.3799 26182650457.9617
3761.4911 26186803874.6502
3761.6023 104417818.6216
3761.7135 26167000193.3601
3761.8247 26171386978.0619
3761.9359 104509608.5512
3762.0471 26169919362.8935
3762.1582 26177657400.5088
3762.2694 104534199.0128
3762.3806 26165722303.7217
3762.4918 26181752474.2066
3762.6030 103801535.4488
3762.7142 26176099599.3379
3762.8254 26163242792.7433
3762.9366 105334341.0347
3763.0477 26186163381.8960
3763.1589 26175207254.8765
3763.2701 104044506.9566
3763.3813 26177722907.7969
3763.4925 26181308843.1260
3763.6037 104122702.7168
3763.7149 26170644250.8003
3763.8261 26188400280.4188
3763.9372 103902218.2762
3764.0484 26196568590.2863
3764.1596 26177266133.8843
3764.2708 103912397.6284
3764.3820 26177768192.5468
3764.4932 26203312394.7470
3764.6044 104107346.8893
3764.7156 26187447732.5625
3764.8268 26185610031.7191
3764.9379 104419491.0944
3765.0491 26181271576.0899
3765.1603 26185293727.4828
3765.2715 103870946.3158
3765.3827 26194144486.8108
3765.4939 26200705025.9942
3765.6051 104144596.1331
3765.7163 26186892548.1021
3765.8274 26197117440.2023
3765.9386 103809617.4804
3766.0498 26205896540.7479
3766.1610 26186645572.6250
3766.2722 104674389.5373
3766.3834 26201544407.1564
3766.4946 26191633503.2382
3766.6058 104518649.4319
3766.7170 26180444152.2564
3766.8281 26203009693.3916
3766.9393 103955413.2428
3767.0505 26214424285.0452
3767.1617 26205637704.5024
3767.2729 104221845.6882
3767.3841 26210933887.5702
3767.4953 26207287305.3414
3767.6065 104479734.9934
3767.7176 26208706305.8030
3767.8288 26198988468.0572
3767.9400 105094026.0806
3768.0512 26204647576.0773
3768.1624 26207100933.6293
3768.2736 104917002.4995
3768.3848 26205490514.5002
3768.4960 26203614433.6310
3768.6071 105214110.6540
3768.7183 26200071265.6156
3768.8295 26215097725.6099
3768.9407 104893717.0396
3769.0519 26212762073.7911
3769.1631 26193197457.9524
3769.2743 105344340.0174
3769.3855 26187103210.5420
3769.4967 26221171291.1263
3769.6078 104043360.4760
3769.7190 26204988745.0977
3769.8302 26216217226.0371
3769.9414 104171578.3399
3770.0526 26216902712.7429
3770.1638 26222090072.9731
3770.2750 104454810.2655
3770.3862 26234057046.9951
3770.4973 26218696708.2918
3770.6085 103827433.5028
3770.7197 26220670485.3406
3770.8309 26226411882.1730
3770.9421 104027183.7265
3771.0533 26224322421.2358
3771.1645 26222830803.4843
3771.2757 104781278.1633
3771.3868 26232620817.1235
3771.4980 26211698012.5880
3771.6092 104388615.9785
3771.7204 26231227172.0576
3771.8316 26231366429.2602
3771.9428 104166028.4389
3772.0540 26232539674.2057
3772.1652 26231069493.2279
3772.2764 104355935.7410
3772.3875 26218304566.2253
3772.4987 26232463622.4968
3772.6099 104646268.2902
3772.7211 26227092260.0456
3772.8323 26234791576.6432
3772.9435 105457884.7206
3773.0547 26224863585.3160
3773.1659 26249058033.7501
3773.2770 104022926.9981
3773.3882 26227757366.3974
3773.4994 26264149718.1890
3773.6106 104569862.2158
3773.7218 26237728686.1207
3773.8330 26233076718.2045
3773.9442 104571666.1979
3774.0554 26250897130.2773
3774.1665 26229321542.3519
3774.2777 104908377.4268
3774.3889 26248499959.8557
3774.5001 26235298098.9227
3774.6113 104867050.8714
3774.7225 26242322955.9588
3774.8337 26250078860.0792
3774.9449 104774274.2788
3775.0561 26233412687.5534
3775.1672 26266244741.9506
3775.2784 105083466.8045
3775.3896 26252519199.9800
3775.5008 26255476389.3265
3775.6120 104638335.6678
3775.7232 26247421262.1916
3775.8344 26241351726.1095
3775.9456 104280147.3027
3776.0567 26247915559.8135
3776.1679 26256161151.4690
3776.2791 104889333.4803
3776.3903 26268121185.3929
3776.5015 26236864909.6217
3776.6127 104423745.6114
3776.7239 26267657556.3020
3776.8351 26244631009.9989
3776.9462 105450972.7505
3777.0574 26256075313.8965
3777.1686 26244619461.4687
3777.2798 104940856.4267
3777.3910 26258504632.0225
3777.5022 26251748143.4702
3777.6134 104049084.0370
3777.7246 26264100521.1103
3777.8358 26256479219.1668
3777.9469 104210598.5004
3778.0581 26255073840.5133
3778.1693 26263411640.8217
3778.2805 104181999.5061
3778.3917 26270766477.1100
3778.5029 26268404710.3297
3778.6141 105067216.7268
3778.7253 26264192403.8460
3778.8364 26275843224.0924
3778.9476 103677562.9257
3779.0588 26278487108.6566
3779.1700 26260013745.2843
3779.2812 105408240.9154
3779.3924 26262468497.7427
3779.5036 26263544444.0333
3779.6148 105067166.2967
3779.7259 26274610113.3815
3779.8371 26254287579.3397
3779.9483 104824256.0134
3780.0595 26266583393.3052
3780.1707 26270018742.3254
3780.2819 104884224.6633
3780.3931 26272746443.3516
3780.5043 26273039882.4516
3780.6155 104661466.8319
3780.7266 26280146809.5506
3780.8378 26271419250.1598
3780.9490 104405069.8813
3781.0602 26268907234.3396
3781.1714 26280624070.3920
3781.2826 104689525.5252
3781.3938 26298678782.4150
3781.5050 26269630483.3461
3781.6161 105380794.7062
3781.7273 26258279537.2653
3781.8385 26295640719.5457
3781.9497 105056711.0713
3782.0609 26271670967.9656
3782.1721 26284155252.7522
3782.2833 104885021.7231
3782.3945 26283385928.5587
3782.5057 26275492141.0604
3782.6168 104440472.3878
3782.7280 26290489512.0316
3782.8392 26290105998.5708
3782.9504 104262275.2018
3783.0616 26293002004.8743
3783.1728 26270405252.7539
3783.2840 104323230.2208
3783.3952 26285262307.6018
3783.5063 26279034684.0213
3783.6175 104521140.0875
3783.7287 26294984032.0102
3783.8399 26289581776.1824
3783.9511 104561296.2942
3784.0623 26293823846.5508
3784.1735 26282019350.2576
3784.2847 103633563.4922
3784.3958 26293308099.8700
3784.5070 26294917354.9495
3784.6182 105558051.7951
3784.7294 26301966342.5385
3784.8406 26283572042.8851
3784.9518 105104024.6259
3785.0630 26295501271.8522
3785.1742 26300786602.2956
3785.2854 104495597.6611
3785.3965 26308192384.6627
3785.5077 26282787726.0988
3785.6189 104598251.1871
3785.7301 26286619718.3809
3785.8413 26299955407.0033
3785.9525 105042969.0551
3786.0637 26291584047.2205
3786.1749 26320496500.2795
3786.2860 104898298.2668
3786.3972 26293605470.7151
3786.5084 26311679209.9705
3786.6196 104900377.8751
3786.7308 26302102268.5385
3786.8420 26311556815.2054
3786.9532 105165556.6281
3787.0644 26315940903.1295
3787.1755 26314843775.7976
3787.2867 103773358.2844
3787.3979 26312214943.7996
3787.5091 26308158318.2934
3787.6203 105425895.8664
3787.7315 26308413536.3159
3787.8427 26313395374.9933
3787.9539 104345753.9701
3788.0651 26319839259.2955
3788.1762 26302640774.8628
3788.2874 105016605.7895
3788.3986 26312702304.7331
3788.5098 26321040868.8393
3788.6210 104593480.5825
3788.7322 26334885645.4006
3788.8434 26299489599.5379
3788.9546 104728449.9665
3789.0657 26314603606.0398
3789.1769 26319011794.6952
3789.2881 105070087.0575
3789.3993 26311770666.2296
3789.5105 26337525660.1792
3789.6217 105063722.9433
3789.7329 26326069221.2876
3789.8441 26315136067.9047
3789.9552 103828153.6899
3790.0664 26314558326.1320
3790.1776 26342460658.6537
3790.2888 104062414.4581
3790.4000 26334347675.9412
3790.5112 26326956755.1559
3790.6224 104746245.5355
3790.7336 26338559348.1065
3790.8448 26319378569.2029
3790.9559 105947396.6255
3791.0671 26333062213.8859
3791.1783 26349618231.1288
3791.2895 105335512.3142
3791.4007 26316638486.8006
3791.5119 26333548303.1195
3791.6231 104256775.8705
3791.7343 26329971387.7102
3791.8454 26338098365.0041
3791.9566 105422163.1845
3792.0678 26344623570.8190
3792.1790 26317559849.1314
3792.2902 104869224.6072
3792.4014 26321657738.6820
3792.5126 26348175551.6369
3792.6238 104517399.1264
3792.7349 26354666350.4379
3792.8461 26335180949.1890
3792.9573 104377613.9853
3793.0685 26334087206.7119
3793.1797 26349341278.3411
3793.2909 106078201.9201
3793.4021 26339936327.2465
3793.5133 26338189752.3831
3793.6245 104330250.8886
3793.7356 26338739007.0549
3793.8468 26358726055.1573
3793.9580 105608387.2006
3794.0692 26353052822.6817
3794.1804 26336896349.5605
3794.2916 105253482.7661
3794.4028 26313438943.2504
3794.5140 26367488782.2986
3794.6251 104282481.4036
3794.7363 26348863510.6535
3794.8475 26345255647.4332
3794.9587 105419453.8233
3795.0699 26343568517.6180
3795.1811 26345032254.5780
3795.2923 104166142.6064
3795.4035 26368962405.2578
3795.5147 26343420542.4440
3795.6258 105148678.0045
3795.7370 26361275647.1067
3795.8482 26346072345.4825
3795.9594 104857302.1384
3796.0706 26343485855.6177
3796.1818 26363440880.7298
3796.2930 105284121.5035
3796.4042 26364275334.0202
3796.5153 26349287275.7164
3796.6265 104591493.3803
3796.7377 26346561308.1144
3796.8489 26346984387.9139
3796.9601 104500060.3070
3797.0713 26337298643.7954
3797.1825 26373439435.9979
3797.2937 104848052.7732
3797.4048 26359174064.1495
3797.5160 26355931540.0396
3797.6272 104182847.9630
3797.7384 26360989081.0249
3797.8496 26357556886.2620
3797.9608 104710477.7516
3798.0720 26364690666.2603
3798.1832 26372274289.3142
3798.2944 104938030.2248
3798.4055 26377579925.6176
3798.5167 26360862098.8501
3798.6279 105423298.5116
3798.7391 26366209836.9664
3798.8503 26364873398.5879
3798.9615 104936912.6739
3799.0727 26375783326.9666
3799.1839 26379877457.9412
3799.2950 105405272.4136
3799.4062 26373069316.6375
3799.5174 26353388753.7163
3799.6286 105325411.6030
3799.7398 26372532135.2888
3799.8510 26375898638.2827
3799.9622 104935939.7729
3800.0734 26388171140.5147
3800.1845 26380295295.1252
3800.2957 105385498.0117
3800.4069 26367478747.4160
3800.5181 26397010909.3968
3800.6293 104812686.3039
3800.7405 26378539213.9978
3800.8517 26389919013.3006
3800.9629 105388067.6280
3801.0741 26396958937.0546
3801.1852 26379143051.7127
3801.2964 104583464.1935
3801.4076 26387785742.8969
3801.5188 26383881612.7368
3801.6300 104798828.4826
3801.7412 26375729772.8407
3801.8524 26379606498.4172
3801.9636 105588998.0187
3802.0747 26393544659.9881
3802.1859 26376819697.9264
3802.2971 104935549.3836
3802.4083 26381752077.1643
3802.5195 26400376089.4595
3802.6307 105760473.0555
3802.7419 26395716986.6512
3802.8531 26391502565.2535
3802.9642 105097257.1987
3803.0754 26387999243.5318
3803.1866 26401663700.8372
3803.2978 105539332.2269
3803.4090 26378673608.3504
3803.5202 26389937464.7905
3803.6314 105438261.0462
3803.7426 26402632915.4700
3803.8538 26393143974.4667
3803.9649 104488215.3664
3804.0761 26380107260.6168
3804.1873 26390985614.3410
3804.2985 104776830.9705
3804.4097 26387577445.9660
3804.5209 26407424759.9397
3804.6321 105284134.3366
3804.7433 26399795189.0600
3804.8544 26401682008.0434
3804.9656 104714980.4228
3805.0768 26414244755.3866
3805.1880 26413709569.2036
3805.2992 105264529.8875
3805.4104 26402234548.5516
3805.5216 26420288279.9624
3805.6328 104612587.2033
3805.7439 26404781674.6268
3805.8551 26405108379.2547
3805.9663 105263931.8605
3806.0775 26415301177.0685
3806.1887 26396304987.0366
3806.2999 105576560.9781
3806.4111 26412842852.4770
3806.5223 26401167920.8043
3806.6335 105120876.2411
3806.7446 26416317976.6305
3806.8558 26397157007.4654
3806.9670 105734646.6943
3807.0782 26419831142.3886
3807.1894 26421662056.0300
3807.3006 105083465.6627
3807.4118 26437471789.7904
3807.5230 26401662685.8072
3807.6341 104786278.1293
3807.7453 26412554867.6513
3807.8565 26414748315.2452
3807.9677 104411508.8823
3808.0789 26410667090.3269
3808.1901 26424466420.8882
3808.3013 104288882.6038
3808.4125 26405093944.8744
3808.5237 26422252262.9325
3808.6348 105459604.2840
3808.7460 26429102587.9599
3808.8572 26419469254.8584
3808.9684 104878983.1562
3809.0796 26424663060.4245
3809.1908 26416206547.2233
3809.3020 105512725.1466
3809.4132 26433884576.4755
3809.5243 26423142505.4969
3809.6355 105587795.8104
3809.7467 26446939592.2741
3809.8579 26433949001.2233
3809.9691 106128784.6925
3810.0803 26437702296.4912
3810.1915 26422958823.0120
3810.3027 105082938.8726
3810.4138 26441045366.4767
3810.5250 26429627486.4087
3810.6362 106199639.7212
3810.7474 26427686123.9624
3810.8586 26418135941.4366
3810.9698 105372148.2396
3811.0810 26447248830.7934
3811.1922 26436817700.2685
3811.3034 104531079.3154
3811.4145 26422370751.5730
3811.5257 26447487519.2965
3811.6369 105413614.2978
3811.7481 26428210847.1178
3811.8593 26439912128.6819
3811.9705 104856521.2872
3812.0817 26429278422.9300
3812.1929 26436978056.3511
3812.3040 105327466.0308
3812.4152 26443405376.3239
3812.5264 26449595399.3495
3812.6376 104912345.2058
3812.7488 26431280528.8659
3812.8600 26444010654.8071
3812.9712 104796892.3894
3813.0824 26442844756.1412
3813.1935 26447521037.5362
3813.3047 106121493.5951
3813.4159 26441886279.4702
3813.5271 26447480772.8963
3813.6383 105468664.8985
3813.7495 26457153505.9922
3813.8607 26453654102.1429
3813.9719 105611376.9011
3814.0831 26470893178.0340
3814.1942 26421993420.8297
3814.3054 104768539.6446
3814.4166 26473734849.0118
3814.5278 26440037305.1148
3814.6390 105576030.1813
3814.7502 26449507206.6143
3814.8614 26459462942.6535
3814.9726 105871196.6211
3815.0837 26459969401.1526
3815.1949 26478318805.8066
3815.3061 105550235.2509
3815.4173 26451023909.1631
3815.5285 26474157125.1431
3815.6397 105864365.3793
3815.7509 26485936393.1051
3815.8621 26457673651.9176
3815.9732 105913459.5808
3816.0844 26455817546.1077
3816.1956 26456334404.5808
3816.3068 105258574.2807
3816.4180 26469228189.4650
3816.5292 26462084095.4411
3816.6404 104816412.4423
3816.7516 26460551903.1500
3816.8628 26471601856.3114
3816.9739 104495211.1928
3817.0851 26465716280.2246
3817.1963 26460372395.6760
3817.3075 105202772.3571
3817.4187 26479553957.5164
3817.5299 26467051915.8489
3817.6411 106229263.3312
3817.7523 26464954126.8743
3817.8634 26458437859.4245
3817.9746 105549700.9751
3818.0858 26477580592.9770
3818.1970 26455637912.6057
3818.3082 105139909.7017
3818.4194 26471877521.0242
3818.5306 26468633265.8415
3818.6418 104864391.6528
3818.7529 26475269546.9779
3818.8641 26469103296.0901
3818.9753 105773730.9636
3819.0865 26453793939.7686
3819.1977 26492765713.9493
3819.3089 106248893.2834
3819.4201 26473130094.5889
3819.5313 26480118230.7007
3819.6425 105359594.8894
3819.7536 26470373307.9452
3819.8648 26487386610.2859
3819.9760 105441664.2246
3820.0872 26485243183.0923
3820.1984 26477883965.3051
3820.3096 106280015.1463
3820.4208 26489918478.6664
3820.5320 26496768154.1038
3820.6431 106132328.2224
3820.7543 26477568727.4280
3820.8655 26500853887.0075
3820.9767 105803426.9996
3821.0879 26499166315.6629
3821.1991 26486542057.7077
3821.3103 105359842.8670
3821.4215 26474435915.4321
3821.5326 26486062974.9198
3821.6438 106189262.1803
3821.7550 26500898445.0624
3821.8662 26482126407.9614
3821.9774 105275907.6035
3822.0886 26494483835.1498
3822.1998 26511567792.0339
3822.3110 106258873.7052
3822.4222 26476549715.0758
3822.5333 26512747844.9255
3822.6445 105857288.5071
3822.7557 26502292945.2267
3822.8669 26498908606.1262
3822.9781 106205459.9677
3823.0893 26514570472.5917
3823.2005 26505636493.5783
3823.3117 105037371.2580
3823.4228 26504038310.7677
3823.5340 26521227643.2274
3823.6452 105995251.2227
3823.7564 26505279454.7385
3823.8676 26504237083.2658
3823.9788 105772976.3031
3824.0900 26508263287.6892
3824.2012 26515940904.1372
3824.3124 105435681.3062
3824.4235 26506868466.8978
3824.5347 26497631146.7345
3824.6459 105969716.0484
3824.7571 26493035549.4710
3824.8683 26515349248.5713
3824.9795 104591449.4848
3825.0907 26518401684.6295
3825.2019 26526822032.0804
3825.3130 104847039.2050
3825.4242 26516375067.7100
3825.5354 26516144299.7086
3825.6466 105218670.7880
3825.7578 26507846025.6670
3825.8690 26514263894.3392
3825.9802 105430066.3354
3826.0914 26524589721.7002
3826.2025 26511401043.7753
3826.3137 105706030.4011
3826.4249 26519913452.4418
3826.5361 26531074522.1633
3826.6473 105612395.1897
3826.7585 26520694902.2363
3826.8697 26516391110.6981
3826.9809 105479419.4858
3827.0921 26526890602.0870
3827.2032 26522280264.9101
3827.3144 105358350.5975
3827.4256 26526502580.7655
3827.5368 26528406567.2895
3827.6480 106078795.6296
3827.7592 26522761761.9523
3827.8704 26521243240.1269
3827.9816 104768503.4441
3828.0927 26542781777.1947
3828.2039 26521209510.9865
3828.3151 105776536.1921
3828.4263 26504027614.4414
3828.5375 26551164941.8402
3828.6487 105334015.0096
3828.7599 26541432837.8759
3828.8711 26518824408.2137
3828.9822 105386007.4500
3829.0934 26530706504.0019
3829.2046 26537477009.6070
3829.3158 104863042.3287
3829.4270 26523131914.5982
3829.5382 26552410592.5969
3829.6494 105534188.6672
3829.7606 26532720840.0570
3829.8718 26541238189.0020
3829.9829 105596753.7980
3830.0941 26528401465.6992
3830.2053 26543095438.9265
3830.3165 106317314.9720
3830.4277 26533644428.1020
3830.5389 26538646983.1461
3830.6501 105034281.7698
3830.7613 26540309883.9896
3830.8724 26556922702.6128
3830.9836 105826024.7183
3831.0948 26539860146.7620
3831.2060 26532026140.1169
3831.3172 105436930.6718
3831.4284 26542433654.1501
3831.5396 26559971232.9975
3831.6508 105908721.4242
3831.7619 26545322684.4653
3831.8731 26553686146.2513
3831.9843 105900430.7211
3832.0955 26544707953.6574
3832.2067 26567756571.9915
3832.3179 105313357.2770
3832.4291 26560221137.8289
3832.5403 26566774696.3728
3832.6515 105683138.4326
3832.7626 26561022369.8156
3832.8738 26562846286.2568
3832.9850 105295550.6603
3833.0962 26551718883.0267
3833.2074 26549842270.8108
3833.3186 105830315.0288
3833.4298 26565183803.0884
3833.5410 26563425665.7893
3833.6521 105546580.4511
3833.7633 26555579323.9627
3833.8745 26565143611.2514
3833.9857 105708105.0401
3834.0969 26573873955.1739
3834.2081 26556725153.2797
3834.3193 106211605.3393
3834.4305 26566211935.8601
3834.5416 26570341628.7792
3834.6528 105644014.1094
3834.7640 26573662037.0389
3834.8752 26560170862.3115
3834.9864 106297735.9153
3835.0976 26566034341.2858
3835.2088 26561905553.3452
3835.3200 106145829.9315
3835.4312 26550269776.3025
3835.5423 26574578641.4964
3835.6535 105857184.6221
3835.7647 26580687291.5707
3835.8759 26570285852.8678
3835.9871 105674125.8714
3836.0983 26586105162.9432
3836.2095 26572320776.6682
3836.3207 104768971.7502
3836.4318 26587098865.0726
3836.5430 26564101773.9440
3836.6542 105454726.3809
3836.7654 26586791241.6152
3836.8766 26562770248.6121
3836.9878 105550381.8775
3837.0990 26570526092.3118
3837.2102 26572191753.1512
3837.3214 106258561.7993
3837.4325 26588188503.0809
3837.5437 26584097724.4674
3837.6549 106305294.5366
3837.7661 26592124711.4569
3837.8773 26560410405.6809
3837.9885 105770470.6130
3838.0997 26576064657.7814
3838.2109 26572396753.8227
3838.3220 106548961.3308
3838.4332 26567181032.6536
3838.5444 26602864950.0566
3838.6556 106192661.9953
3838.7668 26586977006.2389
3838.8780 26571791842.9106
3838.9892 105635036.2070
3839.1004 26586526257.2566
3839.2115 26597562938.4245
3839.3227 106320606.1668
3839.4339 26591503845.5740
3839.5451 26606013712.8367
3839.6563 105657911.4630
3839.7675 26587077349.4033
3839.8787 26600036767.1780
3839.9899 106106145.1635
3840.1011 26604924389.9787
3840.2122 26598177934.3482
3840.3234 105801581.1819
3840.4346 26614864711.8605
3840.5458 26575980077.5660
3840.6570 106457818.9907
3840.7682 26595471674.5224
3840.8794 26586407981.8682
3840.9906 106071050.2692
3841.1017 26578640398.4341
3841.2129 26606820288.6027
3841.3241 106071697.2790
3841.4353 26604858363.8036
3841.5465 26600995381.0886
3841.6577 105608935.7272
3841.7689 26612944105.8148
3841.8801 26591739986.4336
3841.9912 105616825.3454
3842.1024 26612268655.2738
3842.2136 26600215317.7836
3842.3248 105607692.5895
3842.4360 26592368679.3262
3842.5472 26604156683.9182
3842.6584 105766825.0050
3842.7696 26612209513.9832
3842.8808 26591744403.9713
3842.9919 106304731.4744
3843.1031 26602053186.5545
3843.2143 26617352596.6563
3843.3255 106707609.0815
3843.4367 26607370003.4159
3843.5479 26609043639.7341
3843.6591 106393801.1395
3843.7703 26617408827.0461
3843.8814 26616745899.6547
3843.9926 106170282.3257
3844.1038 26612623169.5788
3844.2150 26621871717.8482
3844.3262 106570048.7669
3844.4374 26605344320.1365
3844.5486 26614501144.7796
3844.6598 107034218.4980
3844.7709 26613319920.9281
3844.8821 26632605694.9851
3844.9933 106613878.4157
3845.1045 26612924300.2215
3845.2157 26633274928.4441
3845.3269 106101294.4462
3845.4381 26631587942.6151
3845.5493 26621994660.9343
3845.6605 106171499.0813
3845.7716 26629859529.8055
3845.8828 26617526649.8898
3845.9940 105539492.0946
3846.1052 26636580688.9152
3846.2164 26633033242.3974
3846.3276 106525552.2266
3846.4388 26645644856.2001
3846.5500 26632619321.8355
3846.6611 105666078.0191
3846.7723 26638979933.4404
3846.8835 26621484900.4634
3846.9947 105341869.8039
3847.1059 26640773677.3858
3847.2171 26603244881.4441
3847.3283 105987013.1760
3847.4395 26616964411.8579
3847.5506 26653580346.3262
3847.6618 106297284.6421
3847.7730 26644406667.6142
3847.8842 26644709713.8403
3847.9954 106395470.2396
3848.1066 26633085093.0926
3848.2178 26638579977.2681
3848.3290 106190253.3208
3848.4402 26648406885.2421
3848.5513 26640044715.3105
3848.6625 105640592.0312
3848.7737 26638456890.4163
3848.8849 26645518482.4217
3848.9961 104953453.1255
3849.1073 26630144675.1986
3849.2185 26656862004.9105
3849.3297 106592255.6024
3849.4408 26644807074.3911
3849.5520 26652850845.8542
3849.6632 105943323.2243
3849.7744 26645050546.6018
3849.8856 26669350147.5601
3849.9968 106546054.2519
3850.1080 26640868452.3205
3850.2192 26668521253.9549
3850.3304 105610694.5954
3850.4415 26650174122.8608
3850.5527 26651491321.5792
3850.6639 105263885.3760
3850.7751 26642804131.1849
3850.8863 26648950633.6464
3850.9975 105820266.1371
3851.1087 26660423615.9923
3851.2199 26654516872.2458
3851.3310 106231827.9301
3851.4422 26645050307.3207
3851.5534 26679068529.2586
3851.6646 105615886.9421
3851.7758 26660762078.0394
3851.8870 26660648614.8304
3851.9982 106541219.7272
3852.1094 26684817372.2733
3852.2205 26669278699.2162
3852.3317 106545356.3568
3852.4429 26684129578.5876
3852.5541 26654812306.1960
3852.6653 105785389.2232
3852.7765 26656567677.4341
3852.8877 26667088867.2913
3852.9989 106359582.1834
3853.1101 26669883929.1891
3853.2212 26655841782.6767
3853.3324 106673756.1454
3853.4436 26672651927.9820
3853.5548 26656630431.1325
3853.6660 106462949.6611
3853.7772 26674536086.2441
3853.8884 26679372963.9743
3853.9996 106064931.4262
3854.1107 26696290488.8224
3854.2219 26657213237.6121
3854.3331 107192709.9832
3854.4443 26663961711.0466
3854.5555 26673321743.9303
3854.6667 105882178.6765
3854.7779 26674039906.6802
3854.8891 26678695598.9621
3855.0002 105915433.3020
3855.1114 26671404181.4633
3855.2226 26677142401.8084
3855.3338 106282114.6758
3855.4450 26679901838.0079
3855.5562 26677235012.4162
3855.6674 106771250.8097
3855.7786 26682826769.3597
3855.8898 26686367269.7333
3856.0009 106456363.8132
3856.1121 26699173112.2014
3856.2233 26688169902.2619
3856.3345 106165816.8504
3856.4457 26682602378.1790
3856.5569 26694287507.8048
3856.6681 106396761.9143
3856.7793 26688273228.9824
3856.8904 26680971633.3553
3857.0016 105880325.3288
3857.1128 26690593303.4562
3857.2240 26681756807.3271
3857.3352 106261578.2767
3857.4464 26699896666.8322
3857.5576 26693490620.1347
3857.6688 105641443.8643
3857.7799 26715472101.9098
3857.8911 26667629574.1097
3858.0023 105292632.5710
3858.1135 26693459601.9329
3858.2247 26696183837.3864
3858.3359 106415357.6191
3858.4471 26693268292.5572
3858.5583 26688090205.0217
3858.6695 106476751.9736
3858.7806 26688560484.7417
3858.8918 26702266619.1869
3859.0030 106597128.8813
3859.1142 26705769725.1033
3859.2254 26697957661.3745
3859.3366 106688735.4290
3859.4478 26706038250.4382
3859.5590 26695526939.9975
3859.6701 106411723.9260
3859.7813 26693538990.0999
3859.8925 26686333871.0392
3860.0037 107226380.9754
3860.1149 26689546558.8965
3860.2261 26693692382.9165
3860.3373 106217714.3229
3860.4485 26693118280.7636
3860.5596 26725008336.5468
3860.6708 106370003.3259
3860.7820 26704269386.6902
3860.8932 26717335938.8858
3861.0044 106307284.7695
3861.1156 26708336617.8088
3861.2268 26709585285.4578
3861.3380 105968299.3302
3861.4492 26710047944.7472
3861.5603 26718610097.5914
3861.6715 106694756.9268
3861.7827 26717796692.1738
3861.8939 26723119115.3888
3862.0051 106326668.7976
3862.1163 26716605548.9281
3862.2275 26715223050.8805
3862.3387 105371510.8502
3862.4498 26708815115.2345
3862.5610 26739574042.4861
3862.6722 105913957.3724
3862.7834 26735548799.9046
3862.8946 26718621064.8658
3863.0058 107075755.8611
3863.1170 26735616022.5099
3863.2282 26696663327.5182
3863.3393 106725331.8783
3863.4505 26714519096.7805
3863.5617 26719625744.9629
3863.6729 105937770.0833
3863.7841 26724395560.2817
3863.8953 26731556515.1936
3864.0065 107237787.4593
3864.1177 26718555264.4320
3864.2289 26735614445.0407
3864.3400 106192155.8073
3864.4512 26735309645.8878
3864.5624 26716614081.7051
3864.6736 106904336.0261
3864.7848 26730172116.5404
3864.8960 26718660097.4261
3865.0072 105634636.9318
3865.1184 26738764402.7180
3865.2295 26724704712.1047
3865.3407 106296640.5855
3865.4519 26717969624.2021
3865.5631 26744725569.5296
3865.6743 106144707.5445
3865.7855 26724508887.5829
3865.8967 26731169596.7467
3866.0079 107303161.5928
3866.1191 26726148850.3560
3866.2302 26758204734.4170
3866.3414 106653538.6211
3866.4526 26748610960.2025
3866.5638 26749085669.4977
3866.6750 106796627.3746
3866.7862 26732853821.8160
3866.8974 26756842558.6937
3867.0086 105961891.1314
3867.1197 26740629590.6755
3867.2309 26759257213.5373
3867.3421 106702321.0840
3867.4533 26740538283.7822
3867.5645 26761682284.8047
3867.6757 105593487.5376
3867.7869 26755720648.7617
3867.8981 26751703104.2174
3868.0092 106745389.8528
3868.1204 26761446052.0652
3868.2316 26750426886.5164
3868.3428 106955682.0954
3868.4540 26749568793.2244
3868.5652 26763202046.7126
3868.6764 106618060.6988
3868.7876 26758846423.5677
3868.8988 26748220174.9183
3869.0099 106451290.6144
3869.1211 26754203185.0103
3869.2323 26771655643.8805
3869.3435 106861270.9932
3869.4547 26753142233.9873
3869.5659 26759974553.1637
3869.6771 106350347.9226
3869.7883 26758131472.0582
3869.8994 26775370626.7854
3870.0106 107012573.1932
3870.1218 26782792458.6880
3870.2330 26764465970.7706
3870.3442 106849974.0433
3870.4554 26772198588.5707
3870.5666 26763041979.9760
3870.6778 106341850.7012
3870.7889 26765607347.5323
3870.9001 26779627199.5813
3871.0113 105917249.9579
3871.1225 26764037297.1890
3871.2337 26768361508.9273
3871.3449 107259852.0207
3871.4561 26767213711.4782
3871.5673 26780704226.5007
3871.6785 106361915.2013
3871.7896 26770825288.0321
3871.9008 26783712574.2940
3872.0120 107587499.2838
3872.1232 26776240270.5416
3872.2344 26773166939.7198
3872.3456 106718898.2981
3872.4568 26778289780.9884
3872.5680 26759617370.3716
3872.6791 106381697.8318
3872.7903 26780292727.5333
3872.9015 26782858532.4873
3873.0127 106944458.1082
3873.1239 26769732698.5841
3873.2351 26796045678.8519
3873.3463 106112950.1697
3873.4575 26785641495.2077
3873.5686 26780959632.1505
3873.6798 106959236.9975
3873.7910 26782775446.1983
3873.9022 26800191964.0099
3874.0134 106955620.7513
3874.1246 26802342121.2173
3874.2358 26790789273.4975
3874.3470 106713820.4791
3874.4582 26791996944.4095
3874.5693 26784762474.9133
3874.6805 106788068.5777
3874.7917 26795543488.2588
3874.9029 26773667823.5739
3875.0141 107383347.9790
3875.1253 26794589409.6595
3875.2365 26785614341.7362
3875.3477 107003424.5016
3875.4588 26791187359.0318
3875.5700 26817968415.6233
3875.6812 106306331.9558
3875.7924 26799921520.6685
3875.9036 26796557988.0746
3876.0148 107290911.5633
3876.1260 26814199931.2584
3876.2372 26784080859.0184
3876.3483 107345249.2511
3876.4595 26805289714.1301
3876.5707 26805611058.8330
3876.6819 106849923.5243
3876.7931 26803870453.0386
3876.9043 26782131682.2839
3877.0155 106964041.1700
3877.1267 26796989091.7874
3877.2379 26798574633.7208
3877.3490 106851653.2438
3877.4602 26787346707.7841
3877.5714 26820051962.0111
3877.6826 107114836.6658
3877.7938 26822633257.7673
3877.9050 26818115247.7571
3878.0162 105943097.9941
3878.1274 26823229293.2580
3878.2385 26808206943.0038
3878.3497 105476589.8997
3878.4609 26800465504.1972
3878.5721 26806573776.4916
3878.6833 107160583.6224
3878.7945 26807757115.7425
3878.9057 26821361128.0608
3879.0169 107183082.4680
3879.1281 26828914438.8050
3879.2392 26805453588.7829
3879.3504 106516200.6278
3879.4616 26811751697.1260
3879.5728 26824143297.8673
3879.6840 107333135.9550
3879.7952 26813798516.6613
3879.9064 26824069448.1923
3880.0176 106681499.2564
3880.1287 26818129758.5958
3880.2399 26828067970.1224
3880.3511 107020008.4435
3880.4623 26813749926.0255
3880.5735 26822227698.0049
3880.6847 106931467.7238
3880.7959 26830298204.9803
3880.9071 26809991070.5673
3881.0182 106188789.7833
3881.1294 26816671266.9997
3881.2406 26834185183.1575
3881.3518 106976519.8634
3881.4630 26828925636.0296
3881.5742 26828326192.9680
3881.6854 107958840.5752
3881.7966 26850543654.3599
3881.9078 26822476538.3014
3882.0189 107017466.5033
3882.1301 26847956199.3641
3882.2413 26828582390.7351
3882.3525 106981822.7167
3882.4637 26825638858.6285
3882.5749 26853765830.7492
3882.6861 107050481.6097
3882.7973 26826106411.0783
3882.9084 26840386800.5067
3883.0196 106338622.9484
3883.1308 26843963502.6299
3883.2420 26830915753.7593
3883.3532 107291639.3308
3883.4644 26830178655.4911
3883.5756 26844236191.3060
3883.6868 106849561.6097
3883.7979 26836630282.9007
3883.9091 26847806350.9064
3884.0203 106545525.0072
3884.1315 26844839512.3405
3884.2427 26836674111.6011
3884.3539 107267365.7392
3884.4651 26852803475.4984
3884.5763 26856978234.4266
3884.6875 106385657.9143
3884.7986 26864055515.8310
3884.9098 26840365769.2420
3885.0210 107630031.1377
3885.1322 26828332098.7905
3885.2434 26856395998.1111
3885.3546 106816502.3440
3885.4658 26846129298.0332
3885.5770 26857670318.4817
3885.6881 107010362.5612
3885.7993 26852725280.9371
3885.9105 26860925659.3346
3886.0217 107432348.8373
3886.1329 26868081504.5482
3886.2441 26851446867.1283
3886.3553 107282108.3455
3886.4665 26880608130.5500
3886.5776 26842967653.9075
3886.6888 106462685.5062
3886.8000 26847582482.6692
3886.9112 26869198087.5835
3887.0224 106538633.1254
3887.1336 26856487685.4252
3887.2448 26865458803.0021
3887.3560 108059925.8163
3887.4672 26876055953.7552
3887.5783 26857836269.6651
3887.6895 107089264.4477
3887.8007 26860372310.3113
3887.9119 26869776712.4279
3888.0231 107474814.3093
3888.1343 26879333786.7380
3888.2455 26879225108.3164
3888.3567 107472814.1372
3888.4678 26874771197.7370
3888.5790 26867085996.0328
3888.6902 107136108.5958
3888.8014 26870491855.4243
3888.9126 26873928572.6211
3889.0238 107420962.1141
3889.1350 26861004256.7077
3889.2462 26872639922.4953
3889.3573 107242299.1410
3889.4685 26847011533.9821
3889.5797 26883716010.7887
3889.6909 106542034.7305
3889.8021 26872374237.7131
3889.9133 26903725213.0840
3890.0245 107612540.6773
3890.1357 26891934655.8967
3890.2469 26890284992.7601
3890.3580 106866081.6034
3890.4692 26892808609.4012
3890.5804 26884316879.5160
3890.6916 106844623.4278
3890.8028 26894747223.2188
3890.9140 26880754670.2278
3891.0252 107339294.4123
3891.1364 26884011959.3149
3891.2475 26884569957.1856
3891.3587 107447921.9129
3891.4699 26882497564.8939
3891.5811 26889431649.5850
3891.6923 107023784.6573
3891.8035 26893469866.1341
3891.9147 26885687304.6437
3892.0259 107112540.8271
3892.1371 26886198372.0456
3892.2482 26895401379.4400
3892.3594 107641383.1380
3892.4706 26897933619.7172
3892.5818 26897997173.1645
3892.6930 107368773.9919
3892.8042 26898497238.8775
3892.9154 26892409061.1672
3893.0266 107241243.3974
3893.1377 26889111084.7040
3893.2489 26907526634.3576
3893.3601 107677338.1521
3893.4713 26899593119.2778
3893.5825 26906265249.3628
3893.6937 108183317.2630
3893.8049 26899360557.3809
3893.9161 26899479222.1231
3894.0272 106824877.9756
3894.1384 26893356039.0915
3894.2496 26902789608.4914
3894.3608 107838493.5137
3894.4720 26901774318.4633
3894.5832 26905552688.1740
3894.6944 107012990.6381
3894.8056 26896255431.8740
3894.9168 26933493157.9121
3895.0279 106446887.9210
3895.1391 26899465818.7516
3895.2503 26913775625.1298
3895.3615 106931778.5332
3895.4727 26909431354.2734
3895.5839 26918910239.6408
3895.6951 107914879.5591
3895.8063 26914167814.9248
3895.9174 26904492893.9401
3896.0286 107126431.9534
3896.1398 26914853692.4605
3896.2510 26922718039.5831
3896.3622 107244164.3679
3896.4734 26908425955.0910
3896.5846 26931464131.2572
3896.6958 107945834.7590
3896.8069 26933173913.6469
3896.9181 26916218647.0883
3897.0293 107066064.6512
3897.1405 26932346571.2929
3897.2517 26926177043.2392
3897.3629 107656852.1268
3897.4741 26920485198.9400
3897.5853 26926032263.9057
3897.6965 106725348.5293
3897.8076 26923039499.9463
3897.9188 26918270492.0969
3898.0300 106487276.6996
3898.1412 26918544796.2146
3898.2524 26954291266.0004
3898.3636 107300001.1366
3898.4748 26924365179.8852
3898.5860 26947041558.1305
3898.6971 107302182.9909
3898.8083 26937089907.3508
3898.9195 26945618931.2659
3899.0307 107412770.3783
3899.1419 26958812925.0879
3899.2531 26914532522.1662
3899.3643 107262986.9878
3899.4755 26936902463.4707
3899.5866 26955784080.8075
3899.6978 107911849.6401
3899.8090 26954806947.5943
3899.9202 26900721123.4853
3900.0314 107202716.4708
3900.1426 26938980671.6769
3900.2538 26944416544.5879
3900.3650 107826143.6547
3900.4762 26946899944.7223
3900.5873 26921709399.5206
3900.6985 107390525.7400
3900.8097 26935010307.2124
3900.9209 26944343833.1676
3901.0321 107328724.3656
3901.1433 26962705989.6605
3901.2545 26941684008.6180
3901.3657 107499864.7770
3901.4768 26940146713.3038
3901.5880 26942332784.2899
3901.6992 106980239.3032
3901.8104 26947593199.7357
3901.9216 26947503101.8155
3902.0328 107010555.0511
3902.1440 26951022977.5556
3902.2552 26952314701.5353
3902.3663 108153608.5665
3902.4775 26957844773.2677
3902.5887 26953743102.5172
3902.6999 107323915.8570
3902.8111 26962187071.1851
3902.9223 26947930183.3914
3903.0335 107226016.3624
3903.1447 26983849772.8212
3903.2559 26942268781.6912
3903.3670 107816447.3004
3903.4782 26949248974.3532
3903.5894 26981249332.4371
3903.7006 108112454.0784
3903.8118 26945087982.2850
3903.9230 26965617128.8927
3904.0342 107538677.4486
3904.1454 26962878954.5597
3904.2565 26979923918.0214
3904.3677 107857472.1802
3904.4789 26981062173.7881
3904.5901 26968665129.7129
3904.7013 107674758.1094
3904.8125 26972739277.0762
3904.9237 26967713946.9753
3905.0349 107971450.9350
3905.1460 26977971537.9677
3905.2572 26981163180.7834
3905.3684 108013428.1401
3905.4796 26967698745.9888
3905.5908 26993545930.3619
3905.7020 107571052.2350
3905.8132 26978576113.3173
3905.9244 26979152376.6140
3906.0356 108006101.7013
3906.1467 26981674158.9426
3906.2579 26987794618.9559
3906.3691 107220430.6849
3906.4803 26975273759.1936
3906.5915 26993583280.0998
3906.7027 106701878.1862
3906.8139 26980208159.7827
3906.9251 26979525650.7241
3907.0362 107791461.9643
3907.1474 26966614073.3548
3907.2586 26991412488.1991
3907.3698 107679956.2903
3907.4810 26996675012.8688
3907.5922 26991090384.1375
3907.7034 107206736.4436
3907.8146 26991690585.3996
3907.9258 26987963356.2443
3908.0369 107429773.6730
3908.1481 27003824673.1341
3908.2593 26983654924.8730
3908.3705 108330787.1168
3908.4817 26982860600.1526
3908.5929 27009232719.8447
3908.7041 107171454.8027
3908.8153 26987957085.2007
3908.9264 26987932310.1749
3909.0376 107428604.1183
3909.1488 26993286669.3167
3909.2600 27006628032.2874
3909.3712 107675649.4249
3909.4824 27004733529.5772
3909.5936 27003825314.7982
3909.7048 107674477.4559
3909.8159 27009431280.3829
3909.9271 26999167582.2513
3910.0383 107860797.6719
3910.1495 27005116643.0342
3910.2607 26996808906.1259
3910.3719 107987156.4365
3910.4831 27001072744.8928
3910.5943 27003727270.6854
3910.7055 107474514.4068
3910.8166 26991657275.3549
3910.9278 26999345911.7769
3911.0390 107494972.0000
3911.1502 27019893305.2387
3911.2614 27012459091.4586
3911.3726 108116476.7600
3911.4838 27005031437.2594
3911.5950 27007333261.5448
3911.7061 106875875.5871
3911.8173 26999240011.2425
3911.9285 27003893850.1596
3912.0397 107414378.7293
3912.1509 27001142771.3039
3912.2621 27002981486.9601
3912.3733 108640981.2878
3912.4845 27028312354.6183
3912.5956 27025296507.7194
3912.7068 108118129.8051
3912.8180 27010502158.0310
3912.9292 27018983540.8833
3913.0404 108184582.2539
3913.1516 27028014071.0275
3913.2628 27014681810.3353
3913.3740 107583824.2529
3913.4852 27025816817.1730
3913.5963 27023602497.7623
3913.7075 108088362.4763
3913.8187 27039098824.2871
3913.9299 27020869149.1825
3914.0411 107950866.6408
3914.1523 27025454393.9594
3914.2635 27014632912.1241
3914.3747 107997782.9525
3914.4858 27029008062.9061
3914.5970 27024339119.1657
3914.7082 108205264.5090
3914.8194 27018698296.1337
3914.9306 27040911774.8311
3915.0418 107154327.3055
3915.1530 27026912997.0094
3915.2642 27031417780.5538
3915.3753 106821334.6715
3915.4865 27036517893.8914
3915.5977 27037043950.4323
3915.7089 107411122.5927
3915.8201 27035159531.6571
3915.9313 27027921873.5051
3916.0425 107908270.8550
3916.1537 27038062058.8410
3916.2649 27043714858.2090
3916.3760 106611001.2533
3916.4872 27044421289.3623
3916.5984 27054556164.6339
3916.7096 107779031.1703
3916.8208 27053086134.0291
3916.9320 27034309589.5170
3917.0432 107812266.0515
3917.1544 27044704881.3699
3917.2655 27031599499.1345
3917.3767 107316937.8986
3917.4879 27049247928.3490
3917.5991 27019952025.6240
3917.7103 107682809.1619
3917.8215 27033414073.6363
3917.9327 27051613777.3180
3918.0439 107699236.6980
3918.1550 27045727135.9083
3918.2662 27056377297.3469
3918.3774 107609312.8896
3918.4886 27041955739.6427
3918.5998 27055844985.5586
3918.7110 107867606.8432
3918.8222 27052887382.2322
3918.9334 27056612983.4148
3919.0446 107783150.2500
3919.1557 27042898188.1427
3919.2669 27060819721.0102
3919.3781 108648398.7490
3919.4893 27066920087.6885
3919.6005 27055707049.7361
3919.7117 107841060.0400
3919.8229 27077809486.7841
3919.9341 27048139211.3638
3920.0452 107046145.0280
3920.1564 27072691440.7411
3920.2676 27044134259.4885
3920.3788 108559031.0325
3920.4900 27073199986.8305
3920.6012 27059520633.9860
3920.7124 107060630.5746
3920.8236 27055615907.3626
3920.9348 27070466521.6427
3921.0459 108150957.7173
3921.1571 27063171300.6367
3921.2683 27074823627.1460
3921.3795 107811214.8682
3921.4907 27063569976.5656
3921.6019 27082232904.6313
3921.7131 108111569.0045
3921.8243 27071736408.2716
3921.9354 27069538697.1049
3922.0466 108228846.7146
3922.1578 27071523678.9816
3922.2690 27068585995.0126
3922.3802 108057748.8277
3922.4914 27076021179.6215
3922.6026 27085820920.8600
3922.7138 107454084.0571
3922.8249 27079043633.8175
3922.9361 27065043374.4805
3923.0473 107949889.4273
3923.1585 27072921934.8429
3923.2697 27082556470.9622
3923.3809 108315488.7265
3923.4921 27076112126.7359
3923.6033 27075447679.5478
3923.7145 108072068.7852
3923.8256 27081166547.6362
3923.9368 27091369557.6776
3924.0480 108236523.0336
3924.1592 27074479554.2977
3924.2704 27094670338.9678
3924.3816 108083469.6159
3924.4928 27081419196.8408
3924.6040 27087678625.1682
3924.7151 107862318.2599
3924.8263 27111223124.3784
3924.9375 27078631604.4226
3925.0487 108050103.5907
3925.1599 27087831577.7765
3925.2711 27093337971.6393
3925.3823 108765580.0110
3925.4935 27096350598.7144
3925.6046 27089836908.1709
3925.7158 108044303.2753
3925.8270 27092980803.8203
3925.9382 27095721406.2552
3926.0494 107467192.0210
3926.1606 27091909235.4596
3926.2718 27101761255.2930
3926.3830 108189844.1538
3926.4942 27116196681.3457
3926.6053 27111016887.6548
3926.7165 108231364.2435
3926.8277 27092896595.1284
3926.9389 27116072654.0711
3927.0501 107737732.6775
3927.1613 27106428840.2403
3927.2725 27107774704.2533
3927.3837 107507419.1852
3927.4948 27092932074.9126
3927.6060 27118473842.6496
3927.7172 107949108.0697
3927.8284 27104286267.8159
3927.9396 27105328051.3184
3928.0508 107859870.9979
3928.1620 27100753813.3596
3928.2732 27129514981.6100
3928.3843 108208604.6096
3928.4955 27121615760.8760
3928.6067 27119642754.4042
3928.7179 107936869.5940
3928.8291 27098665030.5058
3928.9403 27126253151.6627
3929.0515 107827246.4389
3929.1627 27123435359.5549
3929.2739 27114947083.5568
3929.3850 108431765.1279
3929.4962 27133532056.5119
3929.6074 27093863385.1394
3929.7186 108616290.1562
3929.8298 27121671085.6242
3929.9410 27122828514.0418
3930.0522 107521817.6850
3930.1634 27106941227.1786
3930.2745 27137660584.0124
3930.3857 107103853.1339
3930.4969 27134368480.2298
3930.6081 27138831958.1170
3930.7193 108106362.6579
3930.8305 27116067545.0352
3930.9417 27140901380.4678
3931.0529 107991911.4920
3931.1640 27135224520.1504
3931.2752 27128678179.7378
3931.3864 108079481.3246
3931.4976 27136049136.8975
3931.6088 27119461322.4325
3931.7200 107722409.2743
3931.8312 27133547116.6320
3931.9424 27137036413.2444
3932.0536 108414466.8529
3932.1647 27146247104.3997
3932.2759 27118268172.9495
3932.3871 108039414.8932
3932.4983 27144126580.7285
3932.6095 27128130767.4732
3932.7207 108412095.8779
3932.8319 27144354429.8011
3932.9431 27142203196.5694
3933.0542 108604159.3829
3933.1654 27168336075.5659
3933.2766 27107925704.9252
3933.3878 108012974.5106
3933.4990 27152778387.0492
3933.6102 27130022923.9061
3933.7214 107558229.2145
3933.8326 27141359260.6915
3933.9437 27135326931.9297
3934.0549 108502469.9768
3934.1661 27150184113.2322
3934.2773 27140283447.9255
3934.3885 107963269.8405
3934.4997 27150001321.4350
3934.6109 27141451830.1060
3934.7221 108261494.6774
3934.8333 27143641686.4740
3934.9444 27143459316.2888
3935.0556 107975629.3574
3935.1668 27148993616.8492
3935.2780 27154123728.5113
3935.3892 108473508.7263
3935.5004 27140159236.9696
3935.6116 27167077591.7371
3935.7228 108751306.3389
3935.8339 27147404964.1397
3935.9451 27156915964.6979
3936.0563 109424496.7089
3936.1675 27172826500.6680
3936.2787 27158325185.8427
3936.3899 109071876.6802
3936.5011 27159065732.8835
3936.6123 27162819022.3652
3936.7235 108121447.8808
3936.8346 27178182933.3345
3936.9458 27160123856.7740
3937.0570 108183147.4707
3937.1682 27165732091.3476
3937.2794 27174485573.7444
3937.3906 107601837.3212
3937.5018 27164578607.1235
3937.6130 27168971406.8694
3937.7241 108238206.5273
3937.8353 27164381349.8772
3937.9465 27159847101.3968
3938.0577 108618951.5732
3938.1689 27177550189.8049
3938.2801 27176721387.0319
3938.3913 108257646.2639
3938.5025 27172078884.0603
3938.6136 27177907067.0442
3938.7248 107860001.6225
3938.8360 27169534661.1414
3938.9472 27172804614.8536
3939.0584 108105752.2568
3939.1696 27171607927.2150
3939.2808 27206522826.2027
3939.3920 108764592.7328
3939.5032 27189672803.5682
3939.6143 27170303980.9568
3939.7255 108771427.7460
3939.8367 27174182951.8442
3939.9479 27197650049.3813
3940.0591 107890101.0821
3940.1703 27166336997.7577
3940.2815 27191858744.8677
3940.3927 108735657.8559
3940.5038 27187725480.1754
3940.6150 27196732863.6955
3940.7262 108068958.5788
3940.8374 27186630628.7310
3940.9486 27190955905.1993
3941.0598 109356924.6128
3941.1710 27172874866.7473
3941.2822 27186734054.7002
3941.3933 108874472.2863
3941.5045 27188662932.2819
3941.6157 27207297257.1265
3941.7269 108535042.8814
3941.8381 27204251732.3877
3941.9493 27202393220.6363
3942.0605 108629647.9542
3942.1717 27195862041.0957
3942.2829 27219006905.4013
3942.3940 107966911.2870
3942.5052 27215947726.7867
3942.6164 27192059669.3070
3942.7276 108255968.7426
3942.8388 27219121306.4898
3942.9500 27197226764.9954
3943.0612 108192559.9289
3943.1724 27194632414.4306
3943.2835 27218636118.6417
3943.3947 108579998.5561
3943.5059 27202707605.7587
3943.6171 27210648670.4043
3943.7283 108352875.9965
3943.8395 27203795869.3448
3943.9507 27208944628.3944
3944.0619 108992342.0432
3944.1730 27206442302.2854
3944.2842 27207486379.9548
3944.3954 107873062.7317
3944.5066 27219498294.5925
3944.6178 27208626601.6492
3944.7290 107708020.3230
3944.8402 27197652920.6936
3944.9514 27246614722.8635
3945.0626 107098764.4149
3945.1737 27219854869.1705
3945.2849 27228481866.4749
3945.3961 108419850.2244
3945.5073 27213774562.9535
3945.6185 27214874737.5250
3945.7297 108525655.6744
3945.8409 27220755023.8512
3945.9521 27226626192.1106
3946.0632 108977630.2416
3946.1744 27219432317.8993
3946.2856 27221541270.6764
3946.3968 108096367.9840
3946.5080 27212954505.3854
3946.6192 27224201820.6900
3946.7304 108401334.3054
3946.8416 27219921475.1196
3946.9527 27239201567.6194
3947.0639 108604449.7495
3947.1751 27222855012.5499
3947.2863 27236192992.0706
3947.3975 108034037.6178
3947.5087 27245336549.4619
3947.6199 27231553235.8154
3947.7311 109127225.6525
3947.8423 27230213987.6026
3947.9534 27226273738.7213
3948.0646 108461814.0759
3948.1758 27230197887.3498
3948.2870 27231404176.8894
3948.3982 108526799.3266
3948.5094 27236991705.5348
3948.6206 27224239290.1724
3948.7318 108334895.9352
3948.8429 27222439751.4437
3948.9541 27234079646.2936
3949.0653 109432440.5074
3949.1765 27226483180.4857
3949.2877 27254395356.5950
3949.3989 108607070.3494
3949.5101 27248360021.1730
3949.6213 27238142977.4933
3949.7325 108849639.5343
3949.8436 27239156903.8368
3949.9548 27262656249.6536
3950.0660 109268636.0016
3950.1772 27266089293.9429
3950.2884 27228304232.1698
3950.3996 107695687.9568
3950.5108 27253815208.6879
3950.6220 27244078853.3316
3950.7331 108024497.3254
3950.8443 27249447509.0260
3950.9555 27254008416.2428
3951.0667 109322837.6998
3951.1779 27250146471.0832
3951.2891 27250415571.6643
3951.4003 108098029.8405
3951.5115 27249301962.2316
3951.6226 27245952293.5388
3951.7338 109129715.4989
3951.8450 27262669214.9635
3951.9562 27271696390.8584
3952.0674 108644360.4224
3952.1786 27259914225.5469
3952.2898 27251650425.4557
3952.4010 108808310.8162
3952.5122 27267882888.6132
3952.6233 27249903878.2216
3952.7345 108309282.0148
3952.8457 27258202672.4400
3952.9569 27272238701.2569
3953.0681 109105517.6875
3953.1793 27257046012.5965
3953.2905 27265077958.7720
3953.4017 108102054.4075
3953.5128 27273585815.5586
3953.6240 27273054273.8704
3953.7352 109072225.0896
3953.8464 27278334200.3666
3953.9576 27256944645.6078
3954.0688 108342541.8175
3954.1800 27260168320.5023
3954.2912 27277146221.8871
3954.4023 107815570.6199
3954.5135 27274597466.2380
3954.6247 27276708020.3206
3954.7359 108605438.0191
3954.8471 27287148372.1578
3954.9583 27278051283.8677
3955.0695 108989891.3037
3955.1807 27278778967.2282
3955.2919 27276348475.4831
3955.4030 108929023.8652
3955.5142 27278139613.3879
3955.6254 27276961433.2684
3955.7366 108764347.8537
3955.8478 27290809093.8905
3955.9590 27281458577.0996
3956.0702 108751549.6223
3956.1814 27294266160.7448
3956.2925 27280726461.2954
3956.4037 109132674.6299
3956.5149 27291197311.7493
3956.6261 27287571112.5542
3956.7373 108571041.6542
3956.8485 27276038927.6174
3956.9597 27304105564.9338
3957.0709 108457330.2623
3957.1820 27312791821.0214
3957.2932 27291368942.4556
3957.4044 108918390.2575
3957.5156 27305828087.6693
3957.6268 27260913765.0926
3957.7380 108444811.9397
3957.8492 27286318081.9004
3957.9604 27309057585.0958
3958.0716 107994924.4240
3958.1827 27305067261.8708
3958.2939 27293370426.8884
3958.4051 109370298.9019
3958.5163 27304772133.5015
3958.6275 27297223237.7679
3958.7387 109529723.9269
3958.8499 27290518924.0724
3958.9611 27303765228.5184
3959.0722 108130105.4943
3959.1834 27284914819.2971
3959.2946 27300048172.3619
3959.4058 108733277.9018
3959.5170 27320296207.2158
3959.6282 27295601291.8525
3959.7394 109201298.7119
3959.8506 27294336315.6701
3959.9617 27312841672.4478
3960.0729 108618030.0647
3960.1841 27316919662.1090
3960.2953 27305484438.1903
3960.4065 109026991.3217
3960.5177 27299447014.0079
3960.6289 27324960807.0502
3960.7401 108984127.8364
3960.8513 27296330856.0086
3960.9624 27341457799.0470
3961.0736 108990031.2070
3961.1848 27336542618.0221
3961.2960 27293680766.9923
3961.4072 108998154.1025
3961.5184 27304921765.1203
3961.6296 27326954564.4753
3961.7408 108442902.6188
3961.8519 27321128407.8353
3961.9631 27326739164.4300
3962.0743 108637150.9088
3962.1855 27322560980.2491
3962.2967 27332747131.1636
3962.4079 108907130.7062
3962.5191 27329441364.4447
3962.6303 27338504331.3919
3962.7415 108939130.3987
3962.8526 27345975209.7915
3962.9638 27319079355.9614
3963.0750 109363446.2130
3963.1862 27343697598.5178
3963.2974 27327605368.3130
3963.4086 109683856.3435
3963.5198 27333641754.0103
3963.6310 27312769594.7196
3963.7421 108345916.1993
3963.8533 27320625486.2200
3963.9645 27332653162.5788
3964.0757 108703437.2098
3964.1869 27328972976.8480
3964.2981 27350755346.8928
3964.4093 109077247.7415
3964.5205 27321739965.9791
3964.6316 27356892081.6170
3964.7428 109418055.9929
3964.8540 27333298092.6040
3964.9652 27338988903.5094
3965.0764 109224488.5644
3965.1876 27353552988.3671
3965.2988 27328556351.9487
3965.4100 108522821.9017
3965.5212 27336617100.4939
3965.6323 27347310220.1640
3965.7435 109031072.6727
3965.8547 27354863338.7024
3965.9659 27337058621.0823
3966.0771 108047952.7827
3966.1883 27352699399.6950
3966.2995 27354276711.2402
3966.4107 109530294.0832
3966.5218 27340493530.6879
3966.6330 27339520204.5461
3966.7442 108934979.9102
3966.8554 27371075088.5869
3966.9666 27335898800.1271
3967.0778 108847233.1217
3967.1890 27348999665.3775
3967.3002 27362107996.6151
3967.4113 109188061.6037
3967.5225 27351654157.3425
3967.6337 27359812699.8320
3967.7449 110082595.0744
3967.8561 27376766963.1219
3967.9673 27346382529.3336
3968.0785 109168470.1938
3968.1897 27350261694.2127
3968.3009 27360402482.0919
3968.4120 108662943.2561
3968.5232 27349597683.3942
3968.6344 27357071768.0898
3968.7456 108570676.2778
3968.8568 27358516157.7972
3968.9680 27358722013.7682
3969.0792 108887017.4015
3969.1904 27360591812.3485
3969.3015 27366619921.7872
3969.4127 108866064.2871
3969.5239 27377798201.9203
3969.6351 27348702400.6158
3969.7463 109045774.0711
3969.8575 27371959507.3117
3969.9687 27373773831.9530
3970.0799 109115796.9755
3970.1910 27378799874.2105
3970.3022 27395742900.6504
3970.4134 108521428.0557
3970.5246 27391132658.8397
3970.6358 27382702454.1874
3970.7470 108936788.2006
3970.8582 27384249673.2387
3970.9694 27382302919.2015
3971.0806 109816067.9754
3971.1917 27379694117.1972
3971.3029 27387342990.1836
3971.4141 108856943.1558
3971.5253 27382504338.6896
3971.6365 27380853213.5024
3971.7477 108516150.2340
3971.8589 27393216827.1246
3971.9701 27386300313.5795
3972.0812 109285240.9224
3972.1924 27367498730.2732
3972.3036 27395819026.8813
3972.4148 109509266.3500
3972.5260 27388118566.5928
3972.6372 27381670205.4754
3972.7484 109020503.5752
3972.8596 27386648775.7196
3972.9707 27386413416.2317
3973.0819 108744272.6926
3973.1931 27393015984.9142
3973.3043 27381043351.4708
3973.4155 108966243.7138
3973.5267 27387101379.8658
3973.6379 27402625681.1789
3973.7491 108572794.0004
3973.8603 27395003921.7292
3973.9714 27403147397.0924
3974.0826 109619875.6079
3974.1938 27414989469.5375
3974.3050 27382092770.5092
3974.4162 109597367.5871
3974.5274 27405524790.1954
3974.6386 27394657633.8597
3974.7498 108498447.6865
3974.8609 27389833494.0442
3974.9721 27391838584.9369
3975.0833 109362270.4694
3975.1945 27408262373.8523
3975.3057 27413473425.0262
3975.4169 108487149.6043
3975.5281 27391439686.0990
3975.6393 27409774032.3614
3975.7504 108519962.4285
3975.8616 27399754727.8148
3975.9728 27413299414.0482
3976.0840 109422916.5267
3976.1952 27429565475.4041
3976.3064 27403981399.3195
3976.4176 110227746.2638
3976.5288 27425313682.4419
3976.6400 27392336136.6979
3976.7511 109764851.4171
3976.8623 27423731565.3797
3976.9735 27419439320.8770
3977.0847 109437319.3773
3977.1959 27421384917.2332
3977.3071 27415859365.2995
3977.4183 109596053.9640
3977.5295 27410591946.8932
3977.6406 27441026973.9229
3977.7518 109567538.4057
3977.8630 27441826698.7606
3977.9742 27415783942.4881
3978.0854 109242354.4036
3978.1966 27422872666.5475
3978.3078 27425299132.8875
3978.4190 109506523.9849
3978.5302 27447430171.2021
3978.6413 27415812288.6298
3978.7525 109930790.9281
3978.8637 27420074995.7147
3978.9749 27418647431.7368
3979.0861 109892796.6747
3979.1973 27425522941.2585
3979.3085 27425232111.9674
3979.4197 109347004.7055
3979.5308 27436490370.5333
3979.6420 27435437812.2190
3979.7532 108892987.4988
3979.8644 27432413677.5917
3979.9756 27425865882.7243
3980.0868 109964551.5220
3980.1980 27424904996.2936
3980.3092 27433537652.2949
3980.4203 109382772.3364
3980.5315 27435314930.0624
3980.6427 27438671581.1328
3980.7539 109687712.6680
3980.8651 27432495035.0809
3980.9763 27444564644.1638
3981.0875 108800839.6729
3981.1987 27441008511.6196
3981.3099 27436129531.0250
3981.4210 108936390.4598
3981.5322 27430719403.8490
3981.6434 27451878183.2823
3981.7546 109485796.0444
3981.8658 27428064419.2888
3981.9770 27466228379.3063
3982.0882 109444883.7715
3982.1994 27452185850.7645
3982.3105 27453876257.6025
3982.4217 109296988.0585
3982.5329 27442409350.2010
3982.6441 27456555314.4221
3982.7553 109566044.7527
3982.8665 27440385435.5227
3982.9777 27457674322.8171
3983.0889 109541197.5785
3983.2000 27449605145.9668
3983.3112 27462644189.8870
3983.4224 109708193.5017
3983.5336 27463717157.1578
3983.6448 27454718619.2860
3983.7560 109129600.8973
3983.8672 27456231998.0596
3983.9784 27449164436.2376
3984.0896 109497389.7568
3984.2007 27448297890.4672
3984.3119 27492918607.3442
3984.4231 109294044.4786
3984.5343 27466335479.5992
3984.6455 27465654937.4133
3984.7567 108821164.7714
3984.8679 27457336932.0750
3984.9791 27470334373.7867
3985.0902 108566705.4188
3985.2014 27484724407.5751
3985.3126 27466583174.0858
3985.4238 108782217.5591
3985.5350 27452842974.1626
3985.6462 27491286903.3530
3985.7574 109119600.8447
3985.8686 27484009775.1211
3985.9797 27465544813.0402
3986.0909 109391978.1764
3986.2021 27491082406.3351
3986.3133 27465117587.3711
3986.4245 109890943.1225
3986.5357 27487931146.4921
3986.6469 27467016350.6930
3986.7581 109184926.6830
3986.8693 27470489335.2781
3986.9804 27495169246.0619
3987.0916 109282880.6626
3987.2028 27487479811.6117
3987.3140 27490732365.5603
3987.4252 109458077.7500
3987.5364 27481278141.9015
3987.6476 27472673989.2819
3987.7588 109591089.8175
3987.8699 27491335835.9224
3987.9811 27486150204.6251
3988.0923 109725252.2656
3988.2035 27470712389.3819
3988.3147 27492604305.0761
3988.4259 109172345.4398
3988.5371 27482952897.3724
3988.6483 27501442848.0843
3988.7594 109976125.5007
3988.8706 27494038952.5900
3988.9818 27513221126.6904
3989.0930 109390054.4933
3989.2042 27504085248.2200
3989.3154 27517235828.8421
3989.4266 109691570.5533
3989.5378 27523627606.7110
3989.6490 27497719495.9606
3989.7601 110082524.2640
3989.8713 27520901401.8498
3989.9825 27489461818.4021
3990.0937 110010481.9908
3990.2049 27499976612.7712
3990.3161 27507287731.8306
3990.4273 109380072.1095
3990.5385 27501206999.8453
3990.6496 27515053707.9496
3990.7608 109528771.1822
3990.8720 27509601082.7027
3990.9832 27515371227.3550
3991.0944 109065685.2199
3991.2056 27501989495.0664
3991.3168 27512250454.5751
3991.4280 109701168.6884
3991.5392 27518130663.6529
3991.6503 27523126519.7256
3991.7615 109136874.8926
3991.8727 27516058576.4999
3991.9839 27493777718.7099
3992.0951 109590818.7474
3992.2063 27522866804.5430
3992.3175 27497280287.7324
3992.4287 110901165.3990
3992.5398 27503226259.1241
3992.6510 27531626824.5568
3992.7622 109876069.2598
3992.8734 27513308994.8992
3992.9846 27531176701.6616
3993.0958 109494904.2539
3993.2070 27532005697.7332
3993.3182 27527820995.7270
3993.4293 109860754.4345
3993.5405 27536761036.0804
3993.6517 27528005348.0121
3993.7629 109019694.9122
3993.8741 27520706297.3010
3993.9853 27523294334.2185
3994.0965 109860417.0505
3994.2077 27522405898.6193
3994.3189 27514341987.3367
3994.4300 109562634.3856
3994.5412 27535446305.5505
3994.6524 27506473354.3698
3994.7636 110461115.5947
3994.8748 27533741950.6870
3994.9860 27534465658.0789
3995.0972 108952476.1597
3995.2084 27532895443.8516
3995.3195 27520905015.6430
3995.4307 109735830.5242
3995.5419 27535089355.9843
3995.6531 27556452726.2925
3995.7643 109449858.2344
3995.8755 27541302687.3426
3995.9867 27528748838.2422
3996.0979 110279743.6924
3996.2090 27545907844.3172
3996.3202 27527878860.7350
3996.4314 108966988.1378
3996.5426 27535415040.8736
3996.6538 27560429609.1240
3996.7650 110287119.1502
3996.8762 27540482379.8121
3996.9874 27562137541.7468
3997.0986 109460165.6128
3997.2097 27538411295.8034
3997.3209 27562111641.9923
3997.4321 109185074.8001
3997.5433 27548825153.2631
3997.6545 27565100073.1229
3997.7657 109788217.6098
3997.8769 27563388602.4989
3997.9881 27556321798.8801
3998.0992 109613597.1352
3998.2104 27561455812.3252
3998.3216 27535456682.4684
3998.4328 109942471.4058
3998.5440 27558476413.2319
3998.6552 27544229913.4020
3998.7664 110131463.4290
3998.8776 27556726096.1275
3998.9887 27577527798.5661
3999.0999 110120104.6904
3999.2111 27571049692.4607
3999.3223 27562543794.1889
3999.4335 109762596.9124
3999.5447 27549185573.8210
3999.6559 27562176739.8841
3999.7671 109924707.6337
3999.8783 27554815089.9896
3999.9894 27568871684.4804
4000.1006 109539055.6093
4000.2118 27558285763.0161
4000.3230 27597776409.9486
4000.4342 110544812.1262
4000.5454 27578475442.4992
4000.6566 27573274743.0195
4000.7678 110339642.8252
4000.8789 27585499759.8527
4000.9901 27565461052.8597
4001.1013 109471861.4143
4001.2125 27579044672.4635
4001.3237 27566797381.2377
4001.4349 109905925.0629
4001.5461 27573290221.3457
4001.6573 27596978487.5283
4001.7684 109446344.8017
4001.8796 27596121263.7797
4001.9908 27565422198.5096
4002.1020 110243708.0732
4002.2132 27578121532.8194
4002.3244 27594554115.1661
4002.4356 111079018.7393
4002.5468 27592974692.2836
4002.6580 27595958798.1798
4002.7691 110924493.5497
4002.8803 27598712759.1213
4002.9915 27569729254.3146
4003.1027 110623975.8177
4003.2139 27595582345.9833
4003.3251 27587335560.1867
4003.4363 109786431.2568
4003.5475 27594596736.3699
4003.6586 27574078503.8184
4003.7698 109279369.1474
4003.8810 27605306906.4801
4003.9922 27612764321.9434
4004.1034 109255782.8402
4004.2146 27608144562.7207
4004.3258 27600537693.0024
4004.4370 110329547.9840
4004.5482 27597735808.1273
4004.6593 27595699842.3417
4004.7705 109500484.4863
4004.8817 27607240939.9574
4004.9929 27591479455.9013
4005.1041 109945106.6233
4005.2153 27600317401.9609
4005.3265 27604356280.0619
4005.4377 110337236.0106
4005.5488 27609354315.6882
4005.6600 27588610478.2251
4005.7712 109137920.4902
4005.8824 27622469481.8822
4005.9936 27591959627.9150
4006.1048 109327762.3251
4006.2160 27608413235.0829
4006.3272 27606587221.9057
4006.4383 109849232.2492
4006.5495 27617448919.3377
4006.6607 27612719377.9526
4006.7719 110462790.6376
4006.8831 27608001552.4045
4006.9943 27620960986.1684
4007.1055 110208950.0151
4007.2167 27624362747.1108
4007.3279 27607297457.7738
4007.4390 110415983.7036
4007.5502 27608416119.9438
4007.6614 27615134513.9242
4007.7726 110737161.0095
4007.8838 27616008066.0646
4007.9950 27639442941.8748
4008.1062 110324827.1766
4008.2174 27628363031.1424
4008.3285 27604880844.9544
4008.4397 109993058.8796
4008.5509 27632674234.0096
4008.6621 27642264464.9081
4008.7733 110603320.2675
4008.8845 27623814907.1842
4008.9957 27628579898.7072
4009.1069 109368949.6118
4009.2180 27631424642.1291
4009.3292 27635810781.4615
4009.4404 110636200.4371
4009.5516 27623743196.2895
4009.6628 27628009381.5373
4009.7740 110617062.5506
4009.8852 27638406472.7107
4009.9964 27632679428.6569
4010.1076 109988909.6474
4010.2187 27652357184.9471
4010.3299 27618219625.3144
4010.4411 109965350.5686
4010.5523 27641054023.2189
4010.6635 27635692154.3209
4010.7747 110913822.8668
4010.8859 27648844924.5415
4010.9971 27628251398.1094
4011.1082 110843315.1604
4011.2194 27638327847.9170
4011.3306 27627323674.1067
4011.4418 110446049.0117
4011.5530 27633192095.7036
4011.6642 27657955130.7774
4011.7754 110399259.9958
4011.8866 27645389326.2308
4011.9977 27645109632.4588
4012.1089 110719151.2796
4012.2201 27656569112.2540
4012.3313 27648660166.0880
4012.4425 109450676.6557
4012.5537 27653378909.3219
4012.6649 27638810060.4029
4012.7761 111077706.5751
4012.8873 27645671444.6906
4012.9984 27642338155.4810
4013.1096 110319514.7269
4013.2208 27637656463.2518
4013.3320 27680590980.2292
4013.4432 110230562.4124
4013.5544 27665711257.7425
4013.6656 27656180130.9266
4013.7768 110768535.4688
4013.8879 27641948221.2205
4013.9991 27675871152.2696
4014.1103 110610948.2010
4014.2215 27671782949.6854
4014.3327 27668341224.5892
4014.4439 109599049.9163
4014.5551 27667689575.3056
4014.6663 27668340029.0561
4014.7774 109640137.8401
4014.8886 27672861501.2823
4014.9998 27662880102.8810
4015.1110 110307286.3509
4015.2222 27680928322.5595
4015.3334 27673460268.1575
4015.4446 109573455.6628
4015.5558 27660548656.8373
4015.6670 27683358950.5669
4015.7781 110181105.4833
4015.8893 27669673360.3502
4016.0005 27674847068.5534
4016.1117 110085839.9550
4016.2229 27672904476.7115
4016.3341 27686063883.3221
4016.4453 109958510.1606
4016.5565 27692898194.3921
4016.6676 27688121156.4553
4016.7788 110342569.6186
4016.8900 27680275390.7358
4017.0012 27697729460.3136
4017.1124 110014754.9800
4017.2236 27698819284.2046
4017.3348 27675288411.4867
4017.4460 110248036.9348
4017.5571 27693777703.1772
4017.6683 27674525731.4076
4017.7795 109140318.7318
4017.8907 27688634915.8612
4018.0019 27682617072.2334
4018.1131 109863145.6512
4018.2243 27682240133.0525
4018.3355 27696901159.9320
4018.4467 110248111.3481
4018.5578 27685868921.8029
4018.6690 27695137658.0777
4018.7802 110149248.0430
4018.8914 27692371249.3040
4019.0026 27681038962.4868
4019.1138 111446890.5688
4019.2250 27703769305.4069
4019.3362 27697638502.2545
4019.4473 110925515.6029
4019.5585 27700155255.0455
4019.6697 27694358787.1068
4019.7809 110364562.9721
4019.8921 27711217658.8150
4020.0033 27695997898.6041
4020.1145 109993199.7691
4020.2257 27704399888.9761
4020.3369 27708268217.5314
4020.4480 110290945.0086
4020.5592 27695444975.6633
4020.6704 27709213461.5494
4020.7816 110171494.8269
4020.8928 27709024745.9910
4021.0040 27709422214.4048
4021.1152 110218480.5646
4021.2264 27720362400.2619
4021.3375 27676658475.0036
4021.4487 110103978.8239
4021.5599 27689994155.4303
4021.6711 27726578753.0103
4021.7823 109461501.7386
4021.8935 27716808856.8552
4022.0047 27698997255.9081
4022.1159 110327737.8035
4022.2270 27697739878.6205
4022.3382 27731132057.3296
4022.4494 109993500.8336
4022.5606 27706254482.7429
4022.6718 27723329748.0988
4022.7830 110685078.3084
4022.8942 27708226326.7874
4023.0054 27718671537.9048
4023.1166 109845412.7078
4023.2277 27713297159.9014
4023.3389 27727724697.8934
4023.4501 110566085.7795
4023.5613 27719598711.6131
4023.6725 27735197663.0300
4023.7837 109904074.8879
4023.8949 27737433026.1046
4024.0061 27745062771.4270
4024.1172 110328208.4877
4024.2284 27718788395.9762
4024.3396 27742242499.8300
4024.4508 110119470.0301
4024.5620 27740281048.7785
4024.6732 27731612503.2814
4024.7844 109784115.8271
4024.8956 27730823565.9570
4025.0067 27734903641.8445
4025.1179 110433054.3805
4025.2291 27746415676.9797
4025.3403 27726975914.5007
4025.4515 109746901.2848
4025.5627 27749271149.5524
4025.6739 27739658667.0251
4025.7851 109940929.8832
4025.8963 27718321373.1899
4026.0074 27773022502.3440
4026.1186 110691370.4256
4026.2298 27751394470.1167
4026.3410 27760562164.8517
4026.4522 110877076.0753
4026.5634 27755968191.3111
4026.6746 27741296049.3000
4026.7858 111385638.7615
4026.8969 27749573906.0039
4027.0081 27766273235.8283
4027.1193 110736844.6044
4027.2305 27767535003.3717
4027.3417 27728207069.2307
4027.4529 109943813.9110
4027.5641 27756021670.5037
4027.6753 27750252286.3918
4027.7864 110613391.4915
4027.8976 27767164707.9649
4028.0088 27754840201.6375
4028.1200 109894083.6659
4028.2312 27755797594.7461
4028.3424 27756586149.8500
4028.4536 111079906.5742
4028.5648 27757760472.5525
4028.6760 27773759113.1284
4028.7871 110568446.0767
4028.8983 27780077450.7244
4029.0095 27766012122.6647
4029.1207 110430945.1406
4029.2319 27786547892.5388
4029.3431 27748446812.2019
4029.4543 110791922.8624
4029.5655 27757295810.2725
4029.6766 27783254479.9703
4029.7878 111068586.4841
4029.8990 27777282662.0486
4030.0102 27763809214.2647
4030.1214 110638051.5837
4030.2326 27763144141.6867
4030.3438 27769049944.2136
4030.4550 111007691.9986
4030.5661 27770188358.4735
4030.6773 27764206410.7512
4030.7885 110584992.4685
4030.8997 27779007740.6829
4031.0109 27768023641.8035
4031.1221 110926288.0808
4031.2333 27786802745.6725
4031.3445 27763128732.7334
4031.4557 110643194.1206
4031.5668 27768623171.9932
4031.6780 27793507800.3815
4031.7892 110286837.1844
4031.9004 27775744024.0369
4032.0116 27777913748.3223
4032.1228 110979028.8744
4032.2340 27807219221.5046
4032.3452 27773389520.2971
4032.4563 111268122.7149
4032.5675 27780560638.7275
4032.6787 27776699362.8144
4032.7899 110553904.0038
4032.9011 27790047779.7476
4033.0123 27766033019.2415
4033.1235 110511723.9968
4033.2347 27792547588.9643
4033.3459 27799103115.8616
4033.4570 110980543.3935
4033.5682 27797111982.7631
4033.6794 27793210296.5187
4033.7906 111224976.4499
4033.9018 27790906594.1851
4034.0130 27787130043.1148
4034.1242 110532700.1738
4034.2354 27787651413.7668
4034.3465 27811144034.4798
4034.4577 110922155.4621
4034.5689 27808745430.4957
4034.6801 27791937287.3579
4034.7913 110878816.7167
4034.9025 27796592755.5457
4035.0137 27800135200.8093
4035.1249 111305997.4362
4035.2360 27796815948.1494
4035.3472 27803840717.4351
4035.4584 110490075.5083
4035.5696 27817862226.0962
4035.6808 27796705687.1236
4035.7920 111419338.5199
4035.9032 27799215400.2189
4036.0144 27831714458.6495
4036.1256 110496138.4520
4036.2367 27797355464.6083
4036.3479 27808707736.2384
4036.4591 110804507.7562
4036.5703 27810014416.0691
4036.6815 27821065623.2621
4036.7927 110574693.7631
4036.9039 27804807974.7519
4037.0151 27819167261.2868
4037.1262 111023030.7804
4037.2374 27829268345.6750
4037.3486 27809587061.2400
4037.4598 110811223.0720
4037.5710 27805054847.5856
4037.6822 27816035544.0941
4037.7934 110373784.4978
4037.9046 27819538843.4730
4038.0157 27847748551.8989
4038.1269 110631327.0769
4038.2381 27837136297.1618
4038.3493 27821264735.6204
4038.4605 110895508.4384
4038.5717 27818106058.7084
4038.6829 27826648279.8266
4038.7941 110405888.1361
4038.9053 27816772422.3604
4039.0164 27835558600.5588
4039.1276 111004760.7958
4039.2388 27824681625.4707
4039.3500 27829394269.4690
4039.4612 111385554.3500
4039.5724 27835622260.4102
4039.6836 27846648489.8024
4039.7948 110945341.7029
4039.9059 27872001228.6457
4040.0171 27827538916.3126
4040.1283 111111235.6774
4040.2395 27834302368.5729
4040.3507 27818899401.6930
4040.4619 111136551.7009
4040.5731 27835441486.0892
4040.6843 27850439038.6293
4040.7954 110827269.7493
4040.9066 27864360209.2700
4041.0178 27846016068.8055
4041.1290 110919362.9444
4041.2402 27872965470.7828
4041.3514 27841181837.3318
4041.4626 111071838.6785
4041.5738 27819734301.7351
4041.6850 27854253525.8857
4041.7961 111535402.1174
4041.9073 27834369702.2899
4042.0185 27860227073.4432
4042.1297 110852178.0557
4042.2409 27845737643.3639
4042.3521 27851426637.5258
4042.4633 111590685.5116
4042.5745 27868920779.2669
4042.6856 27855917199.2202
4042.7968 111952351.5848
4042.9080 27843169209.7648
4043.0192 27867669819.7501
4043.1304 111182630.8713
4043.2416 27867181452.0595
4043.3528 27849944342.7356
4043.4640 110965210.5740
4043.5751 27868088605.9175
4043.6863 27858158181.3190
4043.7975 110924650.2571
4043.9087 27849886973.1932
4044.0199 27874266012.4629
4044.1311 110466061.5944
4044.2423 27868579545.3042
4044.3535 27858917941.6309
4044.4647 111642975.7123
4044.5758 27876493515.5998
4044.6870 27866379892.2828
4044.7982 110606387.8701
4044.9094 27865791815.0427
4045.0206 27863255437.5559
4045.1318 111431897.5232
4045.2430 27880886315.3887
4045.3542 27853180083.9599
4045.4653 110594759.2398
4045.5765 27881015078.8554
4045.6877 27874491780.0634
4045.7989 110598409.1210
4045.9101 27873597213.4110
4046.0213 27887516187.5125
4046.1325 110450681.5955
4046.2437 27860996609.6463
4046.3548 27884927468.8773
4046.4660 112017943.1432
4046.5772 27872573145.0825
4046.6884 27870183758.3672
4046.7996 110411302.2364
4046.9108 27893972611.0554
4047.0220 27908084022.7153
4047.1332 111060713.0423
4047.2444 27879511013.9155
4047.3555 27882585561.1845
4047.4667 111206166.6767
4047.5779 27866360940.6800
4047.6891 27901427898.6748
4047.8003 110603824.6127
4047.9115 27886398102.2744
4048.0227 27891291307.9269
4048.1339 112018036.7345
4048.2450 27884701945.6160
4048.3562 27912273338.2986
4048.4674 110912401.0583
4048.5786 27903914705.2635
4048.6898 27917489732.5045
4048.8010 111545443.1446
4048.9122 27916264195.3942
4049.0234 27902569796.2459
4049.1346 111361078.7674
4049.2457 27912690448.4811
4049.3569 27891577637.3053
4049.4681 111144536.7833
4049.5793 27881410440.0844
4049.6905 27929983539.0597
4049.8017 110770429.2037
4049.9129 27908220264.6885
4050.0241 27908960727.1800
4050.1352 111128378.5257
4050.2464 27921182794.7405
4050.3576 27900481209.4772
4050.4688 110527494.5351
4050.5800 27917230189.8235
4050.6912 27913093068.3490
4050.8024 110422017.6514
4050.9136 27917676597.0517
4051.0247 27892079246.5293
4051.1359 111302548.3869
4051.2471 27936241072.1449
4051.3583 27908730897.4816
4051.4695 111282538.8838
4051.5807 27914525499.0661
4051.6919 27932130834.8618
4051.8031 111348634.8847
4051.9143 27917905312.1744
4052.0254 27922845261.2400
4052.1366 111088590.9500
4052.2478 27934322099.1543
4052.3590 27922514254.6174
4052.4702 111350836.9896
4052.5814 27936757170.8329
4052.6926 27906184150.7824
4052.8038 111162916.2204
4052.9149 27918051271.1298
4053.0261 27937890043.7549
4053.1373 110798487.0130
4053.2485 27928714267.9870
4053.3597 27941402802.6645
4053.4709 110694045.5472
4053.5821 27929404196.3454
4053.6933 27911554276.1031
4053.8044 111503878.7307
4053.9156 27924897927.7422
4054.0268 27935798341.7405
4054.1380 111224200.9391
4054.2492 27936814962.1223
4054.3604 27951524932.9807
4054.4716 111086750.5019
4054.5828 27940421532.5786
4054.6940 27928407765.5025
4054.8051 111589296.3155
4054.9163 27942903498.3009
4055.0275 27934213477.2700
4055.1387 110906549.8873
4055.2499 27927013866.5473
4055.3611 27961313614.1170
4055.4723 111600971.8170
4055.5835 27948183155.9230
4055.6946 27944290032.2172
4055.8058 111707988.5327
4055.9170 27960980477.2905
4056.0282 27937602306.7551
4056.1394 111022092.5711
4056.2506 27960109031.5652
4056.3618 27942989735.1264
4056.4730 111171995.3491
4056.5841 27936573769.3389
4056.6953 27947141987.4483
4056.8065 111795304.0567
4056.9177 27947827940.5463
4057.0289 27953819104.8228
4057.1401 112226690.2991
4057.2513 27951230701.7993
4057.3625 27965764866.9115
4057.4737 111481256.5506
4057.5848 27963047806.8821
4057.6960 27965023314.7840
4057.8072 111052055.8936
4057.9184 27966634601.6534
4058.0296 27961024072.7338
4058.1408 111655780.7844
4058.2520 27972204834.2072
4058.3632 27957191642.8998
4058.4743 111007954.3434
4058.5855 27945159156.1476
4058.6967 27962199085.1475
4058.8079 111738000.3350
4058.9191 27967877897.6571
4059.0303 27977848262.2487
4059.1415 111774525.6639
4059.2527 27961100750.9379
4059.3638 27979255648.3571
4059.4750 111961019.7992
4059.5862 27982538729.7777
4059.6974 27989723144.5671
4059.8086 112114570.7324
4059.9198 27988318231.7653
4060.0310 27976199432.4476
4060.1422 111092099.4683
4060.2534 27972424703.9256
4060.3645 27976031479.0647
4060.4757 111567475.1062
4060.5869 27970080147.0242
4060.6981 27979995039.5186
4060.8093 111166448.6708
4060.9205 27993250533.9810
4061.0317 27989811685.1342
4061.1429 111911627.6785
4061.2540 27978555780.0764
4061.3652 28001305922.6197
4061.4764 110929732.5397
4061.5876 27985991159.4796
4061.6988 27983911885.5914
4061.8100 112226750.0557
4061.9212 28002946642.5165
4062.0324 27985447006.8150
4062.1436 111062241.1508
4062.2547 27995446855.0788
4062.3659 27988213852.5172
4062.4771 111685022.9779
4062.5883 28001596492.3218
4062.6995 27991517449.8793
4062.8107 111327196.3044
4062.9219 27999138008.4982
4063.0331 27993132123.5196
4063.1442 112114518.7618
4063.2554 28014811080.1883
4063.3666 27987311992.9016
4063.4778 111210468.8772
4063.5890 28003791389.1291
4063.7002 28006617384.4897
4063.8114 110760162.6660
4063.9226 28010377114.8187
4064.0337 28013646526.2993
4064.1449 112085704.5087
4064.2561 28010460336.6941
4064.3673 28000907832.5939
4064.4785 111401796.3578
4064.5897 28006181417.0106
4064.7009 27994454518.4383
4064.8121 111661174.0367
4064.9233 28019473172.8494
4065.0344 28002964092.3154
4065.1456 111510044.6043
4065.2568 28011808251.7487
4065.3680 28011632634.0740
4065.4792 112856941.7251
4065.5904 28016315641.4805
4065.7016 28033138629.1111
4065.8128 111440896.9134
4065.9239 28019694258.4572
4066.0351 28013062515.8322
4066.1463 110362042.9260
4066.2575 28007285721.9495
4066.3687 28020014452.3205
4066.4799 111482391.6138
4066.5911 28013499398.3463
4066.7023 28050971020.6775
4066.8134 112614904.1413
4066.9246 28047494263.2485
4067.0358 28023916284.0123
4067.1470 112118501.3065
4067.2582 28016046347.3228
4067.3694 28029626901.1309
4067.4806 110887954.5924
4067.5918 28012373423.3996
4067.7030 28042811330.7461
4067.8141 112701165.6717
4067.9253 28034441396.6677
4068.0365 28045917709.7127
4068.1477 112429359.9364
4068.2589 28040332958.2472
4068.3701 28026139264.2873
4068.4813 112373456.0032
4068.5925 28052702305.3245
4068.7036 28038076868.6915
4068.8148 111891305.4914
4068.9260 28029694604.9252
4069.0372 28036757306.6515
4069.1484 111587830.1836
4069.2596 28030975244.3116
4069.3708 28054966935.5007
4069.4820 111161559.5302
4069.5931 28047743907.3770
4069.7043 28037212924.3002
4069.8155 111414429.0714
4069.9267 28042604119.5739
4070.0379 28036829761.8179
4070.1491 111723197.9280
4070.2603 28048058638.5843
4070.3715 28054910600.8527
4070.4827 110868889.4890
4070.5938 28047740310.7290
4070.7050 28084596015.6232
4070.8162 111216382.6260
4070.9274 28070353937.4081
4071.0386 28065876505.0861
4071.1498 111746893.4368
4071.2610 28074454081.5134
4071.3722 28057184528.8842
4071.4833 112375054.2781
4071.5945 28060776793.3224
4071.7057 28040787135.1611
4071.8169 112306472.5820
4071.9281 28062271071.2728
4072.0393 28058506200.1086
4072.1505 110548658.1077
4072.2617 28058109905.3693
4072.3728 28056880371.5488
4072.4840 111344818.2515
4072.5952 28058534114.8541
4072.7064 28063270455.0133
4072.8176 112678192.6006
4072.9288 28086672729.3068
4073.0400 28050930610.5852
4073.1512 112000811.2385
4073.2624 28058702640.9172
4073.3735 28072100289.9717
4073.4847 112196844.7690
4073.5959 28051091757.9753
4073.7071 28068413955.3068
4073.8183 111944537.2803
4073.9295 28059917826.7310
4074.0407 28075795913.7075
4074.1519 111058801.2866
4074.2630 28069322205.3253
4074.3742 28074540628.6406
4074.4854 112163200.5780
4074.5966 28089966961.7955
4074.7078 28095470589.4211
4074.8190 111998062.3704
4074.9302 28086425846.9223
4075.0414 28079221865.2189
4075.1526 111801572.5621
4075.2637 28100036783.1165
4075.3749 28074403604.7498
4075.4861 112335254.1176
4075.5973 28072852796.4954
4075.7085 28093617807.1228
4075.8197 112208978.9640
4075.9309 28080552405.5722
4076.0421 28098434560.4977
4076.1532 112134223.0172
4076.2644 28085209389.8358
4076.3756 28093467458.2967
4076.4868 112214587.6408
4076.5980 28087754261.4958
4076.7092 28093536538.5399
4076.8204 111421199.8340
4076.9316 28104926077.9246
4077.0427 28097227156.0020
4077.1539 112022125.3682
4077.2651 28087941934.0565
4077.3763 28119480182.6877
4077.4875 111565159.7977
4077.5987 28103086660.5725
4077.7099 28109581413.7079
4077.8211 112422769.8529
4077.9323 28103028408.4361
4078.0434 28107922898.1494
4078.1546 112512830.2427
4078.2658 28116320255.5995
4078.3770 28094287756.4860
4078.4882 111998886.8645
4078.5994 28098448668.1415
4078.7106 28113124826.4280
4078.8218 111661387.0483
4078.9329 28109033963.9188
4079.0441 28108791555.8683
4079.1553 112042898.6757
4079.2665 28102529842.5632
4079.3777 28122130792.1717
4079.4889 112477302.3800
4079.6001 28122239408.2890
4079.7113 28126593064.5043
4079.8224 111864493.7984
4079.9336 28140452869.6669
4080.0448 28115584499.5095
4080.1560 111387812.7144
4080.2672 28113434443.2075
4080.3784 28094184297.6699
4080.4896 111359892.3113
4080.6008 28107989511.4761
4080.7120 28126846963.6679
4080.8231 112376349.7560
4080.9343 28113675229.6329
4081.0455 28120861346.9833
4081.1567 112724664.4216
4081.2679 28136816113.9705
4081.3791 28115606375.3619
4081.4903 112341187.0559
4081.6015 28131195052.6325
4081.7126 28126628711.0625
4081.8238 111530648.3134
4081.9350 28129731384.4506
4082.0462 28131599677.2934
4082.1574 111781287.4266
4082.2686 28132296378.6149
4082.3798 28133391742.5483
4082.4910 112182302.1479
4082.6021 28152059893.7338
4082.7133 28129491807.2384
4082.8245 111810608.0098
4082.9357 28132554928.9334
4083.0469 28150179241.2085
4083.1581 112864731.5425
4083.2693 28142973336.2213
4083.3805 28146794370.7849
4083.4917 111463724.1195
4083.6028 28145011005.9115
4083.7140 28140259831.3575
4083.8252 110941821.2227
4083.9364 28151226297.8586
4084.0476 28155846774.4537
4084.1588 111994439.9339
4084.2700 28145036807.6265
4084.3812 28154165075.8144
4084.4923 111831732.6603
4084.6035 28159404221.0229
4084.7147 28179000379.4977
4084.8259 112320984.0109
4084.9371 28145001951.5577
4085.0483 28155081222.9062
4085.1595 112536161.9200
4085.2707 28136742156.7115
4085.3818 28165053656.0418
4085.4930 111942921.9318
4085.6042 28143416813.9776
4085.7154 28162466835.4183
4085.8266 111399689.9297
4085.9378 28162640376.0810
4086.0490 28163508741.4903
4086.1602 112622503.1685
4086.2714 28171012588.1261
4086.3825 28164951658.1642
4086.4937 112630406.3847
4086.6049 28189257948.6804
4086.7161 28160079033.2889
4086.8273 112314411.4720
4086.9385 28159289211.7756
4087.0497 28177152745.2952
4087.1609 112227592.4450
4087.2720 28175206663.8037
4087.3832 28171056056.6464
4087.4944 112160402.7761
4087.6056 28169852281.3479
4087.7168 28173375029.3315
4087.8280 112619888.8237
4087.9392 28158600111.1766
4088.0504 28187258961.5366
4088.1615 111415034.4048
4088.2727 28206183556.1613
4088.3839 28185758414.1626
4088.4951 112544727.8634
4088.6063 28179304843.0538
4088.7175 28194729358.9944
4088.8287 112646024.9560
4088.9399 28178458643.2484
4089.0511 28191860925.2497
4089.1622 112558117.6281
4089.2734 28177258553.2983
4089.3846 28185981951.4588
4089.4958 111807928.3843
4089.6070 28206801602.1431
4089.7182 28180548877.7842
4089.8294 111420303.7153
4089.9406 28177714164.3239
4090.0517 28183900062.5709
4090.1629 112100775.6503
4090.2741 28175730600.5573
4090.3853 28203962808.4445
4090.4965 112128790.8653
4090.6077 28197184342.2465
4090.7189 28192420596.5672
4090.8301 112233000.6763
4090.9413 28209544850.3471
4091.0524 28184512438.4192
4091.1636 112953123.0963
4091.2748 28201663341.1737
4091.3860 28227142892.1534
4091.4972 111560095.6259
4091.6084 28194839190.6237
4091.7196 28197212871.5135
4091.8308 112475553.6796
4091.9419 28197122874.2522
4092.0531 28203818291.3087
4092.1643 113133262.9269
4092.2755 28197799813.4505
4092.3867 28212809448.3546
4092.4979 111895453.3648
4092.6091 28210457208.8572
4092.7203 28204059579.6785
4092.8314 112346213.5066
4092.9426 28209379249.8793
4093.0538 28215431468.4494
4093.1650 112079506.4026
4093.2762 28218875680.2834
4093.3874 28211796192.6991
4093.4986 112687182.9552
4093.6098 28214450577.1768
4093.7210 28213734491.6035
4093.8321 112303089.2411
4093.9433 28211267835.8574
4094.0545 28210281657.6032
4094.1657 112834466.0024
4094.2769 28200883721.7416
4094.3881 28243321524.7910
4094.4993 111028298.6454
4094.6105 28224929477.2310
4094.7216 28246785355.3666
4094.8328 112698192.8364
4094.9440 28248528823.2059
4095.0552 28218027248.2911
4095.1664 112515058.3061
4095.2776 28232217353.8758
4095.3888 28231778567.2834
4095.5000 112182161.8629
4095.6111 28210584139.7174
4095.7223 28242960994.0829
4095.8335 112105341.9763
4095.9447 28232935087.4323
4096.0559 28244519722.1308
4096.1671 112421725.0017
4096.2783 28209723596.5734
4096.3895 28275557944.3306
4096.5007 112021007.8308
4096.6118 28241443630.6760
4096.7230 28244272782.4273
4096.8342 112283523.3445
4096.9454 28253803600.8144
4097.0566 28242056355.2823
4097.1678 112523991.0710
4097.2790 28251169574.9881
4097.3902 28230108662.0097
4097.5013 112160510.7385
4097.6125 28261767157.8903
4097.7237 28223344014.1964
4097.8349 111824755.7802
4097.9461 28260015203.9586
4098.0573 28231181254.1948
4098.1685 112865560.0527
4098.2797 28253948552.3692
4098.3908 28253834765.6769
4098.5020 112520375.1961
4098.6132 28259243591.5738
4098.7244 28264124489.9035
4098.8356 113491584.8994
4098.9468 28270134307.5079
4099.0580 28265182535.9765
4099.1692 112472925.3773
4099.2804 28260669817.2006
4099.3915 28262190836.9038
4099.5027 111839789.0764
4099.6139 28253122716.6921
4099.7251 28263066285.7202
4099.8363 112861369.8831
4099.9475 28252352272.1994
4100.0587 28269056693.1996
4100.1699 113279840.8301
4100.2810 28259306586.9211
4100.3922 28280017555.1052
4100.5034 112689096.0743
4100.6146 28285023033.9931
4100.7258 28246182060.2589
4100.8370 112576914.9904
4100.9482 28280914529.2740
4101.0594 28269165431.4553
4101.1705 112130978.4719
4101.2817 28283667604.0634
4101.3929 28269195978.8186
4101.5041 113136361.0482
4101.6153 28282106435.6537
4101.7265 28299157568.9429
4101.8377 112657768.4682
4101.9489 28307494019.8330
4102.0601 28263471516.6644
4102.1712 112806395.4969
4102.2824 28292794989.0559
4102.3936 28275093694.0282
4102.5048 113385968.4122
4102.6160 28308828015.4334
4102.7272 28261648941.5592
4102.8384 112276655.0518
4102.9496 28292416792.2497
4103.0607 28304727436.0955
4103.1719 113498012.3311
4103.2831 28295448229.0322
4103.3943 28281236165.7766
4103.5055 112716391.2630
4103.6167 28286951346.0517
4103.7279 28291588148.9767
4103.8391 113279143.8212
4103.9503 28291707802.8797
4104.0614 28291953366.0770
4104.1726 112396741.5231
4104.2838 28280009781.4640
4104.3950 28318117045.7013
4104.5062 113768254.0458
4104.6174 28300150316.5087
4104.7286 28296146985.8408
4104.8398 113120896.7307
4104.9509 28305597433.6223
4105.0621 28302568734.4987
4105.1733 112977462.4833
4105.2845 28300769122.5883
4105.3957 28307087795.9597
4105.5069 113004110.0012
4105.6181 28313262203.5523
4105.7293 28298246725.3417
4105.8404 112705411.0896
4105.9516 28297658462.3392
4106.0628 28309928470.8141
4106.1740 113410291.8672
4106.2852 28318251940.3283
4106.3964 28302257995.7163
4106.5076 112777896.2315
4106.6188 28306897291.2265
4106.7300 28305221748.9084
4106.8411 112963308.4460
4106.9523 28314174407.9233
4107.0635 28321818093.4937
4107.1747 112762564.5886
4107.2859 28304103156.0871
4107.3971 28317919161.6021
4107.5083 112644954.5646
4107.6195 28314237456.2859
4107.7306 28308674559.7850
4107.8418 113355423.1267
4107.9530 28315559831.9499
4108.0642 28329998183.5307
4108.1754 112617849.3274
4108.2866 28312903921.1697
4108.3978 28341164426.8379
4108.5090 112840887.5459
4108.6201 28323897208.5339
4108.7313 28340834244.9455
4108.8425 112552549.0303
4108.9537 28318743728.6076
4109.0649 28323276086.8461
4109.1761 112138133.6021
4109.2873 28341528809.7008
4109.3985 28332471849.3694
4109.5097 113782261.4731
4109.6208 28338851601.2040
4109.7320 28337132698.0668
4109.8432 113968882.0385
4109.9544 28340510733.1900
4110.0656 28342432209.9831
4110.1768 113022132.9929
4110.2880 28341589284.4798
4110.3992 28323961619.4187
4110.5103 112877951.8573
4110.6215 28339542998.1361
4110.7327 28342407733.5633
4110.8439 113160221.3564
4110.9551 28348539956.9442
4111.0663 28336432932.4273
4111.1775 113055513.6731
4111.2887 28339498900.1238
4111.3998 28353482200.4731
4111.5110 113612472.2289
4111.6222 28332291639.5465
4111.7334 28345123689.1927
4111.8446 112514098.4937
4111.9558 28346678711.9252
4112.0670 28356160627.6221
4112.1782 113321252.2053
4112.2894 28369269330.6598
4112.4005 28361364100.6964
4112.5117 112558350.1597
4112.6229 28359385800.1075
4112.7341 28359811524.4838
4112.8453 112761758.0439
4112.9565 28352808612.1316
4113.0677 28360642829.1970
4113.1789 112956749.4641
4113.2900 28382802875.6973
4113.4012 28334969372.0946
4113.5124 112281158.0161
4113.6236 28365645589.4228
4113.7348 28359974557.6292
4113.8460 115122365.7525
4113.9572 28365310268.2454
4114.0684 28379835432.1507
4114.1795 112831200.5169
4114.2907 28381327560.9617
4114.4019 28385745946.8941
4114.5131 113666720.8076
4114.6243 28373601466.0399
4114.7355 28380311463.0992
4114.8467 112076984.8461
4114.9579 28352340805.4991
4115.0691 28376893034.6011
4115.1802 114038047.9579
4115.2914 28377533450.4934
4115.4026 28375059540.9045
4115.5138 112946347.3810
4115.6250 28384186525.2773
4115.7362 28381636607.5873
4115.8474 112515415.4692
4115.9586 28376777885.9169
4116.0697 28392489717.7278
4116.1809 112899325.4794
4116.2921 28385857171.6535
4116.4033 28381155498.4575
4116.5145 113141836.0224
4116.6257 28385536382.8218
4116.7369 28400514028.6046
4116.8481 113543365.2046
4116.9593 28383693928.8368
4117.0704 28398686246.1315
4117.1816 113494390.4013
4117.2928 28400207131.8106
4117.4040 28392450972.3077
4117.5152 111930533.6793
4117.6264 28394324112.8185
4117.7376 28405011279.5121
4117.8488 112944015.0870
4117.9599 28385384012.5190
4118.0711 28388702967.7479
4118.1823 113432489.7263
4118.2935 28411382720.2349
4118.4047 28408086648.4247
4118.5159 113768429.3089
4118.6271 28408742719.0590
4118.7383 28411760182.1169
4118.8494 113627542.3738
4118.9606 28408497643.1811
4119.0718 28391785602.1379
4119.1830 112856923.8745
4119.2942 28421508552.5021
4119.4054 28380006841.1869
4119.5166 113202333.7788
4119.6278 28415874758.8114
4119.7390 28414324997.5291
4119.8501 112816338.3946
4119.9613 28406745635.3773
4120.0725 28409011667.9963
4120.1837 112221099.9026
4120.2949 28429790854.6304
4120.4061 28417439812.0666
4120.5173 113356256.4258
4120.6285 28411617321.3646
4120.7396 28431628349.6891
4120.8508 114099851.9501
4120.9620 28433969490.7929
4121.0732 28417407571.1916
4121.1844 112375638.5879
4121.2956 28416901027.5325
4121.4068 28418739089.4542
4121.5180 113732380.0642
4121.6291 28423516524.8059
4121.7403 28437892511.7614
4121.8515 112852530.7475
4121.9627 28419673671.5830
4122.0739 28435351157.1916
4122.1851 112821570.5412
4122.2963 28431509106.1719
4122.4075 28447897301.1812
4122.5187 113196572.2835
4122.6298 28446444059.3044
4122.7410 28440138650.1330
4122.8522 114037684.6321
4122.9634 28436207617.8929
4123.0746 28439268427.1002
4123.1858 112265987.6001
4123.2970 28443256818.3512
4123.4082 28421904507.7873
4123.5193 114348191.9228
4123.6305 28444843052.6635
4123.7417 28427213634.0927
4123.8529 113637857.6363
4123.9641 28448156547.4975
4124.0753 28433651472.9686
4124.1865 113204276.7167
4124.2977 28435175580.0096
4124.4088 28434007985.9957
4124.5200 114389807.3444
4124.6312 28445651067.8923
4124.7424 28438324108.2494
4124.8536 113052074.5892
4124.9648 28458906505.7053
4125.0760 28446303335.1716
4125.1872 113002438.8478
4125.2984 28469912383.8033
4125.4095 28435264643.3198
4125.5207 113529762.3009
4125.6319 28460707300.1745
4125.7431 28457855262.9764
4125.8543 113056697.6543
4125.9655 28433868081.6259
4126.0767 28470341647.7305
4126.1879 114357120.5471
4126.2990 28462560768.8213
4126.4102 28479083087.4798
4126.5214 113270616.3536
4126.6326 28463379111.4364
4126.7438 28465328306.6839
4126.8550 112906381.3642
4126.9662 28479054853.3439
4127.0774 28466486709.7899
4127.1885 113676294.4264
4127.2997 28475129730.0661
4127.4109 28465584085.3387
4127.5221 112574336.0676
4127.6333 28456580282.5034
4127.7445 28470659879.2069
4127.8557 113323068.5354
4127.9669 28469540087.5679
4128.0781 28464933813.1321
4128.1892 113792770.4043
4128.3004 28471846860.3859
4128.4116 28481361504.6504
4128.5228 112913361.4586
4128.6340 28493128695.4575
4128.7452 28476375253.0280
4128.8564 114427471.7509
4128.9676 28486255489.0493
4129.0787 28461867460.4871
4129.1899 113688430.3916
4129.3011 28463618199.8811
4129.4123 28506521589.4844
4129.5235 113185378.9772
4129.6347 28487484224.0232
4129.7459 28488503435.1077
4129.8571 111911392.1690
4129.9682 28489167975.6073
4130.0794 28483999375.8961
4130.1906 114389264.2323
4130.3018 28485328881.2616
4130.4130 28475844100.4559
4130.5242 114004182.8491
4130.6354 28488380843.3998
4130.7466 28494701649.3102
4130.8578 114065316.3008
4130.9689 28480676819.1298
4131.0801 28488010174.7175
4131.1913 113569944.6169
4131.3025 28505128859.6160
4131.4137 28504174682.7947
4131.5249 113706403.0489
4131.6361 28504145029.5599
4131.7473 28511113049.6207
4131.8584 113060168.9497
4131.9696 28490752391.3798
4132.0808 28498302725.1990
4132.1920 114913167.1532
4132.3032 28516730216.5892
4132.4144 28481256100.1808
4132.5256 113507364.1987
4132.6368 28500659856.5451
4132.7480 28487854025.9526
4132.8591 113318693.1622
4132.9703 28514485036.7614
4133.0815 28507748994.6329
4133.1927 112916740.2554
4133.3039 28504720087.0180
4133.4151 28511604850.4960
4133.5263 113551268.8229
4133.6375 28511749748.6592
4133.7486 28516067852.9002
4133.8598 114186859.0870
4133.9710 28539899326.7666
4134.0822 28509115970.9589
4134.1934 113718505.4469
4134.3046 28532681067.7481
4134.4158 28504061872.3959
4134.5270 113809579.6873
4134.6381 28519899634.8814
4134.7493 28504714382.5652
4134.8605 113382697.6979
4134.9717 28525363257.5636
4135.0829 28522837636.8492
4135.1941 114151224.4633
4135.3053 28506609095.5027
4135.4165 28527217853.9456
4135.5277 113979102.8476
4135.6388 28535183545.1454
4135.7500 28526595344.8592
4135.8612 114040810.1877
4135.9724 28551888762.8830
4136.0836 28527787550.5572
4136.1948 113029206.9175
4136.3060 28537028542.0022
4136.4172 28526446047.5021
4136.5283 114216059.1807
4136.6395 28535706539.9279
4136.7507 28532333106.4980
4136.8619 113932551.6606
4136.9731 28554237614.2974
4137.0843 28537562654.3967
4137.1955 113729301.9072
4137.3067 28559271804.6635
4137.4178 28517859590.4054
4137.5290 113674497.4027
4137.6402 28536215838.3637
4137.7514 28557162510.8300
4137.8626 114184742.4427
4137.9738 28563626569.6687
4138.0850 28532641148.3791
4138.1962 113237435.8919
4138.3074 28541957970.2697
4138.4185 28548390926.5725
4138.5297 113716883.1215
4138.6409 28567070924.0858
4138.7521 28560565907.1783
4138.8633 114115654.2712
4138.9745 28529673943.8742
4139.0857 28564081811.4585
4139.1969 113942870.9012
4139.3080 28541593582.0634
4139.4192 28567597054.1041
4139.5304 113214021.3193
4139.6416 28560555629.0194
4139.7528 28563861012.3098
4139.8640 114118273.1857
4139.9752 28538738895.4347
4140.0864 28581171288.7420
4140.1975 113305691.4267
4140.3087 28546392379.4651
4140.4199 28575329978.3351
4140.5311 113730786.8749
4140.6423 28547478035.5832
4140.7535 28583887595.6981
4140.8647 114093892.8496
4140.9759 28570495039.3764
4141.0871 28569701744.1237
4141.1982 113056444.5084
4141.3094 28592122513.0655
4141.4206 28575980023.9209
4141.5318 114167066.3396
4141.6430 28583244753.0567
4141.7542 28586867686.7262
4141.8654 113922263.4093
4141.9766 28585338772.2391
4142.0877 28576038019.8165
4142.1989 114233953.1636
4142.3101 28569824746.6886
4142.4213 28577259788.0129
4142.5325 113690429.4004
4142.6437 28572732022.1663
4142.7549 28598885362.6723
4142.8661 114174084.8714
4142.9772 28576677144.3288
4143.0884 28580131595.6523
4143.1996 114795658.1630
4143.3108 28585639553.3397
4143.4220 28591403442.9901
4143.5332 113208066.1744
4143.6444 28585017970.6294
4143.7556 28602294371.5241
4143.8668 113680624.9424
4143.9779 28611222550.6235
4144.0891 28580566669.4578
4144.2003 114596950.0655
4144.3115 28598152884.4941
4144.4227 28619176466.9043
4144.5339 114396922.4988
4144.6451 28608003877.5342
4144.7563 28584851938.4458
4144.8674 113654895.2764
4144.9786 28605363197.8004
4145.0898 28612100566.6104
4145.2010 113971672.8805
4145.3122 28598616437.5688
4145.4234 28602497787.7117
4145.5346 113511337.3307
4145.6458 28586366783.7308
4145.7570 28628155051.4082
4145.8681 114610215.6857
4145.9793 28601754181.0542
4146.0905 28628995368.7329
4146.2017 114075703.9447
4146.3129 28610467376.1717
4146.4241 28634407026.5443
4146.5353 114638249.6463
4146.6465 28617450239.8163
4146.7576 28638774183.2204
4146.8688 114485135.7471
4146.9800 28608555303.6239
4147.0912 28615717870.9708
4147.2024 113956601.7832
4147.3136 28617808259.8663
4147.4248 28633010149.9902
4147.5360 114059015.3113
4147.6471 28642024950.5735
4147.7583 28624650631.0252
4147.8695 112756724.8855
4147.9807 28625649270.0466
4148.0919 28639742259.0704
4148.2031 114481891.7309
4148.3143 28653650153.3360
4148.4255 28606213401.7047
4148.5367 112946529.7927
4148.6478 28632177117.6166
4148.7590 28646566573.9072
4148.8702 113728350.1991
4148.9814 28641640466.4981
4149.0926 28636284532.6839
4149.2038 113351772.9797
4149.3150 28629984681.3621
4149.4262 28620449239.2951
4149.5373 113827213.7772
4149.6485 28644354208.6974
4149.7597 28623860194.4261
4149.8709 113998038.5525
4149.9821 28635819802.0232
4150.0933 28628217612.9529
4150.2045 115712643.3141
4150.3157 28633020735.7089
4150.4268 28654022679.1212
4150.5380 113730305.5154
4150.6492 28661895395.1880
4150.7604 28644164888.6192
4150.8716 113583000.1176
4150.9828 28650340124.2387
4151.0940 28642047981.5473
4151.2052 113673229.2975
4151.3164 28639336506.6385
4151.4275 28642247611.5735
4151.5387 113517212.6656
4151.6499 28667240794.3542
4151.7611 28643678527.8066
4151.8723 113761371.4590
4151.9835 28649153817.9379
4152.0947 28656853023.8683
4152.2059 113446600.2078
4152.3170 28649300120.8711
4152.4282 28653237724.2453
4152.5394 114334496.4202
4152.6506 28646814719.9862
4152.7618 28644168320.3295
4152.8730 113901780.1819
4152.9842 28662294128.1722
4153.0954 28662334873.8310
4153.2065 113496114.4444
4153.3177 28661937518.0169
4153.4289 28647924024.6366
4153.5401 114500040.8305
4153.6513 28664358994.7864
4153.7625 28681172507.6746
4153.8737 115409375.8204
4153.9849 28686946593.6785
4154.0961 28661672730.7929
4154.2072 113759573.5182
4154.3184 28673954399.9734
4154.4296 28688858676.1397
4154.5408 113271687.3177
4154.6520 28679716013.0775
4154.7632 28680127432.3957
4154.8744 114638159.4048
4154.9856 28678658416.5318
4155.0967 28670929973.1220
4155.2079 114850907.1004
4155.3191 28653996455.6883
4155.4303 28677680704.4635
4155.5415 114444741.7147
4155.6527 28680855297.4479
4155.7639 28698625489.8857
4155.8751 114288687.3824
4155.9862 28672001777.2573
4156.0974 28709037465.1891
4156.2086 114492418.7689
4156.3198 28704543982.5970
4156.4310 28655556583.3432
4156.5422 115244064.5147
4156.6534 28670291356.9556
4156.7646 28709348749.6691
4156.8758 114469831.9699
4156.9869 28694049642.0811
4157.0981 28701923416.0782
4157.2093 114268403.8085
4157.3205 28692100726.9519
4157.4317 28704393741.0608
4157.5429 113696567.8054
4157.6541 28701895931.7236
4157.7653 28693169063.6449
4157.8764 114406054.7487
4157.9876 28694964418.9747
4158.0988 28715198502.7597
4158.2100 113858871.7547
4158.3212 28690799758.8208
4158.4324 28712304028.0780
4158.5436 114096618.4305
4158.6548 28702732707.7074
4158.7660 28702398437.4998
4158.8771 114076076.3375
4158.9883 28708347214.2701
4159.0995 28699334878.1946
4159.2107 114160933.4334
4159.3219 28711118130.9232
4159.4331 28708575299.0673
4159.5443 114100162.7137
4159.6555 28699147105.9324
4159.7666 28716168110.5871
4159.8778 114744123.4114
4159.9890 28720985758.5085
4160.1002 28744263755.1583
4160.2114 114499858.2799
4160.3226 28709102068.6735
4160.4338 28728259853.5825
4160.5450 113943768.3136
4160.6561 28740713243.8333
4160.7673 28698114499.6960
4160.8785 114605565.1634
4160.9897 28716029379.4645
4161.1009 28713381282.3585
4161.2121 113354567.8963
4161.3233 28734366265.4644
4161.4345 28721903438.8967
4161.5457 114722322.6148
4161.6568 28702359920.1950
4161.7680 28726218987.7136
4161.8792 115851198.8227
4161.9904 28718912471.4289
4162.1016 28748712954.1685
4162.2128 114561538.5773
4162.3240 28723611952.9300
4162.4352 28707165576.6620
4162.5463 115223059.0122
4162.6575 28727712041.9432
4162.7687 28755271547.7075
4162.8799 114527969.5160
4162.9911 28732688876.0602
4163.1023 28750342568.7503
4163.2135 115050825.1015
4163.3247 28754734075.4728
4163.4358 28728490440.2287
4163.5470 114491375.7906
4163.6582 28732947406.4346
4163.7694 28760932477.6783
4163.8806 114895380.0620
4163.9918 28743787506.1229
4164.1030 28772078430.8832
4164.2142 114485904.1286
4164.3254 28752716340.9835
4164.4365 28768452398.8120
4164.5477 114740681.1435
4164.6589 28757139934.4794
4164.7701 28762954894.6374
4164.8813 113957343.3364
4164.9925 28759347869.7861
4165.1037 28769975248.5500
4165.2149 114781274.1729
4165.3260 28753206234.0195
4165.4372 28765190172.8801
4165.5484 113434579.5389
4165.6596 28756992467.9883
4165.7708 28789791099.6409
4165.8820 113837995.2163
4165.9932 28765104360.8637
4166.1044 28767725114.7547
4166.2155 114411644.6075
4166.3267 28765070771.1768
4166.4379 28778043905.8691
4166.5491 114986355.4157
4166.6603 28774056888.8083
4166.7715 28775623408.0517
4166.8827 115771883.5279
4166.9939 28776133190.0832
4167.1051 28763018383.0369
4167.2162 115153968.7245
4167.3274 28791981848.3717
4167.4386 28765388225.2705
4167.5498 114426821.1614
4167.6610 28770731483.0395
4167.7722 28784970802.8979
4167.8834 114769339.6063
4167.9946 28761612469.5184
4168.1057 28810236585.9450
4168.2169 114679900.6668
4168.3281 28791678583.9847
4168.4393 28812052602.7241
4168.5505 114925412.3148
4168.6617 28801210902.9900
4168.7729 28804701053.5516
4168.8841 114487854.2783
4168.9952 28806245640.6547
4169.1064 28787408928.9521
4169.2176 115140854.5503
4169.3288 28794832993.9242
4169.4400 28779986155.2914
