0.000000 11503954876.471575
0.111200 938288548.645065
0.222400 1129328923.213394
0.333600 11465908562.373148
0.444800 460468021.417316
0.555900 1105003309.272190
0.667100 11375225901.190456
0.778300 213502956.828003
0.889500 246534055.926821
1.000700 11417046528.428297
1.111900 993384662.408321
1.223100 159597726.467587
1.334300 11432667418.325975
1.445400 1524777554.895180
1.556600 1198677711.133389
1.667800 11446539271.958691
1.779000 1437603164.562075
1.890200 890188875.017731
2.001400 11454420462.182846
2.112600 506681443.915413
2.223800 1713920289.401415
2.334900 11466782476.982645
2.446100 1851903711.617990
2.668500 11479559932.154787
2.779700 206102036.459915
2.890900 1466642546.076115
3.002100 11383317129.583075
3.113300 1556517914.651884
3.224500 890657023.134935
3.335600 11433716730.399811
3.446800 543725677.753902
3.558000 195959384.362902
3.669200 11478559277.773497
3.780400 1327034693.306973
3.891600 121295307.901423
4.002800 11441683276.350832
4.114000 1513290269.186893
4.225100 255320971.694595
4.336300 11452942862.494022
4.447500 1899002076.846767
4.558700 1132346609.436720
4.669900 11455273898.027569
4.781100 1405185667.958799
4.892300 897746054.831905
5.003500 11445686756.830271
5.114600 512167430.798489
5.225800 880026195.822147
5.337000 11475335463.399134
5.448200 302512817.224436
5.559400 749807428.043550
5.670600 11496622263.443556
5.781800 1188342001.409548
5.893000 527306187.860714
6.004200 11437142132.869543
6.115300 828568638.954121
6.226500 838590401.126343
6.337700 11513746882.417791
6.448900 925236423.302261
6.560100 900415585.245737
6.671300 11480060042.131409
6.893700 1315403714.318501
7.004800 11465518581.302696
7.116000 717136205.662443
7.227200 1109343986.621933
7.338400 11478374492.469254
7.449600 598545316.651793
7.560800 592207116.017340
7.672000 11498792971.104483
7.783200 500635013.719212
7.894400 1866649799.127117
8.005500 11459295063.432886
8.227900 877766495.456970
8.339100 11437097415.073364
8.450300 1234024619.959780
8.561500 627860876.857002
8.672700 11472200922.499624
8.783900 1240011568.560230
8.895000 1514469716.925213
9.006200 11506577478.254560
9.117400 217787002.482962
9.228600 1591202060.581404
9.339800 11479713844.191179
9.451000 595695744.789576
9.562200 1311462111.427179
9.673400 11451074605.735582
9.784500 2019986657.724775
9.895700 756159098.874641
10.006900 11474813229.912073
10.118100 1513266669.383059
10.229300 1064083863.776588
10.340500 11510919906.854250
10.451700 1576682836.892132
10.562900 553559035.596426
10.674100 11449072049.913416
10.785200 603018089.741594
10.896400 1112497274.897852
11.007600 11505507728.810974
11.118800 598433447.952951
11.230000 1636326282.824970
11.341200 11463224945.520224
11.563600 1529209573.954885
11.674700 11493977907.138971
11.785900 1408507360.553446
11.897100 1321353578.740297
12.008300 11484550800.478415
12.119500 688481088.099989
12.230700 971526403.828306
12.341900 11507108444.814957
12.453100 1064143985.560930
12.675400 11501773195.499802
12.786600 256074058.136576
12.897800 931335829.695528
13.009000 11467562430.403349
13.120200 469662487.035122
13.231400 1087272562.055944
13.342600 11482630861.441797
13.453800 1101420287.470776
13.564900 1137314280.738365
13.676100 11507841779.765757
13.787300 891611413.494335
13.898500 1414557850.811697
14.009700 11468879710.476423
14.120900 1082355781.236805
14.232100 822383055.267736
14.343300 11464840983.517399
14.454400 266324737.060387
14.565600 1951692705.214085
14.676800 11485133959.275787
14.788000 840559743.064980
14.899200 1048327431.876551
15.010400 11507806966.654890
15.121600 1072038601.346888
15.232800 1393078021.936430
15.343900 11473265298.020409
15.566300 1619271080.684530
15.677500 11494770436.213148
15.788700 1637014055.872358
15.899900 1113287319.834745
16.011100 11493269117.481403
16.122300 1578232578.126621
16.233500 1227213130.510584
16.344600 11448051410.136883
16.455800 1697338567.522108
16.567000 318037732.672445
16.678200 11492931520.318686
16.789400 1800280955.649818
16.900600 286042715.373032
17.011800 11469892820.177916
17.123000 766387641.768456
17.234100 659160585.311544
17.345300 11481541803.080370
17.456500 557472060.283022
17.567700 939515174.171288
17.678900 11486799380.901756
17.790100 1396307651.536018
17.901300 719688926.267361
18.012500 11460328482.537273
18.123600 583213812.979944
18.234800 1427441739.820463
18.346000 11421395048.387722
18.457200 1431454699.855507
18.568400 911346951.788504
18.679600 11479488848.746807
18.790800 1119651392.155203
18.902000 1142759829.153082
19.013200 11463083152.695030
19.124300 674960878.210138
19.235500 482370467.545195
19.346700 11478107311.424492
19.457900 728931098.297012
19.569100 1285378020.877050
19.680300 11478825356.182493
19.791500 803432491.982927
19.902700 1546518666.629446
20.013800 11450381697.031536
20.125000 1087521032.348886
20.236200 994382001.411787
20.347400 11451070901.652824
20.458600 675350617.935991
20.569800 578473890.513374
20.681000 11464748440.464260
20.903300 1574855806.271008
21.014500 11452254940.131845
21.125700 639599276.811144
21.236900 648382246.643291
21.348100 11469140524.921181
21.459300 1294206633.229595
21.570500 499311381.448627
21.681700 11457395282.956566
21.792900 1150345817.310799
21.904000 747385404.857918
22.015200 11451183600.836006
22.126400 1303056315.537359
22.237600 126542238.345861
22.348800 11450306273.065405
22.460000 1214477986.060474
22.571200 735881195.033863
22.682400 11443068250.677357
22.793500 974592064.532747
22.904700 770290784.152124
23.015900 11456739161.611073
23.127100 823187457.448683
23.238300 773449828.455145
23.349500 11444440754.518547
23.460700 298764369.858980
23.571900 1314969390.179430
23.683100 11420290086.186689
23.794200 1760071126.233341
23.905400 939151454.947680
24.016600 11424666938.151693
24.127800 977851216.626070
24.239000 1162965032.690598
24.350200 11432503793.542067
24.461400 984913844.851465
24.572600 754394999.636282
24.683700 11435096735.097307
24.794900 1271695729.404030
24.906100 1225542659.162439
25.017300 11428721366.493021
25.128500 1400585561.447668
25.239700 956299916.744667
25.350900 11409646462.274307
25.462100 697511714.435179
25.573200 1016835084.656368
25.684400 11406531378.325768
25.795600 1077641360.004566
25.906800 1344543041.661549
26.018000 11408955804.925207
26.129200 516842926.917330
26.240400 954393769.028505
26.351600 11415730394.849724
26.462800 1475896790.640574
26.573900 1017770816.020144
26.685100 11398399012.449322
26.796300 1109024609.787098
26.907500 1128732845.821962
27.018700 11387243294.519403
27.129900 1218360760.560207
27.241100 710345303.753365
27.352300 11420069951.784668
27.463400 1384621097.514101
27.574600 1059558090.701256
27.685800 11408642584.702719
27.797000 1561011663.574257
27.908200 171054752.566938
28.019400 11410761269.958677
28.130600 891416322.871599
28.352900 11396255652.084501
28.464100 979233996.536934
28.575300 1306075804.211842
28.686500 11373143520.457647
28.797700 1011663864.900238
28.908900 257857666.302893
29.020100 11378867462.283602
29.131300 866045986.376984
29.242500 706962083.532150
29.353600 11389361495.781378
29.464800 530799901.729424
29.576000 1099544128.323418
29.687200 11386769757.570652
29.798400 701670520.336832
29.909600 1479452942.736788
30.020800 11395425419.708858
30.132000 1220721786.730438
30.243100 811650403.121698
30.354300 11376870628.504997
30.465500 1571832237.038841
30.576700 597223334.107241
30.687900 11383115897.139753
30.799100 1116480901.005829
30.910300 726061650.074587
31.021500 11376962476.074614
31.132600 711202678.216385
31.243800 1133774111.801628
31.355000 11371618149.291756
31.466200 783217959.672863
31.577400 776038170.636309
31.688600 11367606668.627714
31.799800 954623004.888214
31.911000 704460387.905573
32.022200 11355537485.034452
32.133300 1163339776.225481
32.244500 414405585.816669
32.355700 11361920673.802876
32.466900 878327923.020977
32.578100 762854633.104992
32.689300 11366656567.969917
32.800500 944615588.626125
32.911700 1085975767.517168
33.022800 11344494563.452766
33.134000 807170293.466511
33.245200 629539803.767879
33.356400 11345806596.433510
33.467600 1291281006.073524
33.578800 912859463.734604
33.690000 11354118966.401798
33.801200 943380064.239815
33.912300 869003247.821407
34.023500 11329367522.481884
34.134700 1282405466.053770
34.245900 835665702.166534
34.357100 11328084183.790401
34.468300 679960969.559511
34.579500 660562038.108564
34.690700 11316549789.348179
34.801900 550714619.511831
34.913000 809105351.787525
35.024200 11335485665.196211
35.135400 623871963.994669
35.246600 849669059.192829
35.357800 11333724308.792053
35.469000 1286676786.809540
35.580200 511313112.730833
35.691400 11333535189.742315
35.802500 1123131987.201111
36.024900 11295006759.461483
36.136100 473851295.549843
36.247300 909553224.279024
36.358500 11322713150.939053
36.469700 816092142.557877
36.580900 713122438.299891
36.692100 11319104784.213228
36.803200 1012178823.455372
36.914400 192864657.646429
37.025600 11305136979.636673
37.136800 675901939.575211
37.248000 752758328.957951
37.359200 11306460981.098465
37.470400 979115045.480536
37.581600 437894669.675800
37.692700 11299044845.047836
37.803900 462275871.806648
37.915100 840991597.348896
38.026300 11299234488.977463
38.137500 909217080.426979
38.248700 540197038.639612
38.359900 11296431952.841776
38.471100 873376322.997313
38.582200 365808781.804003
38.693400 11284980990.010977
38.804600 356730736.823996
38.915800 717937692.622463
39.027000 11282104329.579515
39.138200 188010031.503141
39.249400 1061324355.518072
39.360600 11283874409.790545
39.471800 907364334.769091
39.582900 1085048693.035597
39.694100 11238029922.799492
39.805300 601692573.239325
39.916500 1025722979.834103
40.027700 11256938039.984350
40.138900 805961701.614161
40.250100 947891534.473440
40.361300 11272056016.935648
40.472400 593231824.161165
40.583600 401672802.689642
40.694800 11262578970.191044
40.806000 552933196.189680
40.917200 868283692.688396
41.028400 11255738248.264994
41.139600 743479365.756088
41.250800 848898652.130655
41.361900 11256431077.527599
41.473100 1260871117.328259
41.584300 836349784.197021
41.695500 11257161028.757816
41.806700 890003988.662701
41.917900 682019044.516571
42.029100 11249063738.136776
42.140300 574066065.838297
42.251500 518591197.459335
42.362600 11250400071.369669
42.473800 1022701142.106979
42.585000 165005440.534309
42.696200 11234755500.772697
42.807400 169114308.962643
42.918600 1380633931.717436
43.029800 11241506359.406706
43.141000 970312604.010117
43.252100 1044421287.827370
43.363300 11226773570.947008
43.474500 1032999256.243212
43.585700 406909108.444508
43.696900 11229601012.352453
43.808100 505440610.220850
43.919300 648200091.567928
44.030500 11216842929.833975
44.141600 524232521.317501
44.252800 1096102059.202562
44.364000 11217606978.415154
44.475200 585475213.073906
44.586400 919485087.790394
44.697600 11210473949.248034
44.808800 261508989.106073
44.920000 1387520624.093758
45.031200 11202357593.973686
45.142300 1260293987.377745
45.253500 1000268050.877317
45.364700 11196017015.708954
45.475900 751749925.952486
45.587100 472465715.067219
45.698300 11204385802.820833
45.809500 719506437.108398
45.920700 454674923.006952
46.031800 11199863807.797312
46.143000 563933240.585266
46.254200 633116909.407293
46.365400 11179005972.908239
46.476600 1028823352.121225
46.587800 863849472.079361
46.699000 11183639189.559828
46.810200 983726159.594282
46.921300 591295086.025061
47.032500 11186415668.845778
47.143700 866023871.406715
47.254900 346055727.915560
47.366100 11173023370.201040
47.477300 1025360445.637785
47.588500 551798304.806793
47.699700 11173108030.848646
47.810900 999633289.534401
47.922000 602020044.148579
48.033200 11166387128.632097
48.144400 836777347.052544
48.255600 772497108.560383
48.366800 11165743873.805059
48.478000 545410616.391787
48.589200 559469484.830666
48.700400 11151898601.570663
48.811500 632519528.170042
48.922700 977371145.381020
49.033900 11149317384.314411
49.145100 986230104.510698
49.256300 704910063.793142
49.367500 11151962243.673780
49.478700 407520434.304529
49.589900 873341966.458282
49.701100 11140014233.537106
49.812200 130000232.071953
49.923400 936960309.151121
50.034600 11139182211.236977
50.145800 708037470.940262
50.257000 944296386.796701
50.368200 11134655321.177681
50.479400 908408872.633270
50.590600 830173067.935921
50.701700 11114235309.512157
50.812900 889003862.513182
50.924100 495242529.579372
51.035300 11119436025.758492
51.146500 730132115.041170
51.257700 492575357.661922
51.368900 11119986561.567938
51.480100 639301854.636387
51.591200 795249957.825607
51.702400 11115605693.790724
51.813600 783880241.109535
51.924800 551276224.769720
52.036000 11110092682.682430
52.147200 467834792.155804
52.258400 962422607.528234
52.369600 11096146376.066225
52.480800 334143072.141735
52.591900 1055369609.830502
52.703100 11094554170.005842
52.814300 238810464.362057
52.925500 1178742956.628378
53.036700 11090625234.595245
53.147900 809427010.369297
53.259100 604095413.800840
53.370300 11099436604.324675
53.481400 665104034.348068
53.592600 757276686.103163
53.703800 11090450408.346991
53.815000 648561777.430941
53.926200 662953662.182810
54.037400 11080028712.062344
54.148600 116305758.002577
54.259800 972104277.916420
54.370900 11081513047.847857
54.482100 707058511.960152
54.593300 689064804.892246
54.704500 11059199235.978048
54.815700 954117999.565754
54.926900 956091616.112926
55.038100 11074735520.365021
55.149300 1089218469.437857
55.260500 277089004.347532
55.371600 11065184832.077204
55.482800 722784975.452549
55.594000 786640341.749386
55.705200 11052513883.531834
55.816400 469653442.989614
55.927600 843060997.298182
56.038800 11056762208.412378
56.150000 400852514.353556
56.261100 785376717.528765
56.372300 11033030658.924952
56.483500 884426195.891859
56.594700 648828672.960640
56.705900 11038203594.669647
56.817100 840985636.378424
56.928300 647744292.366211
57.039500 11046873418.857269
57.150600 932512662.972240
57.261800 254604759.840376
57.373000 11044231902.453745
57.484200 643957457.442081
57.595400 541366966.007603
57.706600 11027156275.544029
57.817800 473113554.457476
57.929000 1081390486.022160
58.040200 11025469028.009003
58.151300 726895913.556824
58.262500 378492151.809536
58.373700 11024767544.370914
58.484900 769544406.467388
58.596100 419143477.808594
58.707300 11014496269.063965
58.818500 851172414.991444
58.929700 605218176.781570
59.040800 11020831811.107883
59.152000 769657047.512213
59.263200 790889558.366804
59.374400 10994543493.192392
59.485600 487617571.189117
59.596800 383425037.981216
59.708000 11010482819.692654
59.819200 550830908.682856
59.930300 281746554.211596
60.041500 11006088416.386042
60.152700 746974602.175268
60.263900 445045376.212446
60.375100 10994808549.235746
60.486300 359311600.554344
60.597500 776815268.440102
60.708700 10986241333.591995
60.819900 209551291.760502
60.931000 455244365.345268
61.042200 10991648259.380123
61.153400 893962595.373264
61.264600 429016794.271278
61.375800 10971965350.221861
61.487000 543643703.624407
61.598200 607700663.832108
61.709400 10987426318.450455
61.820500 1045556984.335239
61.931700 449717800.752661
62.042900 10975692436.946507
62.154100 315756841.566267
62.265300 458724611.069241
62.376500 10973090227.071018
62.487700 809309237.053089
62.598900 787021766.421631
62.710000 10972362231.030094
62.821200 739047933.675167
62.932400 179530807.511747
63.043600 10961421166.017778
63.154800 636369665.597734
63.266000 532206454.739145
63.377200 10959609751.970545
63.488400 611945736.038063
63.599600 475814745.293932
63.710700 10950794872.517582
63.821900 433808441.864742
63.933100 577183730.815325
64.044300 10952028878.335844
64.155500 726799614.089401
64.377900 10945489491.049759
64.489100 668213673.535963
64.600200 1089886762.309967
64.711400 10945877534.086630
64.822600 923709857.652500
64.933800 516444821.247740
65.045000 10938938111.304304
65.156200 743879391.113945
65.267400 416317594.186419
65.378600 10935527063.786488
65.489800 659252843.471298
65.600900 694672916.161613
65.712100 10934548608.988281
65.823300 709596020.309668
65.934500 505046857.132822
66.045700 10930037785.930395
66.156900 457278486.497852
66.268100 416750603.274544
66.379300 10933946603.301928
66.490400 132975276.670261
66.601600 613568746.939127
66.712800 10932256212.239014
66.824000 491146248.003315
66.935200 651190285.348206
67.046400 10930470487.380466
67.157600 322487991.905987
67.268800 738004276.182865
67.379900 10922088319.564608
67.491100 575427044.947392
67.602300 514815917.572905
67.713500 10924671345.402521
67.824700 311526067.725521
67.935900 680334132.258490
68.047100 10906576164.764404
68.158300 548372944.229242
68.269500 556192227.545990
68.380600 10907739318.383253
68.491800 836603950.466078
68.603000 318768843.522131
68.714200 10907292496.245579
68.825400 515803788.631527
68.936600 528834375.037882
69.047800 10908894214.716257
69.159000 783706211.992552
69.270100 352028827.287785
69.381300 10895514296.006659
69.492500 568555130.971077
69.603700 382543688.210949
69.714900 10871653880.107391
69.826100 785942876.399803
69.937300 829885840.968597
70.048500 10900259391.807377
70.159600 868038048.541651
70.382000 10891943709.890432
70.493200 453161003.376574
70.604400 155245167.428284
70.715600 10894768562.902390
70.826800 480538579.145342
70.938000 607933040.979076
71.049200 10886955441.423506
71.160300 376698736.951256
71.271500 511608546.661732
71.382700 10876818257.032932
71.493900 867066428.152830
71.605100 344525770.579805
71.716300 10887198323.602835
71.827500 410942739.924089
71.938700 404785983.678257
72.049800 10877898079.063004
72.161000 339217261.512018
72.272200 361051874.591265
72.383400 10879053953.567627
72.494600 499066762.412483
72.605800 655407348.326704
72.717000 10861559437.078941
72.828200 411809274.006176
72.939300 409180467.037895
73.050500 10874530480.123367
73.161700 830024379.630571
73.384100 10878169325.669828
73.495300 268499199.266630
73.606500 639523289.985369
73.717700 10869226195.848902
73.828900 504072119.205894
73.940000 758486200.469116
74.051200 10861565331.440626
74.162400 325971525.114397
74.273600 646991052.340092
74.384800 10861265521.009874
74.496000 631613703.933508
74.718400 10858245511.588972
74.829500 533728242.710155
74.940700 514376070.728813
75.051900 10861602598.450951
75.163100 552896858.512661
75.274300 451123908.214157
75.385500 10852986465.891333
75.496700 271819187.118189
75.607900 785025515.803026
75.719000 10857434514.108442
75.830200 346621701.345346
75.941400 477137268.276661
76.052600 10847496174.643204
76.163800 320058741.910789
76.275000 535950623.843027
76.386200 10844079675.406345
76.497400 610405950.378450
76.608600 686943879.987736
76.719700 10848378189.953264
76.830900 590353574.938904
76.942100 495498246.498621
77.053300 10834236394.370779
77.164500 339671106.252851
77.275700 694199318.109606
77.386900 10836879941.506502
77.498100 430206573.755617
77.609200 1073115129.216709
77.720400 10841124739.973850
77.831600 1003724776.342308
77.942800 308751645.158346
78.054000 10840530922.643684
78.165200 793637528.217009
78.276400 573314592.841879
78.387600 10827526458.291353
78.498800 754550322.479290
78.609900 118180139.094650
78.721100 10833937664.955423
78.832300 336006316.041914
78.943500 558716049.710390
79.054700 10833057185.830015
79.165900 494972479.892353
79.277100 560754353.395466
79.388300 10825130953.656769
79.499400 735066595.759903
79.610600 617395434.136904
79.721800 10817269081.029324
79.833000 239409580.942595
79.944200 731877720.230301
80.055400 10823727888.973087
80.166600 617101154.972723
80.277800 370513259.494484
80.388900 10816087028.516245
80.500100 486684757.136278
80.611300 591259782.943859
80.722500 10816694433.994459
80.833700 690498592.512259
80.944900 418664516.939228
81.056100 10807212357.116438
81.167300 696046420.402971
81.278500 381891163.486797
81.389600 10810612222.304592
81.500800 512782810.643627
81.612000 786559396.238573
81.723200 10804315904.429718
81.834400 428642312.229221
81.945600 468876785.376066
82.056800 10798947480.339724
82.168000 677138661.027966
82.279100 448006304.260572
82.390300 10803372439.247717
82.501500 875172894.961468
82.612700 131466905.250208
82.723900 10797941109.968014
82.835100 387729787.813292
82.946300 410131784.442448
83.057500 10800813159.237591
83.168600 157916547.462530
83.279800 685720730.475121
83.391000 10796617044.641832
83.502200 358543957.745958
83.613400 394888585.068699
83.724600 10794368270.917696
83.835800 461788192.379864
83.947000 503469004.209978
84.058200 10791795578.824108
84.169300 765838126.480013
84.391700 10789254423.564390
84.502900 528463121.275404
84.614100 230180518.080318
84.725300 10776226917.602646
84.836500 344821090.489922
84.947700 490220729.881891
85.058800 10785345562.517021
85.170000 151380123.607157
85.281200 638797780.440210
85.392400 10780450060.493916
85.503600 623439049.873835
85.614800 463201685.485943
85.726000 10781104133.252098
85.837200 503116475.132172
85.948300 422523333.916033
86.059500 10770915683.994543
86.170700 620832270.453478
86.281900 551649841.147095
86.393100 10773201935.448368
86.504300 266591939.463564
86.615500 617301898.402046
86.726700 10766924517.104046
86.837900 541021524.796589
86.949000 636103458.243818
87.060200 10763128751.705767
87.171400 607915240.208668
87.282600 532853345.989462
87.393800 10763512741.677883
87.505000 355291133.336470
87.616200 537881217.217457
87.727400 10753788751.626780
87.838500 594591510.036676
87.949700 549290013.675079
88.060900 10760930014.017824
88.172100 511050548.888451
88.283300 459919377.900799
88.394500 10755287075.157593
88.505700 420796047.362476
88.616900 527379683.842384
88.728000 10752234536.528753
88.839200 604932499.294720
88.950400 458701888.040718
89.061600 10752850395.837788
89.172800 317128126.970955
89.284000 669327601.685068
89.395200 10742553130.864258
89.506400 619630333.213760
89.617600 301073742.257111
89.728700 10748408878.878448
89.839900 477104397.451506
89.951100 542321422.537323
90.062300 10744028291.923630
90.173500 477045156.708965
90.284700 401701492.548767
90.395900 10740113858.325373
90.507100 408404166.038012
90.618200 564083264.781628
90.729400 10740186791.636454
90.840600 495716580.238825
90.951800 445070105.290373
91.063000 10733061885.260248
91.174200 455293413.060373
91.285400 584073136.497892
91.396600 10725495760.717531
91.507800 471478109.269934
91.618900 217363076.714437
91.730100 10731079886.174564
91.841300 557928878.415630
91.952500 365075568.939011
92.063700 10726963557.473785
92.174900 354708728.934925
92.286100 466109449.381607
92.397300 10722869426.632708
92.508400 532790618.063902
92.619600 470091926.611668
92.730800 10718655618.966705
92.842000 465149911.862928
92.953200 425136499.969721
93.064400 10722462919.039770
93.175600 349262391.266766
93.286800 734645508.289196
93.397900 10717275233.167055
93.509100 481523295.045624
93.620300 422328411.269295
93.731500 10714023134.054857
93.842700 534872198.024694
93.953900 593129402.325401
94.065100 10712764023.031368
94.176300 642980701.924673
94.287500 519845521.641813
94.398600 10707465680.487574
94.509800 603959326.000540
94.621000 340546368.660713
94.732200 10705822905.363569
94.843400 372845959.078804
94.954600 178946490.805931
95.065800 10705906847.626417
95.177000 312139718.639576
95.288100 533838970.984369
95.399300 10699845446.296356
95.510500 360645578.248800
95.621700 300528656.191168
95.732900 10698229430.464577
95.844100 213327822.356697
95.955300 523491416.977049
96.066500 10689073532.438261
96.177600 482435405.305462
96.288800 493047065.456451
96.400000 10693078613.448059
96.511200 374754137.718996
96.622400 497561053.176481
96.733600 10689843821.549223
96.844800 478929668.193644
96.956000 368074960.440556
97.067200 10687480012.895279
97.178300 441692656.917225
97.289500 512820992.589115
97.400700 10678954279.820158
97.511900 250436555.235874
97.623100 563676327.313463
97.734300 10678434590.102694
97.845500 509471938.012442
97.956700 176584581.313499
98.067800 10673762861.940590
98.179000 281185026.014174
98.290200 657535916.652895
98.401400 10672535779.643663
98.512600 669304168.640177
98.623800 274755482.575365
98.735000 10671763051.155483
98.957300 607190007.965174
99.068500 10667430883.365669
99.179700 428920541.464739
99.290900 469735169.502642
99.402100 10661875979.819332
99.513300 445724662.736273
99.624500 295322358.697725
99.735700 10663526490.726564
99.846900 156452653.557180
99.958000 591661278.572046
100.069200 10655965367.409166
100.180400 498353691.655689
100.291600 482449644.289574
100.402800 10654522573.205479
100.514000 396754783.538858
100.625200 420563071.706142
100.736400 10651235378.389694
100.847500 320808256.634464
100.958700 607450570.988001
101.069900 10647845473.501657
101.181100 423657792.233480
101.292300 288451721.606129
101.403500 10643715601.956379
101.514700 326957613.918699
101.625900 438671327.444201
101.737000 10630356980.372803
101.848200 709139693.904938
101.959400 311277086.610104
102.070600 10634831373.223326
102.181800 408655972.938726
102.293000 406780931.798109
102.404200 10633538883.319799
102.515400 407685057.555218
102.626600 412329714.442184
102.737700 10626594392.737303
102.848900 438319270.578302
102.960100 384936732.277897
103.071300 10623425831.875303
103.182500 384476710.663637
103.293700 341745877.893518
103.404900 10623270546.763165
103.516100 309330229.476692
103.627200 430634303.060919
103.738400 10616246570.086060
103.849600 268368419.753630
103.960800 684407198.300390
104.072000 10614378200.133526
104.183200 404351486.232992
104.294400 378120084.456341
104.405600 10607897423.262617
104.516700 342371876.365683
104.627900 391016437.429186
104.739100 10607769076.099573
104.850300 333811161.667498
104.961500 288194061.961918
105.072700 10602907403.743677
105.183900 376885377.104631
105.295100 293311049.180025
105.406300 10603194052.188421
105.517400 423127987.213558
105.628600 285635614.237213
105.739800 10593878778.166441
105.851000 395767555.742937
105.962200 299384487.527401
106.073400 10590521201.354521
106.184600 266217310.326788
106.295800 512491150.249298
106.406900 10588355152.865046
106.518100 465708003.669819
106.629300 490215032.926214
106.740500 10583292180.596628
106.851700 405126461.133646
106.962900 318630789.094767
107.074100 10581115836.195580
107.185300 463611746.364187
107.296500 251933180.515574
107.407600 10576144457.562599
107.518800 321349609.950640
107.630000 286854916.472919
107.741200 10571787823.797665
107.852400 230709822.906597
107.963600 441354055.704769
108.074800 10567453042.775135
108.186000 375861052.560747
108.297100 344276451.812962
108.408300 10565074132.007130
108.519500 319274238.166302
108.630700 291032545.230211
108.741900 10560200561.292955
108.853100 384748236.618690
108.964300 288550882.651655
109.075500 10557203153.410492
109.186600 239087030.404644
109.297800 636367253.982500
109.409000 10548305333.462063
109.520200 528178127.754763
109.631400 383369582.663628
109.742600 10548752727.753078
109.853800 326207921.508938
109.965000 370147785.270737
110.076200 10544056316.546709
110.187300 431804581.486378
110.298500 275470432.254276
110.409700 10538908756.114534
110.520900 341722426.485987
110.632100 397898043.493464
110.743300 10532367866.414988
110.854500 429436334.798803
110.965700 277252271.900928
111.076800 10531643914.132324
111.188000 437224165.270088
111.299200 303998505.397663
111.410400 10527538301.890577
111.521600 145055077.384773
111.632800 446454798.737326
111.744000 10524718178.390278
111.855200 242686562.120022
111.966300 397104710.794657
112.077500 10520452726.641977
112.188700 399953763.816372
112.299900 330738573.183844
112.411100 10512622292.869083
112.522300 295672672.176386
112.633500 220559550.690350
112.744700 10510593793.491165
112.855900 313442824.070927
112.967000 270765385.080032
113.078200 10507000958.120686
113.189400 165596962.965738
113.300600 482292476.782627
113.411800 10503717462.532383
113.523000 532080301.424294
113.634200 150648697.359638
113.745400 10500715902.348438
113.856500 369924323.315109
113.967700 345341376.819401
114.078900 10495917447.660269
114.190100 189169520.616964
114.301300 341335740.201685
114.412500 10492004991.647919
114.523700 219432487.645132
114.634900 335355302.077690
114.746000 10489458354.627165
114.857200 369264908.833511
114.968400 283118254.172604
115.079600 10482054168.345205
115.190800 369976770.481483
115.302000 135692965.818998
115.413200 10479025703.743305
115.524400 350034488.608925
115.635600 177440938.696156
115.746700 10476532804.074774
115.857900 256559152.979464
115.969100 280704465.423937
116.080300 10472782673.184221
116.191500 319073150.336227
116.302700 207518037.913477
116.413900 10469906895.072598
116.525100 206415490.567930
116.636200 338899493.380289
116.747400 10468308790.423557
116.858600 353881790.463146
116.969800 320954605.415363
117.081000 10462001448.799423
117.192200 332568723.252625
117.303400 323670848.432981
117.414600 10459688882.875803
117.525700 233654668.815693
117.636900 209993751.917871
117.748100 10456953778.036537
117.859300 280771787.231600
117.970500 262552686.117170
118.081700 10455137629.672155
118.192900 256740861.071365
118.304100 355788526.056406
118.415300 10450125298.823986
118.526400 354829004.389818
118.637600 210500759.270708
118.748800 10445836927.334202
118.860000 237334623.511427
118.971200 277149409.630350
119.082400 10444379448.559849
119.193600 385488992.488890
119.304800 308514544.666941
119.415900 10441460849.786480
119.527100 402835731.402567
119.638300 310652943.321081
119.749500 10439841851.150692
119.860700 128545937.122469
119.971900 291516450.128389
120.083100 10436238318.941763
120.194300 247120423.641590
120.305500 296249501.096556
120.416600 10428798587.844427
120.527800 240410467.931778
120.639000 373479087.428980
120.750200 10428752133.174309
120.861400 174595293.431339
120.972600 249020304.229567
121.083800 10427120271.745871
121.195000 143812961.399654
121.306100 314944210.584297
121.417300 10422238543.277723
121.528500 371065272.696093
121.639700 412401828.549984
121.750900 10421939000.919481
121.862100 436424669.213345
121.973300 156407855.479553
122.084500 10417200034.350853
122.195600 288288823.764484
122.306800 387683620.389509
122.418000 10412331645.490896
122.529200 272741999.557280
122.640400 306332868.407789
122.751600 10409369998.718258
122.862800 354121194.651520
122.974000 175625632.195005
123.085200 10407791226.740810
123.196300 194252222.123623
123.307500 247697943.899872
123.418700 10405892504.571388
123.529900 330606939.878502
123.641100 170701011.883732
123.752300 10403420472.681845
123.863500 198545430.084326
123.974700 444794182.785501
124.085800 10402354774.965202
124.197000 400463842.264551
124.419400 10397825137.523886
124.530600 249755755.829464
124.641800 288368078.457586
124.753000 10392359311.877136
124.864200 300880473.665392
124.975300 268964468.394732
125.086500 10392283880.782118
125.197700 273178934.934839
125.308900 206860708.072371
125.420100 10390997402.177179
125.531300 186026351.320351
125.642500 256164305.067860
125.753700 10387396016.402979
125.864900 254899785.847488
125.976000 240064395.109259
126.087200 10384856750.352055
126.198400 345046119.710230
126.420800 10381767121.219254
126.532000 337100520.306534
126.643200 224674904.402178
126.754400 10380778347.604279
126.865500 203053254.469448
126.976700 323921260.339888
127.087900 10378853827.983793
127.199100 209666811.930878
127.310300 265240954.243240
127.421500 10372856242.899378
127.532700 293222339.804701
127.643900 238915351.131506
127.755000 10372772098.011694
127.866200 359999024.935371
127.977400 148312961.297245
128.088600 10368145960.095837
128.199800 125534349.998926
128.311000 259468197.309740
128.422200 10369108199.732405
128.533400 160250272.607149
128.644600 311082235.848047
128.755700 10364182514.277939
128.866900 300951340.139200
128.978100 215130701.188299
129.089300 10361260580.628881
129.200500 293866400.660166
129.311700 224637868.521635
129.422900 10360736311.077871
129.534100 184636329.614956
129.645200 228476694.944969
129.756400 10357891247.691999
129.867600 146196804.497120
129.978800 307544449.367817
130.090000 10352732542.204378
130.201200 226774992.978659
130.312400 307882299.642012
130.423600 10352218566.535017
130.534700 213825508.048964
130.645900 361044447.203466
130.757100 10348021155.007339
130.868300 324740595.671007
130.979500 267872263.426792
131.090700 10348203095.672508
131.201900 250542257.930182
131.313100 244444767.292803
131.424300 10343120557.918776
131.535400 124388980.744200
131.646600 227608041.672773
131.757800 10340163242.375029
131.869000 234198662.924152
131.980200 337393036.221226
132.091400 10339039414.368334
132.202600 413515483.749266
132.313800 140862149.237909
132.424900 10334363073.309105
132.536100 274251745.338575
132.647300 186163325.783045
132.758500 10333605533.933544
132.869700 295485914.828802
133.092100 10332278552.624582
133.203300 131123684.946974
133.314500 201702093.712784
133.425600 10328998219.648979
133.536800 212697554.161701
133.648000 186783074.477484
133.759200 10328016140.128860
133.870400 141561860.650675
133.981600 256036982.255121
134.092800 10322459714.915028
134.204000 288040646.759895
134.315100 155329099.826336
134.426300 10324092162.734480
134.537500 239447983.420326
134.648700 185924193.102459
134.759900 10319033243.927462
134.871100 257009806.102922
134.982300 229631714.007833
135.093500 10318214964.033173
135.204600 162252023.380928
135.315800 227283439.632288
135.427000 10316082555.667639
135.538200 244536243.524069
135.649400 281794773.889112
135.760600 10312579421.603882
135.871800 215225824.009125
135.983000 243183614.496199
136.094200 10311472746.393454
136.205300 201009090.918541
136.316500 235868110.629614
136.427700 10308675727.489326
136.538900 217683525.343733
136.650100 174086012.042187
136.761300 10307633552.562439
136.872500 146113320.120937
136.983700 235873817.928839
137.094800 10305380575.790970
137.206000 205986218.426125
137.317200 207912894.493912
137.428400 10304286108.581814
137.539600 269534065.086029
137.650800 289661525.073950
137.762000 10301061498.540571
137.873200 301507490.186691
137.984300 184428689.930799
138.095500 10297181038.467485
138.206700 214596252.863153
138.317900 195108876.628597
138.429100 10295949253.061001
138.540300 126964472.155630
138.651500 266608781.052090
138.762700 10294453694.779158
138.873900 145503578.455938
138.985000 262779284.755312
139.096200 10292860548.888546
139.207400 260601932.580162
139.318600 225992174.269672
139.429800 10289980230.677603
139.652200 332248505.352110
139.763400 10284120916.604620
139.874500 316559052.534752
139.985700 208388568.384762
140.096900 10284405795.756264
140.208100 237382082.992405
140.319300 136345529.764812
140.430500 10285213883.394793
140.541700 171844232.867977
140.652900 246637600.259804
140.764000 10281513155.699430
140.875200 235958389.141497
141.097600 10278761327.913519
141.208800 175269398.953978
141.320000 262979174.354437
141.431200 10277051353.701328
141.542400 223169417.091793
141.653600 236294310.117777
141.764700 10275004302.324003
141.987100 171042932.322121
142.098300 10274945303.683193
142.209500 221143109.877357
142.320700 216860669.868225
142.431900 10271468067.727352
142.543100 161373665.690178
142.654200 329553165.318668
142.765400 10268854869.421871
142.876600 216738262.732136
142.987800 151919292.063124
143.099000 10268967506.197557
143.321400 209039937.923769
143.432600 10267986022.727448
143.543700 215954895.961956
143.654900 207229617.625029
143.766100 10265483096.010515
143.877300 120663793.504942
143.988500 330962082.091024
144.099700 10264358667.558233
144.210900 238622621.109800
144.322100 173252975.345037
144.433300 10261618485.796673
144.544400 197756923.903917
144.655600 170553376.700102
144.766800 10257861762.629242
144.878000 150597916.920462
144.989200 184889167.131443
145.100400 10258259457.770847
145.211600 153029866.984735
145.322800 240628431.829670
145.433900 10254694046.167795
145.545100 213320701.504074
145.656300 228029010.542160
145.767500 10254891905.851114
145.878700 249032133.517195
145.989900 221113652.607954
146.101100 10252454283.239353
146.212300 199779888.915148
146.323400 274949710.023186
146.434600 10252457824.886335
146.545800 166096439.537050
146.657000 277161728.655886
146.768200 10249422147.792402
146.879400 255892029.191950
146.990600 212182006.803387
147.101800 10250609178.372274
147.213000 261023190.333567
147.324100 189469378.700321
147.435300 10245803926.625137
147.546500 174963012.930475
147.657700 161348302.475248
147.768900 10244445727.776772
147.880100 320252728.743168
147.991300 163752962.489239
148.102500 10241835513.113800
148.213600 279825080.779978
148.324800 187765464.918177
148.436000 10241590139.404913
148.547200 242411668.580099
148.658400 158194220.354353
148.769600 10240798311.365192
148.880800 273267634.641121
148.992000 187024572.552067
149.103200 10237200198.192430
149.214300 280151034.532732
149.325500 117582143.968185
149.436700 10236574534.213076
149.547900 310668106.914480
149.659100 129373093.345331
149.770300 10232256585.627432
149.881500 229077311.305386
149.992700 132952507.273106
150.103800 10231628885.028141
150.215000 265309643.143873
150.326200 133481939.785263
150.437400 10230826035.184546
150.548600 198192592.560604
150.659800 133526953.626747
150.771000 10230654234.464945
150.993300 323913833.285677
151.104500 10227811132.735329
151.215700 261860884.481649
151.326900 282591686.699472
151.438100 10226177707.096466
151.549300 205887548.623646
151.660500 168248348.784391
151.771700 10223028158.172363
151.882900 195390311.860245
151.994000 128730563.335419
152.105200 10222274757.221010
152.216400 129118621.326290
152.327600 238888447.550999
152.438800 10219369221.658972
152.550000 179701360.439049
152.661200 235569289.754961
152.772400 10219551924.371059
152.883500 154846386.582281
152.994700 237663283.759159
153.105900 10218095101.525038
153.217100 121281963.927456
153.328300 139557984.286125
153.439500 10214454747.046497
153.550700 168213611.040209
153.661900 169972832.429893
153.773000 10213617887.206022
153.884200 153165237.045240
153.995400 314426532.000227
154.106600 10212888876.272593
154.217800 206132675.029108
154.329000 149550300.268551
154.440200 10212372133.168114
154.551400 314063455.375036
154.773700 10208126571.270689
154.884900 169270513.468708
154.996100 130782206.903425
155.107300 10205649759.395782
155.218500 184765418.290525
155.329700 145104498.430788
155.440900 10205534703.474888
155.552100 175122303.934231
155.663200 190042341.742344
155.774400 10202167897.213627
155.885600 197505856.771526
155.996800 170400985.491581
156.108000 10202262796.721546
156.219200 185954124.115551
156.330400 130607455.929951
156.441600 10197492782.568586
156.552700 199034342.827803
156.663900 242336985.334242
156.775100 10196231483.125343
156.886300 222225529.453962
156.997500 131625818.848537
157.108700 10194524638.917955
157.331100 207706008.173737
157.442300 10193024896.436680
157.553400 192497599.330965
157.664600 175047869.719900
157.775800 10191476762.986782
157.887000 238277790.066435
157.998200 172533094.541744
158.109400 10187436498.524626
158.220600 168088246.995693
158.331800 136133466.034243
158.442900 10187082114.964382
158.554100 167399294.282122
158.665300 132780772.362261
158.776500 10185625259.357616
158.887700 276646386.154877
159.110100 10184450447.918097
159.221300 119604030.890221
159.332400 140611563.062752
159.443600 10181171748.107508
159.666000 259760832.177275
159.777200 10180717399.979702
159.888400 172640696.513773
159.999600 174060162.513744
160.110800 10176682639.273598
160.222000 199165671.985001
160.333100 178847433.090033
160.444300 10176928534.127462
160.555500 147152791.599552
160.666700 148440823.214386
160.777900 10174509051.772224
160.889100 151450050.125847
161.000300 251235933.585224
161.111500 10172834312.780224
161.222600 189858324.230118
161.333800 221324480.421986
161.445000 10170472629.938894
161.667400 345640725.950218
161.778600 10169348641.587776
161.889800 194104972.206358
162.001000 155734122.940145
162.112200 10167727375.199400
162.223300 157772481.623291
162.334500 170727684.685499
162.445700 10165899575.502090
162.556900 235063988.886541
162.779300 10160681566.779726
162.890500 156187475.433329
163.001700 158810427.313667
163.112800 10161645331.516035
163.224000 187815552.308304
163.335200 150048755.682688
163.446400 10159177722.338997
163.557600 195728048.811537
163.668800 218343187.120220
163.780000 10157827101.430161
164.002300 245239396.087397
164.113500 10155721150.492641
164.224700 144695109.082905
164.447100 10154422214.180927
164.669500 191587236.218855
164.780700 10152492842.729853
164.891900 161765618.126064
165.003000 204444261.631895
165.114200 10150040331.277016
165.225400 160232309.351559
165.336600 217250244.506163
165.447800 10150063076.123463
165.559000 168855874.034388
165.670200 225060935.762272
165.781400 10148394623.300356
166.003700 176050020.943953
166.114900 10145385506.930632
166.337300 192400374.109028
166.448500 10141660103.708529
166.559700 238025799.128508
166.670900 177340753.757818
166.782000 10143833213.988216
166.893200 307832978.867863
167.115600 10142004109.965055
167.226800 131310700.652506
167.338000 154916006.055960
167.449200 10138046695.262054
167.560400 191993998.233583
167.671600 180920968.549538
167.782700 10138379730.427109
167.893900 172534377.867685
168.005100 178530589.679457
168.116300 10136771212.676321
168.227500 150639444.904665
168.338700 142962780.299587
168.449900 10137616993.902971
168.561100 226961590.139509
168.672200 143350646.360895
168.783400 10135627570.562519
168.894600 154854229.219574
169.005800 152737876.588497
169.117000 10132544746.421532
169.339400 185167283.206709
169.450600 10131907453.977840
169.672900 173757860.782021
169.784100 10131909634.659357
169.895300 175892439.913301
170.117700 10131118650.179068
170.228900 213493503.061689
170.340100 135478164.626999
170.451300 10129188217.099768
170.562400 130432773.930475
170.673600 256277069.451797
170.784800 10124419609.708502
170.896000 254476387.251165
171.118400 10123651194.412605
171.229600 167115560.169703
171.340800 209804628.973005
171.451900 10122213645.406921
171.563100 135368962.318960
171.674300 206520779.847441
171.785500 10123265806.860174
171.896700 208729326.635988
172.007900 191319238.119011
172.119100 10120131189.161802
172.230300 213820522.126795
172.341400 199438729.994631
172.452600 10119552646.254873
172.563800 233134804.044828
172.786200 10117514120.523043
172.897400 152226431.843239
173.008600 137212185.382940
173.119800 10116239862.898310
173.231000 145837800.618690
173.342100 140208986.637640
173.453300 10116763293.456005
173.675700 271750399.278488
173.786900 10115079801.896318
174.009300 247457639.943592
174.120500 10113267267.827122
174.231600 209158315.201820
174.342800 158161045.417639
174.454000 10111270490.746351
174.565200 159004860.238512
174.787600 10111870752.476809
174.898800 139670209.197472
175.010000 128459316.868023
175.121100 10110055833.950397
175.232300 158410038.606535
175.343500 271850667.088173
175.454700 10109119183.735056
175.565900 133594134.876923
175.677100 234874012.868864
175.788300 10106943018.263769
175.899500 140686504.248220
176.010700 253436161.677994
176.121800 10104487180.646177
176.233000 145120968.105139
176.344200 249987879.581459
176.455400 10105077919.586521
176.566600 179839680.618799
176.677800 146206913.702145
176.789000 10105145408.454830
176.900200 178523969.758593
177.011300 223373240.867016
177.122500 10102615191.550852
177.233700 280838684.514975
177.344900 155174806.771074
177.456100 10098483174.726217
177.567300 225411760.437590
177.678500 165470644.395065
177.789700 10098086015.889198
177.900900 186294778.566156
178.012000 204301488.931932
178.123200 10099457385.838816
178.234400 195885089.147598
178.345600 124705630.547081
178.456800 10098616153.092646
178.568000 183161562.474392
178.679200 133891957.251806
178.790400 10096069260.555349
178.901500 217421302.872572
179.012700 180375878.516369
179.123900 10093695698.042147
179.235100 213306131.830088
179.346300 199972017.108004
179.457500 10094988780.668444
179.568700 134712476.399525
179.679900 167396006.880350
179.791000 10094059985.246515
179.902200 179347405.077021
180.013400 209557509.753958
180.124600 10093311483.081659
180.235800 271247791.982525
180.347000 188192151.545202
180.458200 10089509706.286949
180.569400 143676372.326212
180.680600 135261677.204239
180.791700 10087324611.982279
180.902900 133756048.922781
181.014100 149347567.697395
181.125300 10087605041.365677
181.347700 192944072.173412
181.458900 10087300215.191366
181.570100 162172994.517479
181.681200 185746527.332499
181.792400 10086584922.922377
181.903600 135224140.902557
182.014800 185462327.265196
182.126000 10084149317.077290
182.237200 264465628.210558
182.348400 187609563.873899
182.459600 10082085446.373627
182.570700 181474384.486759
182.681900 195652861.625296
182.793100 10080759141.157446
182.904300 218747037.252228
183.015500 150470099.006651
183.126700 10083248775.526220
183.460300 10081946321.651724
183.571400 150865295.391188
183.682600 214268170.965549
183.793800 10079374753.369991
183.905000 151455392.168148
184.016200 238783906.522205
184.127400 10077446019.767670
184.238600 242297459.067017
184.349800 199797556.151686
184.460900 10078074661.159164
184.572100 135032421.727184
184.683300 214409557.178392
184.794500 10076286561.293531
184.905700 222873721.494642
185.016900 128565069.886162
185.128100 10076592139.693140
185.239300 232296500.203016
185.461600 10075142470.614950
185.572800 163003211.243702
185.684000 184466780.808891
185.795200 10071549636.805618
185.906400 152335715.383686
186.017600 222749289.704292
186.128800 10073359696.608042
186.240000 116110366.401926
186.351100 186473580.985067
186.462300 10074355249.782850
186.684700 120836153.134865
186.795900 10072010649.334799
186.907100 191326658.824488
187.018300 197902839.280024
187.129500 10067748613.409323
187.240600 209753369.060875
187.351800 207592087.672834
187.463000 10067022325.983507
187.574200 148510107.582516
187.685400 243210301.754780
187.796600 10066651428.965117
188.019000 200888133.121990
188.130100 10068892917.694756
188.241300 238616162.235983
188.352500 259253433.426046
188.463700 10066360715.552023
188.574900 252348131.762690
188.686100 139446502.610126
188.797300 10062712886.862270
188.908500 173458011.064503
189.019700 116786011.701052
189.130800 10063933416.211054
189.242000 131100903.707668
189.353200 225191345.919373
189.464400 10060771579.892630
189.575600 137954182.414612
189.686800 230522086.753809
189.798000 10062147628.431892
189.909200 210356969.612566
190.020300 172343307.858330
190.131500 10061709842.279861
190.242700 212811493.184776
190.353900 207788044.800688
190.465100 10061361357.314705
190.576300 204060466.702747
190.687500 141727374.136324
190.798700 10059621302.540657
190.909900 161716618.684259
191.021000 146131206.647444
191.132200 10058503214.781523
191.243400 361215127.136318
191.465800 10058455182.567921
191.577000 164911029.437658
191.688200 197640579.760071
191.799400 10055508611.119581
192.021700 290629627.066589
192.132900 10057007562.578600
192.244100 222434333.912809
192.466500 10056165277.638908
192.688900 175743479.232700
192.800000 10054853109.125103
192.911200 187093443.318478
193.022400 245274803.127853
193.133600 10053154994.812759
193.244800 261581616.412724
193.467200 10051911946.297539
193.578400 267593023.889246
193.689600 162120279.954830
193.800700 10051741574.022406
193.911900 149925815.448713
194.023100 227627459.377470
194.134300 10049852599.172918
194.245500 201605126.780972
194.356700 240175204.613340
194.467900 10052723196.663137
194.579100 230927008.309448
194.801400 10047371786.165714
194.912600 115476209.747042
195.023800 374563507.628702
195.135000 10049443161.039579
195.246200 200777472.834249
195.357400 263736093.802031
195.468600 10044608961.175793
195.579700 272092024.684874
195.802100 10049782433.409111
195.913300 160784327.071447
196.024500 215141531.811172
196.135700 10044934046.588161
196.246900 214304721.249422
196.358100 333153700.153009
196.469300 10044590300.921171
196.580400 275717811.056042
196.691600 130483783.493484
196.802800 10045165785.714783
196.914000 176458728.669024
197.025200 146069440.812853
197.136400 10046816764.573015
197.247600 182044739.023956
197.358800 215020794.333820
197.469900 10045607376.496252
197.692300 194951326.008467
197.803500 10043988400.930477
197.914700 193752456.814293
198.025900 274123506.037573
198.137100 10045174178.580875
198.248300 253382578.730469
198.359400 263423160.320410
198.470600 10038848524.302557
198.581800 164447546.227575
198.804200 10041787284.431883
198.915400 179059100.245201
199.026600 204528226.572672
199.137800 10039879099.975389
199.249000 271645567.392427
199.360100 218029830.598358
199.471300 10040979283.391468
199.582500 129253592.624731
199.693700 305929293.439075
199.804900 10038701230.771379
199.916100 121991886.060331
200.027300 294491204.208424
200.138500 10037664786.044554
200.249600 276593977.595608
200.360800 119076811.087181
200.472000 10039556198.232864
200.583200 284806490.332354
200.805600 10035388678.421768
200.916800 266365203.097961
201.028000 129209137.375093
201.139100 10033045072.631016
201.361500 339452242.154865
201.472700 10036391776.466209
201.583900 214283711.625473
201.695100 338548584.905014
201.806300 10035395439.221794
201.917500 238271398.348959
202.028700 274069159.496178
202.139800 10030951787.305700
202.251000 281729009.088287
202.473400 10029577727.848579
202.695800 285671689.192402
202.807000 10033425845.840660
202.918200 328956809.517130
203.029300 272637767.530519
203.140500 10030603398.987236
203.251700 176518334.372099
203.362900 200455071.017809
203.474100 10029036030.101078
203.585300 336307294.315821
203.807700 10027060834.890055
203.918900 154103782.403471
204.141200 10033987474.151340
204.363600 242630200.824501
204.474800 10029701728.456455
204.697200 328516581.802456
204.808400 10028261456.779642
204.919500 511370305.472181
205.030700 229377058.033745
205.141900 10032185580.950153
205.253100 372907205.936941
205.475500 10027782570.837112
205.586700 227187279.182617
205.697900 207304206.643204
205.809000 10027583000.816193
205.920200 117834499.251213
206.031400 173122367.520626
206.142600 10030545816.197874
206.253800 191264927.081944
206.365000 405816616.270754
206.476200 10030846308.089571
206.587400 304698042.933598
206.698600 298500015.018208
206.809700 10021509584.122362
206.920900 270051124.857927
207.143300 10028198568.612839
207.254500 288175578.259819
207.365700 152990972.398973
207.476900 10028565854.610165
207.588100 142424502.792154
207.699200 377695333.014616
207.810400 10027722469.759640
207.921600 243757289.950481
208.032800 216284942.458750
208.144000 10022609895.799849
208.255200 206921628.310099
208.477600 10024550039.805874
208.588700 205997925.385818
208.699900 323175648.011751
208.811100 10028261764.483477
208.922300 230110646.614513
209.033500 161279403.834105
209.144700 10024900398.745392
209.367100 195174065.532356
209.478300 10025168186.081039
209.589400 237618247.690430
209.700600 240860166.141178
209.811800 10023785225.563347
209.923000 299528862.381678
210.034200 324671236.130739
210.145400 10022766926.573977
210.256600 390979675.836441
210.367800 125149607.459192
210.478900 10018998368.871132
210.590100 194223640.662926
210.701300 275021782.095104
210.812500 10024105508.662098
210.923700 151466630.853243
211.034900 330411497.702559
211.146100 10023326296.591581
211.257300 400783656.489134
211.479600 10023051790.588163
211.590800 345286757.943495
211.702000 125601612.668081
211.813200 10013943120.000746
211.924400 331206026.655123
212.035600 148763323.576340
212.146800 10016177840.699425
212.258000 213378417.800911
212.369100 205305236.608625
212.480300 10020747759.424295
212.591500 242700695.850950
212.702700 180734355.385527
212.813900 10020216430.455647
212.925100 155292694.950741
213.036300 346439838.561844
213.147500 10018660834.031652
213.258600 170965233.133162
213.369800 282722420.336277
213.481000 10018530277.084597
213.592200 280580612.697124
213.703400 209572074.314062
213.814600 10018808181.836309
213.925800 423645534.676867
214.148100 10014897238.307789
214.259300 254143065.834148
214.481700 10017503318.274660
214.592900 146780444.410778
214.704100 251752194.734623
214.815300 10018524290.265072
214.926500 142157796.041502
215.037700 313793118.025063
215.148800 10015096091.933403
215.260000 214477231.025974
215.371200 192025648.808933
215.482400 10017391698.929085
215.593600 124933943.691692
215.816000 10005886879.533541
215.927200 168074071.045311
216.038300 436427028.551289
216.149500 10014018281.991051
216.260700 444258061.792152
216.371900 210024713.092560
216.483100 10008260104.026037
216.594300 118380220.821547
216.816700 10014767152.342123
217.039000 398993324.228802
217.150200 10004012760.301638
217.261400 261026654.398691
217.372600 145867778.460728
217.483800 10011247956.156605
217.595000 329480213.950497
217.706200 226001109.554960
217.817400 10011475229.992157
217.928500 183863822.274557
218.039700 158809955.012617
218.150900 10011922922.706209
218.262100 322122214.227190
218.484500 10013365750.352160
218.706900 199894929.511589
218.818000 10010855211.835585
218.929200 119004265.958134
219.040400 196916415.232277
219.151600 10009185686.576565
219.262800 333536011.322844
219.485200 10007789775.976768
219.596400 199124150.212008
219.707600 329922853.403978
219.818700 10011525586.125551
219.929900 377591093.603214
220.041100 136272647.289364
220.152300 10004875488.456095
220.374700 290957018.556324
220.485900 10007625217.825871
220.597100 136184729.791475
220.708200 354916414.693085
220.819400 10005914551.903139
220.930600 300549878.177090
221.041800 300104313.315277
221.153000 10010833576.996042
221.264200 431691979.845026
221.375400 265469373.558977
221.486600 10004476864.276339
221.597700 317445032.787855
221.820100 10004146555.167404
221.931300 154117270.631615
222.042500 236602442.987492
222.153700 10007400869.840406
222.376100 364828300.313019
222.487300 10007868666.034203
222.598400 133059278.926680
222.709600 242300454.506050
222.820800 10007172780.838367
222.932000 263309542.811981
223.043200 124794436.543789
223.154400 10005337372.161400
223.265600 303656724.227715
223.487900 10006523863.472963
223.599100 377232720.651907
223.821500 10005528708.891935
223.932700 167353648.025764
224.043900 297242051.474815
224.155100 10004785099.589441
224.266300 173510775.216900
224.377400 447189588.150345
224.488600 10005836642.138130
224.599800 301381226.307716
224.711000 339519410.258455
224.822200 10002093124.032604
224.933400 212035352.330416
225.044600 398814499.516733
225.155800 10001072101.435438
225.267000 222548224.781654
225.378100 183717609.526115
225.489300 10003867313.348656
225.600500 231675218.350904
225.711700 166176254.032793
225.822900 10002843824.490656
226.045300 304365746.750269
226.156500 9996107140.338949
226.267600 167643921.110945
226.378800 223633132.706535
226.490000 10001715161.215294
226.601200 258361657.692501
226.712400 232448162.350334
226.823600 9999423327.697468
226.934800 287331297.667580
227.046000 249414709.004951
227.157100 9997465387.120058
227.268300 446953191.156975
227.379500 212205875.750183
227.490700 9998036867.478258
227.713100 245220885.972038
227.824300 9996624081.278971
228.046700 276371347.922775
228.157800 9997183504.662651
228.269000 285957174.937828
228.380200 241043879.766380
228.491400 9996787765.690653
228.602600 390728423.853500
228.713800 118217727.263964
228.825000 9994997577.741175
228.936200 387964049.899439
229.047300 163122644.290422
229.158500 9994723033.100899
229.269700 344354615.932043
229.380900 204766870.729027
229.492100 9995602608.227226
229.714500 185196463.470366
229.825700 9996335138.671810
230.048000 343042478.728186
230.159200 9994647113.947592
230.270400 131781531.152748
230.381600 383960820.340185
230.492800 9993467792.665400
230.604000 209788462.067589
230.715200 265574568.554960
230.826400 9992375842.142025
230.937500 299447597.248493
231.048700 161306265.974873
231.159900 9991208154.427673
231.271100 310247017.693007
231.382300 179253849.999279
231.493500 9990608598.154306
231.604700 208538445.010794
231.715900 284952364.457352
231.827000 9984813198.372990
231.938200 259321014.444620
232.049400 282812195.967451
232.160600 9990408912.752989
232.271800 241123070.305349
232.383000 247030879.977543
232.494200 9990670624.009575
232.605400 206067742.474257
232.716600 315311756.712702
232.827700 9987039026.603918
232.938900 435915688.919910
233.050100 218023524.057495
233.161300 9986811072.594980
233.272500 265567085.214375
233.383700 243596085.385487
233.494900 9984490425.601231
233.717200 341826381.371349
233.828400 9980256196.008070
233.939600 186968903.772219
234.050800 286474972.919346
234.162000 9981850601.448494
234.273200 289378985.197512
234.384400 255094402.367643
234.495600 9977475218.769436
234.606700 324111758.879639
234.717900 195983876.355093
234.829100 9979861253.441048
234.940300 243555619.585546
235.051500 226325570.385138
235.162700 9980604718.088066
235.273900 243716265.487183
235.385100 263675191.190027
235.496300 9977151412.211353
235.607400 250932122.128998
235.718600 136918506.382114
235.829800 9976853164.491301
235.941000 251724150.443605
236.052200 213120166.528440
236.163400 9973498221.812727
236.274600 325275666.549519
236.385800 240008566.275013
236.496900 9973590921.274723
236.608100 303501473.176058
236.719300 372239754.045126
236.830500 9968640094.234638
236.941700 183215800.856705
237.052900 294326154.370535
237.164100 9971156488.603640
237.275300 195517161.043028
237.386400 351058736.062708
237.497600 9970708651.530491
237.608800 262740435.051987
237.720000 203995667.335707
237.831200 9967404269.176260
237.942400 252186190.086555
238.053600 125163013.100403
238.164800 9963697880.139963
238.276000 258565113.641973
238.387100 265948022.013933
238.498300 9963789776.675648
238.609500 244730002.704117
238.720700 316996540.987539
238.831900 9962121595.802216
238.943100 228152898.082748
239.054300 255658971.040735
239.165500 9962144511.428280
239.276600 211976934.303181
239.387800 292999094.910044
239.499000 9960795323.149868
239.610200 175545722.601948
239.832600 9958818937.988024
239.943800 289016916.937464
240.055000 253678979.429426
240.166100 9957163657.954214
240.277300 310635230.534145
240.388500 369641710.855125
240.499700 9957780747.969065
240.610900 310885052.442377
240.722100 217570327.243467
240.833300 9955285510.080051
240.944500 362415252.199043
241.055700 238204593.098047
241.166800 9951962129.746422
241.278000 196940978.683571
241.389200 314082667.526672
241.500400 9949983271.235407
241.611600 216295926.836313
241.722800 232564239.546265
241.834000 9946270930.991522
241.945200 236970559.904961
242.056300 271689744.947943
242.167500 9947398842.084644
242.278700 309907538.796022
242.389900 298179767.768858
242.501100 9946502270.871813
242.612300 240588737.147350
242.723500 216840523.825165
242.834700 9944067734.275356
242.945800 291774437.081709
243.168200 9937967695.445862
243.279400 223840756.141144
243.390600 231612189.018850
243.501800 9939702327.019974
243.613000 222668691.155794
243.724200 316561032.893114
243.835400 9938104940.524719
243.946500 233681459.987097
244.057700 270583605.305243
244.168900 9937632202.189341
244.280100 355498183.948885
244.391300 179272396.381466
244.502500 9935386735.948673
244.613700 220439771.823694
244.724900 315658471.825027
244.836000 9932768597.634356
244.947200 275708389.285971
245.058400 305420753.414461
245.169600 9930508597.868420
245.280800 427924171.146738
245.392000 230836983.005100
245.503200 9928550929.296103
245.614400 275182875.374836
245.725600 227971858.673788
245.836700 9926525574.213547
245.947900 216780021.776707
246.059100 214421201.568954
246.170300 9925012514.384182
246.281500 275924706.704481
246.392700 174461105.734541
246.503900 9923279302.010353
246.615100 183221945.738403
246.726200 256847458.237282
246.837400 9924368818.352486
246.948600 252070049.792902
247.171000 9920327730.643793
247.282200 212328864.706810
247.393400 319518619.100800
247.504600 9918306604.421093
247.615700 227713324.993143
247.726900 178484723.376390
247.838100 9914257555.611032
247.949300 275181732.844269
248.060500 256093436.824886
248.171700 9915786414.547474
248.282900 225837103.723022
248.394100 243393169.194628
248.505300 9913811543.945280
248.616400 337539198.117472
248.727600 198355900.979588
248.838800 9910212602.095625
248.950000 350086486.266069
249.061200 199045889.159122
249.172400 9910387161.895864
249.283600 178073480.663189
249.394800 284801251.847391
249.505900 9907979750.835760
249.617100 269957298.139790
249.728300 199723171.376863
249.839500 9904277201.425180
249.950700 264335400.269028
250.061900 124776224.086905
250.173100 9904208940.242989
250.284300 256484881.215179
250.395400 189901677.494568
250.506600 9901777437.706047
250.617800 288332279.825399
250.729000 242947096.892525
250.840200 9898041926.397512
250.951400 238584282.500565
251.062600 347243222.763220
251.173800 9896652884.306679
251.285000 205294212.312246
251.396100 189851902.239328
251.507300 9896315890.319305
251.618500 249881833.618717
251.840900 9895447574.530279
251.952100 153003397.966757
252.063300 225901739.731710
252.174500 9895669910.321453
252.285600 255569952.508003
252.396800 177229763.513159
252.508000 9894850329.858143
252.619200 241468226.107262
252.730400 125597478.635534
252.841600 9892312679.253265
252.952800 197382445.450468
253.064000 248996533.098156
253.175100 9888426808.825640
253.286300 163881427.353209
253.397500 261887711.231783
253.508700 9885679511.799801
253.619900 225779028.500507
253.731100 167245758.197935
253.842300 9884808219.312937
253.953500 214642650.034744
254.064700 317733304.410801
254.175800 9884815024.345652
254.287000 263175645.689932
254.398200 193276794.862684
254.509400 9882304548.482748
254.620600 222181625.594173
254.731800 201149758.325489
254.843000 9882714337.768040
254.954200 335382247.344868
255.065300 184576349.159214
255.176500 9878459897.285616
255.287700 185079775.509060
255.398900 161603211.671186
255.510100 9876067495.201900
255.732500 289795161.561068
255.843700 9875805281.794868
256.066000 248164094.581823
256.177200 9872360815.152678
256.288400 201904527.654745
256.399600 260669744.780817
256.510800 9871507580.603006
256.622000 167547958.242903
256.733200 192759293.596294
256.844400 9869262890.580990
256.955500 250935386.566683
257.066700 176060958.405466
257.177900 9869256942.255642
257.289100 271946065.050213
257.400300 155034801.423069
257.511500 9864343981.526035
257.622700 135540298.725893
257.733900 285936434.215853
257.845000 9865917467.230646
257.956200 247563297.406288
258.067400 234056505.401295
258.178600 9865077661.691885
258.289800 218594944.638823
258.401000 195981189.344181
258.512200 9862105421.493423
258.734500 306703408.350321
258.845700 9860586871.777315
258.956900 251369661.719759
259.068100 159215392.701618
259.179300 9859481379.189768
259.290500 261562926.502470
259.401700 174166030.144094
259.512900 9858387769.275503
259.624100 193560570.789867
259.735200 165876945.316555
259.846400 9856430744.891129
259.957600 232615449.151361
260.068800 278004187.944902
260.180000 9855986699.268629
260.291200 272722230.418550
260.402400 188314144.485971
260.513600 9853898238.460796
260.624700 200638750.577030
260.735900 316953246.885782
260.847100 9854327024.646959
260.958300 180804451.485270
261.069500 320470774.689211
261.180700 9852534088.318411
261.291900 248644103.063789
261.403100 162982559.467915
261.514300 9851163824.778864
261.625400 135930028.656303
261.736600 292018480.901802
261.847800 9850461234.263433
261.959000 326719976.017664
262.070200 223995322.134966
262.181400 9850905266.280209
262.292600 381579852.927258
262.403800 153885440.336691
262.514900 9849371491.874180
262.626100 299264617.447990
262.737300 139363160.482883
262.848500 9849613472.145149
262.959700 172589838.373842
263.070900 210049889.806736
263.182100 9849405123.869406
263.293300 216199024.198017
263.404400 246525053.044039
263.515600 9846224492.798246
263.626800 272603223.182707
263.738000 119501038.882292
263.849200 9847689491.979868
263.960400 212782900.955910
264.071600 177903794.421585
264.182800 9846166209.709764
264.294000 174618383.861820
264.405100 295768437.396021
264.516300 9843559345.182339
264.627500 326625893.392633
264.738700 136478961.510984
264.849900 9844919537.897564
264.961100 244327818.364937
265.072300 287995059.189476
265.183500 9844448303.112146
265.294600 225993304.415129
265.405800 253478483.325186
265.517000 9844939338.459686
265.628200 302290421.019104
265.739400 184357738.072510
265.850600 9845264340.727871
265.961800 290604294.446457
266.073000 196777272.231541
266.184100 9846056879.401396
266.295300 317053001.091684
266.406500 174281298.212982
266.517700 9846458167.101757
266.628900 188748381.206680
266.740100 234190109.253321
266.851300 9844160686.158754
266.962500 254034032.511337
267.073700 230308076.407156
267.184800 9843088047.279171
267.296000 365502982.627153
267.407200 129767910.471571
267.518400 9842368690.418007
267.629600 159197440.981518
267.740800 157017908.432779
267.852000 9847206658.538261
267.963200 128727397.307634
268.074300 374299780.018564
268.185500 9847473565.945229
268.296700 347361294.074192
268.407900 157798344.693424
268.519100 9846147140.123098
268.630300 176227969.512182
268.852700 9849558932.615763
268.963800 245559100.205200
269.075000 123869272.540333
269.186200 9848616705.267925
269.297400 197435040.006649
269.519800 9849423917.066475
269.742200 292623154.686375
269.853400 9850388525.785873
269.964500 161055088.911663
270.075700 263310958.228243
270.186900 9851767551.568398
270.298100 316437380.355278
270.409300 172771321.600691
270.520500 9850331258.249243
270.631700 143886885.429644
270.742900 143745868.376602
270.854000 9853410068.528477
270.965200 179920834.705357
271.076400 248603330.073025
271.187600 9853046532.268282
271.298800 249830083.464626
271.410000 341934223.149948
271.521200 9851259195.151443
271.632400 289574869.335707
271.743500 210075093.043634
271.854700 9852433379.755619
271.965900 179216028.633556
272.077100 239506740.073639
272.188300 9853851821.194962
272.299500 240952458.128223
272.410700 248402699.665014
272.521900 9855980730.087532
272.633100 236244516.186272
272.744200 169594150.393526
272.855400 9854721129.555990
272.966600 178742242.153759
273.077800 382776181.678432
273.189000 9855574425.405296
273.300200 169864846.435450
273.411400 267198476.044788
273.522600 9861381577.586704
273.633700 283055260.571495
273.856100 9862950828.493574
273.967300 208637462.764555
274.078500 129414399.108383
274.189700 9864061303.006516
274.412100 263676556.899250
274.523300 9865245357.736534
274.634400 217756595.347927
274.745600 251920192.286158
274.856800 9866802077.781681
274.968000 248000318.214027
275.079200 343222361.222639
275.190400 9868811404.521761
275.301600 128348797.442335
275.412800 221871972.655304
275.523900 9868231683.677706
275.635100 276957993.250982
275.746300 218584205.786274
275.857500 9870624557.056429
275.968700 259658934.922480
276.079900 244724358.736633
276.191100 9872471546.690670
276.302300 141937350.605703
276.413400 386076195.940248
276.524600 9875570613.575800
276.635800 194464766.504488
276.747000 327807606.462616
276.858200 9873364312.568996
276.969400 285848257.767941
277.080600 330890829.354364
277.191800 9877396697.413773
277.303000 127505628.078781
277.414100 342494510.209499
277.525300 9882149803.441381
277.747700 380576265.615824
277.858900 9881395909.180006
277.970100 230585282.920572
278.081300 469728915.634914
278.192500 9881593894.262444
278.303600 418495479.989292
278.414800 328691764.205591
278.526000 9883108071.780581
278.637200 450181796.060495
278.748400 457782552.632767
278.859600 9886766438.208431
278.970800 185491997.715624
279.082000 484006906.963879
279.193100 9883938034.480736
279.304300 226207670.904125
279.415500 275552920.770481
279.526700 9891635743.338036
279.637900 380830633.503666
279.749100 239456125.606056
279.860300 9893276951.957581
279.971500 367119641.420723
280.082700 253156616.297770
280.193800 9889797807.828602
280.305000 314506183.680099
280.416200 305047512.056147
280.527400 9900540450.395121
280.638600 264875842.910112
280.749800 347716376.003698
280.861000 9901482641.413265
280.972200 238387240.127390
281.083300 353202322.115856
281.194500 9904359051.320446
281.305700 430935313.271244
281.416900 167977932.368328
281.528100 9904701098.576885
281.639300 356787366.820091
281.750500 402997440.724422
281.861700 9910634521.486748
281.972800 392994962.036798
282.084000 342695577.656923
282.195200 9910481509.176250
282.306400 157588680.236319
282.417600 262591208.450665
282.528800 9913338778.414928
282.640000 413189753.907438
282.751200 319234094.813639
282.862400 9914714835.557459
282.973500 347504539.442043
283.084700 398039777.546022
283.195900 9912856907.463837
283.307100 373544562.895823
283.418300 148642479.399710
283.529500 9908949860.477100
283.640700 236670714.917282
283.751900 409420505.965633
283.863000 9914471021.593586
283.974200 540250607.690067
284.085400 518254378.257410
284.196600 9912701398.825253
284.307800 174641564.393221
284.419000 351503165.635843
284.530200 9922411490.788582
284.641400 318089419.137230
284.752500 462942020.640385
284.863700 9929021025.210752
284.974900 365959197.201429
285.086100 500853843.996012
285.197300 9927333428.010706
285.308500 448651208.302811
285.419700 388631728.562445
285.530900 9930170823.161207
285.642100 506118285.311758
285.753200 585104227.594654
285.864400 9933230905.195982
285.975600 461099434.298925
286.086800 309534779.102526
286.198000 9926747380.756016
286.309200 489397800.423565
286.420400 197231226.810049
286.531600 9941398784.243443
286.642700 300398135.336021
286.753900 469570990.624756
286.865100 9939961253.791624
286.976300 211050137.802801
287.087500 625070278.697557
287.198700 9934535437.804972
287.309900 666072901.574018
287.421100 434902159.615971
287.532300 9935581015.016602
287.643400 555682456.956085
287.754600 132602001.320601
287.865800 9944604407.719814
287.977000 579994587.533010
288.088200 227746122.854660
288.199400 9943308729.330032
288.421800 554220283.907957
288.532900 9950653456.007559
288.644100 492170161.703283
288.755300 424715137.693508
288.866500 9954750145.984905
288.977700 397755103.179052
289.088900 430392678.369520
289.200100 9951615719.084583
289.311300 427425521.406219
289.422400 413110380.068386
289.533600 9952595598.138823
289.644800 262975235.224665
289.756000 442773613.297359
289.867200 9955092227.730938
289.978400 506903879.732344
290.089600 486446498.746511
290.200800 9957507643.227879
290.312000 567325290.672483
290.423100 303987216.634468
290.534300 9959539737.276766
290.645500 513164611.076717
290.756700 237486350.985060
290.867900 9963737743.667231
290.979100 254868966.503069
291.090300 431412291.781916
291.201500 9954565173.909504
291.312600 661834367.086674
291.423800 297494173.860662
291.535000 9965402397.250044
291.646200 711857108.931133
291.868600 9961290327.207809
291.979800 477290816.979715
292.091000 652645327.757442
292.202100 9959802552.073858
292.313300 540361974.946035
292.424500 447894155.490953
292.535700 9955393790.754385
292.646900 600698997.908302
292.758100 447627216.094187
292.869300 9967084976.065802
292.980500 345449364.258432
293.091700 424459611.056849
293.202800 9971452815.366121
293.314000 193426622.208033
293.425200 399501665.249252
293.536400 9973741842.344255
293.758800 503061648.929510
293.870000 9978082906.513252
293.981200 179375253.502069
294.092300 820487443.144051
294.203500 9974927282.561779
294.314700 762231242.652632
294.425900 425454540.176701
294.537100 9972693967.207167
294.648300 628367385.291712
294.759500 413673169.140118
294.870700 9987153392.363890
294.981800 306647034.140905
295.093000 238960463.670015
295.204200 9988090773.521870
295.315400 280465245.782314
295.426600 164502581.229305
295.537800 9971183864.893589
295.649000 412632712.796240
295.760200 972163806.168396
295.871400 9980997537.948898
295.982500 818155103.893581
296.093700 856132270.335888
296.204900 9980965065.891758
296.316100 765477871.054232
296.427300 686989788.617643
296.538500 9983144942.270636
296.649700 662329751.374748
296.760900 241659588.728718
296.872000 9993842215.339088
296.983200 644820601.263695
297.205600 9998254189.251474
297.316800 389256841.082626
297.428000 368732054.622242
297.539200 9988073378.492876
297.650400 845734027.897175
297.761500 183451383.246193
297.872700 9994783602.515375
297.983900 978222634.516769
298.206300 9995407584.419197
298.317500 545598107.556835
298.428700 387856546.129868
298.539900 9997996704.975416
298.651100 573632730.832912
298.762200 274441027.522882
298.873400 9997085190.415955
298.984600 910858556.842052
299.095800 185578246.968407
299.207000 10000351101.959145
299.318200 589484179.382889
299.429400 439094592.073671
299.540600 9999481279.850018
299.651700 633317652.601955
299.762900 518937421.998512
299.874100 10006505050.642712
299.985300 651531342.751583
300.096500 247435718.892355
300.207700 10003094698.347855
300.318900 524545401.319508
300.430100 392932263.896542
300.541200 10009176823.647783
300.652400 593252613.562460
300.763600 643011419.021397
300.874800 10010807389.670727
300.986000 369216368.965172
301.097200 619262346.359657
301.208400 10006168689.524616
301.319600 385206450.784676
301.430800 456694605.811457
301.541900 10008898105.237091
301.653100 710736728.892605
301.764300 474717108.751026
301.875500 10008345573.398977
301.986700 389052878.425095
302.097900 746471027.807096
302.209100 10008813455.046215
302.320300 694439170.901073
302.431400 299893330.789803
302.542600 10009989433.230328
302.653800 685406739.040577
302.876200 10004403256.186541
302.987400 456262166.266893
303.098600 287572454.577906
303.209800 10013769041.463490
303.321000 431788776.096451
303.432100 672551516.109692
303.543300 10015604390.602520
303.654500 695455960.309040
303.765700 592890696.155161
303.876900 10004883252.852787
303.988100 453829968.520723
304.099300 697206194.461578
304.210500 10015054201.753555
304.321600 622386635.185558
304.432800 591443746.401400
304.544000 10018669887.839676
304.655200 781918011.855600
304.766400 588067728.881777
304.877600 10018408931.599211
304.988800 465709665.835110
305.100000 646284887.709179
305.211100 10018302711.226221
305.322300 730265616.048542
305.433500 759482806.199856
305.544700 10008372983.466057
305.655900 516558378.941059
305.767100 656303339.129065
305.878300 10016297081.735584
305.989500 693179274.977518
306.100700 424572317.521273
306.211800 10009963855.761757
306.323000 835598806.291973
306.434200 160471570.104031
306.545400 10017254677.500931
306.656600 527965701.624325
306.767800 357361065.704912
306.879000 10014304862.969091
306.990200 728747623.638458
307.101300 223164191.147505
307.212500 10015977237.128426
307.323700 515394443.155718
307.434900 306040147.418276
307.546100 10019657055.367193
307.657300 369813439.895567
307.768500 615245211.224987
307.879700 10019745582.329056
307.990800 437526205.011765
308.102000 668825245.099907
308.213200 10017902158.612476
308.324400 395956041.019571
308.435600 434298627.087288
308.546800 10020414782.560017
308.658000 945849926.815153
308.880400 10014083499.250736
308.991500 615361835.837650
309.102700 322865344.163177
309.213900 9998982922.632486
309.325100 308390402.972542
309.436300 1027633807.867006
309.547500 10015151452.270952
309.658700 787178363.878038
309.769900 872985642.577936
309.881000 9995712576.817007
309.992200 709236874.668619
310.103400 336350202.253639
310.214600 10008277457.581831
310.325800 685119681.051760
310.437000 501600553.229391
310.548200 10006315755.209194
310.659400 545219959.611832
310.881700 10013301107.411076
311.215300 10017111241.930450
311.437700 605950215.529364
311.548900 10002672031.161291
311.660100 242990149.728249
311.771200 657560614.275562
311.882400 10001618841.400560
311.993600 467951898.099268
312.104800 798596872.365120
312.216000 9940156975.131441
312.327200 1069737346.762260
312.438400 952765327.639202
312.549600 10011944609.496000
312.660700 356383386.905178
312.771900 1232853438.030169
312.883100 9995110167.050798
313.105500 1167924073.952684
313.216700 10022083644.198313
313.327900 613189731.902836
313.439100 918294688.318779
313.550200 10027069737.125475
313.661400 903889149.989956
313.772600 236378849.197351
313.883800 10017687159.669794
313.995000 344206375.477112
314.106200 591919651.046438
314.217400 10003669761.836399
314.328600 1058724884.522127
314.439800 722456139.409357
314.550900 10024447356.419716
314.662100 940785118.901133
314.773300 394238108.949141
314.884500 10023674981.409569
315.106900 793639215.429314
315.218100 10026701131.242678
315.329300 550449753.676510
315.440400 665454349.566490
315.551600 10015035811.375086
315.662800 1150561341.283775
315.774000 245560788.111727
315.885200 10014248031.551817
315.996400 721429245.765919
316.107600 670093587.711405
316.218800 10027589299.364450
316.330000 515755718.045027
316.441100 744247299.229609
316.552300 10035160221.589468
316.663500 189089054.210079
316.774700 927066660.560917
316.885900 10025587318.563652
316.997100 858229960.827160
317.108300 749437636.092314
317.219500 10023032995.035986
317.330600 1055329624.494848
317.441800 611398499.037378
317.553000 10032438314.726446
317.664200 925657611.111128
317.775400 638530888.346495
317.886600 10023915163.598120
317.997800 671840803.724377
318.109000 648404681.607241
318.220100 10030121317.378384
318.331300 831910322.090778
318.442500 152786214.844200
318.553700 10032459956.364922
318.664900 618202010.855114
318.776100 230368787.649054
318.887300 10036564583.777512
318.998500 350764284.955765
319.109700 482842166.144783
319.220800 10030514309.785542
319.332000 580760589.489012
319.443200 805645071.246670
319.554400 10030135171.730288
319.665600 475362701.789536
319.776800 416923840.700895
319.888000 10029987241.617233
319.999200 455987683.896523
320.110300 523381317.387640
320.221500 10022541068.277159
320.332700 1035451163.786848
320.443900 660127678.327486
320.555100 10014745023.128445
320.666300 591590836.190598
320.777500 496647535.077415
320.888700 10025000715.788977
320.999800 620763653.273748
321.111000 507010488.947210
321.222200 10033390167.774031
321.333400 681725657.708286
321.444600 347182008.396849
321.555800 10030762353.837292
321.667000 583740696.102388
321.778200 571208141.020714
321.889400 10025781230.410044
322.000500 294924988.546244
322.111700 779203766.970093
322.222900 10020989779.876459
322.334100 235362259.006723
322.445300 625951593.753754
322.556500 10014837662.496929
322.667700 805178082.439318
322.778900 459673009.389893
322.890000 10023352567.262129
323.001200 885407048.741600
323.112400 613886406.538080
323.223600 10021476764.953739
323.334800 519916577.605356
323.446000 811899672.838900
323.557200 10022898768.169346
323.668400 542270863.797363
323.779500 849531266.136635
323.890700 10026183879.243828
324.001900 907195787.522013
324.113100 358452354.229271
324.224300 10020552680.594767
324.335500 571656495.587282
324.446700 429390469.385584
324.557900 10021862957.137749
324.669100 650816954.519047
324.780200 362904808.344257
324.891400 10012779725.690248
325.002600 524413855.859198
325.113800 229956947.107870
325.225000 10020531325.008051
325.336200 134420144.734501
325.447400 445052992.322115
325.558600 10018258177.174524
325.669700 759016196.281469
325.780900 408270438.913368
325.892100 10008087140.980957
326.003300 405883403.186165
326.114500 534339120.253420
326.225700 10013702478.255451
326.448100 1068345590.555445
326.559200 10012660103.562618
326.670400 543977413.182373
326.781600 770988971.675608
326.892800 10008134760.601223
327.004000 820506243.119635
327.115200 355445530.100342
327.226400 10008379262.511549
327.337600 700827559.736965
327.448800 559130207.901590
327.559900 10013211475.943933
327.671100 699985328.410097
327.782300 703817244.311888
327.893500 10007878532.618713
328.004700 486755393.991575
328.115900 235494547.247379
328.227100 10013990457.417034
328.449400 559137174.003040
328.560600 10007449948.984909
328.671800 527650552.612383
328.783000 651491073.891621
328.894200 9997208467.575361
329.005400 570137899.042551
329.116600 519710513.795246
329.227800 10004430412.312180
329.338900 504772709.331011
329.450100 758224580.583984
329.561300 10000271211.869440
329.672500 749803075.362833
329.783700 618646053.753010
329.894900 10002482101.935715
330.006100 330034530.133091
330.117300 753933170.229994
330.228500 9986505398.690763
330.339600 276104036.564552
330.450800 763414274.442303
330.562000 9990536588.781965
330.673200 704889072.336584
330.784400 768567233.508907
330.895600 9996876268.142384
331.006800 560607881.399759
331.118000 224525435.515282
331.229100 9996417204.312595
331.340300 454753248.227551
331.451500 480855025.208191
331.562700 9987603263.523268
331.673900 672507855.312021
331.785100 896896812.172810
331.896300 9999053255.838869
332.007500 636486818.864054
332.118700 868943504.366907
332.229800 9993893745.836678
332.341000 493581335.103710
332.452200 729285910.588753
332.563400 9984017376.371357
332.674600 799193611.922865
332.785800 719597025.835926
332.897000 9985064058.586582
333.008200 885508959.069189
333.119300 385205829.133986
333.230500 9979408266.778023
333.341700 356882935.713245
333.452900 687140522.376604
333.564100 9991186944.000046
333.675300 780945816.436613
333.786500 474779965.543058
333.897700 9989662020.140722
334.008800 451932189.392759
334.120000 703032272.343107
334.231200 9989182887.810528
334.342400 247625562.647755
334.453600 807057408.995636
334.564800 9979286438.915825
334.676000 555813716.714266
334.787200 684589068.349108
334.898400 9983888907.715391
335.009500 700682552.865171
335.120700 243470084.282387
335.231900 9976833582.482796
335.343100 743891042.524332
335.454300 600263178.385756
335.565500 9976458325.393703
335.676700 547125634.255424
335.787900 564791634.521574
335.899000 9978433533.095490
336.010200 325908430.079620
336.121400 778700112.556116
336.232600 9975649391.657124
336.343800 640205814.939888
336.455000 488177468.812658
336.566200 9971685541.323179
336.677400 668416868.318098
336.788500 746090441.582764
336.899700 9965447567.222723
337.010900 381779044.700623
337.122100 962536849.477907
337.233300 9973793731.266926
337.344500 908438060.113327
337.455700 436604817.225857
337.566900 9968327162.580160
337.678100 775542997.711292
337.789200 404880466.116285
337.900400 9957436651.372595
338.011600 428205156.612370
338.122800 663449391.700556
338.234000 9959725276.398197
338.345200 565638966.543047
338.456400 579963617.133648
338.567600 9954420741.261045
338.678700 231955754.743191
338.789900 799913536.070227
338.901100 9957081418.158501
339.012300 518803064.850765
339.123500 548350501.763762
339.234700 9953240020.751942
339.345900 876649536.873652
339.457100 468605174.887434
339.568200 9955603665.596037
339.679400 676680540.933107
339.790600 621718793.703197
339.901800 9952984208.711050
340.013000 831769488.787518
340.124200 325145985.867838
340.235400 9952196442.301664
340.346600 210255588.995741
340.457800 493771983.641117
340.568900 9946522779.841743
340.680100 724623298.167955
340.791300 311214808.996407
340.902500 9942451709.521151
341.013700 532486691.800924
341.124900 585125335.513483
341.236100 9943666916.001667
341.347300 551383520.378328
341.458400 665412990.183508
341.569600 9935708667.137657
341.680800 427752156.363523
341.792000 402417791.968956
341.903200 9929378963.188694
342.014400 512470162.159792
342.125600 668216127.714596
342.236800 9922841910.193651
342.347900 578869921.402502
342.459100 647601235.709198
342.570300 9919373277.677792
342.681500 649389965.350321
342.792700 448625435.495136
342.903900 9923564911.263487
343.015100 229778379.441118
343.126300 635987818.039577
343.237500 9931126175.392612
343.348600 618689271.311068
343.459800 392124017.673697
343.571000 9927481061.831137
343.682200 312276490.714439
343.793400 412919127.848757
343.904600 9907929136.135132
344.015800 314949573.965307
344.127000 409992185.615635
344.238100 9910867436.622360
344.349300 502428921.499136
344.460500 936013685.697302
344.571700 9913095049.764505
344.682900 591996011.069098
344.794100 953994913.298424
344.905300 9893074083.864927
345.016500 531086309.054760
345.127700 694100088.986469
345.238800 9911665751.041899
345.350000 894977876.244600
345.461200 542167847.985815
345.572400 9909692056.382296
345.794800 954456788.491116
345.906000 9902729085.270918
346.017200 1030154403.960867
346.128300 790069062.243326
346.239500 9898944727.964670
346.350700 1196348295.593267
346.573100 9895216142.521170
346.684300 641185206.051554
346.795500 608552683.983107
346.906700 9889997981.244093
347.017800 810674243.346674
347.129000 1190230442.048012
347.240200 9873238671.587976
347.351400 621594013.554026
347.462600 671030796.802528
347.573800 9847728113.699244
347.685000 1186043205.718142
347.796200 395739261.455879
347.907400 9884212148.989223
348.018500 600133682.409439
348.129700 1260243686.383890
348.240900 9849890265.055939
348.352100 1070588870.574448
348.574500 9877717315.188576
348.685700 653269294.358261
348.796900 682232644.203577
348.908000 9867175516.324440
349.019200 404674492.901976
349.241600 9874294883.902092
349.352800 130528799.087524
349.464000 833871048.386000
349.575200 9865292714.605980
349.797500 321367973.381742
349.908700 9868909036.071854
350.019900 1193696235.767567
350.131100 399445247.427221
350.242300 9862376412.623260
350.464700 311553619.786283
350.575900 9879421435.652979
350.687100 460531515.606321
350.798200 787225022.860559
350.909400 9876084029.841846
351.020600 504713725.165533
351.243000 9876803345.479856
351.354200 277485201.978344
351.465400 440645075.719736
351.576600 9881173290.960913
351.687700 609144386.969515
351.798900 567977352.628181
351.910100 9879242078.406755
352.021300 519761602.798775
352.132500 494621362.242985
352.243700 9877303428.462727
352.354900 140279059.572237
352.466100 434003974.923719
352.577200 9879764515.461468
352.688400 630968794.084818
352.799600 172339043.427910
352.910800 9878675903.029842
353.022000 420393767.874285
353.133200 386494677.431114
353.244400 9872034960.107105
353.355600 743397479.001038
353.466800 430068837.357779
353.577900 9876078335.796114
353.689100 365026874.754816
353.800300 723958118.843817
353.911500 9879196016.385788
354.022700 438380263.140390
354.133900 280432394.375481
354.245100 9874993374.112013
354.356300 489215158.412495
354.467400 492888762.452883
354.578600 9870508004.062525
354.689800 537212738.913866
354.801000 537071184.406361
354.912200 9872910803.794855
355.023400 542842900.406704
355.134600 363262599.073950
355.245800 9869407050.062881
355.356900 378197506.444777
355.468100 677448304.038895
355.579300 9872664617.018328
355.690500 633846590.003538
355.801700 487795088.685589
355.912900 9869003506.415230
356.024100 602518532.407419
356.135300 409356651.085726
356.246500 9871247139.314198
356.357600 347763451.527391
356.468800 627841640.489237
356.580000 9863701119.168707
356.691200 808318016.014711
356.802400 369110762.861374
356.913600 9859853368.238363
357.024800 365341528.692085
357.136000 572974659.017220
357.247100 9857644726.679626
357.358300 589834831.352943
357.469500 466560429.138840
357.580700 9861099421.799364
357.691900 486834330.389460
357.803100 759742857.098089
357.914300 9858821422.606901
358.025500 458555966.632450
358.136700 630482249.071888
358.247800 9851113845.393967
358.359000 860670882.626942
358.470200 594663759.833664
358.581400 9853501482.296652
358.692600 566426148.574806
358.803800 432773473.670351
358.915000 9854098606.974495
359.026200 481696800.933565
359.137300 785017458.906176
359.248500 9848463065.867550
359.359700 716941201.649900
359.470900 587433802.123344
359.582100 9850994754.873106
359.693300 603784192.564499
359.804500 493711327.281841
359.915700 9847136341.271557
360.026800 557396142.231155
360.138000 434810118.443161
360.249200 9846669751.994490
360.360400 308735152.513161
360.471600 583071655.774984
360.582800 9840298638.367363
360.694000 579906841.062309
360.805200 627367470.675043
360.916400 9837667146.722277
361.027500 749724275.636229
361.138700 383084019.499313
361.249900 9836565671.011063
361.361100 410372143.962299
361.472300 570255405.591692
361.583500 9834974791.870462
361.694700 423516894.093960
361.805900 745453063.285423
361.917000 9829585617.623903
362.028200 453562845.876942
362.139400 603180779.127985
362.250600 9827651133.344875
362.361800 447934917.103262
362.473000 589654945.474985
362.584200 9825705161.059195
362.695400 658672664.012833
362.806500 514844443.803343
362.917700 9822279105.675676
363.028900 535095000.711571
363.140100 631710936.347775
363.251300 9819150391.658634
363.362500 407741083.573792
363.473700 591215336.009995
363.584900 9820371085.188885
363.696100 486640856.157309
363.807200 660370011.305115
363.918400 9815518010.116743
364.029600 630339985.611942
364.140800 377810467.161657
364.252000 9813445785.910128
364.363200 667191511.222250
364.474400 348198210.013601
364.585600 9809716102.684824
364.696700 477919682.979603
364.807900 459910027.631226
364.919100 9804706458.263689
365.030300 489314537.534081
365.141500 511176626.588190
365.252700 9802185880.386511
365.363900 666536690.323536
365.475100 444224093.014051
365.586200 9801137753.623447
365.697400 482112734.617817
365.808600 490766346.981955
365.919800 9800138074.804445
366.031000 476322738.025682
366.142200 403149952.646257
366.253400 9795095068.620159
366.364600 481883141.444679
366.475800 662742907.282709
366.586900 9792066914.988739
366.698100 520356815.673260
366.809300 492353534.579880
366.920500 9789117494.893711
367.031700 528127287.434853
367.142900 692298794.637993
367.254100 9779342148.583841
367.365300 510759949.681271
367.476400 520713594.070652
367.587600 9781060276.962456
367.698800 448439166.119158
367.810000 453766389.692427
367.921200 9777698603.397535
368.032400 393046311.237854
368.143600 627481159.051655
368.254800 9771980944.039713
368.365900 591254091.539595
368.477100 374582557.982983
368.588300 9767123805.027336
368.699500 542844182.294235
368.810700 464493996.375477
368.921900 9762163552.606207
369.033100 393486776.396479
369.144300 516975243.855030
369.255500 9757144740.498215
369.366600 419892277.308577
369.477800 477689398.465363
369.589000 9750890793.331121
369.700200 393190488.495298
369.811400 698922651.775940
369.922600 9745723734.943096
370.033800 330123834.794012
370.145000 549237093.101210
370.256100 9745782605.783009
370.367300 447775263.470295
370.478500 559814496.446363
370.589700 9739597145.787102
370.700900 515109959.578703
370.812100 397779359.770199
370.923300 9734603031.575899
371.034500 483136128.337605
371.145600 497065330.093103
371.256800 9733727584.632893
371.368000 319670784.425159
371.479200 480021109.092758
371.590400 9724524963.329468
371.701600 446198061.927334
371.812800 502386469.005697
371.924000 9723137771.628693
372.035200 513705420.857765
372.146300 669244033.802448
372.257500 9716839461.928190
372.368700 267416933.233826
372.479900 503581800.418629
372.591100 9711058479.881397
372.702300 496248483.780184
372.813500 613388730.727093
372.924700 9703606035.176561
373.035800 429248576.233133
373.147000 554546447.257652
373.258200 9700570683.832348
373.369400 429613129.051470
373.480600 546694600.642447
373.591800 9697816142.192032
373.703000 533424047.223166
373.814200 490515975.243979
373.925400 9692303929.762617
374.036500 378301598.590115
374.147700 511427124.875416
374.258900 9688537374.210260
374.370100 658735675.811693
374.481300 373623984.164948
374.592500 9680676655.506067
374.703700 353953251.373291
374.814900 446816103.705753
374.926000 9676418538.422009
375.037200 516227271.645983
375.148400 396522659.649324
375.259600 9671554171.670971
375.370800 374976511.757261
375.482000 519419026.887741
375.593200 9666133010.875141
375.704400 339136430.938410
375.815500 411140523.548082
375.926700 9661398201.750902
376.037900 564317262.386507
376.149100 415980273.752436
376.260300 9658699106.575630
376.371500 468243587.771236
376.482700 327405645.701582
376.593900 9652106492.638617
376.705100 384420252.689379
376.816200 354464721.430708
376.927400 9646029384.013542
377.038600 369074964.576223
377.149800 485070877.140091
377.261000 9638587143.030886
377.372200 412791987.528049
377.483400 486114367.720921
377.594600 9633040061.213436
377.705700 383533624.866739
377.816900 384159134.647078
377.928100 9629976899.424879
378.039300 199745540.340487
378.150500 404970490.024071
378.261700 9625261743.453634
378.372900 285637862.552355
378.484100 562292674.131779
378.595200 9616936636.409876
378.706400 505525185.150230
378.817600 402553195.642311
378.928800 9612722884.141991
379.040000 442482157.848354
379.151200 413086322.536760
379.262400 9607699713.351389
379.373600 297021242.750507
379.484800 548752049.062496
379.595900 9603138412.809021
379.707100 318235279.777861
379.818300 431693461.345385
379.929500 9598355113.441772
380.040700 394543844.767284
380.151900 409288637.378405
380.263100 9592734860.249006
380.374300 445454432.584953
380.485400 186261253.083126
380.596600 9587925034.260870
380.707800 117263723.833941
380.819000 378580929.174372
380.930200 9582887059.355873
381.041400 339686670.981403
381.152600 291049839.474251
381.263800 9576502369.466734
381.374900 332935120.428778
381.486100 252879173.985287
381.597300 9570969452.127182
381.708500 311065287.141773
381.819700 408226772.423372
381.930900 9564971931.119404
382.042100 290561796.061077
382.153300 368873905.509317
382.264500 9558794482.530869
382.375600 330414726.995890
382.486800 350183853.014421
382.598000 9554662994.802221
382.709200 364988475.484438
382.820400 301283645.620228
382.931600 9550982311.496346
383.042800 237890867.191031
383.154000 330157310.919247
383.265100 9540994604.785040
383.376300 244155888.116165
383.487500 438852831.958672
383.598700 9538718847.458712
383.709900 327740040.563251
383.821100 395601824.242399
383.932300 9534818911.820690
384.043500 269913072.908651
384.154600 370809388.343655
384.265800 9528423693.428427
384.377000 420884548.823883
384.488200 310085527.181049
384.599400 9522909455.405933
384.710600 267643125.497751
384.821800 358080563.952524
384.933000 9509657118.903152
385.044200 398319181.147449
385.155300 331415046.184931
385.266500 9510522813.874315
385.377700 324625359.218107
385.488900 269436713.388721
385.600100 9505532126.944872
385.711300 274939276.196674
385.822500 387719649.059534
385.933700 9500266466.131369
386.044800 316679843.625689
386.156000 284354405.901508
386.267200 9493149247.724941
386.378400 178889389.341896
386.489600 282101520.454592
386.600800 9489760403.930735
386.712000 173485588.794739
386.823200 233908406.789320
386.934400 9484908981.874388
387.045500 292842442.786957
387.156700 295433167.307339
387.267900 9480167466.973345
387.379100 188400755.425890
387.490300 404519871.967787
387.601500 9468756789.768446
387.712700 222505999.481386
387.823900 171207207.435713
387.935000 9468345733.358324
388.046200 143894820.086275
388.157400 478749624.547857
388.268600 9460372007.532759
388.379800 261988287.004972
388.491000 333922518.732489
388.602200 9455715425.510092
388.713400 189388984.340971
388.824500 292071374.082420
388.935700 9450864063.123026
389.046900 349323385.918182
389.158100 194074804.005571
389.269300 9446572957.090889
389.380500 244397273.985104
389.491700 231496382.186440
389.602900 9444307683.815031
389.714100 211002883.853022
389.825200 282865847.849150
389.936400 9434001640.022949
390.047600 254133871.203861
390.158800 311051235.471127
390.270000 9432727288.471581
390.381200 286863660.748564
390.492400 310504258.475313
390.603600 9428315033.871668
390.714700 187275986.657164
390.825900 231381481.588741
390.937100 9424340616.688211
391.048300 344247411.142252
391.270700 9419332117.806131
391.493100 312170827.380215
391.604200 9413503226.434647
391.715400 233226082.903812
391.937800 9406507145.801041
392.049000 299633130.377993
392.160200 189067585.435959
392.271400 9403843983.265409
392.382600 272797269.014875
392.493800 154823851.452051
392.604900 9402263730.275986
392.716100 144925266.586100
392.827300 274406399.140324
392.938500 9393705051.510900
393.049700 179343408.951952
393.160900 147008467.732925
393.272100 9387827161.757446
393.383300 228331488.476549
393.494400 233711436.684374
393.605600 9385644723.291653
393.716800 173528985.175119
393.828000 181573051.284807
393.939200 9383510165.205252
394.050400 218586269.101311
394.161600 261844781.659069
394.272800 9377946609.082819
394.383900 184245922.583048
394.495100 205296993.546347
394.606300 9374237004.012907
394.717500 245640432.030813
394.828700 241571087.856455
394.939900 9368154026.153921
395.051100 214926172.303305
395.162300 170038093.686195
395.273500 9369027726.071682
395.384600 336315992.725149
395.495800 187554362.093891
395.607000 9361308210.300396
395.829400 127530648.474550
395.940600 9359353615.549580
396.051800 202530106.898830
396.163000 138394853.464893
396.274100 9357438153.065252
396.385300 178883358.052002
396.496500 210653723.686424
396.607700 9351639342.736120
396.718900 120269679.841335
396.830100 257526961.867765
396.941300 9349395946.255835
397.163600 234709556.917709
397.274800 9344538941.760685
397.386000 155639964.927402
397.608400 9341777199.563059
397.719600 213630286.835726
397.942000 9340074166.076031
398.275500 9333766463.793795
398.386700 172360879.062946
398.497900 149321868.105827
398.609100 9331435160.600946
398.720300 175607770.135027
398.831500 124304645.310131
398.942700 9328277280.273874
399.165000 185246799.819500
399.276200 9325544003.794743
399.387400 157110875.151525
399.498600 150440993.904520
399.609800 9324513359.618822
399.721000 171318334.609816
399.832200 182468887.135283
399.943400 9321115006.122408
400.165700 227694002.541182
400.276900 9322602399.131199
400.388100 198437895.735815
400.499300 117539030.763620
400.610500 9321154474.533493
400.721700 191766107.190683
400.944000 9318846235.256111
401.055200 171542587.853930
401.166400 159408314.528290
401.277600 9315490147.747225
401.388800 144873730.887703
401.500000 134644387.194151
401.611200 9313722785.621000
401.722400 179015252.776630
401.833500 185648138.689091
401.944700 9309614401.017756
402.055900 196826688.418554
402.167100 161820520.325274
402.278300 9307181473.867882
402.389500 263872656.514236
402.611900 9304450998.492746
402.834200 161225502.906948
402.945400 9302864856.085510
403.056600 197816440.716980
403.279000 9300722021.876886
403.501400 305046402.142597
403.612600 9300656247.640654
403.723700 299676468.219667
403.946100 9301886602.344736
404.168500 134124629.910830
404.279700 9299178427.946339
404.390900 218927897.852390
404.502100 142937927.800615
404.613200 9299568290.902048
404.724400 119853557.790457
404.835600 181238728.591408
404.946800 9294298256.711842
405.058000 297375024.572750
405.169200 137461322.015533
405.280400 9293232954.182554
405.502800 214734596.366220
405.613900 9289570046.027128
405.725100 162566601.102486
405.836300 201393984.424665
405.947500 9286503819.843943
406.058700 231845358.021963
406.169900 211867543.776129
406.281100 9284720455.869726
406.392300 140118279.433750
406.503400 217232520.036718
406.614600 9282871654.054855
406.725800 184626299.405167
406.837000 225174779.193178
406.948200 9276721013.837641
407.059400 227152366.697266
407.170600 168415895.646458
407.281800 9277733218.674017
407.392900 248411600.783678
407.504100 213043636.974064
407.615300 9272224851.080004
407.726500 202715619.648520
407.837700 122592803.538448
407.948900 9271609612.814705
408.060100 217690811.531126
408.282500 9272261364.270796
408.393600 176033815.790276
408.504800 203046675.814556
408.616000 9269250519.226767
408.727200 206528541.516266
408.949600 9270251416.764492
409.060800 122417143.900497
409.283100 9269759553.535967
409.505500 205026703.273300
409.616700 9270421518.270603
409.727900 127930958.691229
409.839100 227277410.693991
409.950300 9274320787.959158
410.061500 167102623.264847
410.172600 223904337.170980
410.283800 9277811404.062473
410.395000 353427827.801743
410.617400 9275340269.090179
410.728600 258625023.199184
410.951000 9282867802.494947
411.062200 184768310.689928
411.173300 279698276.748089
411.284500 9281412585.744904
411.618100 9288928274.248573
411.840500 184811941.898718
411.951700 9293194128.447948
412.062800 401024682.319996
412.285200 9297350796.318073
412.396400 182798614.966867
412.618800 9301852370.796852
412.730000 138068557.242287
412.841200 143074618.654360
412.952300 9308196060.941700
413.174700 158896451.516422
413.285900 9310240059.433035
413.397100 119594699.501970
413.508300 297168082.151640
413.619500 9321781883.495060
413.730700 240617655.845045
413.841900 308148643.167309
413.953000 9325186049.326866
414.064200 257140398.574732
414.175400 142102149.834919
414.286600 9333639986.920050
414.397800 355396263.354830
414.620200 9337736351.443701
414.731400 210315077.001425
414.842500 189927486.573357
414.953700 9347833679.743916
415.176100 291070305.038565
415.287300 9354696177.415184
415.398500 250710605.976088
415.509700 207091836.698885
415.620900 9363825125.643698
415.732100 145324505.492638
415.843200 218622520.240719
415.954400 9374107587.558157
416.176800 213842551.867441
416.288000 9382877769.562496
416.399200 201919891.589748
416.510400 199446622.710310
416.621600 9391669369.484303
416.732700 303862315.073938
416.843900 269614030.065939
416.955100 9399321654.102926
417.066300 350533555.288832
417.177500 452129114.343456
417.288700 9410952723.046043
417.399900 383596069.435982
417.511100 422910344.858761
417.622200 9422714908.210566
417.733400 483251976.229090
417.844600 297283793.349213
417.955800 9431705296.679428
418.067000 292029921.434122
418.178200 374540714.478785
418.289400 9443640068.062799
418.400600 350797519.152355
418.511800 280248497.151134
418.622900 9453544192.012232
418.734100 473141779.579138
418.845300 335108340.095339
418.956500 9464575022.338821
419.067700 528615811.529167
419.178900 195082556.025471
419.290100 9478991869.324614
419.401300 306981714.715992
419.512400 356773219.510286
419.623600 9491122571.674891
419.734800 348115883.563889
419.846000 407447922.268967
419.957200 9495922967.319635
420.068400 353790470.076345
420.179600 442730528.717163
420.290800 9517080769.885130
420.401900 372338152.449467
420.513100 452736347.472103
420.624300 9528243380.517487
420.735500 302601978.137957
420.846700 504538205.612261
420.957900 9536810778.478233
421.069100 650367886.475822
421.180300 419470438.834764
421.291500 9555152011.977108
421.402600 361196053.928690
421.513800 639608077.263357
421.625000 9567690341.583342
421.736200 513082961.618494
421.847400 473666942.751957
421.958600 9577468837.315269
422.069800 262685502.669071
422.181000 557264404.218601
422.292100 9595514144.148016
422.403300 641292228.114445
422.514500 419870363.079634
422.625700 9604526649.419827
422.736900 411329723.842062
422.848100 760870499.864880
422.959300 9621680093.754528
423.070500 504687872.893848
423.181600 575751575.928375
423.292800 9638373921.744755
423.404000 496770651.992132
423.515200 578052477.646444
423.626400 9647283850.049938
423.737600 596849805.664255
423.848800 606856757.592134
423.960000 9665469304.232414
424.071200 608954557.416145
424.182300 592369309.513964
424.293500 9681012335.943714
424.404700 594357835.196440
424.515900 528534190.395180
424.627100 9699147064.378075
424.738300 553436443.523369
424.849500 498688407.253603
424.960700 9709277999.685221
425.071800 387130562.358767
425.183000 752614357.751472
425.294200 9727182659.285393
425.405400 660495155.703260
425.516600 659691964.815023
425.627800 9742906209.120718
425.739000 675615255.970991
425.850200 852362111.626604
425.961300 9760905094.353937
426.072500 670777358.166485
426.183700 858054792.957943
426.294900 9771288252.390316
426.406100 763129850.082199
426.517300 581801959.244589
426.628500 9787438229.117392
426.739700 939290196.068922
426.850900 694871291.251839
426.962000 9806105294.291489
427.073200 649159839.069731
427.184400 788764727.848066
427.295600 9819825101.847960
427.406800 978162603.210114
427.518000 690123349.759241
427.629200 9832063669.236837
427.740400 688825722.033117
427.851500 878402724.567781
427.962700 9849222128.373936
428.073900 892731936.156090
428.185100 474961157.406082
428.296300 9863524865.689308
428.407500 707162244.327616
428.518700 748884578.408575
428.629900 9882169429.298597
428.741100 857469333.611490
428.852200 836607128.337355
428.963400 9887871566.535099
429.074600 783728754.167427
429.185800 913662387.172245
429.297000 9911326712.255964
429.408200 923659142.307987
429.519400 786595731.799917
429.630600 9919885013.317064
429.741700 887218521.365934
429.852900 769919530.725328
429.964100 9944863481.660454
430.075300 821211710.639420
430.186500 1036875712.546532
430.297700 9956346402.933695
430.408900 934667209.236214
430.520100 689247993.190897
430.631200 9966845324.188047
430.742400 997774871.956472
430.853600 729709703.828579
430.964800 9989507443.082172
431.076000 943424566.427959
431.187200 987204322.136839
431.298400 10005553060.898430
431.409600 906718880.674227
431.520800 1157126017.310038
431.631900 10020504096.739975
431.743100 993807145.511341
431.854300 922692709.418634
431.965500 10018519635.955469
432.076700 1182717323.785151
432.187900 958995316.985590
432.299100 10048699110.211981
432.410300 920392852.959742
432.521400 843270024.064764
432.632600 10061851397.100466
432.743800 1099069770.906746
432.855000 1187017438.004313
432.966200 10083595169.955374
433.077400 1231328961.021339
433.188600 815177139.314911
433.299800 10094494305.976988
433.410900 924294367.653286
433.522100 1055750130.243805
433.633300 10108410452.851557
433.744500 1184672493.149137
433.855700 1247364185.860695
433.966900 10121610484.851528
434.078100 785918579.191309
434.189300 1178665859.971691
434.300500 10137991463.195166
434.411600 1345600548.471128
434.522800 910010521.657848
434.634000 10142729836.321396
434.745200 882472603.513851
434.856400 1011514381.073580
434.967600 10168042255.254049
435.078800 1275080474.168850
435.190000 1317551170.343143
435.301100 10173889809.409210
435.412300 1078398605.974415
435.523500 1347946862.428829
435.634700 10194552782.771433
435.745900 1260002491.690496
435.857100 1139010223.033596
435.968300 10207980281.942102
436.079500 1000929641.090988
436.190600 1067398209.077223
436.301800 10217758415.064779
436.413000 1123407959.150515
436.524200 1118781674.926956
436.635400 10240297415.863762
436.746600 1160472264.588415
436.857800 1277803872.392485
436.969000 10252539219.505955
437.080200 1235302331.272192
437.191300 1304669581.391180
437.302500 10272364139.979090
437.413700 1424993826.047195
437.524900 1024247621.080774
437.636100 10278842372.526011
437.747300 1209585830.257566
437.858500 1403962274.293026
437.969700 10280141128.166761
438.080800 1440849888.571453
438.192000 1224673629.421072
438.303200 10310604809.923492
438.414400 1402675241.469097
438.525600 1106787464.861057
438.636800 10318184506.696051
438.748000 1162030618.663649
438.859200 1473260981.739233
438.970300 10331792933.094475
439.081500 1331710630.885147
439.192700 980968651.936041
439.303900 10336673462.434914
439.415100 1183519004.744423
439.526300 1227977586.130371
439.637500 10355315915.711542
439.748700 1440373944.251738
439.859900 911822787.757837
439.971000 10370603744.144941
440.082200 1126724152.008146
440.193400 1334418976.118147
440.304600 10380036943.698519
440.415800 1100834716.470331
440.527000 1305901031.019661
440.638200 10374143244.756075
440.749400 1474003983.637354
440.860500 1627371503.198763
440.971700 10396410112.095482
441.082900 1694115219.178181
441.194100 1123302086.560429
441.305300 10413534160.302608
441.416500 1542673560.720583
441.527700 1350511437.896336
441.638900 10415346634.864630
441.750000 1203745559.425346
441.861200 1364990055.404951
441.972400 10433910979.366322
442.083600 1182707951.972925
442.194800 1685947129.733644
442.306000 10439323245.903543
442.417200 1421806353.231403
442.528400 1525609108.384991
442.639600 10443030156.372381
442.750700 1507927254.877647
442.861900 1498193525.283167
442.973100 10465307321.408201
443.084300 1893848235.909933
443.195500 1161864331.700636
443.306700 10458182754.759878
443.417900 1141808120.388035
443.529100 1697905488.221575
443.640200 10485067352.002150
443.751400 1429700349.077227
443.862600 1662492176.966908
443.973800 10486196739.182489
444.085000 1804856889.893061
444.196200 1271737108.159426
444.307400 10500247839.333080
444.418600 1393460031.046118
444.529800 1764483667.787235
444.640900 10485589289.922926
444.752100 1229241197.680891
444.863300 1007458359.136127
444.974500 10487759531.464325
445.085700 1430624567.692669
445.196900 1711089407.519888
445.308100 10518199416.025030
445.419300 1205280551.935541
445.530400 1677431981.443670
445.641600 10513563024.715965
445.752800 1550090389.260372
445.864000 1260868196.064734
445.975200 10522920008.146606
446.086400 1450881471.311031
446.197600 1459868697.067656
446.308800 10499924777.459028
446.419900 1190377149.441898
446.531100 1429202547.838615
446.642300 10514181637.572412
446.753500 1918010967.456575
446.864700 1272163532.820705
446.975900 10504194153.580719
447.087100 1503969692.735518
447.198300 970533122.907209
447.309500 10486711461.972301
447.420600 1864563935.017519
447.531800 1582178729.010637
447.643000 10502543193.970055
447.754200 1121507147.865961
447.865400 1242380110.839653
447.976600 10530207139.211678
448.087800 787438085.847702
448.199000 2269843275.876637
448.310100 10562230521.734758
448.421300 1637683404.214592
448.532500 1324442482.968891
448.643700 10574920880.900906
448.754900 1303115205.776487
448.866100 1548739987.559883
448.977300 10554235203.965450
449.088500 1304197987.072838
449.199600 1264681673.642099
449.310800 10515528436.187080
449.422000 970088835.388739
449.533200 1397604273.888624
449.644400 10517696624.932648
449.755600 1327751925.505314
449.866800 1410423550.021914
449.978000 10551153851.724146
450.089200 1588899066.578207
450.200300 2009698910.959093
450.311500 10561465418.633602
450.422700 2222619188.132327
450.533900 1845290213.272665
450.645100 10548434817.803118
450.756300 1609344770.047270
450.867500 1662558742.596931
450.978700 10593390512.202391
451.089800 1501036619.257242
451.201000 1840517200.640390
451.312200 10577026450.572525
451.423400 1359219400.860643
451.534600 1387179590.437145
451.645800 10559788147.403624
451.757000 2081527762.374978
451.868200 1239268065.737297
451.979300 10457945869.835888
452.090500 1539790928.337637
452.201700 651411364.586248
452.312900 10544630983.937811
452.424100 989672408.848061
452.535300 2412210243.569576
452.646500 10520813367.604862
452.757700 707943929.150801
452.868900 1335238938.336315
452.980000 10521398419.274195
453.091200 1682033109.514456
453.202400 2001249204.953976
453.313600 10529535045.715414
453.424800 2527166479.948043
453.536000 1169437578.376829
453.647200 10562333996.028639
453.758400 1686963055.994341
453.869500 1546605243.849802
453.980700 10534792070.879391
454.091900 951028103.172667
454.203100 2497815445.132812
454.314300 10288359006.117619
454.425500 653734971.744114
454.536700 2456112948.601011
454.647900 10333621833.993774
454.759000 1711551920.608349
454.870200 1597123409.848740
454.981400 10555556918.837444
455.092600 1247554645.140867
455.203800 1712053105.798706
455.315000 10359697599.252661
455.426200 1895600361.917234
455.537400 2097239439.062127
455.648600 10424754674.522137
455.759700 2159572885.359967
455.870900 1266493763.529621
455.982100 10478452386.054094
456.093300 1838151979.118891
456.315700 10410467257.077894
456.538100 1912497948.138773
456.649200 10226226516.622814
456.871600 3433490950.333060
456.982800 10443077189.252127
457.094000 1755466083.593208
457.316400 10140671278.625504
457.538800 3120601575.136444
457.649900 10433068416.347134
457.761100 1251923027.711998
457.872300 967319114.100737
457.983500 10319954499.642754
458.094700 891255618.540649
458.205900 1632943484.558426
458.317100 10169862052.352781
458.428300 691676581.224321
458.539400 1561485341.070944
458.650600 10123699035.443855
458.761800 842193346.666155
458.873000 2044124333.942142
458.984200 10488386703.850422
459.095400 802281839.126595
459.206600 1012965368.901358
459.317800 10390450720.662920
459.428900 685164284.579077
459.540100 3459300066.135436
459.651300 10315590958.737793
459.762500 2222786402.772152
459.873700 810071624.883814
459.984900 10209847954.604481
460.096100 3480113236.459557
460.207300 284194852.805538
460.318500 10361358039.018267
460.429600 829671826.889212
460.540800 1379660032.305119
460.652000 10350539490.323509
460.763200 878051544.298191
460.874400 852976496.693590
460.985600 10323828163.983814
461.096800 2184821599.470879
461.208000 1926103688.102501
461.319100 10475047211.337196
461.430300 2423117948.228278
461.652700 10424074332.066944
461.763900 903896946.776983
461.875100 1100367396.643957
461.986300 10507460374.323179
462.097500 893119071.607058
462.208600 975455775.951204
462.319800 10552451176.719828
462.431000 225248264.441639
462.542200 2352954392.387466
462.653400 10411390218.823977
462.764600 1648693047.367523
462.875800 1450149627.194164
462.987000 10397412781.954056
463.098200 1270793139.206259
463.209300 1752478675.232231
463.320500 10480689884.167524
463.431700 2410058061.631500
463.542900 786477483.987112
463.654100 10495058291.106421
463.765300 1260593790.517584
463.876500 1233327051.265858
463.987700 10288118562.150995
464.098800 1674495231.896662
464.210000 2627770516.614706
464.321200 10560778693.575092
464.432400 3211501953.549776
464.543600 1841700866.696310
464.654800 10454546982.644058
464.766000 993575212.950674
464.877200 1883064800.813414
464.988300 10435287836.904638
465.099500 2066441156.547001
465.210700 1549890318.018158
465.321900 10498579975.853373
465.433100 1533738248.287699
465.544300 651885997.965994
465.655500 10494030611.639671
465.766700 1994835397.296989
465.877900 980677138.516279
465.989000 10448878091.294573
466.100200 1195701502.984095
466.211400 566022766.522585
466.322600 10488120507.417479
466.433800 1289050579.254492
466.545000 2281984722.061998
466.656200 10529459174.730577
466.767400 628609306.379105
466.878500 1830448821.656216
466.989700 10556691954.652977
467.100900 2107439467.419004
467.212100 737476844.687412
467.323300 10555787168.402632
467.434500 1159027234.608833
467.545700 1389445228.692392
467.656900 10512935314.939781
467.768000 1555952541.662470
467.879200 1825295004.211536
467.990400 10543808675.991955
468.101600 2334124585.521396
468.212800 1245108803.741533
468.324000 10532900775.104237
468.435200 1196774271.325485
468.546400 1537626595.481449
468.657600 10534701241.486300
468.768700 1047580202.053513
468.879900 1718638395.887659
468.991100 10526618369.070217
469.102300 511580808.245552
469.213500 1824578500.271774
469.324700 10486191574.954931
469.435900 1488919378.436466
469.547100 1707685895.173811
469.658200 10550399653.819813
469.769400 2146873857.615808
469.880600 1165595263.058640
469.991800 10540915920.722643
470.103000 977831871.516863
470.214200 1575675256.964890
470.325400 10519085564.007986
470.436600 1879457742.459059
470.547800 1622060445.237913
470.658900 10542130842.664354
470.770100 1454406369.237492
470.881300 1661727417.450029
470.992500 10528973544.477871
471.103700 1624776354.740826
471.214900 2403726027.943398
471.326100 10518954744.951698
471.437300 1764069693.457523
471.548400 2297409022.285687
471.659600 10522226726.595787
471.770800 2035820253.998639
471.882000 967164498.422344
471.993200 10524469287.791180
472.104400 1503224191.838284
472.215600 1673478596.248163
472.326800 10518962330.355137
472.437900 1819263707.646915
472.549100 1249817160.126902
472.660300 10485114972.537714
472.771500 1801751436.549162
472.882700 1114082556.787258
472.993900 10499346011.385706
473.105100 1385716918.610226
473.216300 1592146936.775919
473.327500 10502208843.411806
473.438600 1503848981.807390
473.549800 1132068856.692486
473.661000 10488166147.741203
473.772200 1402354518.073557
473.883400 1500580891.405251
473.994600 10478533370.733500
474.105800 1792095099.086514
474.217000 1859958494.321005
474.328100 10485650195.866186
474.439300 1593036625.045561
474.550500 1661876478.894650
474.661700 10464359835.443455
474.772900 1602266814.289291
474.884100 1587668897.467670
474.995300 10469030597.919302
475.106500 1957966793.635599
475.217600 1732186440.536669
475.328800 10463051546.575226
475.440000 1884169112.322475
475.551200 1275831300.761436
475.662400 10449226878.448317
475.773600 1601446369.985023
475.884800 1559570323.009871
475.996000 10432911727.220066
476.107200 1457232795.246826
476.218300 1299426805.822262
476.329500 10427378525.040676
476.440700 1476462143.372587
476.551900 1476831850.221905
476.663100 10416881595.488235
476.774300 1257926596.912296
476.885500 947287104.973391
476.996700 10402013627.366346
477.107800 1142848082.686003
477.219000 1270774123.363682
477.330200 10405553346.658201
477.441400 1655448360.344280
477.552600 1564428963.370239
477.663800 10383123738.080389
477.775000 1323374698.311554
477.886200 1755449869.369850
477.997300 10391101471.993296
478.108500 1241481964.564606
478.219700 1373964830.812407
478.330900 10359994145.671812
478.442100 1573403950.483538
478.553300 1177252366.663904
478.664500 10364993616.970728
478.775700 1784236392.891430
478.886900 1533460936.717823
478.998000 10367128725.111633
479.109200 1392221706.817972
479.220400 1473575670.520359
479.331600 10347222128.596119
479.442800 1366151296.187056
479.554000 1518397648.641802
479.665200 10343136027.635166
479.776400 1790137587.040771
479.887500 1207081045.131937
479.998700 10331421666.909573
480.109900 1613435194.775505
480.221100 1234501454.582455
480.332300 10323394921.361729
480.443500 1455261537.288956
480.554700 1273748355.326946
480.665900 10308042087.732521
480.777000 1191142455.947001
480.888200 1227657689.544003
480.999400 10298926907.094845
481.110600 1034797798.487740
481.221800 1661912407.386715
481.333000 10286742117.945385
481.444200 1378236360.370464
481.555400 1494876830.832872
481.666600 10268398598.381029
481.777700 1195099555.019953
481.888900 1335304450.083561
482.000100 10241761593.539173
482.111300 1259651199.728806
482.222500 1218059218.320072
482.333700 10244286859.258400
482.444900 1066072615.403603
482.556100 1465810930.075998
482.667200 10235959154.768303
482.778400 1499269251.792135
482.889600 1521532625.780924
483.000800 10226425206.627676
483.112000 1343283995.436014
483.223200 1345770534.758650
483.334400 10210372234.636509
483.445600 1505331067.413803
483.556700 1324486662.093950
483.667900 10191580985.023672
483.779100 1344086956.836897
483.890300 1329083279.082527
484.001500 10179419240.735487
484.112700 1346159333.050196
484.223900 1168147026.132467
484.335100 10176672214.725021
484.446300 1289521248.033777
484.557400 981780532.571053
484.668600 10159309778.282871
484.779800 1336310937.200739
484.891000 1265601526.831686
485.002200 10148249933.597023
485.113400 1257314635.969872
485.224600 1458632758.167048
485.335800 10132295932.003569
485.446900 1384400760.176756
485.558100 1203656465.163830
485.669300 10112999612.725903
485.780500 1163643015.289692
485.891700 1207792477.809322
486.002900 10107115194.677206
486.114100 1555963161.784167
486.225300 833195208.648220
486.336500 10088538180.899984
486.447600 1179810441.076973
486.558800 1303744661.337408
486.670000 10083252396.461809
486.781200 1211593539.270693
486.892400 1263773049.287077
487.003600 10058225267.221174
487.114800 1381427023.208815
487.226000 757709063.118509
487.337100 10051084532.016079
487.448300 940270908.046638
487.559500 1186221224.473606
487.670700 10038005641.025003
487.781900 1262387194.723949
487.893100 1137206981.515957
488.004300 10020443135.835545
488.115500 1233206346.734335
488.226600 1061942690.156740
488.337800 10008810729.760981
488.449000 1116375537.841780
488.560200 1026916872.855148
488.671400 9983972625.413614
488.782600 1039187994.419786
488.893800 853957339.519484
489.005000 9979315088.673126
489.116200 885602344.152630
489.227300 872178683.928720
489.338500 9970697907.336111
489.449700 677604832.454319
489.560900 1192953196.675365
489.672100 9955902110.396559
489.783300 896651649.042528
489.894500 1387582691.581887
490.005700 9937164392.435558
490.116800 1040091820.481655
490.228000 1091249252.023096
490.339200 9902663837.936899
490.450400 1332183288.006584
490.561600 1445678030.678767
490.672800 9900907591.038965
490.784000 1534859516.622302
490.895200 560115211.029795
491.006300 9898978214.248760
491.117500 854883914.800817
491.228700 980807621.265779
491.339900 9885560780.516968
491.451100 1071575396.743000
491.562300 136922507.992296
491.673500 9838521677.541040
491.784700 989905592.204325
491.895900 1123987088.295702
492.007000 9856454098.912523
492.118200 1026825735.479027
492.229400 851606964.297564
492.340600 9821479757.569874
492.451800 1251483315.714914
492.563000 1033848669.737623
492.674200 9832167358.360546
492.785400 1268387800.201735
492.896500 652580979.971430
493.007700 9799360823.348186
493.118900 720189281.803841
493.230100 720889318.110945
493.341300 9780712397.313744
493.452500 1186869795.973381
493.563700 490711413.213703
493.674900 9776129020.098457
493.897200 1313233537.081528
494.008400 9755277429.533251
494.119600 1096509521.427654
494.230800 690385144.143230
494.342000 9751970440.998875
494.453200 751479591.360786
494.564400 346806432.602566
494.675600 9732030340.981936
494.786700 744864904.922419
494.897900 1620201168.327064
495.009100 9715953993.771914
495.120300 529176155.271629
495.231500 1106219232.944645
495.342700 9718456406.921923
495.453900 983660980.996609
495.565100 1449425117.378952
495.676200 9655781568.350101
495.787400 794845800.089903
495.898600 484274612.713308
496.009800 9681735794.050468
496.121000 998719704.550829
496.232200 542560169.079750
496.343400 9679423727.693369
496.454600 734006934.345440
496.565700 454845600.482611
496.676900 9671977469.950634
496.899300 1140014807.345864
497.010500 9655052015.484371
497.121700 842092589.242481
497.232900 702661135.231012
497.344100 9624416887.337076
497.455300 809886570.999586
497.566400 967725366.472254
497.677600 9640543721.502092
497.788800 683176728.145016
497.900000 767713516.266636
498.011200 9612440959.292566
498.122400 1251887390.467221
498.233600 692385658.556913
498.344800 9614896678.244184
498.455900 495683529.217129
498.567100 976010568.333872
498.678300 9596811896.682833
498.789500 1179471993.096926
498.900700 599036241.512470
499.011900 9598553810.325695
499.123100 1039535197.173708
499.234300 283446729.051233
499.345500 9581803671.795822
499.456600 415936169.791950
499.567800 964474841.289173
499.679000 9549062573.649302
499.790200 889815531.751879
499.901400 670618423.918856
500.012600 9548118937.596786
500.123800 833649786.186729
500.235000 873271806.987736
500.346100 9545830376.019361
500.457300 995898962.666860
500.568500 311061427.804691
500.679700 9527892364.987701
500.790900 340394935.353445
500.902100 721011787.155285
501.013300 9511775499.679823
501.124500 338609291.041237
501.235600 1246858652.766170
501.346800 9493681107.642170
501.458000 858699846.544992
501.569200 137096594.185083
501.680400 9509308237.504890
501.791600 626391446.246054
501.902800 715844534.675165
502.014000 9503527408.033745
502.125200 865415980.306185
502.347500 9495071970.452763
502.458700 336918480.018394
502.569900 575159522.041147
502.681100 9485053469.053972
502.792300 588384706.941914
502.903500 720052884.798725
503.014700 9471255190.592356
503.125800 978947443.563465
503.237000 713837553.467804
503.348200 9459216366.303467
503.459400 690815063.526537
503.570600 683329222.708178
503.681800 9456656621.915819
503.793000 609538634.169811
503.904200 205617353.459587
504.015300 9451793235.600979
504.126500 547232235.899406
504.237700 330292134.935972
504.348900 9448722180.170851
504.460100 395088563.810715
504.571300 797785642.826237
504.682500 9439748573.713596
504.793700 803846171.143038
504.904900 552902958.421783
505.016000 9426606559.457726
505.127200 684096549.007484
505.238400 240009480.940029
505.349600 9423866584.415110
505.460800 190769890.403080
505.572000 612309291.438953
505.683200 9399097762.048199
505.794400 553687175.314829
505.905500 396148242.705036
506.016700 9397357342.673033
506.127900 729665685.868746
506.239100 685222836.862597
506.350300 9377111792.982607
506.461500 706465948.971394
506.572700 343814117.776377
506.683900 9362383193.918877
506.795000 826686613.667466
507.017400 9346932490.935081
507.239800 509454176.861856
507.351000 9332206942.666971
507.462200 484338023.115252
507.573400 585902633.255829
507.684600 9326845637.392935
507.795700 257636604.490700
507.906900 777648319.940660
508.018100 9312364825.893347
508.129300 551145033.176691
508.240500 531974676.652626
508.351700 9303361215.469488
508.462900 535837851.853004
508.574100 505842244.412010
508.685200 9296236981.067236
508.796400 526249838.405819
508.907600 330118192.080187
509.018800 9286367388.945576
509.130000 748802892.221615
509.241200 456103346.385437
509.352400 9275544323.754980
509.463600 637423849.012371
509.685900 9276215680.203634
509.797100 120746452.563868
509.908300 542301034.973682
510.019500 9261887979.277514
510.130700 478544548.768984
510.353100 9262974332.157898
510.464300 323223984.868402
510.575400 470654019.832382
510.686600 9268904508.708170
510.797800 375039723.383398
510.909000 298401735.137501
511.020200 9256553624.972809
511.131400 357626824.522554
511.242600 564217966.011673
511.353800 9265206792.088194
511.464900 743469473.027948
511.576100 573248497.896374
511.687300 9265098197.015303
511.798500 662757805.191362
511.909700 470052948.868090
512.020900 9262588089.053646
512.132100 500029739.812817
512.243300 190610117.166079
512.354500 9263880012.144678
512.465600 300584793.761311
512.576800 326185905.057178
512.688000 9260769243.187408
512.799200 321905312.287157
512.910400 455498519.909876
513.021600 9264637404.676397
513.132800 824670959.862575
513.244000 175557953.787289
513.355100 9262376501.093262
513.466300 224963697.485100
513.577500 371400059.274111
513.688700 9265772293.991203
513.799900 542002411.291883
513.911100 151465715.791359
514.022300 9262459214.985140
514.244600 429397671.527433
514.355800 9264619945.461563
514.467000 296649008.057327
514.689400 9259532547.030380
514.800600 582728055.649782
514.911800 600092776.388645
515.023000 9265552596.592876
515.134200 397240462.747786
515.245300 675435226.187378
515.356500 9278070314.099262
515.467700 811336542.496643
515.578900 257015069.149834
515.690100 9272113866.409632
515.801300 496991530.939051
515.912500 257742848.626900
516.023700 9285066001.238100
516.134800 402059979.736025
516.246000 439121112.759411
516.357200 9294027788.367989
516.468400 294113075.172600
516.579600 444979768.975872
516.690800 9303784702.396849
516.802000 386746572.375956
516.913200 638189508.721434
517.024300 9309104318.428316
517.135500 574403768.496637
517.246700 311789864.418837
517.357900 9314285724.254368
517.469100 396628838.015938
517.580300 348991235.277769
517.691500 9329270595.924187
517.802700 332004240.288406
517.913900 688476930.238657
518.025000 9326077787.042356
518.136200 821648996.684631
518.247400 288830055.610209
518.358600 9348529549.466284
518.469800 364737143.001331
518.581000 577240600.338127
518.692200 9350266712.486444
518.803400 841808628.281162
518.914500 448232318.678154
519.025700 9366228750.689997
519.136900 518816349.397961
519.248100 942207855.806230
519.359300 9369379137.308971
519.470500 757784048.987463
519.581700 711989636.626682
519.692900 9367350765.682405
519.804000 562032944.905304
519.915200 444659799.180351
520.026400 9386665397.672028
520.137600 207009591.018511
520.248800 499166224.527472
520.360000 9385627348.482683
520.471200 840992871.470220
520.582400 700595571.670965
520.693600 9416779680.118889
520.804700 520369060.421066
520.915900 495167405.116474
521.027100 9427410445.620989
521.138300 924279951.700584
521.249500 795508305.561537
521.360700 9446737908.661749
521.471900 765862113.611483
521.583100 587706837.398436
521.694200 9453495453.664215
521.805400 711476306.282621
521.916600 663189288.067955
522.027800 9462924928.172556
522.139000 1052903301.510988
522.250200 637612736.637211
522.361400 9481144416.120180
522.472600 414882486.755154
522.583700 754814203.678638
522.694900 9494391561.027706
522.806100 755684138.523478
522.917300 352395881.993168
523.028500 9514361804.251099
523.139700 904657165.800039
523.250900 403026776.688852
523.362100 9524519323.793694
523.473300 899550808.471420
523.584400 350028150.402798
523.695600 9530820065.150276
523.806800 638885222.035025
523.918000 996715475.104902
524.029200 9559051473.059158
524.140400 722253000.876060
524.251600 627860589.529369
524.362800 9563307543.297041
524.473900 704697965.338337
524.585100 684450350.130009
524.696300 9579254452.089428
524.807500 887580384.092649
524.918700 758068436.083839
525.029900 9600215964.936520
525.141100 406076131.463591
525.252300 860985037.985441
525.363400 9606628213.723358
525.474600 546784007.244347
525.585800 890571354.545086
525.697000 9621759980.573875
525.808200 411371812.700310
525.919400 369861950.651936
526.030600 9640003190.487841
526.141800 767204545.744438
526.253000 681176223.900265
526.364100 9663501027.325842
526.475300 614487046.555098
526.586500 1165488220.922964
526.697700 9675906327.672253
526.808900 766533704.490805
526.920100 834271749.622847
527.031300 9684158549.893097
527.142500 630236974.266590
527.253600 1040916414.082741
527.364800 9702899358.080090
527.476000 1100492250.839062
527.587200 900825639.290375
527.698400 9671524827.309090
527.809600 1305882365.262893
527.920800 1106790947.341314
528.032000 9742582426.511875
528.143200 1071763459.527891
528.254300 916732101.645693
528.365500 9750476491.446590
528.476700 880825788.743214
528.587900 969598139.058479
528.699100 9763228506.113514
528.810300 902851230.942436
528.921500 1046039375.312965
529.032700 9782732314.049328
529.143800 880812214.866747
529.255000 1295363715.096640
529.366200 9790880697.286129
529.477400 549150249.017735
529.588600 1283707644.340081
529.699800 9806721833.661591
529.811000 1188765695.593985
529.922200 1123704371.503284
530.033300 9817632349.163712
530.144500 623753993.970684
530.255700 1012461303.816324
530.366900 9798940830.946657
530.478100 1138191856.674706
530.589300 1406470892.859091
530.700500 9879221113.974527
530.811700 909582957.183146
530.922900 1444752945.094766
531.034000 9897070586.240206
531.145200 1113079863.347090
531.256400 821121694.007639
531.367600 9911065414.759476
531.478800 846335638.161018
531.590000 1311826084.281189
531.701200 9930750322.227417
531.812400 1223882795.761717
531.923500 1287555354.954815
532.034700 9946368825.677326
532.145900 1005934704.837578
532.257100 1302246203.248192
532.368300 9964816044.079885
532.479500 729779576.130285
532.590700 1225869009.073004
532.701900 9973255840.334908
532.813000 1195235709.163412
532.924200 1245919212.350624
533.035400 9988112602.440964
533.146600 1120500805.320145
533.257800 1622726148.833884
533.369000 10019700615.506392
533.480200 1347240552.216085
533.591400 1631682215.958573
533.702600 10036107876.490482
533.813700 1394905289.379419
533.924900 1439125589.031002
534.036100 10045017512.999142
534.147300 1781854561.141150
534.258500 996008471.425539
534.369700 10062188493.547136
534.480900 1410034772.390144
534.592100 1162929470.265285
534.703200 10079379720.350967
534.814400 1004528065.808712
534.925600 1502559726.016432
535.036800 10091476643.963034
535.148000 1188106108.196743
535.259200 1211787852.891165
535.370400 10104831732.655518
535.481600 1574331601.734614
535.592700 1437765081.288275
535.703900 10140636412.470009
535.815100 1669421845.091529
535.926300 1271513691.339851
536.037500 10157832621.436794
536.148700 1247148226.932770
536.259900 1600087198.366289
536.371100 10165531133.283066
536.482300 1293191654.269423
536.593400 1380762125.173264
536.704600 10191481443.760410
536.815800 1592002060.504478
536.927000 1251501940.417677
537.038200 10210046756.309027
537.149400 1823936357.253237
537.260600 1660146311.522620
537.371800 10217684630.084394
537.482900 1182319578.463476
537.594100 1140463621.675676
537.705300 10237376577.348007
537.816500 1451384726.427288
537.927700 1203770555.412933
538.038900 10261598979.868856
538.150100 1707938893.855371
538.261300 929277971.988491
538.372400 10286900106.344034
538.483600 1023366423.016510
538.594800 1625784158.381437
538.706000 10302254369.550627
538.817200 1365107492.092892
538.928400 2092896248.819252
539.039600 10315337840.511019
539.150800 1743830832.513510
539.262000 1006176857.936031
539.373100 10333224509.381907
539.484300 1388617538.260847
539.595500 1556190451.634068
539.706700 10344673126.363480
539.817900 1344432546.588398
539.929100 1775162010.252045
540.040300 10364933183.741028
540.151500 1519101978.826260
540.262600 1717635262.243759
540.373800 10371074996.917042
540.485000 1921025371.640618
540.596200 1857030517.671304
540.707400 10388745701.813311
540.818600 1918801471.547256
540.929800 1287192945.583155
541.041000 10403306181.783119
541.152200 1284624782.443068
541.263300 1585540932.716911
541.374500 10418890991.319664
541.485700 1753953962.222744
541.596900 1728395011.038261
541.708100 10448995004.369635
541.819300 1691965790.288372
541.930500 1774515899.527697
542.041700 10457849357.716516
542.152800 1772002013.930847
542.264000 1812696298.489605
542.375200 10462465453.066301
542.486400 1676879460.834553
542.597600 2164987896.199472
542.708800 10482867116.368078
542.820000 2380290644.968481
542.931200 1499340721.409698
543.042300 10507693840.930840
543.153500 2120090794.419922
543.264700 1721869581.229664
543.375900 10489313914.022675
543.487100 2019365919.454070
543.598300 1387578859.560865
543.709500 10535891743.051874
543.820700 1833363828.480108
543.931900 1781039112.811289
544.043000 10551877350.448822
544.154200 2233928691.442129
544.265400 1412772346.262123
544.376600 10558781416.843714
544.487800 1971373460.803522
544.599000 1442356404.981960
544.710200 10577388529.919140
544.821400 1911536658.132580
544.932500 1691990454.805387
545.043700 10562017078.279686
545.154900 1600021839.210085
545.266100 1871435615.400497
545.377300 10585750402.098345
545.488500 1728218090.571535
545.599700 1662422377.805183
545.710900 10622255580.337006
545.822000 1917913115.288118
545.933200 1678301802.294729
546.044400 10627568176.359259
546.155600 1693545247.536221
546.266800 2185130642.168726
546.378000 10632897744.366993
546.489200 1757153378.399635
546.600400 1610380097.278265
546.711600 10652763525.523399
546.822700 1584867820.456652
546.933900 1834017934.100136
547.045100 10653700019.411766
547.156300 1900405459.194059
547.267500 1977016618.021326
547.378700 10665598975.941544
547.489900 1817999302.561455
547.601100 1808379663.526850
547.712200 10674238580.954315
547.823400 1948658824.106436
547.934600 1557800717.890697
548.045800 10687527152.986889
548.157000 1772552841.968294
548.268200 2103196110.059301
548.379400 10702412858.985395
548.490600 1851083326.371164
548.601700 2096487441.317194
548.712900 10701730920.735470
548.824100 2313114740.712976
548.935300 1830565813.543505
549.046500 10716425812.386639
549.157700 2206912218.206865
549.268900 1683367279.897570
549.380100 10730755948.887140
549.491300 2248699263.609559
549.602400 2286196558.643899
549.713600 10732549583.869373
549.824800 2249286981.713923
549.936000 2072104749.945080
550.047200 10720356658.655985
550.158400 1778825809.456873
550.269600 1850844066.949282
550.380800 10760251060.753613
550.491900 2113517169.543985
550.603100 1755685475.407988
550.714300 10759372916.264999
550.825500 1808696524.632305
550.936700 2253714858.789489
551.047900 10771895322.927731
551.159100 2404912068.466418
551.270300 2048272837.679831
551.381400 10755859770.747553
551.492600 1633960863.444569
551.603800 1714690460.887562
551.715000 10778041261.221313
551.826200 1842553881.713409
551.937400 2387929267.135831
552.048600 10777416154.920361
552.159800 2133863766.468784
552.271000 2058094778.005583
552.382100 10787088046.190439
552.493300 2119626682.254742
552.604500 2175428651.880156
552.715700 10790063861.711845
552.826900 2502504589.405131
552.938100 1827907854.493334
553.049300 10772019790.307270
553.160500 1860043190.795162
553.271600 1499351961.575829
553.382800 10805996428.115288
553.494000 1905486804.613958
553.605200 1720116243.994963
553.716400 10802829040.505320
553.827600 1482515248.094944
553.938800 1964397411.411764
554.050000 10785738002.353271
554.161200 2112737960.640308
554.272300 2743749120.772191
554.383500 10798144145.065029
554.494700 2255072065.745937
554.605900 1856487936.443130
554.717100 10785042247.382719
554.828300 1393024673.245516
554.939500 2264302857.199339
555.050700 10788816641.587429
555.161800 1448247206.555401
555.273000 2384027615.067033
555.384200 10743425668.705700
555.495400 3275648383.656146
555.606600 2142007338.020042
555.717800 10756976277.563072
555.829000 2288560846.811110
555.940200 2488006234.505035
556.051300 10788902544.591429
556.162500 2677210960.345664
556.273700 2297374113.653724
556.384900 10759496412.037083
556.496100 1443726282.940920
556.607300 2636350619.777813
556.718500 10783406070.867561
556.829700 2584367335.003100
556.940900 1891436924.976316
557.052000 10765818393.274990
557.163200 2165009349.254404
557.274400 2043837770.894741
557.385600 10757679861.705313
557.496800 3131778028.006546
557.608000 1813625619.649969
557.719200 10692545038.608810
557.830400 3210863347.947698
557.941500 1463495977.572557
558.052700 10782110657.964386
558.163900 1994608968.285547
558.275100 4013778714.992625
558.386300 10510543176.087202
558.497500 2807254403.606360
558.719900 10670137731.505058
558.831000 1291850456.440195
558.942200 781688532.236946
559.053400 10635406313.159809
559.164600 3937170069.214091
559.275800 1437345417.160542
559.387000 10597725837.071955
559.498200 1303360157.812920
559.609400 1048066720.199732
559.720600 10628821180.747568
559.831700 1751773104.524305
559.942900 1959745090.686769
560.054100 10401161055.536623
560.165300 1685427227.230421
560.276500 451238062.273024
560.387700 10048015640.898590
560.498900 2805530403.377693
560.721200 10388421197.478792
561.054800 10523339277.498390
561.166000 826453176.216978
561.388400 10567637310.573244
561.610700 3913004509.030178
561.721900 10506705554.554585
561.833100 307349659.171738
561.944300 3677266707.724621
562.055500 10667103084.988028
562.166700 3383877288.556130
562.389100 10431999936.020706
562.500300 1671700553.848143
562.611400 1978066985.694521
562.722600 10444824118.393999
562.833800 1256453878.366625
562.945000 1742324547.446537
563.056200 10715816197.069237
563.167400 501465578.693251
563.278600 1443863917.088644
563.389800 10613140099.708935
563.500900 553204482.511414
563.612100 1712538583.510363
563.723300 10640222460.716724
563.834500 2374489615.365777
563.945700 2029662715.633314
564.056900 10667167219.127916
564.168100 1211285669.526068
564.279300 2525940682.417087
564.390400 10653859511.103220
564.501600 2971927039.919348
564.612800 2818538369.793152
564.724000 10671737000.720213
564.835200 2165334857.412212
564.946400 1807699072.646227
565.057600 10779502897.939041
565.168800 1832465770.487534
565.280000 2612142134.139585
565.391100 10714217092.589273
565.502300 2044369142.837381
565.613500 1876112854.434792
565.724700 10800036528.261681
565.835900 1396776383.434528
565.947100 2654920582.488497
566.058300 10788111897.515385
566.169500 2576057053.905454
566.280600 1959074809.022757
566.391800 10807224840.669952
566.503000 1880100742.050196
566.614200 2510566845.630443
566.725400 10779022778.414053
566.836600 2005965317.829081
566.947800 2127578284.275082
567.059000 10808524359.278114
567.170100 1929389325.324434
567.281300 1564133147.595999
567.392500 10815851917.857157
567.503700 2033594083.903395
567.614900 1967077006.175856
567.726100 10796198410.964180
567.837300 1634834923.435608
567.948500 2320546438.546264
568.059700 10816533462.972643
568.170800 2207067084.484179
568.282000 2376264282.376298
568.393200 10823073531.322935
568.504400 2457883992.103021
568.615600 2151557405.710087
568.726800 10819724244.950956
568.838000 1835621300.858671
568.949200 2072728966.825455
569.060300 10807629105.637539
569.171500 1765387884.306957
569.282700 2182192106.418434
569.393900 10805646831.636854
569.505100 2280340662.643836
569.616300 2225362267.335495
569.727500 10820784905.133944
569.838700 1922392237.570005
569.949900 2496044729.796787
570.061000 10807845751.855814
570.172200 2138508900.983398
570.283400 2308688240.381454
570.394600 10796720261.172802
570.505800 2684552872.615954
570.617000 1998772619.347630
570.728200 10805584076.387445
570.839400 2121848750.663013
570.950500 2448203526.040552
571.061700 10795051072.734280
571.172900 2540672671.117910
571.284100 2085758640.084259
571.395300 10787305742.954344
571.506500 1795283309.154181
571.617700 2200335572.677441
571.728900 10779099372.622913
571.840000 2146687454.394094
571.951200 2015178679.467581
572.062400 10775851219.570768
572.173600 2063590312.590853
572.284800 1797091202.960630
572.396000 10762024885.509296
572.507200 1874632209.703650
572.618400 2374753479.741982
572.729600 10769394818.896690
572.840700 2007482491.236574
572.951900 2126904753.431227
573.063100 10756376452.346243
573.174300 2239540400.291324
573.285500 1852197725.547361
573.396700 10745326076.313549
573.507900 1961054990.544088
573.619100 2141071653.256374
573.730200 10731986374.519800
573.841400 1902920093.718864
573.952600 2009034764.384462
574.063800 10721364751.330889
574.175000 1893668148.992243
574.286200 1986279581.567516
574.397400 10714395465.671209
574.508600 1873230713.066114
574.619700 1769407520.509630
574.730900 10706933132.594954
574.842100 1904302615.113176
574.953300 1904632363.141098
575.064500 10692011440.513113
575.175700 1696553231.509319
575.286900 2022865043.149397
575.398100 10680018833.001743
575.509300 2025455206.056807
575.620400 1882085802.623236
575.731600 10669889696.310476
575.842800 1779512430.748882
575.954000 1998303849.905899
576.065200 10649272263.651075
576.176400 1891276222.392757
576.287600 1981209074.642996
576.398800 10630477180.418039
576.509900 2093218905.402332
576.621100 1767042864.321331
576.732300 10616267018.548676
576.843500 1853479836.330418
576.954700 2201345246.335010
577.065900 10602798079.968395
577.177100 2362042346.037922
577.288300 1725665875.501741
577.399400 10597360247.034302
577.510600 1855000026.871449
577.621800 2170554538.481033
577.733000 10571086291.285303
577.844200 1996361049.241106
577.955400 1753599505.283390
578.066600 10569669375.000805
578.177800 1741826293.632000
578.289000 1855742803.977821
578.400100 10554816616.192318
578.511300 1760009239.064539
578.622500 1838695441.791330
578.733700 10532238153.589243
578.844900 1775082141.233027
578.956100 1777970600.723526
579.067300 10516296341.451794
579.178500 1958688386.050673
579.289600 1784705585.551912
579.400800 10502224622.663765
579.512000 1635552232.621677
579.623200 1915241721.872899
579.734400 10481054554.493376
579.845600 1785060360.479357
579.956800 1936214311.268790
580.068000 10466628160.615726
580.179100 1683810182.451712
580.290300 1976674055.550196
580.401500 10441006977.153727
580.512700 1823467214.709553
580.623900 1911652766.631021
580.735100 10424255038.790380
580.846300 2130390286.811582
580.957500 1894649480.755772
581.068700 10406896961.923599
581.179800 1737206364.661911
581.291000 1775750944.146156
581.402200 10388675209.059385
581.513400 1767334472.560144
581.624600 1775084383.210781
581.735800 10365422950.992247
581.847000 1437594705.985086
581.958200 1916343426.164252
582.069300 10343649542.769489
582.180500 1638543978.287346
582.291700 1974853888.759272
582.402900 10333496746.662218
582.514100 1851353776.856229
582.625300 1857266371.527954
582.736500 10307298935.774046
582.847700 1510617593.704046
582.958900 1750461639.655106
583.070000 10285146933.331074
583.181200 1796238216.216700
583.292400 1801152718.258627
583.403600 10268370982.608711
583.514800 1851842318.887595
583.626000 1440657069.943228
583.737200 10241771187.239260
583.848400 1315493009.710442
583.959500 1727823458.527517
584.070700 10214556026.185238
584.181900 1702567045.568447
584.293100 1754081478.703898
584.404300 10201782525.371540
584.515500 1775898081.418219
584.626700 1144174254.766279
584.737900 10183781921.490547
584.849000 1484212476.502003
584.960200 1492035269.424540
585.071400 10159073982.439554
585.182600 1195569210.214739
585.293800 1582290077.941191
585.405000 10135544660.820206
585.516200 1484278023.921875
585.627400 1434283349.008297
585.738600 10119004379.959263
585.849700 1604230650.826567
585.960900 1185882965.633802
586.072100 10099705875.216372
586.183300 1269550520.656565
586.294500 1493978114.904377
586.405700 10075174194.157404
586.516900 1408219477.603737
586.628100 1467800975.513975
586.739200 10051737550.303509
586.850400 1208643211.604933
586.961600 1203168920.549044
587.072800 10028605982.490936
587.184000 1323261284.083708
587.295200 1215141324.084549
587.406400 10006900558.566450
587.517600 1332014902.359316
587.628700 1284520323.166634
587.739900 9983193976.894604
587.851100 1159731666.249317
587.962300 1486546730.673068
588.073500 9957597598.926250
588.184700 1403722771.698462
588.295900 1214255390.484999
588.407100 9932735838.059555
588.518300 1438384782.170521
588.629400 1234168797.164293
588.740600 9911210499.342264
588.851800 1351070159.868333
588.963000 1368302141.498893
589.074200 9896691769.724537
589.185400 1367954393.278661
589.296600 1414379347.447367
589.407800 9867320464.650030
589.518900 1292505536.551964
589.630100 961624340.204248
589.741300 9839747820.405495
589.852500 1093698125.295292
589.963700 1285137270.378325
590.074900 9825029002.219398
590.186100 1312374927.985903
590.297300 1194405837.039934
590.408400 9806335662.027683
590.519600 1229005277.945757
590.630800 1098725305.173338
590.742000 9772879700.410423
590.853200 1014850669.504208
590.964400 1295451300.198086
591.075600 9750357123.579556
591.186800 1038688748.522009
591.298000 812332939.385038
591.409100 9735993147.678347
591.520300 1104316137.064018
591.631500 924240671.540257
591.742700 9709731546.236454
591.853900 877540085.405697
591.965100 970575005.363688
592.076300 9684956607.819521
592.187500 952820158.339790
592.298600 1113039836.121589
592.409800 9669223457.011513
592.521000 1135846075.181561
592.632200 967623591.464617
592.743400 9646009846.875086
592.854600 852250798.228960
592.965800 896816224.199129
593.077000 9614154256.596895
593.188100 778937852.993950
593.299300 984141161.599483
593.410500 9599676383.836399
593.521700 1060655527.560488
593.632900 1110104882.473241
593.744100 9579462190.698851
593.855300 1200055250.781518
593.966500 695672429.739037
594.077700 9556448609.609604
594.188800 796404141.143915
594.300000 817689393.282852
594.411200 9531538063.063324
594.522400 800402733.232122
594.633600 1089133735.492135
594.744800 9506812739.130362
594.856000 996198512.910595
594.967200 818617805.835932
595.078300 9488617344.818167
595.189500 789990142.821093
595.300700 1011516608.045806
595.411900 9462522142.646198
595.523100 976000373.200567
595.634300 773140341.354004
595.745500 9442316830.963011
595.856700 836845883.777777
595.967800 624953649.058599
596.079000 9421734967.483269
596.190200 809029520.319384
596.301400 914445669.304737
596.412600 9396467516.877722
596.523800 910578350.196536
596.635000 628347094.439177
596.746200 9380722702.611631
596.857400 604768814.811300
596.968500 765177043.234472
597.079700 9356185528.013247
597.190900 614177590.477417
597.302100 691854629.685680
597.413300 9339997585.060829
597.524500 196063769.951757
597.635700 631573556.881401
597.746900 9314280518.894016
597.858000 620711029.942610
597.969200 946674994.878774
598.080400 9299287248.055820
598.191600 783410124.520048
598.302800 807381581.951961
598.414000 9285311231.352661
598.525200 754657741.725150
598.636400 652515953.769230
598.747600 9259506497.091898
598.858700 580003590.113361
598.969900 638311994.387022
599.081100 9244856184.928686
599.192300 573250645.091051
599.303500 821238891.082324
599.414700 9226167931.595503
599.525900 670426144.466787
599.637100 755504364.852087
599.748200 9197103410.441500
599.859400 661324932.463625
599.970600 447529062.840969
600.081800 9190846275.120935
600.193000 722039088.689925
600.304200 294112319.585636
600.415400 9168123082.676670
600.526600 360621394.287384
600.637700 742434475.811943
600.748900 9136054587.389112
600.860100 674954847.412466
600.971300 281621337.282263
601.082500 9141368906.700245
601.193700 385743201.010824
601.304900 708529024.880113
601.416100 9126185067.199734
601.527300 568170383.832203
601.638400 422328253.142542
601.749600 9104680275.296562
601.860800 606526867.067387
602.083200 9084234279.504536
602.194400 711532899.840340
602.305600 299306599.797832
602.416800 9072489889.447605
602.527900 273427053.036747
602.639100 456907024.416651
602.750300 9054304481.671507
602.861500 708370650.659997
602.972700 418954660.493021
603.083900 9052209270.541668
603.195100 479827954.250325
603.306300 371411270.479881
603.417400 9020772615.073330
603.528600 206504829.164360
603.639800 179789258.171961
603.751000 9005109544.656326
603.862200 291900570.897343
603.973400 373678883.350502
604.084600 9006825761.708193
604.195800 312297076.702509
604.307000 216680165.025436
604.418100 8991129253.409470
604.529300 214813011.261694
604.640500 693037743.885901
604.751700 8982258414.553583
604.862900 276271464.668732
604.974100 550363263.285232
605.085300 8974978568.145277
605.196500 574717681.450558
605.307600 344874064.532963
605.418800 8964362399.306286
605.530000 157970063.535912
605.641200 408829391.056935
605.752400 8938792236.144144
605.863600 150387799.632330
605.974800 225452805.421482
606.086000 8910786214.585289
606.197100 528919347.799142
606.308300 440148163.882335
606.419500 8916759982.755053
606.530700 578954275.222389
606.641900 508458002.075734
606.753100 8894229557.074276
606.975500 385565203.843117
607.086700 8891731090.416895
607.197800 291637141.206633
607.420200 8861121028.185043
607.531400 203569661.933098
607.642600 573606082.461169
607.753800 8873739370.018656
607.865000 300515480.840040
607.976200 508266890.524515
608.087300 8885268053.985168
608.198500 552160756.900694
608.309700 252291591.299679
608.420900 8878521507.693020
608.532100 474183485.091297
608.754500 8855710953.394239
608.865700 156255808.027065
608.976800 366371356.675738
609.088000 8857825550.282713
609.199200 156645892.800341
609.310400 253256281.906982
609.421600 8851250304.324280
609.532800 369941296.232798
609.644000 257599064.167984
609.755200 8855068376.069592
609.866400 328342775.601871
609.977500 683140791.934585
610.088700 8799264262.831577
610.422300 8816498566.317701
610.533500 171194186.799942
610.644700 182048733.277603
610.755900 8835977744.018000
610.978200 757014768.984489
611.089400 8800906183.724216
611.311800 588139965.356879
611.423000 8828024044.900455
611.534200 544364706.380631
611.756600 8845214571.137285
611.978900 1272179324.955412
612.090100 8832682150.206909
612.201300 163156757.834087
612.312500 310618432.602277
612.423700 8846015133.633598
612.534900 690763960.158978
612.646100 291101621.027341
612.757200 8849436106.062515
612.979600 711824114.401432
613.090800 8821414844.121469
613.313200 180272883.430166
613.424400 8843608954.975210
613.535600 208912455.684826
613.757900 8860120108.325026
613.869100 183019753.358952
613.980300 239798451.026787
614.091500 8855944427.623323
614.313900 294147541.523795
614.425100 8872046605.192680
614.536300 331506335.030682
614.647400 157669578.058084
614.758600 8880061117.304173
614.869800 144846759.729031
614.981000 643134458.746375
615.092200 8877974899.845356
615.203400 248093435.900204
615.314600 567591334.523941
615.425800 8895040262.618898
615.536900 656244256.766504
615.648100 273555466.140989
615.759300 8903164605.178278
615.870500 420622203.421204
615.981700 317626088.916588
616.092900 8907669129.999165
616.204100 770652059.109258
616.315300 266378925.344398
616.426400 8928286935.858112
616.537600 855704188.151431
616.648800 223416002.830282
616.760000 8927248246.887522
616.871200 569926774.187816
617.093600 8935891863.380308
617.204800 353767552.457571
617.316000 310395787.592119
617.427100 8946079177.618820
617.538300 368650824.682461
617.649500 299293211.180143
617.760700 8936316245.780571
617.871900 307257977.651192
617.983100 250591035.461956
618.094300 8942799372.209570
618.205500 355204465.560381
618.316600 209960598.605743
618.427800 8937878686.252712
618.539000 414131399.887568
618.650200 219163264.884785
618.761400 8941656841.214590
618.872600 393232603.730054
618.983800 304186298.929033
619.095000 8943899766.298931
619.206100 618836895.789362
619.317300 380309600.108996
619.428500 8944422202.389544
619.539700 539296318.153718
619.650900 273307274.546938
619.762100 8943937359.227608
619.873300 390296592.049450
619.984500 315819617.544983
620.095700 8942794200.069990
620.206800 290124036.796528
620.318000 384120820.083849
620.429200 8940844886.686708
620.540400 398724390.410562
620.651600 237583633.594463
620.762800 8942189806.587521
620.874000 220409839.971199
620.985200 405638794.438313
621.096300 8938291087.368374
621.207500 335962137.099197
621.318700 420809422.590398
621.429900 8935122937.619688
621.541100 322182762.572882
621.652300 390762397.098142
621.763500 8937607471.260183
621.874700 334621708.266340
621.985800 500061543.726954
622.097000 8933112453.747160
622.208200 446653555.241397
622.319400 437999212.622902
622.430600 8927158867.019714
622.541800 365810035.296371
622.653000 239546954.563906
622.764200 8927976226.059187
622.875400 280397868.649622
622.986500 494987202.853896
623.097700 8926890983.248693
623.208900 399002309.969333
623.320100 542500475.494035
623.431300 8925449819.551212
623.542500 476115823.567897
623.653700 382075562.767266
623.764900 8920505459.827541
623.876000 412546520.570547
623.987200 468096366.623917
624.098400 8923008510.812382
624.209600 525615080.750773
624.320800 326255590.467319
624.432000 8919167394.713547
624.543200 262550591.701195
624.654400 314381618.415850
624.765600 8917519998.388630
624.876700 358425346.235209
624.987900 192998548.981020
625.099100 8914264005.159159
625.210300 295920526.967058
625.321500 469140564.205014
625.432700 8916822370.304525
625.543900 295168949.833090
625.655100 366078863.675500
625.766200 8912395032.403555
625.877400 290886316.555349
625.988600 310165405.372381
626.099800 8906659644.084845
626.211000 154944074.217140
626.322200 475026100.938780
626.433400 8906502364.844122
626.544600 533481814.318368
626.655700 344472806.645519
626.766900 8903619465.323971
626.878100 335256327.535028
626.989300 290475794.312088
627.100500 8896290268.304749
627.211700 389244889.265512
627.322900 421424560.662871
627.434100 8894356838.514301
627.545300 500733224.929925
627.656400 340042011.859057
627.767600 8893792426.645422
627.878800 388638385.831237
627.990000 345684012.610823
628.101200 8891230698.220701
628.212400 485321416.625690
628.323600 484692400.863207
628.434800 8887515071.247776
628.545900 438776933.033015
628.657100 345134704.472548
628.768300 8884818815.098289
628.879500 373247893.168760
628.990700 275866878.936184
629.101900 8878955514.878977
629.213100 290497088.895264
629.324300 468492372.889258
629.435400 8878335668.097282
629.546600 389405914.111259
629.657800 319631448.831102
629.769000 8876251757.318439
629.880200 292103522.795384
629.991400 266300857.817560
630.102600 8873127793.626286
630.213800 247853446.908981
630.325000 416116944.216067
630.436100 8871296781.402763
630.547300 370425504.147792
630.658500 372045926.661069
630.769700 8865967548.034616
630.880900 319816469.569955
630.992100 298153356.044049
631.103300 8862302204.161659
631.214500 409385970.335627
631.325600 377581407.194363
631.436800 8858216377.726828
631.548000 405703928.815788
631.659200 428760318.522209
631.770400 8853161482.505953
631.881600 327418234.634288
631.992800 374795553.915474
632.104000 8851134697.776476
632.215100 383783971.106559
632.326300 493721699.669189
632.437500 8846545697.704027
632.548700 370315186.966640
632.659900 423903003.309388
632.771100 8840823026.485939
632.882300 349665293.261960
632.993500 227745986.748610
633.104700 8837779804.292555
633.215800 286311254.175364
633.327000 342257850.235197
633.438200 8836877276.853617
633.549400 374568715.150891
633.660600 276293749.399579
633.771800 8831626970.784149
633.883000 278616971.935266
633.994200 282567423.277094
634.105300 8828224679.910095
634.216500 374611390.075538
634.327700 310861007.078082
634.438900 8826054898.150894
634.550100 299494656.853237
634.661300 230882571.293074
634.772500 8823292277.552574
634.883700 255256379.609798
634.994800 404445529.080913
635.106000 8818341635.575579
635.217200 398579404.159463
635.328400 357291297.469831
635.439600 8815080026.121346
635.550800 352000971.803870
635.662000 188916274.900272
635.773200 8809050527.171011
635.884400 232709435.597638
635.995500 350350526.237762
636.106700 8804898910.030832
636.217900 381479179.807799
636.329100 354818112.070814
636.440300 8802644815.350521
636.551500 264492619.025669
636.662700 273855459.255110
636.773900 8799573776.240894
636.885000 236579272.816369
636.996200 163112521.092087
637.107400 8794480730.020412
637.218600 330159736.948947
637.329800 227175827.159950
637.441000 8787334216.259693
637.552200 392205624.328542
637.663400 160872414.241755
637.774500 8783397578.480715
637.885700 355820214.345808
637.996900 153755662.034935
638.108100 8784547438.902859
638.219300 251946803.524734
638.330500 318241348.019700
638.441700 8780007373.602095
638.552900 188841271.313360
638.664100 208063752.538730
638.775200 8776385750.321543
638.886400 140166169.359249
638.997600 202241531.319530
639.108800 8775082090.635351
639.220000 281669872.346853
639.331200 312688305.188673
639.442400 8771324570.287945
639.553600 181585287.242012
639.664700 280767636.052604
639.775900 8767901353.526264
639.887100 289002236.348127
639.998300 309124548.874332
640.109500 8765069198.256916
640.220700 211492160.325617
640.331900 237544829.223672
640.443100 8761994722.873707
640.554300 133014449.249485
640.665400 249474758.802345
640.776600 8753440544.382526
640.887800 300028596.769801
640.999000 356446552.502850
641.110200 8753806302.045349
641.221400 321467905.180674
641.332600 163460185.981104
641.443800 8749377366.192205
641.554900 283256934.698431
641.666100 258397476.878860
641.777300 8747150957.772493
641.888500 280068774.276018
641.999700 147296243.393873
642.110900 8743970332.874756
642.222100 221661326.854854
642.333300 227559982.664563
642.444400 8739913321.223768
642.555600 256378538.088663
642.666800 233779259.690536
642.778000 8736437809.952587
642.889200 201088474.485025
643.000400 239693676.435113
643.111600 8734040447.418156
643.222800 212219301.893437
643.334000 286395543.178146
643.445100 8730160906.343075
643.556300 196115096.141912
643.667500 123566882.939054
643.778700 8723765448.664484
643.889900 193282759.301400
644.001100 272256792.002883
644.112300 8718885924.010630
644.223500 291328223.431431
644.334600 280918114.337875
644.445800 8720768737.726654
644.557000 259802886.631360
644.668200 165175196.041982
644.779400 8715226858.998810
644.890600 199264814.265035
645.001800 258937242.941842
645.113000 8709557852.803530
645.224100 182357248.627187
645.335300 209578723.012899
645.446500 8708647340.235462
645.557700 185883608.964765
645.668900 277127356.096798
645.780100 8705767888.492554
645.891300 194472562.025422
646.002500 299182614.277490
646.113700 8701688886.766951
646.224800 229907376.291989
646.336000 290614539.715903
646.447200 8698772668.500031
646.558400 396541268.370653
646.669600 243972972.498880
646.780800 8694849638.411526
646.892000 176278020.654099
647.003200 122960829.646720
647.114300 8692030853.911596
647.336700 287738245.875381
647.447900 8687053206.998810
647.559100 324176938.205327
647.781500 8687704404.719585
647.892700 333096196.971713
648.003800 133818058.929591
648.115000 8682190801.048735
648.226200 220067599.954082
648.337400 220537250.758883
648.448600 8676530013.611685
648.559800 169784555.970936
648.671000 169397225.176084
648.782200 8676864725.120874
648.893400 182457977.102158
649.004500 270989183.951383
649.115700 8674670084.118790
649.226900 173093826.999831
649.338100 283610266.697858
649.449300 8670949248.640713
649.560500 187297117.478743
649.671700 208792701.175997
649.782900 8666002338.234121
649.894000 217477086.317066
650.005200 230069635.164477
650.116400 8665316582.568001
650.227600 126183404.509889
650.338800 338721968.965384
650.450000 8662276130.943235
650.561200 160324178.498994
650.672400 265489879.738102
650.783500 8660009894.904305
650.894700 303507574.170260
651.005900 168859147.917805
651.117100 8659863976.258892
651.228300 193066858.919670
651.339500 264296866.815886
651.450700 8659176865.160084
651.561900 191939246.917016
651.673100 243436733.604227
651.784200 8654961283.981262
651.895400 224851514.194475
652.117800 8651963881.127005
652.229000 263658138.986521
652.340200 185592762.152499
652.451400 8651150618.691292
652.562600 178076128.815860
652.673700 217465159.152208
652.784900 8649009754.610510
652.896100 292938195.532845
653.007300 175273457.397307
653.118500 8645958703.476173
653.229700 293070972.926728
653.452100 8643650385.834730
653.674400 147165646.768204
653.785600 8642389272.482603
654.008000 235427046.811814
654.119200 8642971825.699177
654.230400 164960269.720510
654.452800 8639035162.768488
654.563900 192318506.930084
654.675100 214382396.119454
654.786300 8636771331.755175
654.897500 163294500.745719
655.119900 8635193179.764679
655.342300 252344705.274243
655.453400 8632859058.597038
655.564600 226233948.527414
655.675800 175533135.256242
655.787000 8632029101.730093
655.898200 232069332.933751
656.009400 150003336.433589
656.120600 8632559578.244568
656.343000 168015788.419990
656.454100 8628816045.047750
656.565300 134798755.599196
656.676500 278527112.112134
656.787700 8628620652.566267
656.898900 149947286.697923
657.010100 199252523.044164
657.121300 8627131248.634272
657.343600 180838758.423125
657.454800 8625752748.019239
657.566000 170962024.138758
657.677200 266995741.890364
657.788400 8622778212.968988
658.010800 202860894.780105
658.122000 8622552282.480221
658.233100 173597871.629225
658.344300 236863140.360928
658.455500 8620853079.404840
658.566700 257494647.622772
658.789100 8620075439.112150
658.900300 142089403.093114
659.011500 228150275.796749
659.122700 8619427946.860460
659.233800 276762015.989360
659.456200 8616087133.330378
659.678600 166071449.675592
659.789800 8618296903.662216
659.901000 171277290.507194
660.012200 216908486.741743
660.123300 8616107823.230873
660.234500 234805533.723299
660.345700 196429335.591530
660.456900 8612734988.054457
660.679300 258056820.756050
660.790500 8611824331.033478
661.012800 264287475.393970
661.124000 8609882733.540596
661.235200 221146642.442470
661.346400 338459454.258426
661.457600 8614116636.651388
661.568800 175900496.440986
661.680000 222010819.338443
661.791200 8609796564.720892
661.902400 123551098.579055
662.013500 252508476.389859
662.124700 8610796308.334534
662.235900 216030801.262404
662.458300 8610594806.626947
662.569500 180577471.989869
662.680700 225398756.409175
662.791900 8613831676.746828
662.903000 219963222.430896
663.014200 219860332.775734
663.125400 8614640498.803310
663.236600 142117782.296393
663.459000 8612373245.384813
663.570200 135568223.940407
663.681400 135699536.135123
663.792500 8614651813.462440
663.903700 338689493.668828
664.126100 8612438764.877094
664.459700 8615338617.747261
664.682100 204485921.254869
664.793200 8612745131.266392
664.904400 187238460.077963
665.126800 8614733879.899376
665.238000 182752935.673330
665.349200 162613357.745956
665.460400 8613492443.371458
665.571600 270934896.053741
665.682700 151194785.609609
665.793900 8614315408.010965
666.016300 196773189.267105
666.127500 8614516337.087910
666.238700 209900571.008567
666.461100 8615710096.519304
666.572300 249512926.960579
666.683400 139971768.133318
666.794600 8617315876.898024
666.905800 274129613.304282
667.017000 199458528.728499
667.128200 8613900362.304489
667.239400 122666681.544810
667.350600 137536012.977424
667.461800 8617684664.612186
667.572900 240778699.770959
667.684100 154898488.607281
667.795300 8611624207.561178
668.017700 199264619.333512
668.128900 8616819715.903538
668.240100 196230975.595448
668.462400 8618928969.045023
668.573600 147566553.356832
668.684800 135999699.775435
668.796000 8615058934.354523
668.907200 271108899.718991
669.018400 188977027.260745
669.129600 8615947484.679831
669.352000 237404850.786675
669.463100 8618193632.326849
669.574300 250581304.493796
669.796700 8616155972.060379
670.019100 341419368.027572
670.130300 8620725551.430931
670.241500 180640038.840340
670.352600 332477139.656422
670.463800 8616707489.672901
670.575000 268474980.954890
670.686200 306532792.636636
670.797400 8618416904.838144
671.019800 263917974.606463
671.131000 8619794236.419537
671.242100 201347379.488346
671.353300 244253929.413970
671.464500 8618724846.428476
671.686900 169828633.957518
671.798100 8619462845.696894
671.909300 288647034.249541
672.020500 163423933.424431
672.131700 8619495291.627136
672.242800 138183911.156918
672.354000 221465624.570361
672.465200 8621049657.589827
672.576400 174544695.960590
672.687600 288721517.592927
672.798800 8620327888.186617
672.910000 187354014.176153
673.021200 179940843.138979
673.132300 8624025834.052137
673.243500 170108139.377207
673.354700 355302215.505506
673.465900 8618728624.772449
673.577100 197671838.659655
673.688300 355830007.963042
673.799500 8621739532.502131
673.910700 352269910.718432
674.133000 8617746582.253931
674.244200 249285279.526402
674.355400 214196873.560821
674.466600 8622248658.581129
674.577800 339589694.916347
674.689000 211807572.189771
674.800200 8617709571.205410
674.911400 126602003.812762
675.022500 299982169.361431
675.133700 8619342828.865616
675.244900 201233232.613819
675.356100 190771157.679045
675.467300 8622127720.735559
675.578500 196733475.227429
675.689700 293762247.057816
675.800900 8620767324.534485
675.912000 236004944.518603
676.134400 8614406780.431438
676.245600 297190838.172084
676.468000 8623531848.050764
676.690400 232053863.243766
676.801500 8620259030.351847
676.912700 244181106.471802
677.023900 181659237.675334
677.135100 8620424843.640251
677.246300 155706191.047356
677.357500 203438615.917457
677.468700 8622820394.850260
677.579900 204101294.568070
677.691100 355127011.856792
677.802200 8624696713.883135
677.913400 328250505.278399
678.024600 174428924.194590
678.135800 8626622780.742918
678.247000 219714022.396486
678.358200 171687648.576001
678.469400 8623588496.682646
678.580600 274802265.335755
678.691700 355696754.596480
678.802900 8632364732.774193
678.914100 310079765.244434
679.025300 157144408.464249
679.136500 8629524043.764668
679.247700 304417449.579231
679.358900 261522059.495177
679.470100 8634517478.297943
679.581200 237251610.447573
679.692400 151647668.144000
679.803600 8635605358.924664
680.026000 257112952.502556
680.137200 8635881721.655964
680.248400 286693861.002661
680.359600 372529224.599947
680.470800 8642467854.942781
680.581900 261350900.491166
680.693100 254633686.855604
680.804300 8641937977.882435
680.915500 230089160.701361
681.026700 227701599.929374
681.137900 8641371276.759855
681.360300 455277162.772384
681.471400 8650252249.973406
681.582600 267097649.120645
681.693800 330562885.547492
681.805000 8651142062.549932
681.916200 157354456.589954
682.027400 381824710.926004
682.138600 8654550284.400282
682.249800 376631196.550973
682.361000 213645478.743961
682.472100 8658177306.579130
682.583300 415732705.096966
682.694500 278479173.633348
682.805700 8663619288.595161
682.916900 234163724.294688
683.028100 274817493.715614
683.139300 8663971963.868225
683.250500 259923146.714407
683.361600 284275693.375235
683.472800 8669035861.736698
683.584000 203417841.886181
683.695200 498136796.778068
683.806400 8672540774.219334
683.917600 195298053.410678
684.028800 385131727.205972
684.140000 8679709783.535000
684.251100 280630895.524152
684.362300 385438649.546107
684.473500 8674308041.371557
684.584700 380128877.606974
684.695900 247430678.410745
684.807100 8679426168.672657
684.918300 506124598.241594
685.029500 203695875.724736
685.140700 8691546713.339474
685.251800 118813635.073183
685.363000 563308543.574753
685.474200 8693745292.898464
685.585400 480733084.043601
685.696600 305656515.557751
685.807800 8698597990.104595
685.919000 491817198.109315
686.030200 152822401.100895
686.141300 8704467057.427221
686.252500 277470486.476675
686.363700 189741030.667644
686.474900 8705029479.083811
686.586100 473215039.262754
686.808500 8714160764.759722
686.919700 208065277.899897
687.030800 279276144.704494
687.142000 8714564774.941067
687.253200 277183229.688751
687.364400 286539478.823492
687.475600 8722198788.497732
687.586800 279991255.014725
687.698000 345394854.653375
687.809200 8725094352.552135
687.920400 327450017.367049
688.031500 369240241.273678
688.142700 8730973087.176867
688.253900 130214689.504562
688.365100 565112088.606622
688.476300 8735668682.446791
688.587500 248430744.839222
688.698700 413223948.293067
688.809900 8737598561.975170
688.921000 349774779.669502
689.032200 443757225.017081
689.143400 8744095842.303728
689.254600 363498475.296869
689.365800 309452497.794113
689.477000 8749480000.482088
689.588200 183035744.702220
689.699400 545863973.446148
689.810500 8747661999.488647
689.921700 346393381.002692
690.032900 382972634.299356
690.144100 8758144893.883917
690.255300 434928799.492643
690.366500 343464259.679415
690.477700 8761929192.092207
690.588900 509060406.000689
690.700100 297820465.448539
690.811200 8765963768.742928
690.922400 354285699.342937
691.033600 343954320.427834
691.144800 8767142227.814798
691.256000 533242023.766003
691.478400 8771693952.029728
691.589600 184910389.230659
691.700700 426647109.545792
691.811900 8775049389.916611
691.923100 236703437.998904
692.034300 517127716.866969
692.145500 8776922438.896091
692.256700 529870627.069695
692.367900 494390291.109660
692.479100 8785379501.232014
692.590200 203777645.178987
692.701400 581208400.187602
692.812600 8788840856.308428
692.923800 512760776.604293
693.035000 389175613.061806
693.146200 8794898326.528276
693.257400 471424701.127322
693.368600 555365704.131950
693.479800 8801450826.582752
693.590900 479347733.898111
693.702100 636677876.188897
693.813300 8808556951.774797
693.924500 670157047.986805
694.035700 454413532.079556
694.146900 8811128046.023991
694.258100 428429761.644639
694.369300 597841723.058247
694.480400 8812729403.199543
694.591600 428669606.486873
694.702800 460378118.991797
694.814000 8826185000.299147
694.925200 445748825.443439
695.036400 647188810.588838
695.147600 8821313169.590803
695.258800 260011347.834389
695.370000 524939174.042359
695.481100 8831649176.008869
695.592300 502771350.724885
695.703500 602211438.015364
695.814700 8831301278.255861
695.925900 425697982.087742
696.037100 569683953.449760
696.148300 8847795126.291481
696.259500 469055239.787963
696.370600 501064390.417223
696.481800 8849898833.936789
696.593000 652784851.611925
696.704200 597216530.300117
696.815400 8862243917.029140
696.926600 757097127.002261
697.037800 260996385.133858
697.149000 8858453250.338606
697.260100 678518290.621761
697.371300 195020942.416544
697.482500 8869683796.937498
697.593700 525071565.393242
697.704900 473291655.344610
697.816100 8877125519.492565
697.927300 787168653.580864
698.038500 426005143.239971
698.149700 8884411757.433241
698.260800 609933794.027135
698.372000 188863558.589214
698.483200 8886354369.994038
698.594400 438266567.601447
698.705600 533261035.855521
698.816800 8900476705.159422
698.928000 523650126.840209
699.039200 481848257.065444
699.150300 8905184432.153788
699.261500 420637520.614901
699.372700 573290686.535439
699.483900 8907754081.611368
699.595100 770247712.133244
699.706300 348322159.879731
699.817500 8919254929.224884
699.928700 425613515.045565
700.039800 606639575.291340
700.151000 8923521822.404261
700.262200 744766066.119192
700.373400 488780397.200592
700.484600 8934134060.663527
700.595800 719820714.836153
700.707000 362033786.280325
700.818200 8939990225.520912
700.929400 621845305.341967
701.040500 529319265.136054
701.151700 8942954711.861736
701.262900 688741594.773068
701.374100 542456991.830711
701.485300 8950558764.373928
701.596500 571320963.052477
701.707700 654025926.707119
701.818900 8960214618.369513
701.930000 221126480.801422
702.041200 968580963.319005
702.152400 8974257494.386185
702.263600 648518084.081147
702.374800 751764396.560942
702.486000 8974506956.525892
702.597200 621202442.585242
702.708400 837591944.017230
702.819500 8987244378.621187
702.930700 249653018.972755
703.041900 885531497.790677
703.153100 8988359306.514280
703.264300 772117751.698730
703.375500 709246239.449778
703.486700 9008291530.593185
703.597900 343434001.813614
703.709100 786853939.546821
703.820200 9004110592.984665
703.931400 805096842.980062
704.042600 678262644.696712
704.153800 9021628413.457222
704.265000 714354256.126994
704.376200 739147890.995134
704.487400 9029286337.616444
704.598600 550847973.905723
704.709700 669909376.418980
704.820900 9027415013.478319
704.932100 758883199.706335
705.043300 728218470.955138
705.154500 9046264557.034632
705.265700 862581578.168513
705.376900 773232666.794890
705.488100 9052410065.445566
705.599200 475168573.891447
705.710400 992556091.816330
705.821600 9056887256.563721
705.932800 974669208.661220
706.044000 1016404007.979334
706.155200 9067468309.619568
706.266400 898358891.400722
706.377600 709529376.864499
706.488800 9078017119.567600
706.599900 694905023.782042
706.711100 792986621.328212
706.822300 9081412666.854715
706.933500 738138558.256362
707.044700 779200209.696356
707.155900 9093777733.943588
707.267100 779484655.155878
707.378300 522611414.483517
707.489400 9109178692.514713
707.600600 856812634.160672
707.711800 770494531.397491
707.823000 9109631011.749678
707.934200 911387534.546834
708.045400 371986194.772058
708.156600 9129583715.654263
708.267800 653015194.511958
708.379000 863177166.163227
708.490100 9135566933.847542
708.601300 892020346.176771
708.712500 621343933.444374
708.823700 9139548281.739134
708.934900 1157854544.883701
709.046100 660623151.351654
709.157300 9152647844.968658
709.268500 643668695.768076
709.379600 752693426.018085
709.490800 9151885468.611444
709.602000 1285217240.280027
709.713200 591725371.677999
709.824400 9172393051.894323
709.935600 1003333693.112975
710.046800 549146652.374617
710.158000 9163645746.073315
710.269100 949773144.381344
710.380300 946142349.349962
710.491500 9174483061.569447
710.602700 1174894289.138957
710.713900 553344390.544369
710.825100 9194963112.758343
710.936300 799878138.160251
711.047500 606809508.593956
711.158700 9204773956.290131
711.269800 914781706.641841
711.381000 675239741.380056
711.492200 9197681384.057039
711.603400 1011820974.977364
711.714600 832545193.993888
711.825800 9217749613.545294
711.937000 808812759.640235
712.048200 979237044.352388
712.159300 9228264482.777214
712.270500 906538650.348189
712.381700 557214235.483173
712.492900 9225153200.438837
712.604100 805925050.890726
712.715300 695197190.675581
712.826500 9222922809.363737
712.937700 629258923.522047
713.048800 1349624912.812950
713.160000 9250466849.719292
713.271200 1527911369.411719
713.382400 729885173.134970
713.493600 9246291886.529192
713.604800 866689312.730027
713.716000 730972178.984918
713.827200 9241952048.457010
713.938400 1206703075.805448
714.049500 1198708886.653370
714.160700 9275257500.169529
714.271900 1409503193.023965
714.383100 718162505.067320
714.494300 9254726526.874735
714.605500 848456059.369958
714.716700 1164274568.808634
714.827900 9265838073.777105
714.939000 755067120.231215
715.050200 1202339873.869308
715.161400 9261320238.824127
715.272600 902060325.074113
715.383800 1571317556.944118
715.495000 9291077066.880577
715.606200 1241468779.278238
715.717400 994045696.941443
715.828500 9292553669.215340
715.939700 580759816.617470
716.050900 952855520.729173
716.162100 9319963979.433683
716.273300 620888262.995790
716.384500 1361501675.359009
716.495700 9320009780.973499
716.606900 1168646456.836255
716.718100 987523386.873807
716.829200 9286736277.503180
716.940400 1259721870.393205
717.051600 1084962509.256002
717.162800 9305431440.153513
717.274000 854768088.661656
717.385200 1246136967.439961
717.496400 9330218455.381161
717.607600 1381341842.140676
717.718700 1377109554.970041
717.829900 9324399300.664078
717.941100 1964363099.171820
718.163500 9308285007.001276
718.274700 830384600.859771
718.385900 927457782.293411
718.497100 9340570365.407829
718.608200 1710160769.933456
718.719400 1617652398.415225
718.830600 9313744865.208370
718.941800 1797955046.712326
719.164200 9341722576.530268
719.275400 533327686.069084
719.386600 1432917746.573983
719.497800 9380545591.574560
719.608900 874858767.803303
719.720100 1495510912.628051
719.831300 9286963345.772121
719.942500 1333609645.673553
720.053700 996775157.012170
720.164900 9303098099.764599
720.276100 865590157.943376
720.387300 829305935.902924
720.498400 9377384293.921976
720.609600 989811707.569157
720.720800 1081313888.749102
720.832000 9362370038.857031
720.943200 1186269650.369982
721.054400 1775073883.867383
721.165600 9394712359.071356
721.276800 744771777.290735
721.387900 1498873947.043051
721.499100 9381784477.779732
721.610300 1606461512.152000
721.721500 956763745.760293
721.832700 9392907975.930838
721.943900 1480219803.183661
722.055100 547021603.205393
722.166300 9390126601.764263
722.277500 1004253919.762896
722.388600 1054492629.981376
722.499800 9400307654.316282
722.611000 1187889876.553099
722.722200 1254447414.219193
722.833400 9419311228.751348
722.944600 1134768416.467740
723.055800 793801545.541245
723.167000 9428678280.620842
723.278100 1625694483.740703
723.389300 359931208.477512
723.500500 9434644049.712244
723.611700 1074772027.804516
723.722900 1217535667.242645
723.834100 9421135578.908718
723.945300 1389155832.215116
724.056500 661643246.273420
724.167700 9440811624.461115
724.278800 1397454309.056414
724.390000 239780541.427889
724.501200 9417055709.210325
724.612400 1239303767.900581
724.723600 842994086.979883
724.834800 9426225485.018312
724.946000 1428288882.060054
725.057200 747955191.582787
725.168300 9420712686.645597
725.279500 1180312283.388168
725.390700 1075156517.927482
725.501900 9421680866.265417
725.613100 797111954.626665
725.724300 1103948793.030103
725.835500 9417013390.469810
725.946700 1574531211.056078
726.057800 1125485302.547182
726.169000 9439317709.514009
726.280200 949300982.565242
726.391400 282620067.959162
726.502600 9444260090.690451
726.613800 1169248661.450216
726.725000 1413469498.749804
726.836200 9369851553.986401
726.947400 681159994.519896
727.058500 1284391040.147673
727.169700 9361137646.482618
727.280900 618312028.196323
727.392100 806044609.174873
727.503300 9335317230.973257
727.614500 1386393335.022560
727.725700 1340575202.312271
727.836900 9444080306.944275
727.948000 936374881.020161
728.059200 1599982318.013115
728.170400 9456243953.389427
728.281600 2001723779.733982
728.392800 475627648.494570
728.504000 9378444164.346575
728.726400 1708439424.377623
728.837500 9348752440.978168
728.948700 1287907968.039621
729.059900 1473619614.124685
729.171100 9403814508.934366
729.282300 1023625667.181574
729.393500 1247397057.064613
729.504700 9343310566.808889
729.615900 368179364.798609
729.727100 1284573473.044383
729.838200 9424615161.100639
729.949400 1028634867.429420
730.060600 1772112452.260958
730.171800 9490955127.220186
730.283000 1546494032.690237
730.394200 1999248034.304846
730.505400 9423896632.706347
730.616600 1079401078.455769
730.727700 581935388.187351
730.838900 9483472437.875921
730.950100 1030299080.408815
731.061300 1974882916.244667
731.172500 9445780205.417608
731.283700 1507508208.015473
731.394900 760673881.077993
731.506100 9500993049.122705
731.617200 1020368611.598541
731.728400 1806716131.138832
731.839600 9498444432.831114
731.950800 1020815028.395618
732.062000 1501656474.284779
732.173200 9499060775.097832
732.284400 1586819490.328203
732.395600 1343128546.055035
732.506800 9511366681.362455
732.617900 1019915322.026197
732.729100 1602873382.660997
732.840300 9448043218.492987
732.951500 1508500910.371998
733.062700 506890800.090366
733.173900 9498020869.861525
733.285100 1645212881.905703
733.396300 1434404675.141439
733.507400 9498044269.806665
733.618600 1019027952.870313
733.729800 775896473.692818
733.841000 9477113876.378910
733.952200 1159142526.930726
734.063400 1877034771.022098
734.174600 9513099388.931959
734.285800 826145463.526442
734.396900 1749263105.512580
734.508100 9533565534.301908
734.619300 1553821322.975658
734.730500 1298395569.349265
734.841700 9498556159.010658
734.952900 1856934614.825074
735.064100 864554100.713448
735.175300 9521872208.531908
735.286500 1763105266.855891
735.397600 879913854.774229
735.508800 9501706395.098455
735.620000 1473652382.943503
735.731200 1305251712.587108
735.842400 9503982368.255901
735.953600 447543872.030014
736.064800 1403579485.970683
736.176000 9513796605.623941
736.287100 1324438923.291719
736.398300 1246073072.016453
736.509500 9493131833.857676
736.620700 906847061.111320
736.731900 1283136701.465718
736.843100 9534884448.990206
736.954300 936298658.135115
737.065500 1864627144.004276
737.176700 9512300358.467428
737.287800 1637311958.058400
737.399000 1292737868.778427
737.510200 9509631918.794643
737.621400 1137370641.456779
737.732600 1655429197.206470
737.843800 9501171188.892849
737.955000 1511007967.460446
738.066200 739246933.495300
738.177300 9522985347.955341
738.288500 698735975.372803
738.399700 1582832559.812420
738.510900 9506322759.967522
738.622100 1094615340.655849
738.733300 1302260660.813928
738.844500 9511958620.002996
738.955700 1391216445.384782
739.066800 1633162780.496823
739.178000 9472253825.807852
739.289200 1515381099.004302
739.400400 773988286.989704
739.511600 9531573341.915695
739.622800 1438615929.272204
739.734000 1087028263.820569
739.845200 9525797106.584822
739.956400 924747909.957693
740.067500 1105854088.809018
740.178700 9469436144.326828
740.289900 1049738762.371461
740.401100 1228794441.383649
740.512300 9513109878.294521
740.623500 1687195692.038116
740.734700 965377019.482064
740.845900 9514579491.544096
740.957000 1300291201.806149
741.068200 791658119.546154
741.179400 9506879223.715849
741.290600 1306412376.314262
741.401800 902056333.464626
741.513000 9498570957.788280
741.624200 944695497.549453
741.735400 1763854191.825677
741.846500 9493540598.799389
741.957700 1606365795.032821
742.068900 1419899580.419105
742.180100 9484753668.327875
742.291300 3015767643.823065
742.513700 9484058098.986553
742.624900 2216933417.793061
742.736100 738539640.917105
742.847200 9379571304.203911
742.958400 1911510665.875315
743.180800 9392598530.527597
743.292000 2353667864.710158
743.403200 541695582.474121
743.514400 9471044603.315384
743.625600 1098493509.336144
743.736700 1477526332.990696
743.847900 9425723156.159334
743.959100 1415782453.266755
744.070300 476332688.870255
744.181500 9459122493.169428
744.292700 2306298717.791171
744.403900 148804301.647577
744.515100 9444447948.830231
744.626200 1440782505.928722
744.737400 334787133.449732
744.848600 9409988602.867010
744.959800 2111228098.310722
745.182200 9369941913.413958
745.293400 2206257050.351323
745.404600 337888410.434002
745.515800 9366964390.913742
745.626900 1907847734.145422
745.738100 1039376060.880020
745.849300 9356734883.462425
745.960500 2344875814.982209
746.071700 151004082.802259
746.182900 9445742454.070429
746.294100 1690611599.452147
746.405300 1300004912.244944
746.516400 9434000199.576553
746.627600 1643984402.173010
746.738800 471992490.401842
746.850000 9418487485.586588
746.961200 2110435221.345180
747.072400 588044145.591448
747.183600 9469437773.902931
747.294800 1911558386.838557
747.405900 1183242282.655561
747.517100 9350263975.215380
747.628300 1870580044.604443
747.850700 9382476839.020647
747.961900 1411312285.689747
748.073100 743316122.848101
748.184300 9417943583.772991
748.295500 915202716.576199
748.406600 859213321.057297
748.517800 9345388240.856865
748.629000 1436041497.367090
748.740200 685973282.597147
748.851400 9346501969.813017
748.962600 2185903015.388980
749.073800 624981042.844412
749.185000 9427840478.821198
749.296100 925752517.207114
749.407300 991353585.616841
749.518500 9408532310.459660
749.629700 1276402113.510350
749.740900 257923275.906490
749.852100 9441057712.691854
749.963300 705562623.336674
750.074500 2135514366.350731
750.185600 9432413215.519098
750.408000 2294189235.973094
750.519200 9373170629.335728
750.630400 2051867683.459025
750.741600 1042471248.591722
750.852800 9416894483.975651
750.964000 1097860254.505043
751.075200 1216546099.171334
751.186300 9417107216.944157
751.297500 354071581.458942
751.408700 1155369381.584256
751.519900 9381676364.592873
751.631100 923259155.764564
751.742300 1098601618.046000
751.853500 9406373630.472851
751.964700 514888389.816896
752.075800 1964314762.808397
752.187000 9388553244.390764
752.298200 509790963.834879
752.409400 1460693729.647287
752.520600 9390523016.111401
752.631800 1780698045.556158
752.743000 198359872.744307
752.854200 9433971494.420536
752.965400 927407343.749880
753.076500 1589419362.267127
753.187700 9425150595.142059
753.298900 658135344.406563
753.410100 1558175212.916856
753.521300 9404929787.715977
753.632500 883290035.680296
753.743700 998699122.618080
753.854900 9441932625.261700
753.966000 612851888.055122
754.077200 2099815346.234625
754.188400 9432954173.028118
754.299600 779899461.315226
754.410800 1652836083.122576
754.522000 9448243778.926100
754.633200 1405577142.177468
754.744400 349809396.193745
754.855500 9422695981.329201
754.966700 1292901165.277319
755.077900 1071545611.277395
755.189100 9436759258.208740
755.300300 803698794.261646
755.411500 1168871331.611818
755.522700 9392149363.660526
755.633900 1805170745.211840
755.745100 1367049373.335425
755.856200 9437643210.218348
755.967400 1476887907.288979
756.078600 1221680544.042087
756.189800 9367439211.067537
756.301000 759758531.362797
756.412200 1489227204.272504
756.523400 9428833685.306923
756.634600 933513892.523689
756.745700 1029107641.754835
756.856900 9393522520.343494
756.968100 812567039.259497
757.079300 1149556177.601476
757.190500 9420578901.834734
757.301700 719328169.816387
757.412900 1768517320.745248
757.524100 9418853252.280798
757.635200 1619181930.204275
757.746400 1282911704.057617
757.857600 9410050084.659859
757.968800 1685553358.204742
758.080000 855803006.713903
758.191200 9412497303.991915
758.302400 970028265.132236
758.413600 1409086191.358400
758.524800 9420161157.766445
758.635900 1123117249.167198
758.747100 1276132087.066999
758.858300 9405691083.821980
758.969500 1531431959.628074
759.080700 1460478954.678514
759.191900 9390487185.413036
759.303100 1047624276.965473
759.414300 1457239664.051862
759.525400 9383922569.968029
759.636600 1386936965.851518
759.747800 1333614207.539555
759.859000 9402934601.908379
759.970200 1376849419.981916
760.081400 1342818876.725712
760.192600 9390150171.383490
760.303800 1120584319.028792
760.414900 1329478932.985247
760.526100 9381565754.302391
760.637300 1058201043.457858
760.748500 994398025.703981
760.859700 9380853427.754993
760.970900 1124090405.715129
761.082100 1460307010.328222
761.193300 9372490422.509909
761.304500 1170453625.051618
761.415600 1025309416.677787
761.526800 9363102805.622450
761.638000 1097599048.687242
761.749200 1030266547.190792
761.860400 9368682911.569040
761.971600 1058427583.176419
762.082800 1308016756.877958
762.194000 9361770260.503496
762.305100 1238289620.438264
762.416300 1259163776.634698
762.527500 9357561258.297930
762.638700 1116271138.075092
762.749900 1208717776.867023
762.861100 9341869070.677855
762.972300 1330879172.844019
763.083500 866846655.622751
763.194600 9335078211.075384
763.305800 1482800893.048954
763.417000 1074233719.654593
763.528200 9333560968.744638
763.639400 1151474965.036521
763.750600 899367693.628575
763.861800 9308790942.228836
763.973000 458961821.765436
764.084200 1377751109.584316
764.195300 9314147770.678755
764.306500 1061467113.250560
764.417700 1426782452.546131
764.528900 9297109236.069870
764.640100 1134761488.217083
764.751300 923458274.150369
764.862500 9299542544.234135
764.973700 1064688932.678278
765.084800 1041871783.320404
765.196000 9295118007.048616
765.307200 1223390953.470214
765.418400 936749821.237405
765.529600 9283850056.975786
765.640800 1182927580.479964
765.752000 886816422.841341
765.863200 9270079195.196817
765.974400 1067952723.124797
766.085500 1217773287.246882
766.196700 9259946783.341276
766.307900 851481746.327282
766.419100 1018299253.727804
766.530300 9261966951.469442
766.641500 994606903.231598
766.752700 990610191.761875
766.863900 9252412591.424179
766.975000 1105420605.180207
767.086200 747424799.002467
767.197400 9237663905.278736
767.308600 1051210898.737886
767.419800 1131938089.289392
767.531000 9227298897.179138
767.642200 1325646386.063904
767.753400 790288613.092772
767.864500 9209254999.644619
767.975700 1061015894.924529
768.086900 1089824236.589180
768.198100 9197779164.007854
768.309300 785034585.907928
768.420500 954827403.441787
768.531700 9204414999.948809
768.642900 1088466918.758674
768.754100 977705918.274863
768.865200 9193034009.711260
768.976400 989156550.070738
769.087600 989070606.929785
769.198800 9178268494.687075
769.310000 1010255594.220291
769.421200 887307676.706414
769.532400 9176021883.301527
769.643600 1175369098.046506
769.754700 578691714.043734
769.865900 9162313735.411562
769.977100 1032367963.627377
770.088300 768775876.865787
770.199500 9152531965.271494
770.310700 843149541.324406
770.421900 855237388.723420
770.533100 9141125304.193352
770.644200 1201835541.239998
770.755400 792828626.664661
770.866600 9130494677.951357
770.977800 817571318.655673
771.089000 898359247.563734
771.200200 9115950746.065928
771.311400 970428491.703163
771.422600 874459006.355547
771.533800 9108987727.905182
771.644900 957444016.604274
771.756100 982861437.542728
771.867300 9102740938.694746
771.978500 870914163.741337
772.089700 782196091.267202
772.200900 9085531016.325649
772.312100 942377905.693481
772.423300 847144732.549698
772.534400 9084704789.123308
772.645600 1019274607.635417
772.756800 805576310.113027
772.868000 9073849576.562244
772.979200 950477313.443677
773.090400 849515831.429820
773.201600 9064841417.689486
773.312800 936579816.853874
773.423900 811330682.340790
773.535100 9052733909.477942
773.646300 980020091.166034
773.757500 566591355.524967
773.868700 9042746572.359791
773.979900 1006433998.166276
774.091100 494367880.532278
774.202300 9028122499.420799
774.313500 553283632.052402
774.424600 1015424497.695384
774.535800 9021547693.564339
774.647000 1080226837.695343
774.758200 423883196.522274
774.869400 9009821010.636095
774.980600 486791870.527831
775.091800 642942152.371388
775.203000 8998585059.792946
775.314100 639605134.281886
775.425300 1065132853.133608
775.536500 8987476581.824699
775.647700 874584886.608856
775.758900 674200360.196670
775.870100 8969963595.261829
775.981300 812626776.812428
776.092500 876938773.722662
776.203600 8969054939.261311
776.314800 963492393.051681
776.426000 714095034.674454
776.537200 8950884083.134127
776.648400 843812670.473187
776.759600 516018133.585728
776.870800 8944045619.848381
776.982000 791075515.470239
777.093200 788249118.218798
777.204300 8934931311.342743
777.315500 596998550.210166
777.426700 759317219.249857
777.537900 8924606153.941404
777.649100 845989537.218407
777.760300 698655304.095648
777.871500 8912291758.184420
777.982700 584476456.189619
778.093800 748922787.860334
778.205000 8899937389.153553
778.316200 678960384.936469
778.427400 833554581.737969
778.538600 8890721006.383549
778.649800 672999221.503494
778.761000 471864744.616801
778.872200 8873879297.461367
778.983400 569639133.843637
779.094500 900835658.989879
779.205700 8865471183.592278
779.316900 717290883.319305
779.428100 798775224.610744
779.539300 8858391744.008362
779.650500 549966194.213339
779.761700 868294424.306152
779.872900 8847514026.769875
779.984000 638901558.825485
780.095200 798060956.939657
780.206400 8835953931.553068
780.317600 660664389.759291
780.428800 610899033.657603
780.540000 8827083658.435989
780.651200 626034637.223913
780.762400 662318108.992254
780.873500 8815237889.578690
780.984700 772964572.205494
781.095900 698664243.353951
781.207100 8803957456.412125
781.318300 565088786.053896
781.429500 754311220.452545
781.540700 8793483430.209743
781.651900 708666700.315469
781.763100 576753014.255897
781.874200 8776015797.175402
781.985400 481143209.737254
782.096600 541573772.948144
782.207800 8772666821.587040
782.319000 610749696.059218
782.430200 558640788.918852
782.541400 8763588127.991426
782.652600 694745759.971009
782.763700 592151178.562275
782.874900 8753159385.640806
782.986100 539514791.953975
783.097300 711406665.659058
783.208500 8743503460.952629
783.319700 488668376.993269
783.430900 689851307.703951
783.542100 8730405095.417547
783.653200 636804950.127542
783.764400 641778120.818407
783.875600 8720017697.664919
783.986800 610936282.589751
784.098000 671195476.792281
784.209200 8711962797.809286
784.320400 804111778.183539
784.431600 535235014.357756
784.542800 8701568143.718458
784.653900 686117510.630073
784.765100 530550618.641635
784.876300 8691014185.058773
784.987500 536057476.540514
785.098700 532169434.815190
785.209900 8681180737.966431
785.321100 721454105.976773
785.432300 426462013.052139
785.543400 8669826821.984560
785.654600 343575416.529470
785.765800 705623070.409394
785.877000 8661324615.815767
785.988200 456725124.068518
786.099400 621018523.114975
786.210600 8648796752.190071
786.321800 498432938.375132
786.432900 593514421.590993
786.544100 8639471073.305285
786.655300 460419241.902132
786.766500 504630489.326370
786.877700 8630429982.588026
786.988900 532416602.601230
787.100100 429864855.256612
787.211300 8621483179.017405
787.322500 476771964.760335
787.433600 545187673.619537
787.544800 8609726400.497641
787.656000 382682291.035074
787.767200 525506053.998669
787.878400 8598959220.956652
787.989600 665859598.354155
788.100800 522957965.256312
788.212000 8590966098.679947
788.323100 546963207.847395
788.434300 343469017.753482
788.545500 8578186585.794344
788.656700 326595862.000208
788.767900 457168225.183305
788.879100 8562805959.286963
788.990300 389484208.261815
789.101500 234668478.123290
789.212600 8560117298.902216
789.323800 507652783.714227
789.435000 316124143.928450
789.546200 8550138762.655517
789.657400 377326775.251957
789.768600 429280842.392401
789.879800 8535980890.668980
789.991000 361155524.728024
790.102200 422887213.392262
790.213300 8528565054.817726
790.324500 183943445.521346
790.435700 491101649.251052
790.546900 8526472779.047855
790.658100 121138890.843138
790.769300 623333088.171161
790.880500 8519099211.642991
790.991700 486130436.777203
791.102800 332884899.760966
791.214000 8513007310.761756
791.325200 392421770.172646
791.436400 396741035.230606
791.547600 8502524936.132710
791.658800 187131931.536516
791.770000 448074369.665127
791.881200 8490728497.204784
791.992300 413747768.309231
792.214700 8487504130.827660
792.325900 370972472.604660
792.437100 396197275.298704
792.548300 8475546065.427896
792.659500 161875898.956729
792.770700 549679102.312980
792.881900 8464584269.699631
792.993000 367669157.688562
793.104200 190866428.245131
793.215400 8464564856.565787
793.326600 412360173.060691
793.437800 209878506.826089
793.549000 8462253389.369040
793.771400 499329547.337173
793.882500 8455140838.031528
793.993700 234295852.928826
794.104900 321514122.193646
794.216100 8441910063.823361
794.327300 196115783.698247
794.438500 349611159.423573
794.549700 8443028795.330617
794.660900 152864092.840352
794.772100 282116872.936353
794.883200 8434739812.277390
794.994400 322541513.437944
795.105600 155756043.028983
795.216800 8432280985.563283
795.328000 347438367.912720
795.439200 249911886.850864
795.550400 8428446808.366693
795.661600 196935174.324878
795.772700 466472192.979295
795.883900 8422122811.923818
795.995100 352381731.719619
796.106300 165669240.777472
796.217500 8410427878.498355
796.328700 400683578.190739
796.439900 246341547.455000
796.551100 8411657606.153506
796.662200 339888800.148540
796.773400 371837879.716871
796.884600 8405100696.076973
796.995800 137556990.053721
797.107000 266054449.885992
797.218200 8402619960.893655
797.329400 312113821.764185
797.440600 237339368.637355
797.551800 8402042078.798941
797.662900 243958904.115920
797.774100 336115999.531659
797.885300 8400089024.331439
797.996500 168099152.009432
798.107700 444131634.071412
798.218900 8395968244.125336
798.330100 241248998.757345
798.441300 163134919.301360
798.552400 8396574314.132806
798.663600 127102841.625200
798.774800 137221258.782463
798.886000 8390986043.020431
798.997200 360461219.712926
799.219600 8386489226.265581
799.330800 389235840.781075
799.441900 138668572.005543
799.553100 8386502197.613660
799.664300 388126122.624193
799.775500 179043845.398312
799.886700 8382516045.757891
799.997900 131332966.027094
800.109100 370541008.137798
800.220300 8381109263.927137
800.331500 159969555.729636
800.442600 268883780.999228
800.553800 8383809117.549050
800.776200 471801083.881372
800.887400 8374215168.508148
800.998600 177110757.709743
801.109800 402772236.180854
801.221000 8378266881.696970
801.332100 269356057.946055
801.443300 122284185.414793
801.554500 8373886623.987367
801.665700 253015526.087656
801.776900 183084961.058748
801.888100 8373918373.908416
801.999300 336360482.734957
802.110500 242735091.115108
802.221600 8375101904.228204
802.332800 132339064.400268
802.444000 372548614.674735
802.555200 8368204985.724938
802.666400 247445681.608404
802.777600 304388632.389066
802.888800 8372256308.556752
803.000000 257589190.413596
803.111200 317603725.951428
803.222300 8370612344.984580
803.333500 235769483.067284
803.444700 226722197.447667
803.555900 8364447890.609911
803.667100 342486547.414069
803.778300 194014814.775693
803.889500 8362789819.569127
804.111800 452164235.739118
804.223000 8361306809.686564
804.334200 129838218.613811
804.556600 8366268917.759396
804.779000 361602652.154969
804.890200 8366910367.821857
805.001300 241694361.269241
805.112500 224221871.519377
805.223700 8366927162.512220
805.334900 256494171.758128
805.557300 8363031749.081595
805.668500 252951870.280732
805.890900 8365620858.840010
806.002000 165345490.829563
806.113200 224986074.489923
806.224400 8362780532.527837
806.335600 232390980.896617
806.446800 177567367.050984
806.558000 8356502708.088016
806.669200 268315581.622779
806.780400 187877054.697747
806.891500 8362650515.804895
807.002700 252957081.151199
807.225100 8359771928.513055
807.447500 276358869.202518
807.558700 8359249590.614429
807.669900 321570645.027168
807.781100 261795659.843288
807.892200 8356118598.875607
808.003400 159448836.889305
808.114600 390674198.980824
808.225800 8351369629.380456
808.337000 309102515.403944
808.448200 371322429.698124
808.559400 8357887044.839396
808.670600 229949337.352102
808.781700 295002013.787941
808.892900 8351021468.461813
809.115300 254199450.337024
809.226500 8352168860.402168
809.337700 473385960.277715
809.560100 8352279807.266957
809.671200 273712369.419832
809.782400 213386537.101457
809.893600 8348050815.477772
810.004800 447897102.035118
810.227200 8349606417.227212
810.338400 211326455.733049
810.449600 290029809.131504
810.560800 8350130248.500848
810.671900 176673246.168207
810.783100 329529772.643224
810.894300 8347391674.518573
811.116700 448052030.694097
811.227900 8340434541.773037
811.339100 159333136.673186
811.450300 392886403.114841
811.561400 8342241388.564994
811.672600 129383037.615240
811.783800 369342691.064875
811.895000 8341094613.603992
812.006200 265350909.061884
812.228600 8331754605.675784
812.339800 410167348.327815
812.450900 138517449.428407
812.562100 8337556045.851089
812.673300 206175824.312490
812.784500 381471133.954020
812.895700 8330736241.713913
813.006900 210527839.649520
813.118100 306410849.174759
813.229300 8328087993.161569
813.340500 259102838.117615
813.451600 148124059.268156
813.562800 8324518042.662249
813.674000 254348184.028657
813.785200 333288262.060137
813.896400 8322200708.266379
814.007600 335978618.085278
814.118800 130368041.191400
814.230000 8325811043.754007
814.341100 293686778.287362
814.452300 277986625.303932
814.563500 8319746723.672582
814.785900 205072489.943071
814.897100 8311584310.961237
815.008300 400519298.469538
815.119500 131500902.689734
815.230600 8314631334.325199
815.341800 281057720.379790
815.453000 335413472.494095
815.564200 8311683228.716896
815.786600 292116834.299834
815.897800 8312541802.612434
816.009000 187228451.494071
816.120200 177834302.609025
816.231300 8312272670.136185
816.342500 316314591.919733
816.564900 8307396045.590834
816.676100 401084074.939357
816.898500 8306781675.725161
817.009700 191372970.411713
817.120800 117404595.915944
817.232000 8295741996.602241
817.343200 244010785.436375
817.454400 118679307.678247
817.565600 8295549283.417677
817.676800 375269809.951685
817.788000 123451408.978895
817.899200 8298522880.362524
818.010300 236255708.243911
818.121500 124151127.312675
818.232700 8297787117.942169
818.343900 322204396.785728
818.455100 203253858.930505
818.566300 8292420720.656861
818.788700 434964891.256846
818.899900 8293603713.569489
819.011000 344277680.023948
819.122200 179974909.037974
819.233400 8295251460.722328
819.344600 286378116.650073
819.455800 138525724.486961
819.567000 8291157962.463555
819.678200 357540914.805112
819.789400 274897740.451166
819.900500 8289770302.158216
820.011700 203416959.996351
820.122900 182324467.917561
820.234100 8289940001.148236
820.345300 198686708.626766
820.567700 8289471647.213746
820.678900 229792573.140076
820.790100 175367146.861818
820.901200 8288349434.664861
821.123600 302337120.789613
821.234800 8282702142.566502
821.346000 135597199.602451
821.457200 205028859.986951
821.568400 8284658168.509190
821.790700 467020760.612447
821.901900 8283381199.698443
822.124300 173847044.753923
822.235500 8281816868.860184
822.346700 191605323.791012
822.457900 293520124.043397
822.569100 8282651801.076627
822.680200 215794209.351393
822.791400 286731873.320087
822.902600 8282781902.675084
823.125000 214054360.795271
823.236200 8282881029.406387
823.347400 118231100.026827
823.458600 246762031.212907
823.569800 8281446606.847841
823.680900 144456453.008740
823.903300 8283024925.438277
824.014500 116419846.389842
824.125700 300143868.165318
824.236900 8281214068.158317
824.459300 250296585.879128
824.570400 8283407791.235664
824.681600 160138811.965775
824.792800 249499290.811564
824.904000 8283265655.030954
825.015200 250569286.343947
825.126400 235361601.113357
825.237600 8283891206.862299
825.348800 219878116.613383
825.459900 191585041.511021
825.571100 8283407611.634604
825.682300 220016125.033493
825.793500 196706884.674084
825.904700 8288554500.477058
826.015900 179480072.518104
826.127100 195377596.482909
826.238300 8288447453.107864
826.349500 178914610.136453
826.460600 133165203.488163
826.571800 8288860873.142886
826.683000 139051219.967708
826.794200 135444187.541514
826.905400 8286006662.462996
827.127800 283046944.733929
827.239000 8290763267.050759
827.350100 221220014.005514
827.461300 163782797.398582
827.572500 8288951115.738648
827.683700 276047515.218303
827.794900 118210752.241933
827.906100 8289298493.237027
828.128500 314690047.689852
828.239600 8290666851.537061
828.350800 219122810.750886
828.462000 226399498.527613
828.573200 8296396855.658927
828.684400 224983230.212815
828.795600 214187719.850174
828.906800 8298357444.439184
829.018000 169997229.708133
829.129200 301067654.947613
829.240300 8299341308.328606
829.351500 251392418.199304
829.462700 281104858.143191
829.573900 8299764860.236034
829.685100 246284388.844687
829.796300 214201452.390147
829.907500 8301856379.558830
830.018700 243477226.331798
830.129800 183215901.949876
830.241000 8302126807.559395
830.352200 384819388.583823
830.463400 308514764.307436
830.574600 8307398191.122880
830.685800 294869610.739724
830.797000 206699095.117617
830.908200 8303345974.840154
831.019300 302771265.251798
831.130500 267710165.492899
831.241700 8303989782.090925
831.352900 179506798.742929
831.464100 409305777.007172
831.575300 8311941185.344210
831.686500 231118320.590801
831.797700 289164545.677806
831.908900 8314664539.743485
832.020000 386940091.758793
832.131200 250764355.550389
832.242400 8316123115.463335
832.353600 221737932.502587
832.464800 335025171.268201
832.576000 8317937904.081842
832.687200 207374156.288909
832.798400 333731071.069356
832.909500 8319009788.399345
833.020700 380669403.905540
833.131900 156358384.340796
833.243100 8321384164.859472
833.354300 344757322.492230
833.465500 293045372.572930
833.576700 8326700371.233229
833.687900 213749073.715688
833.799000 288174711.992465
833.910200 8324603638.792821
834.021400 270083397.678814
834.132600 354944800.685506
834.243800 8329316725.932255
834.355000 322906172.404518
834.466200 415313477.477660
834.577400 8329842104.407503
834.688600 369228842.322634
834.799700 233483462.445324
834.910900 8333034024.964549
835.022100 399768660.481282
835.133300 161715375.096400
835.244500 8339350077.945077
835.355700 198486690.164283
835.466900 243614326.424898
835.578100 8339003614.455295
835.689200 289365768.439548
835.800400 328010981.418928
835.911600 8341049342.920110
836.022800 147125457.674574
836.134000 228240361.636791
836.245200 8339440887.955937
836.356400 198150391.184585
836.467600 458209175.304007
836.578800 8345462068.003278
836.689900 376427399.287477
836.801100 333258333.693675
836.912300 8346452932.686544
837.023500 353555583.226967
837.134700 377655838.765109
837.245900 8347978173.012046
837.357100 360556269.172755
837.468300 465618993.431506
837.579400 8349895746.283083
837.690600 327668615.609451
837.801800 364557605.367089
837.913000 8354011838.832972
838.024200 331582567.854373
838.135400 322130169.921462
838.246600 8357325952.957620
838.357800 381239921.436715
838.468900 398206613.521530
838.580100 8359259469.162434
838.691300 400680888.017298
838.802500 272462161.428000
838.913700 8362952104.864418
839.024900 339737298.065122
839.136100 329181384.305788
839.247300 8368159575.041588
839.358500 285198154.709699
839.469600 408209165.803095
839.580800 8370978291.192852
839.692000 264180444.890541
839.803200 386431083.049136
839.914400 8372706897.565513
840.025600 268390799.321545
840.136800 368587222.964911
840.248000 8374440567.171780
840.359100 483802045.348728
840.470300 409470735.568630
840.581500 8376849533.027262
840.692700 512756084.385897
840.803900 284607839.622009
840.915100 8376870663.017372
841.026300 340255315.684361
841.137500 342252617.412547
841.248600 8383318232.275514
841.359800 294537301.844824
841.471000 442185610.822760
841.582200 8382916532.160692
841.693400 292022940.141295
841.804600 418492616.086249
841.915800 8388293453.769022
842.027000 264894723.173390
842.138200 368233681.301827
842.249300 8392467029.233309
842.360500 344776916.565311
842.471700 347641006.704605
842.582900 8393715525.577566
842.694100 500986090.936967
842.805300 254143103.748285
842.916500 8398484020.625195
843.027700 348392180.786866
843.138800 402230814.198280
843.250000 8400274423.883105
843.361200 514007110.963817
843.472400 459604158.189191
843.583600 8402408231.518703
843.694800 149570756.457426
843.806000 616115027.538034
843.917200 8401310343.254000
844.028300 260981257.788705
844.139500 432974389.753816
844.250700 8410289801.238508
844.361900 581427410.297760
844.473100 427345111.757343
844.584300 8416551534.124532
844.695500 305742188.220601
844.806700 517969140.284529
844.917900 8417868437.167082
845.029000 447183009.681640
845.140200 372941077.967573
845.251400 8413207008.199962
845.362600 459138987.807374
845.473800 535690098.738091
845.585000 8419336260.590181
845.696200 176726585.896320
845.807400 532883349.102784
845.918500 8426027658.033948
846.029700 385490008.866384
846.140900 401549028.037487
846.252100 8430481669.608275
846.363300 415706982.260276
846.474500 572952396.633694
846.585700 8429865387.871436
846.696900 352592953.289637
846.808000 357789594.173026
846.919200 8436067166.050437
847.030400 698443581.671500
847.252800 8441377548.002814
847.364000 429385276.486382
847.475200 363964356.787704
847.586400 8439975359.072244
847.697600 365504314.851062
847.808700 280243833.074919
847.919900 8442917425.738952
848.031100 275271414.972968
848.142300 566056750.135877
848.253500 8448316203.772181
848.475900 668426456.852981
848.587100 8450454997.704807
848.698200 457700187.383333
848.809400 437681586.589918
848.920600 8450789221.754910
849.031800 338662400.526360
849.143000 526368910.638719
849.254200 8454532603.939641
849.365400 324486141.559678
849.476600 561247949.749343
849.587800 8453500593.860848
849.698900 542982963.281920
849.810100 485558026.285588
849.921300 8459788822.787086
850.032500 421341793.462040
850.143700 514042900.024587
850.254900 8462061944.666756
850.366100 443236170.012772
850.477300 513774715.911172
850.588400 8464352952.685984
850.699600 300398791.882135
850.810800 605837857.921461
850.922000 8465446427.976687
851.033200 291681007.945051
851.144400 493942954.162679
851.255600 8468798064.187701
851.366800 568907626.425848
851.477900 377874339.218052
851.589100 8471843439.560641
851.700300 320470501.041650
851.811500 666855140.567205
851.922700 8475068822.394837
852.033900 580265972.736480
852.145100 392990533.807060
852.256300 8469236374.400811
852.367500 682142481.483165
852.478600 526415295.826945
852.589800 8474451725.341188
852.701000 504770870.577526
852.812200 565513887.856884
852.923400 8478339258.575196
853.034600 508025983.085192
853.145800 445891348.165602
853.257000 8485901291.756456
853.368100 396628651.428988
853.479300 696755148.642423
853.590500 8487717248.492294
853.701700 326018852.489134
853.812900 435575859.964169
853.924100 8491805224.050333
854.035300 451308703.503757
854.146500 378258139.506468
854.257600 8485893921.942600
854.368800 494508775.660480
854.480000 693969236.974644
854.591200 8490991294.846616
854.702400 823325122.413432
854.813600 304627211.225119
854.924800 8497246184.454731
855.036000 326582704.652969
855.147200 512070158.302940
855.258300 8491840381.644152
855.369500 406470291.550014
855.480700 726169421.753336
855.591900 8501903168.288025
855.703100 529521918.641792
855.814300 611867191.351845
855.925500 8499996962.178593
856.036700 341836264.758041
856.147800 645129711.830705
856.259000 8499497172.618587
856.370200 573682706.352401
856.481400 624615513.708982
856.592600 8505387482.933947
856.703800 463058192.431284
856.815000 546961132.750881
856.926200 8503484247.980322
857.037300 768392549.372796
857.148500 522975879.047186
857.259700 8505412043.948679
857.370900 875142018.280462
857.482100 620404253.745220
857.593300 8507778998.658840
857.704500 368305071.089108
857.815700 749696154.155610
857.926900 8500301318.123231
858.038000 637125612.693960
858.149200 516905687.405081
858.260400 8513542129.724979
858.371600 621504476.712542
858.482800 598892369.017056
858.594000 8502750033.832906
858.705200 327927732.161980
858.816400 505974291.295563
858.927500 8509751553.838741
859.038700 800717960.040300
859.149900 539447660.251427
859.261100 8514869224.814607
859.372300 604126996.234327
859.483500 618808562.505273
859.594700 8512039509.762031
859.705900 802313109.574386
859.817000 263969523.278726
859.928200 8492590362.272636
860.039400 861597075.628903
860.150600 332231826.349712
860.261800 8499944480.469251
860.373000 389813155.943503
860.484200 755015739.898828
860.595400 8489868424.282126
860.706600 461151213.659476
860.817700 366551978.298060
860.928900 8514884999.835252
861.040100 528310332.824331
861.151300 645819846.193575
861.262500 8518233482.496545
861.373700 431079744.760657
861.484900 658079367.494348
861.596100 8513654780.541643
861.707200 583447823.986676
861.929600 8518805678.002181
862.040800 341419038.269363
862.152000 324231172.847897
862.263200 8519882232.588668
862.374400 689440851.168764
862.485600 315419231.590869
862.596800 8507804697.736871
862.707900 398781659.751855
862.819100 364102772.328506
862.930300 8495159746.161013
863.041500 637410345.110160
863.152700 921209692.869735
863.263900 8516386690.843620
863.375100 1053784682.000907
863.486300 129581148.430778
863.597400 8494759749.485020
863.708600 273624658.488793
863.819800 655458623.385971
863.931000 8506492957.304563
864.042200 615377542.314376
864.153400 933903314.821818
864.264600 8488592891.191803
864.375800 266576172.545935
864.486900 620320458.778926
864.598100 8488183791.102682
864.820500 1034488798.066743
864.931700 8494329266.326092
865.042900 587402447.519891
865.154100 558314531.423283
865.265300 8509173150.771116
865.376500 446990165.263836
865.487600 541425344.423691
865.598800 8475676549.875023
865.710000 529243114.023183
865.821200 424255876.532215
865.932400 8510491816.763165
866.043600 1005754751.168480
866.266000 8486433827.941707
866.377100 618109716.304357
866.488300 165827241.789152
866.599500 8487460694.752831
866.710700 502390943.661735
866.821900 472580068.481165
866.933100 8460258748.545266
867.044300 200655780.985979
867.155500 1203572203.227250
867.266600 8435000698.488920
867.377800 330350133.802231
867.489000 364831794.908728
867.600200 8491650908.306551
867.711400 868395559.550047
867.822600 388757550.198855
867.933800 8506187765.903724
868.045000 187383328.611391
868.156200 659137503.204500
868.267300 8489525236.206396
868.378500 478727637.554422
868.600900 8469571624.764134
868.712100 827305003.732944
868.823300 297115082.859785
868.934500 8465085141.668984
869.045700 585807788.970572
869.156800 358243402.679075
869.268000 8463834802.886325
869.379200 766671244.552048
869.490400 580313771.964972
869.601600 8427710938.962327
869.712800 1126076605.419042
869.824000 214145421.488444
869.935200 8477769876.162462
870.046300 984569503.277026
870.157500 716192732.059263
870.268700 8436353974.120702
870.379900 716665805.247571
870.491100 572727385.753101
870.602300 8425063777.053018
870.824700 641518836.414372
870.935900 8505100934.939607
871.047000 223696180.376471
871.158200 673606703.539678
871.269400 8490180707.741544
871.380600 369077690.449283
871.491800 762919378.264509
871.603000 8482238274.024035
871.825400 369874660.968752
871.936500 8483704743.578568
872.047700 1010428502.046244
872.270100 8455957217.545459
872.381300 611685624.351237
872.492500 370398067.050704
872.603700 8496739577.823437
872.714900 896356612.275012
872.937200 8490185745.771688
873.048400 992969354.351912
873.159600 154674332.318267
873.270800 8505810151.536944
873.382000 919406929.518444
873.604400 8507082825.355034
873.826700 659284634.444968
873.937900 8510249138.904843
874.049100 302196636.229383
874.160300 765384783.191705
874.271500 8514982768.840027
874.382700 562211731.898364
874.493900 562100121.740734
874.605100 8515814377.001153
874.716200 415147016.354939
874.827400 671388775.627609
874.938600 8500381224.606778
875.049800 768774535.757066
875.161000 125551955.341887
875.272200 8515656395.523813
875.383400 886303545.152614
875.605700 8507215280.387365
875.716900 954192795.925630
875.828100 147552933.233226
875.939300 8502406171.017046
876.050500 869446449.987273
876.161700 208556317.164603
876.272900 8509399561.984919
876.384100 650979924.194270
876.495300 145895641.239309
876.606400 8516170808.484720
876.717600 449292656.897106
876.828800 495058835.223164
876.940000 8511788776.513281
877.051200 604869662.452554
877.162400 490285349.254676
877.273600 8517349606.998741
877.384800 589713359.840441
877.495900 547450984.187970
877.607100 8500131856.555319
877.718300 538508838.791583
877.829500 364181238.799254
877.940700 8520236960.152321
878.051900 388007733.619625
878.163100 426337655.421428
878.274300 8517676147.665689
878.385500 500533753.592467
878.496600 528424231.189323
878.607800 8500726833.441516
878.719000 496838387.243905
878.830200 565613672.216850
878.941400 8523144962.928411
879.052600 628320344.938746
879.163800 625645340.744917
879.275000 8508704997.005681
879.386100 436475003.195199
879.497300 534065074.400729
879.608500 8476207784.639832
879.719700 537732481.667666
879.830900 534176083.224293
879.942100 8510224878.928572
880.053300 747486606.104059
880.164500 518438176.852716
880.275600 8524981337.518204
880.386800 632864636.538680
880.498000 606462716.202105
880.609200 8525147279.156137
880.720400 775136310.689438
880.831600 463463282.946465
880.942800 8519405824.282681
881.054000 503715674.619840
881.165200 524828151.395707
881.276300 8515383045.243937
881.387500 413447665.404994
881.498700 774866645.947132
881.609900 8509037401.214817
881.721100 335957831.030203
881.832300 614563490.350229
881.943500 8526384565.178535
882.054700 441567955.014462
882.165800 247271497.491962
882.277000 8515566797.125275
882.388200 300438416.527562
882.499400 929233373.469683
882.610600 8518208957.113513
882.721800 717681276.857703
882.833000 658737026.183109
882.944200 8517097726.252587
883.055300 926146680.153491
883.166500 503540835.809278
883.277700 8510955588.206897
883.388900 1021396562.587306
883.500100 323643659.619858
883.611300 8518512997.797077
883.722500 742460098.394008
883.833700 624173503.443680
883.944900 8516634703.256725
884.056000 478528206.954976
884.167200 741140407.247164
884.278400 8513118619.846221
884.389600 482125886.955778
884.500800 913423408.218663
884.612000 8513266370.059711
884.723200 1039947459.550451
884.945500 8516442523.304891
885.056700 370341930.862374
885.167900 539895964.246137
885.279100 8510988394.336109
885.390300 494924927.390389
885.501500 700581109.187275
885.612700 8507902121.945360
885.723900 673668652.773542
885.835000 444269649.582716
885.946200 8505846831.090578
886.057400 626662945.465328
886.168600 521877856.754658
886.279800 8496596685.838766
886.391000 501015607.721847
886.502200 744015651.854598
886.613400 8499276989.433116
886.724600 841337517.938496
886.835700 567947242.205633
886.946900 8500872418.049428
887.058100 433607124.739773
887.169300 851095372.659662
887.280500 8498152511.360000
887.391700 418949350.430574
887.502900 833240375.735901
887.614100 8489518204.178193
887.725200 681198409.189944
887.836400 503700312.278954
887.947600 8494062660.256412
888.058800 628364739.905418
888.170000 456248297.683869
888.281200 8486914766.213560
888.392400 558096470.888186
888.503600 816989715.256345
888.614700 8488269154.381431
888.725900 729134868.934339
888.837100 696207246.766167
888.948300 8480711453.772209
889.059500 458179014.470962
889.170700 555101114.099519
889.281900 8478911631.520980
889.393100 691991291.855141
889.504300 681923905.396195
889.615400 8477413481.475240
889.726600 584785884.412569
889.837800 698619501.563382
889.949000 8474358273.920671
890.060200 772547357.629232
890.171400 530561699.530966
890.282600 8474029590.966564
890.393800 753714741.286825
890.504900 515888487.012844
890.616100 8465425217.969114
890.727300 505842908.991833
890.838500 491625771.276698
890.949700 8460290217.231802
891.060900 528251674.240147
891.172100 665134007.834921
891.283300 8460910268.512222
891.394500 688725874.258848
891.505600 409801513.936896
891.616800 8455380588.143957
891.728000 434815478.975732
891.839200 652341827.107913
891.950400 8451897470.193201
892.061600 786275803.298985
892.172800 449302542.064567
892.284000 8444746317.185441
892.395100 713989732.110301
892.506300 457041975.372143
892.617500 8443175509.160666
892.728700 470215451.813362
892.839900 557194280.419026
892.951100 8439044153.006761
893.062300 647575118.802555
893.173500 450342155.503813
893.284600 8428076775.594020
893.395800 563598796.114378
893.507000 473477070.358282
893.618200 8427278317.986829
893.729400 471618505.051713
893.840600 566947953.744432
893.951800 8419321536.800781
894.063000 694627201.373055
894.174200 428457802.643851
894.285300 8420337242.345665
894.396500 474873226.840790
894.507700 615540718.636127
894.618900 8412735293.428466
894.730100 325169769.070004
894.841300 604623496.870625
894.952500 8410044533.181273
895.063700 428090240.326079
895.174800 515774102.744185
895.286000 8403967686.482425
895.397200 620400112.595338
895.508400 327188485.471458
895.619600 8400993308.655357
895.730800 614136424.140704
895.842000 393359587.191081
895.953200 8397875534.896464
896.064300 589076156.608438
896.175500 457323803.336083
896.286700 8389677447.238974
896.397900 415284255.034896
896.509100 584861063.700027
896.620300 8386927363.037448
896.731500 495599909.661240
896.842700 462651314.124584
896.953900 8381018521.311459
897.065000 431691704.338643
897.176200 385869193.807920
897.287400 8377595814.281967
897.398600 449204682.325467
897.509800 444149857.570199
897.621000 8371794346.985643
897.732200 289057335.471882
897.843400 518525206.252825
897.954500 8362474409.572657
898.065700 258688525.532207
898.176900 474288547.086467
898.288100 8360090032.770964
898.399300 491337770.504947
898.510500 497325611.236476
898.621700 8353185585.523005
898.732900 380883949.125784
898.844000 576815396.832369
898.955200 8350542578.572715
899.066400 394922487.613280
899.177600 576646600.348710
899.288800 8347487705.258570
899.400000 427307040.014905
899.511200 445734626.274674
899.622400 8340921261.253824
899.733600 556455697.002216
899.844700 386766988.469501
899.955900 8334445623.445042
900.067100 445713621.148582
900.178300 420177878.154880
900.289500 8331031395.669887
900.400700 383950633.788861
900.511900 508825987.006956
900.623100 8325589726.026824
900.734200 385398396.063524
900.845400 367646617.765103
900.956600 8322332287.508618
901.067800 243216565.438127
901.179000 573484547.776459
901.290200 8315605084.679488
901.401400 375040727.747863
901.512600 486032199.202431
901.623700 8308734243.172043
901.734900 508234839.123946
901.846100 476121064.906292
901.957300 8303352019.399129
902.068500 438141207.681202
902.179700 413554413.530766
902.290900 8297134063.833668
902.402100 543960941.067753
902.513300 498920056.883676
902.624400 8288866982.063881
902.735600 407871300.790219
902.846800 435524710.141845
902.958000 8288451961.960200
903.069200 348972894.384135
903.180400 380153128.630096
903.291600 8280364007.354239
903.402800 531291494.281108
903.513900 257846469.337657
903.625100 8276908546.042928
903.736300 413990854.526976
903.847500 255474626.486244
903.958700 8271057596.815086
904.069900 177031231.415351
904.181100 481085865.418227
904.292300 8261748726.390341
904.403400 387515236.336920
904.514600 434302786.652077
904.625800 8261110487.789940
904.737000 503040334.687729
904.848200 444756321.781858
904.959400 8255125407.037853
905.070600 214446547.568133
905.181800 557545478.921109
905.293000 8247666663.728362
905.404100 502184722.458140
905.515300 368363106.285107
905.626500 8244865139.517296
905.737700 394046077.544965
905.848900 338939342.216867
905.960100 8239791380.187253
906.071300 260062800.223172
906.182500 408032104.579171
906.293600 8232123676.385812
906.404800 316421460.068337
906.516000 409640694.050598
906.627200 8223626610.984647
906.738400 324478636.687634
906.849600 382665517.607210
906.960800 8222726609.211726
907.072000 308102384.098240
907.183200 456113539.285593
907.294300 8215478153.497740
907.405500 326770146.875832
907.516700 313468563.906219
907.627900 8209897501.785554
907.739100 381923064.644486
907.850300 251909179.204471
907.961500 8206331377.623649
908.072700 408773925.976576
908.183800 258296686.082304
908.295000 8200008179.189885
908.406200 135699293.332172
908.517400 350219453.422628
908.628600 8196664160.526851
908.739800 403999527.934089
908.851000 253662779.854494
908.962200 8192840871.137218
909.073300 297277370.630507
909.184500 459398208.276216
909.295700 8185850210.837386
909.406900 154312715.116378
909.518100 551051575.078790
909.629300 8179881078.593835
909.740500 378994861.756676
909.851700 214775503.808774
909.962900 8172575765.890991
910.074000 350314991.032290
910.185200 239845240.748931
910.296400 8168815154.292370
910.407600 350736118.111773
910.630000 8165129644.602258
910.741200 264308071.914351
910.852400 297492296.605170
910.963500 8160006757.922204
911.074700 276642985.100945
911.185900 361083667.358283
911.297100 8154747507.756799
911.408300 177711875.128889
911.519500 380310711.294668
911.630700 8151219004.058944
911.741900 228401372.655922
911.853000 389230961.839803
911.964200 8144495611.047688
912.075400 375549408.297781
912.186600 251986736.195290
912.297800 8142142819.782108
912.409000 297398353.706244
912.520200 147822827.225398
912.631400 8137621320.376266
912.742600 266542047.764510
912.853700 220031786.526394
912.964900 8130996549.311280
913.076100 349090641.425015
913.187300 140036515.219273
913.298500 8127620819.148444
913.409700 244456137.572829
913.520900 204411477.580399
913.632100 8123448619.470923
913.743200 201690334.521875
913.854400 236828688.289723
913.965600 8114097730.773035
914.076800 156738681.881687
914.188000 224542123.622259
914.299200 8115288736.070701
914.410400 173908870.820453
914.521600 233451778.690338
914.632700 8112568891.824590
914.743900 342190274.297836
914.855100 228172495.968204
914.966300 8107307120.158730
915.077500 323048046.667838
915.188700 208057815.983956
915.299900 8103301581.945323
915.411100 215598316.767162
915.522300 248051089.886004
915.633400 8099384612.370576
915.744600 164776581.125113
915.855800 309822681.845641
915.967000 8097490276.421591
916.078200 206220326.748590
916.189400 290464961.607471
916.300600 8093601805.793166
916.411800 281903554.317999
916.522900 200943334.045600
916.634100 8087961274.009002
916.745300 189887227.557834
916.856500 200751847.947424
916.967700 8080648419.691102
917.078900 375070231.032500
917.301300 8082494024.460926
917.412400 248623090.088602
917.523600 190347345.712868
917.634800 8077535681.779507
917.746000 259855465.255214
917.857200 169676856.681876
917.968400 8063864545.672486
918.079600 195390136.653730
918.190800 242499147.508601
918.302000 8070127081.268591
918.413100 232984125.158182
918.524300 212895983.645973
918.635500 8067851604.268748
918.746700 165831390.602399
918.857900 335239720.284913
918.969100 8063753162.741183
919.191500 307182296.309546
919.302600 8060893039.633545
919.525000 327103010.635553
919.636200 8056290938.538465
919.747400 133291368.651861
919.858600 390321702.479233
919.969800 8058343189.363871
920.081000 191240885.652364
920.192200 241874325.491798
920.303300 8054467319.774470
920.414500 201016778.535766
920.525700 200127439.787501
920.636900 8051680332.362567
920.748100 234919971.040449
920.859300 224485014.375118
920.970500 8050821886.519656
921.081700 314173500.523643
921.192800 116958111.264053
921.304000 8044676181.373155
921.415200 216336956.904749
921.526400 282576031.494877
921.637600 8040119477.209579
921.748800 195641114.760485
921.860000 238246097.315139
921.971200 8042170018.477318
922.082300 149264632.169980
922.193500 185321000.563459
922.304700 8039689634.287594
922.527100 235715516.032813
922.638300 8035025992.653817
922.749500 209392685.697227
922.860700 280250930.577349
922.971900 8035957678.515588
923.083000 305315279.322744
923.194200 256062438.604519
923.305400 8031094158.646817
923.416600 200472933.378239
923.527800 220017623.268088
923.639000 8031939189.298065
923.750200 279492430.061779
923.861400 133280246.684929
923.972500 8030173910.686816
924.083700 217426210.228343
924.194900 225484584.216714
924.306100 8026600361.396148
924.417300 173082669.569024
924.528500 180488394.805631
924.639700 8026835142.811844
924.750900 255547487.245049
924.862000 195336700.269125
924.973200 8023344494.929152
925.084400 241913058.648913
925.195600 164029428.725888
925.306800 8014708010.964260
925.418000 240706554.690809
925.529200 153969459.583814
925.640400 8021773924.878559
925.751600 182963570.817824
925.862700 241858357.987291
925.973900 8020409466.269040
926.085100 199582382.219053
926.196300 245077095.635912
926.307500 8020911360.044893
926.418700 169337599.581686
926.529900 164988319.941973
926.641100 8020084818.606281
926.752200 284013640.340078
926.863400 192382630.600444
926.974600 8017065410.295751
927.085800 131066489.506076
927.197000 267518782.416790
927.308200 8018377151.433574
927.419400 134856140.431499
927.530600 120382196.871337
927.641700 8018713592.680071
927.752900 187527609.221870
927.864100 173863341.342615
927.975300 8016235377.364690
928.086500 253020515.855140
928.197700 158510849.219981
928.308900 8014599703.797324
928.420100 183972148.139978
928.531300 184769915.536461
928.642400 8014511183.943327
928.753600 269415340.540323
928.864800 140163660.138708
928.976000 8014011467.796737
929.087200 165166497.443267
929.198400 271605354.500854
929.309600 8013534902.968951
929.420800 136235576.564013
929.531900 322631785.882830
929.643100 8011956980.028725
929.754300 128516724.571692
929.865500 302028747.315829
929.976700 8011751045.573741
930.087900 128281180.784124
930.310300 8010989013.470240
930.421400 221131639.524564
930.643800 8009434430.184771
930.755000 252930848.365456
930.977400 8009238522.801320
931.088600 260722533.656625
931.199800 191081676.438725
931.311000 8009324161.547391
931.422100 188383206.029815
931.533300 145755430.051476
931.644500 8010314143.043348
931.755700 269378872.218102
931.866900 117020473.089216
931.978100 8007849891.591352
932.089300 116670522.254011
932.200500 217140598.056505
932.311600 8006004554.420561
932.422800 146463498.146975
932.534000 156806217.527020
932.645200 8001215128.211175
932.756400 204048613.171114
932.867600 197052645.756314
932.978800 8000990609.625152
933.090000 155813729.691103
933.312300 7998917836.207864
933.423500 208067289.940926
933.645900 8001096951.738571
933.868300 268669196.658565
933.979500 8000389672.363190
934.090700 160947811.108139
934.201800 237588891.400796
934.313000 7997795186.632542
934.424200 190948622.579260
934.646600 7995957251.188840
934.757800 267191755.331167
934.869000 119695401.762597
934.980200 7994478990.892007
935.091300 174341945.800980
935.202500 142388320.919403
935.313700 7990023213.804955
935.424900 141477705.746317
935.536100 209193396.964072
935.647300 7989222192.445702
935.758500 206632529.113193
935.869700 149882838.988420
935.980900 7990062369.818172
936.092000 204289943.498527
936.314400 7987350248.130872
936.425600 279230922.583830
936.648000 7987088509.744054
936.759200 176410955.089659
936.981500 7983732122.123253
937.203900 281504770.699354
937.315100 7982078961.921744
937.537500 266355967.322673
937.648700 7983408484.185714
937.871000 256450615.802544
937.982200 7983357891.688971
938.093400 176256538.329208
938.204600 135417572.318788
938.315800 7981977766.714718
938.427000 225830968.925746
938.649400 7979354614.584294
938.760600 168603573.578226
938.982900 7975968238.647690
939.094100 310977229.126209
939.316500 7974675129.734403
939.538900 242411130.801384
939.650100 7974649697.055417
939.872400 288256887.615174
939.983600 7972662995.658440
940.206000 271827502.190909
940.317200 7972215904.393986
940.428400 207618241.802663
940.539600 146681451.689348
940.650700 7970884375.486931
940.761900 158938497.093488
940.873100 148297996.148186
940.984300 7969255439.800814
941.095500 153446277.621108
941.206700 209449472.898009
941.317900 7966987367.398253
941.429100 175508199.104977
941.540300 221364469.968514
941.651400 7964692814.425310
941.762600 198685072.639497
941.873800 157424393.349811
941.985000 7962595327.895690
942.096200 257727110.846771
942.318600 7963262194.286879
942.429800 160902612.755270
942.540900 187441206.594625
942.652100 7961287775.165504
942.763300 158012226.343167
942.985700 7959291905.437310
943.096900 251833904.950878
943.319300 7958217413.679982
943.430400 224125359.638110
943.652800 7954314044.948934
943.764000 140441722.399209
943.875200 205754564.114181
943.986400 7955695993.335742
944.208800 228178285.432877
944.320000 7954134737.065898
944.542300 208463329.923698
944.653500 7953538879.084444
944.764700 177423046.247657
944.875900 117522756.461918
944.987100 7952684025.103006
945.098300 199967366.004307
945.320600 7948415437.061260
945.431800 181527157.171977
945.654200 7949436237.860842
945.876600 205901964.641108
945.987800 7945281984.402916
946.099000 129625584.668797
946.210100 199494640.115876
946.321300 7945166137.224173
946.432500 194385748.006616
946.543700 122149953.821326
946.654900 7941626931.530829
946.766100 215015896.813050
946.877300 156955236.306114
946.988500 7942685829.732444
947.099700 205836625.723065
947.210800 180187556.214899
947.322000 7939861233.393076
947.433200 131106086.612416
947.544400 170739643.441841
947.655600 7941220633.507382
947.766800 132902238.433360
947.878000 214631172.540099
947.989200 7937134101.238721
948.211500 155827176.936464
948.322700 7937838949.414289
948.433900 133371314.464853
948.545100 142812318.415872
948.656300 7935279732.622863
948.767500 126092658.800850
948.878700 120890618.659349
948.989900 7935761717.308481
949.101000 229339882.110264
949.323400 7933765232.328234
949.434600 142768625.804938
949.545800 160986029.799659
949.657000 7932993939.775722
949.768200 119369618.298161
949.879400 148263079.970802
949.990500 7931241103.763277
950.212900 179643522.841840
950.324100 7930873263.294986
950.435300 121314428.765182
950.546500 149421337.320761
950.657700 7929608640.626700
950.880000 176978963.915006
950.991200 7929552992.214350
951.102400 209087977.721609
951.213600 180501739.508370
951.324800 7925905922.793807
951.436000 154395426.129502
951.547200 207923241.251401
951.658400 7924469649.491747
951.769600 183000228.156486
951.991900 7923586007.042005
952.103100 161477771.339595
952.214300 141719725.393034
952.325500 7922365381.459420
952.436700 176788737.808852
952.659100 7922513477.678001
952.770200 147341513.829300
952.992600 7920273498.247474
953.103800 185681864.343890
953.215000 121734813.504222
953.326200 7918644028.829190
953.437400 149414412.700114
953.548600 131117386.696773
953.659700 7917805953.427867
953.770900 224715631.847578
953.993300 7918309495.834674
954.104500 168338224.383901
954.326900 7914307044.738467
954.438100 152513807.816517
954.549300 137016199.678282
954.660400 7915435603.804863
954.882800 207576995.420394
954.994000 7910618657.198050
955.105200 185194493.060638
955.327600 7912939160.287224
955.438800 129998443.564329
955.661100 7911068972.936055
955.883500 201672086.958439
955.994700 7909857311.665504
956.105900 134470336.122853
956.217100 152604700.623876
956.328300 7909736856.742864
956.439400 115669176.672804
956.550600 142616377.422784
956.661800 7907431131.015598
956.773000 148137062.433535
956.995400 7908316210.378188
957.106600 139387040.282275
957.217800 116793635.658262
957.329000 7907259183.929042
957.440100 124742097.364613
957.551300 191091223.640868
957.662500 7905432469.272105
957.996100 7904433745.913172
958.218500 183861938.823474
958.329600 7904235113.135824
958.552000 131453821.257808
958.663200 7903944102.506260
958.885600 187349741.937963
958.996800 7902509979.972232
959.108000 172994044.047153
959.330300 7899329916.640530
959.441500 163312655.824579
959.552700 189139013.178831
959.663900 7899686175.212992
959.775100 136596982.232566
959.886300 156547532.039670
959.997500 7898865449.409773
960.108700 117516594.042307
960.219800 155263205.134007
960.331000 7897982598.206802
960.442200 162319651.282733
960.553400 121234824.205228
960.664600 7897179398.503018
960.887000 143406933.195951
960.998200 7896893939.560404
961.109300 125214296.519693
961.220500 196975007.448310
961.331700 7894787550.019242
961.442900 152226329.121889
961.665300 7892648078.509883
961.776500 166670019.018305
961.887700 117535563.721108
961.998900 7893332384.687981
962.110000 166115287.131710
962.332400 7890847043.470518
962.443600 149357600.874876
962.666000 7890881666.811240
962.777200 126019439.534397
962.888400 135078166.152476
962.999500 7889711223.803114
963.110700 153289588.007546
963.221900 154818508.409417
963.333100 7888065851.563256
963.444300 132514227.784712
963.666700 7887977526.138611
963.777900 136639395.454534
964.000200 7886920282.527218
964.111400 115989601.425354
964.222600 158256883.635921
964.333800 7886297298.080471
964.445000 131992486.906647
964.556200 181099689.814785
964.667400 7884481302.300524
964.778600 166359991.671908
964.889700 153704645.216374
965.000900 7884414067.179162
965.334500 7883184362.461643
965.668100 7882218570.572838
965.779200 140745294.605890
966.001600 7881134208.020763
966.112800 182259802.512321
966.224000 142520814.522590
966.335200 7880020662.434555
966.446400 179700261.881707
966.668700 7878116853.961734
966.779900 161347328.629987
966.891100 149016846.118896
967.002300 7876683616.558502
967.224700 173256159.216477
967.335900 7876368224.492632
967.447100 141091025.075096
967.669400 7875885807.550792
967.780600 174125296.870800
968.003000 7876032398.107371
968.114200 154310112.505309
968.336600 7873365878.994027
968.670100 7874282377.512164
968.892500 135229010.336824
969.003700 7872466139.553727
969.114900 151678848.533318
969.337300 7872310721.598791
969.670800 7870149779.409232
969.782000 163045578.396280
970.004400 7868374821.348825
970.226800 184650348.746349
970.338000 7866697161.001594
970.449100 164823081.132154
970.671500 7865443342.185429
970.782700 151770968.961212
971.005100 7866902100.374135
971.116300 123777752.009530
971.338600 7865762803.966883
971.672200 7862976801.446993
971.783400 152441628.720825
972.005800 7863585147.802555
972.339300 7862658322.467567
972.561700 186645239.611730
972.672900 7860573884.532370
972.784100 162978540.408249
973.006500 7859830393.741197
973.228800 142740033.240223
973.340000 7857588007.170591
973.451200 142751932.578790
973.673600 7857810019.008129
974.007200 7857175545.847877
974.118300 171777669.293868
974.340700 7856799472.389398
974.563100 136361783.649755
974.674300 7855369875.876554
974.896700 211664097.525285
975.007900 7853253236.668344
975.119000 122736489.622414
975.341400 7853137524.708126
975.452600 190386134.114823
975.675000 7852453282.957688
975.897400 117052865.395025
976.008500 7850686187.535466
976.230900 145291461.230532
976.342100 7848555614.713124
976.453300 152094207.114816
976.675700 7848768383.191469
976.898000 140215521.838326
977.009200 7847198198.481545
977.231600 142215369.833627
977.342800 7845860699.627205
977.454000 153877135.421652
977.676400 7845563436.738390
977.787600 142322416.415895
978.009900 7845229438.813059
978.121100 151176863.904037
978.343500 7842717722.890646
978.454700 143477510.575406
978.677100 7843012370.324395
978.899400 134699214.434316
979.010600 7841009863.691716
979.121800 147704133.506199
979.344200 7840047180.841670
979.566600 119981458.729366
979.677700 7839474270.483126
980.011300 7836943980.899836
980.122500 148109867.843557
980.344900 7838101379.123649
980.678400 7835451910.470057
981.012000 7834836364.710367
981.345600 7835144244.838243
981.567900 127019054.386682
981.679100 7833373131.547046
981.901500 126305479.409786
982.012700 7832113122.216627
982.235100 123166730.595478
982.346300 7832029045.731550
982.568600 116295496.416822
982.679800 7832031410.723421
983.013400 7829138515.130851
983.347000 7828311384.047168
983.458100 145332884.452632
983.680500 7827330164.402488
983.791700 147803006.539325
984.014100 7826519627.824535
984.347600 7824060963.425924
984.681200 7825487825.391467
985.014800 7824204694.634839
985.348300 7823743123.903230
985.681900 7823335093.682800
985.904300 136099806.066921
986.015500 7821069222.318319
986.349000 7822043401.219049
986.682600 7820311921.818448
986.793800 123129192.280455
987.016200 7819302727.080363
987.349700 7818161600.365660
987.460900 176153812.602668
987.683300 7817435453.504490
988.016800 7816502038.478859
988.128000 180414405.690701
988.350400 7816277218.100503
988.461600 116654904.044634
988.684000 7816537031.721295
988.906400 124083023.196130
989.017500 7814941502.205555
989.351100 7813723937.065681
989.573500 146798075.023957
989.684700 7812531459.552125
990.018200 7811680659.859726
990.351800 7811272135.078347
990.463000 163237652.509627
990.685400 7810167513.302814
990.796600 164565839.681166
991.018900 7810257069.039831
991.352500 7808216000.307180
991.686100 7806952042.790494
991.797200 119441435.915063
992.019600 7805423874.557779
992.242000 139569843.158586
992.353200 7805077147.922369
992.464400 115359537.920246
992.686700 7804298878.719525
993.020300 7802832327.041337
993.353900 7800432800.450123
993.576300 124807972.963828
993.687400 7800719716.603547
993.798600 131746806.973444
994.021000 7800495637.994244
994.354600 7797826902.190059
994.465800 161502732.003858
994.688100 7796841920.991695
994.799300 126145389.543713
995.021700 7794448939.359367
995.355300 7794460322.037888
995.466400 171671734.289798
995.577600 179714466.176069
995.688800 7793795171.594970
995.800000 121168602.289813
996.022400 7792165201.932942
996.133600 146274826.979782
996.356000 7790438151.204906
996.467100 136356645.549155
996.578300 135583927.815833
996.689500 7792052056.659720
996.800700 122561816.028099
997.023100 7790031409.394548
997.356600 7790158241.980558
997.467800 180144540.774564
997.690200 7790346124.080312
998.023800 7789009885.459549
998.357300 7788459822.804860
998.579700 129425174.905982
998.690900 7788584887.706661
998.802100 115519413.809791
999.024500 7789267645.214497
999.135700 159204544.937438
999.358000 7789179067.897870
999.691600 7788137790.982702
1000.025200 7789877924.231263
1000.358700 7790346304.074442
1000.469900 119491392.799473
1000.692300 7791182530.358020
1001.025800 7791796430.969103
1001.359400 7792438611.082711
1001.470600 132589498.796516
1001.693000 7791832595.624387
1002.026500 7793937549.490628
1002.360100 7794584120.742632
1002.693700 7796548233.278806
1002.804900 131932274.719771
1003.027200 7797600764.493275
1003.138400 119237093.045397
1003.360800 7795894683.312745
1003.694400 7799570932.803828
1003.916700 127791833.388992
1004.027900 7800212332.969364
1004.139100 139420705.606450
1004.250300 116669559.964043
1004.361500 7802144935.417925
1004.695100 7801541231.806259
1004.806200 116234907.137156
1004.917400 123501988.412670
1005.028600 7804499318.049181
1005.251000 143985096.319914
1005.362200 7805379913.085690
1005.695700 7807596708.596045
1005.806900 212941009.699166
1005.918100 122698110.529160
1006.029300 7809455181.786304
1006.140500 175922574.520974
1006.362900 7810072525.731699
1006.696400 7812048770.830364
1006.807600 129195389.191578
1006.918800 129229678.098046
1007.030000 7814438787.649442
1007.141200 177964214.417543
1007.252400 118563742.001928
1007.363600 7815986681.351369
1007.474800 179633813.850841
1007.697100 7818531756.881062
1007.808300 133437104.087369
1007.919500 165101469.960963
1008.030700 7821219939.136761
1008.141900 128733461.941385
1008.253100 141189174.605762
1008.364300 7823654241.491423
1008.475400 135142827.543711
1008.586600 205269340.348327
1008.697800 7824576461.626467
1008.809000 127074111.860433
1008.920200 183711535.699325
1009.031400 7828387792.432536
1009.142600 213798007.858971
1009.253800 124737437.151730
1009.365000 7832312417.475008
1009.476100 169033295.328707
1009.587300 159183331.023924
1009.698500 7833457603.930301
1009.809700 131632525.442970
1009.920900 174654951.556372
1010.032100 7836539287.556645
1010.143300 243003192.826238
1010.254500 121976968.644893
1010.365600 7837461987.264953
1010.476800 225308828.167560
1010.588000 224881769.993356
1010.699200 7842928487.454882
1010.810400 193895938.314587
1010.921600 186070591.766709
1011.032800 7846215729.786094
1011.144000 259978586.017782
1011.255100 170457868.986820
1011.366300 7849175446.228834
1011.477500 180645271.267621
1011.588700 162565276.431641
1011.699900 7849892121.188642
1011.811100 180681256.782190
1011.922300 218183040.876136
1012.033500 7854328482.914337
1012.144700 254602276.910052
1012.255800 168353276.560631
1012.367000 7857103778.095740
1012.478200 146442288.574632
1012.589400 215624357.712656
1012.700600 7859657792.422679
1012.811800 255456247.680954
1012.923000 204780288.086135
1013.034200 7863874786.166983
1013.145300 237561021.238055
1013.256500 190814113.171900
1013.367700 7868980767.468783
1013.478900 265615637.102357
1013.701300 7872329611.236471
1013.812500 233032654.945511
1013.923700 215719421.094134
1014.034800 7875965706.242034
1014.146000 235431633.008403
1014.257200 244476784.425836
1014.368400 7876499858.203724
1014.479600 283699656.760164
1014.590800 186414336.920151
1014.702000 7882849531.462979
1014.813200 280625073.714339
1014.924400 187064186.443027
1015.035500 7885713056.024023
1015.146700 318366430.903315
1015.257900 178871584.908549
1015.369100 7889316988.130674
1015.480300 262183290.356638
1015.591500 238577873.332585
1015.702700 7891868496.284067
1015.813900 193392917.322426
1015.925000 196785006.101314
1016.036200 7896992046.506775
1016.147400 261267731.487965
1016.258600 232487177.042315
1016.369800 7902837026.576981
1016.481000 207318923.014712
1016.592200 274234847.368827
1016.703400 7903896864.974280
1016.814500 280681038.013032
1016.925700 246237656.526042
1017.036900 7909696868.859465
1017.148100 274847785.878061
1017.259300 242591320.554687
1017.370500 7912329184.216005
1017.481700 267100527.095068
1017.592900 247476724.643339
1017.704100 7917840157.615772
1017.815200 266354210.639025
1017.926400 221497953.614159
1018.037600 7920450554.370431
1018.148800 220787852.797797
1018.260000 304950811.812418
1018.371200 7923566364.192698
1018.482400 352927788.812332
1018.593600 175233111.053123
1018.704700 7928134271.454987
1018.815900 365458162.080728
1018.927100 159750223.855566
1019.038300 7931841345.023705
1019.149500 271182435.480162
1019.260700 236633415.687248
1019.371900 7936466350.670069
1019.483100 231793946.717237
1019.594300 258143129.279367
1019.705400 7939765993.966670
1019.816600 377031776.014556
1019.927800 226326571.702932
1020.039000 7944287003.484413
1020.150200 276493622.320409
1020.261400 255449469.283630
1020.372600 7949846056.371793
1020.483800 254625820.181505
1020.594900 290388853.507578
1020.706100 7949937556.200522
1020.817300 374598789.396149
1020.928500 221874594.977369
1021.039700 7954840373.783693
1021.150900 409041921.415933
1021.262100 141519681.800002
1021.373300 7959795274.527309
1021.484400 257745618.675946
1021.595600 297897742.889281
1021.706800 7964321682.190586
1021.818000 367046113.375025
1021.929200 320967005.147871
1022.040400 7966169063.696198
1022.151600 326553495.306066
1022.262800 254390368.080649
1022.374000 7972193139.985112
1022.485100 287879824.033526
1022.596300 309906640.423364
1022.707500 7974315063.577592
1022.818700 383041348.934777
1022.929900 205093546.047112
1023.041100 7980011595.573205
1023.152300 235814362.357769
1023.263500 346122067.702416
1023.374600 7984728719.604154
1023.485800 362109470.514698
1023.597000 303452088.186961
1023.708200 7986545455.137045
1023.819400 352673611.727070
1023.930600 293956451.954844
1024.041800 7993746577.044077
1024.153000 289705682.334984
1024.264100 299216888.652270
1024.375300 7996001910.549464
1024.486500 312139274.661034
1024.597700 263741928.362618
1024.708900 8001029985.164664
1024.820100 269198053.548610
1024.931300 283800921.125401
1025.042500 8003567546.843526
1025.153700 379559668.668033
1025.264800 370205186.343895
1025.376000 8008026216.845778
1025.487200 370508421.475358
1025.598400 218826755.984406
1025.709600 8011905843.780495
1025.820800 339986470.717094
1025.932000 242366883.651076
1026.043200 8012697081.701509
1026.154300 202535327.153664
1026.265500 352726051.389414
1026.376700 8018521882.386523
1026.487900 329377809.860476
1026.599100 405575895.109570
1026.710300 8023764817.160698
1026.821500 337670971.647353
1026.932700 370239272.555130
1027.043800 8026298165.625718
1027.155000 326104885.844514
1027.266200 367929412.145008
1027.377400 8029855096.797196
1027.488600 427050590.479669
1027.599800 365715690.477921
1027.711000 8035172635.788146
1027.822200 238651958.461735
1027.933400 437084869.145485
1028.044500 8038055560.721384
1028.155700 370432614.521729
1028.266900 324082744.924123
1028.378100 8040124813.870238
1028.489300 383042664.583848
1028.600500 438273887.781321
1028.711700 8041173992.278731
1028.822900 488383163.424947
1028.934000 316575008.999443
1029.045200 8049272217.920888
1029.156400 273764845.693954
1029.267600 358146216.296215
1029.378800 8052983611.842037
1029.490000 362271641.402598
1029.601200 520848121.734961
1029.712400 8055600137.021103
1029.823500 452731592.092793
1029.934700 258939404.974202
1030.045900 8057865357.920207
1030.157100 500110180.385073
1030.268300 300467251.253572
1030.379500 8059826323.850177
1030.490700 465823748.335957
1030.601900 177850996.409200
1030.713100 8064624748.983375
1030.824200 265759714.440827
1030.935400 519389414.433807
1031.046600 8063444250.440217
1031.157800 336334037.829581
1031.269000 522277929.852769
1031.380200 8066972993.551435
1031.491400 425163052.580548
1031.602600 452533425.745166
1031.713700 8073293264.144052
1031.824900 411492045.906371
1031.936100 330835178.718600
1032.047300 8076733025.501618
1032.158500 444937710.157021
1032.269700 507840161.971102
1032.380900 8077962326.079655
1032.492100 471640088.515973
1032.603300 533131082.402150
1032.714400 8079014179.573984
1032.825600 471907966.346063
1032.936800 355255266.827986
1033.048000 8082166218.894046
1033.159200 413297681.522834
1033.270400 392275704.819046
1033.381600 8087789815.980478
1033.492800 313720938.930220
1033.603900 446132654.431770
1033.715100 8085331965.509819
1033.826300 472415990.291764
1033.937500 570323648.936499
1034.048700 8087934524.527514
1034.159900 434061981.742805
1034.271100 625756978.904767
1034.382300 8096472188.147894
1034.493400 507828356.183680
1034.604600 498225088.792817
1034.715800 8098969606.614502
1034.827000 395072646.142029
1034.938200 509543855.751090
1035.049400 8095636671.820777
1035.160600 597615721.210891
1035.271800 603951978.988318
1035.383000 8102276086.850961
1035.494100 628575415.557405
1035.605300 594694503.360250
1035.716500 8105415719.363885
1035.827700 528834488.619008
1035.938900 538825463.133515
1036.050100 8104504516.103820
1036.161300 495999743.550207
1036.272500 495864920.357572
1036.383600 8108206361.569925
1036.494800 462732510.984060
1036.606000 706408243.463485
1036.717200 8109896393.101297
1036.828400 641949913.940000
1036.939600 389346751.671594
1037.050800 8106811841.515079
1037.162000 443044900.753162
1037.273100 631685150.763542
1037.384300 8110343068.683719
1037.495500 685841881.690896
1037.606700 822376424.044976
1037.717900 8110088814.498858
1037.829100 889844221.371646
1037.940300 280515823.160539
1038.051500 8113945036.679842
1038.162700 753667129.851112
1038.273800 602378196.383248
1038.385000 8109832743.222615
1038.496200 604604943.968169
1038.607400 341878607.805578
1038.718600 8118399915.200402
1038.829800 813769262.306605
1038.941000 536367000.062048
1039.052200 8117341915.513492
1039.163300 439199210.090601
1039.274500 481077825.664136
1039.385700 8113370214.660562
1039.496900 728365324.588537
1039.608100 358807866.245828
1039.719300 8115744397.000692
1039.830500 471411767.352898
1039.941700 223770760.876443
1040.052800 8109295062.432298
1040.164000 187907345.102906
1040.275200 391206023.498399
1040.386400 8109098527.591543
1040.497600 668051599.738247
1040.608800 412461996.529396
1040.720000 8122504257.611369
1040.831200 344132337.268153
1040.942400 809816453.334529
1041.053500 8110574904.861580
1041.164700 507053696.187087
1041.275900 419703017.742435
1041.387100 8124317569.666906
1041.498300 424271489.814183
1041.609500 297387662.062149
1041.720700 8104206724.989387
1041.831900 749871673.287780
1041.943000 315749520.379578
1042.054200 8110679717.766471
1042.165400 676882093.799551
1042.276600 370338937.370412
1042.387800 8126906092.552144
1042.499000 404181525.338143
1042.610200 828320335.664400
1042.721400 8118846676.042408
1042.832500 719741229.254560
1042.943700 313616750.088346
1043.054900 8112928264.847663
1043.166100 541730406.076900
1043.277300 237611399.995648
1043.388500 8101198855.174205
1043.610900 594836378.650426
1043.722100 8106275813.665633
1043.833200 691847318.423470
1043.944400 491915927.202276
1044.055600 8119497429.229003
1044.166800 451823841.808689
1044.278000 415290002.541883
1044.389200 8125315335.785428
1044.500400 271408854.786570
1044.611600 634786120.438054
1044.722700 8125455913.571373
1044.833900 561362479.619685
1044.945100 667142136.354118
1045.056300 8090451822.332100
1045.167500 313422215.696755
1045.278700 230841669.673413
1045.389900 8111737766.406000
1045.501100 573346278.636757
1045.612300 539748711.917450
1045.723400 8103373347.381668
1045.945800 717306675.826535
1046.057000 8096597726.781704
1046.168200 1179879745.275214
1046.390600 8076542918.072228
1046.501800 168646744.385813
1046.612900 375381664.664915
1046.724100 8120952548.171858
1046.835300 154199586.366791
1046.946500 932587325.365583
1047.057700 8086539025.819696
1047.168900 1244864955.743834
1047.280100 254182470.727116
1047.391300 8077920069.786144
1047.502400 594893044.222136
1047.724800 8095716809.222205
1047.836000 1104099517.046150
1047.947200 683275364.063926
1048.058400 8098223911.591578
1048.280800 1129205668.809126
1048.392000 8020807041.713425
1048.503100 468180091.955419
1048.725500 8102064363.492197
1048.836700 310094422.857511
1048.947900 565311612.080920
1049.059100 7962678120.157351
1049.170300 1164856081.246526
1049.281500 489177025.605772
1049.392600 8068859417.807010
1049.503800 190590926.841067
1049.615000 420422726.197564
1049.726200 8079398861.059930
1049.948600 614088959.779219
1050.059800 8098351291.337839
1050.171000 689694198.382854
1050.282100 668764927.353774
1050.393300 8076061333.991509
1050.504500 851657793.854564
1050.615700 283930258.421346
1050.726900 8057322631.699064
1050.949300 331756182.211411
1051.060500 8074796263.038938
1051.171700 780954487.564400
1051.282800 801222494.489889
1051.394000 8104434476.805094
1051.505200 780715622.686899
1051.616400 137473088.806296
1051.727600 8091610292.674255
1051.838800 369815637.751117
1051.950000 659165882.478816
1052.061200 8122096591.103781
1052.172300 708789607.355341
1052.283500 776178964.786429
1052.394700 8101534213.187275
1052.505900 563321256.858809
1052.617100 351881322.498063
1052.728300 8090616627.356666
1052.839500 1035033676.089249
1052.950700 285177645.634938
1053.061800 8114515736.688571
1053.173000 483889005.968672
1053.284200 469019351.641578
1053.395400 8105891756.068813
1053.506600 567817358.265012
1053.617800 662347350.457603
1053.729000 8121259496.639417
1053.840200 191189567.647286
1053.951400 590312466.283038
1054.062500 8113915219.855505
1054.173700 1095248169.638319
1054.284900 207573455.302506
1054.396100 8130987740.951201
1054.507300 306432344.754733
1054.618500 573545059.363231
1054.729700 8103632348.000227
1054.840900 505228601.735850
1054.952000 463715472.841933
1055.063200 8118598835.401606
1055.174400 484292453.881096
1055.285600 415100188.734138
1055.396800 8120470783.702459
1055.508000 598446037.601791
1055.619200 272622885.186167
1055.730400 8104555895.947712
1055.841500 499178343.392561
1055.952700 896045245.735842
1056.063900 8111243738.004187
1056.175100 444154186.817324
1056.286300 852412407.397788
1056.397500 8121982900.479005
1056.508700 1279639528.371608
1056.619900 403990146.621027
1056.731100 8105873700.641891
1056.842200 221973509.102132
1056.953400 677027217.274982
1057.064600 8119614383.765769
1057.175800 911344356.274722
1057.287000 575526269.583177
1057.398200 8115381057.174157
1057.509400 616710076.571399
1057.620600 373072929.241031
1057.731700 8112408148.345583
1057.842900 513179186.556684
1057.954100 312127207.260771
1058.065300 8124445858.472166
1058.176500 406148275.508806
1058.287700 714920190.961517
1058.398900 8108724819.626533
1058.510100 739621969.575682
1058.621200 285412196.217895
1058.732400 8116217968.624603
1058.843600 720754697.460635
1059.066000 8119828432.423471
1059.288400 870953115.308478
1059.399600 8108596227.470144
1059.510800 664687454.333539
1059.621900 371767105.575592
1059.733100 8119404876.717542
1059.844300 672920697.435518
1059.955500 429896003.626559
1060.066700 8100539535.423994
1060.177900 591120902.309760
1060.289100 351949516.483388
1060.400300 8121844439.838715
1060.511400 728093726.992571
1060.622600 135283247.119794
1060.733800 8115347187.900876
1060.845000 221634647.044116
1060.956200 412644692.664691
1061.067400 8107373011.477836
1061.178600 465396297.490082
1061.289800 400564797.365165
1061.401000 8121186071.659816
1061.512100 163035865.908173
1061.623300 785640934.257184
1061.734500 8114028528.291026
1061.845700 495161153.939375
1061.956900 519717579.640909
1062.068100 8118159795.035906
1062.179300 743926183.046841
1062.290500 171662286.739994
1062.401600 8116561642.386744
1062.512800 152665761.712394
1062.624000 668808559.747390
1062.735200 8114287017.322051
1062.846400 473022311.326860
1062.957600 522365239.579894
1063.068800 8116564152.019732
1063.180000 614087897.541651
1063.291100 434667036.651634
1063.402300 8118144064.723957
1063.513500 501111377.658501
1063.624700 453034895.052945
1063.735900 8114420928.982068
1063.847100 449070200.318547
1063.958300 490458217.070864
1064.069500 8117822618.661995
1064.180700 502721194.249422
1064.291800 367363583.198224
1064.403000 8105491415.929603
1064.514200 567067815.071277
1064.625400 377089763.417737
1064.736600 8109865660.669741
1064.847800 367994232.942163
1064.959000 720699679.826221
1065.070200 8112955545.537509
1065.181300 517250177.881417
1065.292500 431685227.033744
1065.403700 8112462587.261879
1065.514900 517250641.305419
1065.626100 681288911.556659
1065.737300 8113235131.007195
1065.848500 573156076.110916
1065.959700 627877690.942720
1066.070800 8108002039.100402
1066.182000 463862099.716354
1066.293200 458686550.398070
1066.404400 8110157135.071446
1066.515600 472148647.557377
1066.626800 806915490.419255
1066.738000 8105820779.993777
1066.849200 541136048.168635
1066.960400 682039206.112824
1067.071500 8100821001.064139
1067.182700 604171766.827575
1067.293900 403285244.642424
1067.405100 8104966762.594622
1067.516300 500153244.498998
1067.627500 334662511.331645
1067.738700 8099720784.284461
1067.849900 399078601.047273
1067.961000 554973190.868220
1068.072200 8100759560.726369
1068.183400 509347235.410575
1068.294600 610568276.809495
1068.405800 8091868755.477588
1068.517000 404674924.862011
1068.628200 509360431.915690
1068.739400 8095358622.900210
1068.850500 670956328.090954
1068.961700 337932931.829906
1069.072900 8093326560.815914
1069.184100 281268350.229087
1069.295300 438269181.630126
1069.406500 8088004148.069765
1069.517700 453360237.900997
1069.628900 586391399.539517
1069.740100 8086457576.673325
1069.851200 526263691.126506
1069.962400 659154810.369465
1070.073600 8084784244.812787
1070.184800 528948752.202074
1070.296000 444701406.336316
1070.407200 8076792942.485411
1070.518400 509782962.122352
1070.629600 429378012.762934
1070.740700 8076846930.427752
1070.851900 403746875.495100
1070.963100 653824422.210826
1071.074300 8071539419.069560
1071.185500 542855917.422710
1071.296700 514666734.314682
1071.407900 8072437090.132488
1071.519100 466490697.689531
1071.630200 588866668.656126
1071.741400 8069956519.027472
1071.852600 559216318.379383
1071.963800 593755026.145765
1072.075000 8068189346.969926
1072.186200 574724697.977674
1072.297400 595505101.304718
1072.408600 8062535821.308063
1072.519800 580980792.687019
1072.630900 363453084.065495
1072.742100 8059535486.273341
1072.853300 500403202.086873
1072.964500 512982877.239922
1073.075700 8057412615.836721
1073.186900 421111000.054605
1073.298100 567596392.827208
1073.409300 8049247247.950258
1073.520400 474883744.826491
1073.631600 544414538.223939
1073.742800 8048749402.317537
1073.854000 640053944.356915
1073.965200 498496609.164611
1074.076400 8044343957.714053
1074.187600 528917875.570675
1074.298800 404250703.036610
1074.410000 8036506046.583693
1074.521100 474296604.939555
1074.632300 573610392.649829
1074.743500 8033538036.638949
1074.854700 455528164.906446
1074.965900 651810853.342452
1075.077100 8030064368.385505
1075.188300 512418609.220734
1075.299500 454608705.665874
1075.410600 8029163364.882957
1075.521800 475673818.915517
1075.633000 646538385.252086
1075.744200 8020045110.571496
1075.855400 522240552.295383
1075.966600 597538405.293375
1076.077800 8017941392.636809
1076.189000 474611601.232117
1076.300100 375358767.239630
1076.411300 8011313085.505183
1076.522500 361570045.213408
1076.633700 559905076.619542
1076.744900 8011284284.214116
1076.856100 533249958.146558
1076.967300 416328831.649807
1077.078500 8006043867.985093
1077.189700 481559014.419747
1077.300800 481991763.402706
1077.412000 8000235624.505002
1077.523200 511822559.552766
1077.634400 414871696.975933
1077.745600 7991791691.549736
1077.856800 454654093.779606
1077.968000 461690344.649876
1078.079200 7989389250.890382
1078.190300 423315879.120354
1078.301500 331917515.333831
1078.412700 7981781268.695037
1078.523900 487394399.208707
1078.635100 446058565.983678
1078.746300 7976419846.403882
1078.857500 450128262.593647
1078.968700 444134670.048112
1079.079800 7975735364.863309
1079.191000 476425536.235069
1079.302200 377837141.728027
1079.413400 7964711607.711116
1079.524600 402262007.164063
1079.635800 504330910.811710
1079.747000 7962915409.316484
1079.858200 439273246.692220
1079.969400 419923458.342752
1080.080500 7957090742.674908
1080.191700 402183029.966025
1080.302900 470413065.978836
1080.414100 7951509416.824472
1080.525300 537287331.781068
1080.636500 293884254.653560
1080.747700 7950311906.680190
1080.858900 515351101.186561
1080.970000 453790112.160865
1081.081200 7940553473.035896
1081.192400 353664557.113252
1081.303600 470700035.009724
1081.414800 7937180341.305710
1081.526000 620174964.947102
1081.637200 361200060.043397
1081.748400 7931814248.324792
1081.859500 492739046.316278
1081.970700 396947217.407550
1082.081900 7929105537.966706
1082.193100 500326174.279243
1082.304300 319980381.569951
1082.415500 7920693767.575226
1082.526700 351946146.370563
1082.637900 489998360.388759
1082.749100 7913323867.031108
1082.860200 446196624.339704
1082.971400 238294832.900842
1083.082600 7912790318.781157
1083.193800 323600303.571791
1083.305000 444116485.520209
1083.416200 7907537808.370977
1083.527400 349224533.747252
1083.638600 377137251.419694
1083.749700 7901411431.337373
1083.860900 423618478.771049
1083.972100 312429008.806581
1084.083300 7897069932.219734
1084.194500 276578329.963869
1084.305700 469066779.312950
1084.416900 7888356439.902339
1084.528100 477601240.658198
1084.639200 298430658.828388
1084.750400 7884372321.339272
1084.861600 409279620.941315
1084.972800 344317112.831676
1085.084000 7878169181.019416
1085.195200 412956877.379003
1085.306400 318537908.103597
1085.417600 7872520597.021858
1085.528800 501992590.784150
1085.639900 384053889.667632
1085.751100 7869613984.724275
1085.862300 387337750.882333
1085.973500 330240418.413873
1086.084700 7860350744.924753
1086.195900 331978589.319039
1086.307100 295236495.197891
1086.418300 7859537713.934976
1086.529400 378760010.705452
1086.640600 287154907.901781
1086.751800 7851400630.271026
1086.863000 380142828.001353
1086.974200 208609619.766020
1087.085400 7847941284.126187
1087.196600 295343160.073226
1087.307800 261083048.016092
1087.419000 7841549167.449051
1087.530100 264240144.994559
1087.641300 168079195.623882
1087.752500 7837748043.847919
1087.863700 270797784.206986
1087.974900 301471686.707808
1088.086100 7830855193.633217
1088.197300 357364841.524035
1088.308500 178585552.691195
1088.419600 7827234906.133137
1088.530800 227908446.120249
1088.642000 213297448.342029
1088.753200 7818750881.676177
1088.864400 242786994.094151
1088.975600 285358472.375499
1089.086800 7815154957.254105
1089.198000 329912392.701561
1089.309100 233780948.049355
1089.420300 7810721752.935373
1089.531500 243482687.645904
1089.642700 313746137.253938
1089.753900 7805524291.441163
1089.865100 304578870.734162
1089.976300 157571108.765936
1090.087500 7800421092.699960
1090.198700 275152113.456726
1090.309800 185587064.831826
1090.421000 7793304261.944845
1090.532200 311037103.624971
1090.643400 262613291.774396
1090.754600 7789239589.763104
1090.865800 269507097.159185
1090.977000 141783994.305427
1091.088200 7786974945.555742
1091.199300 186110075.294511
1091.310500 205324787.003113
1091.421700 7779519889.250021
1091.532900 333002870.610115
1091.644100 164994671.375175
1091.755300 7774922117.237981
1091.866500 235044953.680308
1091.977700 144805760.156641
1092.088800 7771455064.923653
1092.200000 164484270.261824
1092.311200 199361151.513930
1092.422400 7762995502.272958
1092.533600 215462190.477575
1092.644800 202871367.376468
1092.756000 7757837556.603111
1092.867200 213916357.714287
1092.978400 232235922.659472
1093.089500 7755983336.894767
1093.200700 178764121.208925
1093.311900 262269494.117011
1093.423100 7751773451.420789
1093.534300 165383130.527022
1093.645500 251577535.440584
1093.756700 7747456570.509579
1093.867900 193289220.238382
1093.979000 282218454.364395
1094.090200 7741278730.148071
1094.201400 216988943.396875
1094.312600 159668511.775763
1094.423800 7739776016.121002
1094.535000 186109293.692957
1094.646200 172870936.825889
1094.757400 7732339262.675266
1094.868500 239596825.553248
1094.979700 252764175.889400
1095.090900 7730535870.411285
1095.202100 164542768.085169
1095.313300 287646719.331011
1095.424500 7724284102.149675
1095.535700 127889200.492926
1095.646900 168111771.570127
1095.758100 7722104957.342443
1095.869200 215514729.527936
1095.980400 181881280.676269
1096.091600 7715327234.290204
1096.202800 200656877.872909
1096.314000 309170150.280649
1096.425200 7712755650.729982
1096.536400 247318927.937474
1096.647600 269274998.282583
1096.758700 7706346865.638479
1096.869900 245979442.060527
1096.981100 214549220.619085
1097.092300 7706390541.678718
1097.203500 195469437.635192
1097.314700 167383400.508269
1097.425900 7701400774.394810
1097.537100 278827544.634220
1097.648200 184094605.537613
1097.759400 7697634917.163356
1097.870600 227714285.235638
1097.981800 189881702.976368
1098.093000 7694637235.382749
1098.204200 251371463.846084
1098.315400 234547114.079582
1098.426600 7689517282.589741
1098.537800 242157709.239966
1098.648900 250802974.954768
1098.760100 7688470639.223247
1098.871300 234991902.439204
1098.982500 200325082.087049
1099.093700 7684254206.777957
1099.204900 186936189.996552
1099.316100 137694909.671844
1099.427300 7683681137.950744
1099.538400 299997374.353763
1099.649600 188930307.761812
1099.760800 7674919366.228104
1099.872000 226576120.957747
1099.983200 203679275.429955
1100.094400 7678958737.831438
1100.205600 288043698.669306
1100.427900 7674772473.443748
1100.539100 191753239.904840
1100.650300 218888824.061964
1100.761500 7671553601.413630
1100.872700 222749646.585372
1100.983900 132211122.190265
1101.095100 7669185243.751909
1101.206300 276271234.113087
1101.317500 164048896.667592
1101.428600 7668701044.840458
1101.539800 227762445.962315
1101.651000 123423320.368196
1101.762200 7665636090.659628
1101.873400 233832347.648446
1101.984600 141189146.233380
1102.095800 7661269355.976442
1102.207000 139662114.029021
1102.318100 129726909.215327
1102.429300 7661674012.949812
1102.540500 164571525.976795
1102.762900 7659311438.893270
1102.985300 164126638.942406
1103.096500 7659495590.353584
1103.207700 214683285.362445
1103.430000 7657390783.013958
1103.541200 162107651.962056
1103.652400 177749862.871555
1103.763600 7655079392.584948
1103.874800 191215873.721823
1104.097200 7653540104.888647
1104.208300 202060851.424564
1104.430700 7648846224.643705
1104.541900 203668365.319141
1104.764300 7647944499.558001
1104.986700 239113671.255445
1105.097800 7646477555.160174
1105.209000 259720716.974725
1105.320200 145003475.394966
1105.431400 7643971468.883509
1105.653800 139259960.660165
1105.765000 7642859342.335181
1106.098500 7638508681.447352
1106.320900 148035901.573862
1106.432100 7636345321.903780
1106.654500 181837315.033186
1106.765700 7632173873.946204
1106.876900 198783608.526944
1106.988000 175555313.947350
1107.099200 7628894160.396559
1107.432800 7625544479.545861
1107.544000 251333876.528484
1107.766400 7619968027.652614
1108.099900 7620086048.850008
1108.322300 184539912.323802
1108.433500 7618723017.769637
1108.544700 145874292.663463
1108.655900 216834037.637056
1108.767100 7615435979.709295
1108.878200 243127595.596254
1109.100600 7611886528.275249
1109.323000 187284421.129982
1109.434200 7609458090.902178
1109.767700 7610478335.391131
1109.878900 165819375.548963
1110.101300 7607132757.465644
1110.212500 130602016.156301
1110.434900 7606032529.958263
1110.768400 7604535503.654016
1110.990800 196449143.057609
1111.102000 7600283621.078694
1111.435600 7602521801.583483
1111.769100 7600289967.005867
1111.880300 124749948.384637
1111.991500 191436068.893219
1112.102700 7598901744.759227
1112.213900 214895565.289874
1112.436300 7599298730.956254
1112.658600 125054863.446158
1112.769800 7597411102.248524
1112.992200 143111213.890739
1113.103400 7600505177.813924
1113.325800 279761381.363010
1113.436900 7600792411.550241
1113.548100 178355408.172384
1113.659300 174159824.078852
1113.770500 7602758917.030958
1114.104100 7604557805.181658
1114.326500 171157865.902782
1114.437600 7608573452.676023
1114.771200 7609488335.407348
1114.993600 221313711.538718
1115.104800 7608182582.803962
1115.327100 129198371.189714
1115.438300 7610284852.390072
1115.549500 169500003.843751
1115.660700 139773930.488127
1115.771900 7612571321.722874
1115.883100 150826620.978466
1115.994300 165526318.813981
1116.105500 7616757589.297988
1116.216700 164942613.954967
1116.439000 7613662028.120009
1116.661400 240414178.325784
1116.772600 7620894592.730454
1116.883800 148766635.913964
1116.995000 231844980.365786
1117.106200 7623716241.007598
1117.217300 255554184.838975
1117.328500 202856577.960193
1117.439700 7622633576.743295
1117.550900 157940947.018618
1117.773300 7626992464.280347
1117.995700 193549691.771730
1118.106800 7630744266.380326
1118.218000 287919964.641418
1118.329200 250730069.848164
1118.440400 7632076737.429038
1118.551600 213955975.196772
1118.774000 7637743241.635836
1118.885200 185367267.635629
1118.996400 150829537.242299
1119.107500 7638961950.603476
1119.218700 303659490.665193
1119.441100 7644746303.255560
1119.552300 202069013.857066
1119.663500 165920433.277229
1119.774700 7648981770.785180
1119.997000 157821876.138758
1120.108200 7651105765.205678
1120.219400 314369158.087945
1120.441800 7658384695.717640
1120.553000 135406219.455566
1120.664200 237842096.620120
1120.775400 7661323348.762101
1120.886500 119433379.751014
1120.997700 142167062.119081
1121.108900 7664159897.704612
1121.220100 244967898.220622
1121.442500 7672687261.928748
1121.664900 493904182.472165
1121.776100 7676102045.544996
1121.887200 301406250.208493
1122.109600 7682793983.106049
1122.220800 396507648.947336
1122.443200 7690379016.584495
1122.665600 222730450.726670
1122.776700 7693802668.398025
1122.887900 248840562.485074
1122.999100 142392444.321436
1123.110300 7699294016.667466
1123.221500 292087737.436530
1123.332700 305254031.510740
1123.443900 7706505389.466203
1123.666200 399188127.249928
1123.777400 7710172047.696896
1123.888600 306382400.649829
1123.999800 131627739.187684
1124.111000 7717429685.769209
1124.222200 301504631.679059
1124.333400 310190185.383684
1124.444600 7723620605.076684
1124.555800 128486988.605978
1124.666900 285964579.587597
1124.778100 7729414654.200983
1124.889300 412162938.943822
1125.000500 131768383.375166
1125.111700 7739760818.732844
1125.222900 324062812.254672
1125.334100 238767410.104557
1125.445300 7747642693.041616
1125.556400 318287282.908964
1125.667600 264589414.613613
1125.778800 7750942224.150579
1125.890000 238254072.268875
1126.001200 203537955.850316
1126.112400 7761946968.697916
1126.223600 268343541.719691
1126.334800 268463473.735956
1126.445900 7766957223.782820
1126.557100 362643023.466498
1126.668300 264824564.356828
1126.779500 7773194266.445461
1126.890700 298710010.413603
1127.001900 291864903.347952
1127.113100 7782407705.246808
1127.224300 332879661.116371
1127.335500 219604907.139251
1127.446600 7787756836.365140
1127.557800 308710554.488238
1127.669000 313165282.084446
1127.780200 7798313535.028568
1127.891400 252092757.575107
1128.002600 337791199.269662
1128.113800 7801880813.110631
1128.225000 376600260.008218
1128.336100 510003533.393422
1128.447300 7810802848.847920
1128.558500 479791609.418943
1128.669700 235473628.926662
1128.780900 7821477955.451950
1128.892100 278580227.085582
1129.003300 356846226.187641
1129.114500 7828577241.684998
1129.225700 327270848.838330
1129.336800 323388174.496810
1129.448000 7837027907.048515
1129.559200 370796356.595524
1129.670400 285939232.874009
1129.781600 7843801381.393350
1129.892800 290435969.703017
1130.004000 456709588.797489
1130.115200 7848895264.368046
1130.226300 470667743.871457
1130.337500 349038816.545402
1130.448700 7860590714.029250
1130.559900 389424251.023584
1130.671100 469276954.838381
1130.782300 7869568345.003312
1130.893500 374092399.459057
1131.004700 425894081.503985
1131.115800 7879092535.327978
1131.227000 303716937.575208
1131.338200 394392038.408154
1131.449400 7882249826.000587
1131.560600 364061619.713894
1131.671800 502969821.208235
1131.783000 7894036106.094601
1131.894200 514218090.240754
1132.005400 408101257.080379
1132.116500 7903825161.964447
1132.227700 419642219.109340
1132.338900 542684786.476130
1132.450100 7910607059.008988
1132.561300 460787455.509696
1132.672500 489421144.716129
1132.783700 7923161996.838762
1132.894900 529800219.095373
1133.006000 450141403.919729
1133.117200 7928788875.147616
1133.228400 483058400.040106
1133.339600 448123695.198777
1133.450800 7939075111.173598
1133.562000 429668281.247953
1133.673200 483282198.200813
1133.784400 7946732591.394055
1133.895500 594691787.636853
1134.006700 379372476.676784
1134.117900 7956269961.818930
1134.229100 394186090.040359
1134.340300 460492944.917950
1134.451500 7965421684.379876
1134.562700 469817988.404016
1134.673900 616640261.859842
1134.785100 7971515990.571434
1134.896200 594478350.134866
1135.007400 563986613.265712
1135.118600 7980418874.668653
1135.229800 555477938.382862
1135.341000 739934824.344713
1135.452200 7991722397.854582
1135.563400 634186704.222346
1135.674600 529396145.569683
1135.785700 8001804609.497363
1135.896900 670800095.868666
1136.008100 463037326.515567
1136.119300 8009795386.214344
1136.230500 514629931.714568
1136.341700 541963494.071218
1136.452900 8018598092.635971
1136.564100 578913389.276756
1136.675200 527724717.598387
1136.786400 8023700952.225981
1136.897600 546515982.302351
1137.008800 577079901.648507
1137.120000 8038245976.399962
1137.231200 638462588.973937
1137.342400 644359051.292538
1137.453600 8046604696.726286
1137.564800 491344086.310490
1137.675900 667753794.596964
1137.787100 8052437993.715624
1137.898300 620558227.597982
1138.009500 554547449.781151
1138.120700 8059888683.093147
1138.231900 646091290.616881
1138.343100 700949228.343970
1138.454300 8070725165.413929
1138.565400 529119093.642868
1138.676600 710236469.805803
1138.787800 8075127592.294829
1138.899000 727661428.204830
1139.010200 612148822.254758
1139.121400 8085220396.877355
1139.232600 694535922.556868
1139.343800 659447704.930145
1139.454900 8096682182.304632
1139.566100 726128931.989473
1139.677300 611260491.343417
1139.788500 8104560389.585110
1139.899700 641976561.825295
1140.010900 539879365.029122
1140.122100 8115259087.044141
1140.233300 738688374.418391
1140.344500 670238481.792822
1140.455600 8119128337.649577
1140.566800 730197930.384706
1140.678000 623826283.566856
1140.789200 8129871152.273973
1140.900400 868767970.768902
1141.011600 552415092.571089
1141.122800 8138362283.193581
1141.234000 709086746.026628
1141.345100 691079919.431371
1141.456300 8143413944.356559
1141.567500 664068782.372639
1141.678700 826687816.625556
1141.789900 8154316990.495455
1141.901100 676858117.737586
1142.012300 702495083.752892
1142.123500 8163526422.969321
1142.234600 723818600.375923
1142.345800 724837150.749741
1142.457000 8166540615.950820
1142.568200 604404333.275607
1142.679400 853276178.491549
1142.790600 8179697706.691093
1142.901800 944628132.515485
1143.013000 693517052.553173
1143.124200 8183496833.391502
1143.235300 966727312.341318
1143.346500 681570996.539567
1143.457700 8194113464.140589
1143.568900 1025027445.880793
1143.680100 572479176.879766
1143.791300 8198663935.829087
1143.902500 911708554.545638
1144.013700 572792496.255599
1144.124800 8205288635.497252
1144.236000 742274187.328115
1144.347200 557244489.617804
1144.458400 8213622259.951030
1144.569600 699028694.482561
1144.680800 772186408.187385
1144.792000 8222756751.569021
1144.903200 805434922.921791
1145.014400 662678317.757614
1145.125500 8225868906.491810
1145.236700 710405425.912802
1145.347900 824370225.172107
1145.459100 8235017652.378946
1145.570300 633609083.595444
1145.681500 762235082.379517
1145.792700 8243756793.870987
1145.903900 846626842.408774
1146.015000 671094631.099798
1146.126200 8249344646.384080
1146.237400 692461641.197843
1146.348600 830294737.110402
1146.459800 8252756672.562783
1146.571000 863302964.470406
1146.682200 881107310.651687
1146.793400 8256097356.633148
1146.904500 855203358.465245
1147.015700 786678762.284107
1147.126900 8269066586.507164
1147.238100 911137285.555347
1147.349300 824616973.189485
1147.460500 8277127381.259908
1147.571700 913153371.833848
1147.682900 849800868.913934
1147.794100 8280931773.701796
1147.905200 880824235.668463
1148.016400 741075870.912169
1148.127600 8284433292.069139
1148.238800 766522827.476109
1148.350000 722322365.565605
1148.461200 8290590264.363857
1148.572400 532789008.915497
1148.683600 825162737.878956
1148.794700 8293146584.885650
1148.905900 835975352.356344
1149.017100 675369428.045684
1149.128300 8302943063.623012
1149.239500 620108863.585470
1149.350700 784463731.760204
1149.461900 8303446849.699430
1149.573100 555909117.747805
1149.684200 932304785.460934
1149.795400 8298392790.550524
1149.906600 743831440.662476
1150.017800 1088242956.445535
1150.129000 8306153955.076248
1150.240200 893097559.469756
1150.351400 1104752728.283810
1150.462600 8317013806.422549
1150.573800 857855224.559922
1150.684900 1247879544.284075
1150.796100 8316095997.785749
1150.907300 874673112.718894
1151.018500 952733764.940754
1151.129700 8330165440.171273
1151.240900 850884587.938096
1151.352100 1030684826.160769
1151.463300 8330326310.044538
1151.574400 979071809.789348
1151.685600 1140864357.409542
1151.796800 8332640083.789469
1151.908000 977019371.075171
1152.019200 883916084.394396
1152.130400 8329685469.421187
1152.241600 1128576990.639390
1152.352800 807836929.512551
1152.463900 8338879442.038415
1152.575100 908737526.317225
1152.686300 1020543130.263130
1152.797500 8332172526.074374
1152.908700 992803835.099801
1153.019900 652309304.567157
1153.131100 8347162486.971387
1153.242300 640763301.764193
1153.353500 984725622.593765
1153.464600 8346208783.454841
1153.575800 1028629128.633537
1153.687000 822571909.531559
1153.798200 8350908975.999812
1153.909400 818058703.971000
1154.020600 1106680241.596125
1154.131800 8351906429.271794
1154.243000 822091782.983412
1154.354100 1102125065.057581
1154.465300 8350101447.288605
1154.576500 638085906.359489
1154.687700 1100653827.238140
1154.798900 8352872379.997570
1154.910100 783612081.644951
1155.021300 1285164516.218581
1155.132500 8354034799.055558
1155.243600 1044254886.623979
1155.354800 1157676534.885743
1155.466000 8358533900.293145
1155.577200 1428425126.963586
1155.688400 696947536.194462
1155.799600 8363013923.554469
1155.910800 1147018635.449908
1156.022000 915807206.069375
1156.133200 8357420160.911467
1156.244300 1324381233.754884
1156.355500 587771768.815520
1156.466700 8363320558.992975
1156.577900 1259083717.720417
1156.689100 606953223.733178
1156.800300 8353216663.201168
1156.911500 864406027.931459
1157.022700 861202069.761311
1157.133800 8352778358.841601
1157.245000 963067047.251810
1157.356200 878282032.132212
1157.467400 8364985185.255586
1157.578600 809249606.993211
1157.689800 1267469655.261763
1157.801000 8354034141.832420
1157.912200 241914682.053360
1158.023400 1217238652.551862
1158.134500 8363234508.329741
1158.245700 861077410.737543
1158.356900 1307959892.699078
1158.468100 8362739171.330648
1158.579300 768749260.601758
1158.690500 1747410274.419813
1158.801700 8346255294.406016
1158.912900 1634735063.539974
1159.024000 683451180.954190
1159.135200 8323399332.539368
1159.246400 1920438827.240513
1159.357600 1015998992.137330
1159.468800 8349681634.284024
1159.580000 2149787576.374799
1159.691200 730128043.575061
1159.802400 8275122248.171211
1159.913500 627561708.102256
1160.024700 328427216.666901
1160.135900 8359557483.762207
1160.247100 557760119.466444
1160.358300 1170053308.985383
1160.469500 8284481164.029001
1160.580700 151273950.549109
1160.691900 1230173770.871084
1160.803100 8320677862.391177
1160.914200 125041118.645223
1161.025400 1041218441.807898
1161.136600 8321917311.031737
1161.247800 1290498900.831162
1161.359000 185539824.199155
1161.470200 8317707837.829794
1161.581400 1063211053.122105
1161.692600 306608678.892829
1161.803700 8318633409.768895
1161.914900 546246994.851470
1162.026100 400612065.036639
1162.137300 8238843415.584870
1162.248500 1186725675.511528
1162.359700 1969870615.121179
1162.470900 8296661160.516489
1162.582100 369091790.233024
1162.693200 1756473148.642849
1162.804400 8329971870.103931
1162.915600 650354852.972936
1163.026800 1819566469.373630
1163.138000 8271031414.703677
1163.249200 2006266077.489545
1163.360400 863473271.042999
1163.471600 8290103144.936505
1163.582800 857446421.018430
1163.693900 1047162380.820438
1163.805100 8168663423.697697
1163.916300 2328604451.730571
1164.138700 8224867627.002370
1164.249900 1164748233.547094
1164.361100 1602473510.274456
1164.472300 8268460249.390443
1164.583400 1504460131.834745
1164.694600 186217669.189850
1164.805800 8270070384.695548
1164.917000 1588796932.432437
1165.028200 304794487.230722
1165.139400 7990865216.206029
1165.472900 8252967039.390456
1165.584100 1370858298.573657
1165.806500 8199349274.302604
1166.028900 468691346.585205
1166.140100 8214549351.818239
1166.251300 323605806.794238
1166.362500 1046470868.051665
1166.473600 8118438585.867766
1166.584800 761323743.243713
1166.696000 1175325156.943480
1166.807200 8266633942.962435
1166.918400 976579318.132454
1167.029600 1332442369.084506
1167.140800 8168045617.841665
1167.252000 1042281031.480003
1167.363100 1011594093.727392
1167.474300 8240364239.677105
1167.585500 766176435.020913
1167.696700 1395149771.310089
1167.807900 8339397236.020705
1167.919100 589715371.537833
1168.030300 1984310626.263544
1168.141500 8264872346.335913
1168.252600 999659053.597011
1168.363800 1032380817.433107
1168.475000 8297236949.283177
1168.586200 498827034.976393
1168.697400 1361948976.322964
1168.808600 8279541429.863394
1168.919800 1142092495.230962
1169.031000 903340542.206449
1169.142200 8271472081.286733
1169.253300 2120201059.076593
1169.364500 351882641.239311
1169.475700 8350524243.091422
1169.586900 1376292724.766157
1169.698100 684721193.646927
1169.809300 8290960587.707843
1169.920500 1000106104.391015
1170.031700 694277683.019453
1170.142800 8356380807.935368
1170.254000 814898770.667271
1170.365200 855446278.391472
1170.476400 8321734281.330281
1170.698800 873714253.554017
1170.810000 8365143842.485586
1170.921200 699349180.846548
1171.143500 8352714315.625129
1171.254700 776007259.545062
1171.365900 932668779.484404
1171.477100 8324548104.054479
1171.588300 1218185902.945518
1171.699500 774931882.489750
1171.810700 8353816840.164704
1171.921900 1811357951.076907
1172.144200 8345027106.082257
1172.255400 511407702.730224
1172.366600 851399464.071836
1172.477800 8359985851.925161
1172.589000 775685376.404771
1172.700200 774557759.536640
1172.811400 8361695004.755841
1172.922500 804665162.658247
1173.033700 994035520.641931
1173.144900 8372991530.163868
1173.256100 785406573.659728
1173.367300 850323561.299388
1173.478500 8355471143.191717
1173.589700 1202170950.804593
1173.700900 670294792.308286
1173.812100 8355653418.140470
1173.923200 642659443.922915
1174.034400 1328699556.487721
1174.145600 8338344897.136591
1174.256800 1243632930.829158
1174.368000 588561243.151357
1174.479200 8342672139.509872
1174.590400 813284589.862876
1174.701600 1000189192.051163
1174.812700 8366038449.673732
1174.923900 507572095.396579
1175.035100 1154946237.226506
1175.146300 8365046153.035861
1175.257500 1069692321.750505
1175.368700 956742963.339000
1175.479900 8368936296.325807
1175.591100 838797018.016887
1175.702200 1118579140.913601
1175.813400 8344487524.965710
1175.924600 1161590570.842575
1176.035800 793407854.371758
1176.147000 8353225706.746322
1176.258200 1096058093.170624
1176.369400 880478484.547426
1176.480600 8358989164.491295
1176.591800 1044433819.189783
1176.702900 901378484.429759
1176.814100 8350133094.272880
1176.925300 716222661.995908
1177.036500 795815711.799004
1177.147700 8353512095.785931
1177.258900 1072046227.898247
1177.370100 800791515.038816
1177.481300 8342498011.519599
1177.592400 640136804.219555
1177.703600 918477539.276933
1177.814800 8347605784.860135
1177.926000 785867445.840533
1178.037200 938453528.173502
1178.148400 8313647534.470912
1178.259600 602994632.740937
1178.370800 1150712035.235401
1178.481900 8326104374.831966
1178.593100 1349986274.011139
1178.704300 781653392.619827
1178.815500 8316042772.776339
1178.926700 1107801571.428380
1179.037900 962526097.513957
1179.149100 8331935845.725678
1179.260300 893216934.544250
1179.371500 616091063.262578
1179.482600 8323967724.199215
1179.593800 1061649130.212002
1179.705000 779638068.937197
1179.816200 8326825096.398556
1179.927400 687880633.479639
1180.038600 912253060.664502
1180.149800 8325236719.394105
1180.261000 801490054.941205
1180.372100 1371103766.295758
1180.483300 8321898689.018226
1180.594500 909978499.337261
1180.705700 1326223777.214325
1180.816900 8318870620.185175
1180.928100 898192668.271868
1181.039300 1151025942.503762
1181.150500 8306759210.779015
1181.261600 1103582485.554285
1181.372800 764493977.384731
1181.484000 8311647276.220708
1181.595200 938114163.490376
1181.706400 1114706075.790491
1181.817600 8300116282.357512
1181.928800 1005965694.676298
1182.040000 785581420.783504
1182.151200 8295447580.630591
1182.262300 625400755.600115
1182.373500 816306373.393581
1182.484700 8293042581.548131
1182.595900 729577901.859946
1182.707100 1067092777.309685
1182.818300 8290222085.212503
1182.929500 1005495974.838161
1183.040700 844528844.384214
1183.151800 8283306044.516123
1183.263000 303009162.043642
1183.374200 1127581669.150781
1183.485400 8264368547.712675
1183.596600 1278547765.700261
1183.707800 987661711.214573
1183.819000 8273566656.878846
1183.930200 838151924.804814
1184.041300 970444784.833215
1184.152500 8264509696.083583
1184.263700 1119718603.469551
1184.374900 554277775.548657
1184.486100 8255215532.609598
1184.597300 870637919.449823
1184.708500 784848966.624389
1184.819700 8255234547.113852
1184.930900 827224356.888175
1185.042000 1015223531.675714
1185.153200 8232403667.702026
1185.264400 1014925890.497005
1185.375600 869245764.296603
1185.486800 8235713588.616551
1185.598000 826742044.724288
1185.709200 1120892208.054745
1185.820400 8217981337.963458
1185.931500 908064272.090463
1186.042700 659437245.576196
1186.153900 8218033610.704789
1186.265100 844627570.696230
1186.376300 753802955.447717
1186.487500 8214869874.769576
1186.598700 1130391563.040337
1186.709900 707528247.235126
1186.821100 8213472307.236370
1186.932200 1029793168.531351
1187.043400 769647093.726495
1187.154600 8200392684.076738
1187.265800 522301813.931806
1187.377000 911068714.675931
1187.488200 8189086167.429387
1187.599400 865781511.586405
1187.710600 962151522.648412
1187.821700 8191111997.373133
1187.932900 931501076.192895
1188.044100 989641918.431530
1188.155300 8172316016.336406
1188.266500 633705311.130296
1188.377700 633932515.615508
1188.488900 8170102691.269645
1188.600100 840059384.368311
1188.711200 768559844.287913
1188.822400 8160742231.941755
1188.933600 795257565.094697
1189.044800 626102629.013150
1189.156000 8155812983.269444
1189.267200 789568723.169031
1189.378400 530175046.518620
1189.489600 8146802476.275951
1189.600800 614620237.928936
1189.711900 804646549.204816
1189.823100 8139788384.672424
1189.934300 609099095.948804
1190.045500 952363691.221095
1190.156700 8132098953.688837
1190.267900 895548955.441151
1190.379100 713045984.978725
1190.490300 8122548824.567039
1190.601400 638562201.387414
1190.712600 816561852.103485
1190.823800 8113045379.452275
1190.935000 708624207.513322
1191.046200 623573852.714853
1191.157400 8098409277.086395
1191.268600 944340606.056595
1191.379800 737547525.258370
1191.490900 8092691188.907848
1191.602100 621052793.356383
1191.713300 675933958.294061
1191.824500 8067379688.162031
1191.935700 732916103.841574
1192.046900 682535731.404913
1192.158100 8072681139.544918
1192.269300 875101248.879269
1192.380500 688103456.830371
1192.491600 8052407711.864848
1192.602800 489724807.978273
1192.714000 914437886.450492
1192.825200 8048178838.809079
1192.936400 819819289.095392
1193.047600 545618581.205727
1193.158800 8036485761.212984
1193.270000 521852479.565791
1193.381100 801468099.691826
1193.492300 8020572565.421707
1193.603500 759658536.893917
1193.714700 612995195.194979
1193.825900 8010462584.467307
1193.937100 690322443.360743
1194.048300 511815578.941501
1194.159500 7995315451.144011
1194.270600 450252905.868768
1194.381800 345587000.279397
1194.493000 7973771334.555040
1194.604200 636590344.284580
1194.715400 786107108.181288
1194.826600 7964645573.765202
1194.937800 502928327.566080
1195.049000 724251780.087568
1195.160200 7947944295.081717
1195.271300 730923874.507771
1195.382500 454217180.389387
1195.493700 7933168335.632209
1195.604900 711147158.717193
1195.716100 568198461.043879
1195.827300 7917727563.741015
1195.938500 432922126.709666
1196.049700 713449836.025464
1196.160800 7902675497.599968
1196.272000 529866491.561323
1196.383200 646898846.241577
1196.494400 7889693579.599883
1196.605600 534488734.430292
1196.716800 509274141.463650
1196.828000 7877166924.833401
1196.939200 323237869.717119
1197.050300 765129785.291674
1197.161500 7865366864.621834
1197.272700 721010521.584455
1197.383900 499090196.147327
1197.495100 7847011411.415591
1197.606300 488794185.124903
1197.717500 499012294.250611
1197.828700 7839518821.972972
1197.939900 676630985.891436
1198.051000 438111302.856852
1198.162200 7826455994.264274
1198.273400 524917192.217149
1198.384600 553557371.117733
1198.495800 7814107444.465175
1198.607000 486621079.373223
1198.718200 454423162.147731
1198.829400 7801596975.144454
1198.940500 448133780.345140
1199.051700 451897481.007242
1199.162900 7786673992.274808
1199.274100 223211526.207991
1199.385300 410475119.910143
1199.496500 7780274864.164014
1199.607700 338553159.795654
1199.718900 504664300.308518
1199.830100 7772142274.668755
1199.941200 326059776.591016
1200.052400 447089055.474755
1200.163600 7764535398.812920
1200.274800 367312016.073565
1200.386000 405972826.112737
1200.497200 7755166538.692991
1200.608400 460969533.473877
1200.719600 315170176.541346
1200.830700 7749119791.518347
1200.941900 287715793.505637
1201.053100 545207742.051064
1201.164300 7741801269.696179
1201.275500 411068185.237634
1201.386700 325929068.863179
1201.497900 7733989753.136369
1201.609100 261094282.054255
1201.720200 556911092.578982
1201.831400 7730675633.327107
1201.942600 315986542.790577
1202.053800 597045987.177046
1202.165000 7722308003.660865
1202.276200 396868629.462084
1202.387400 608015213.711156
1202.498600 7721318590.654733
1202.609800 286039296.517665
1202.720900 578665951.961405
1202.832100 7713368149.575001
1202.943300 306438559.818102
1203.054500 360024162.972763
1203.165700 7716356025.354141
1203.276900 550227771.745377
1203.388100 439031163.016027
1203.499300 7714247886.268145
1203.610400 317608334.510879
1203.721600 438689758.905079
1203.832800 7712110165.491502
1203.944000 389431899.359093
1204.055200 272946710.373306
1204.166400 7709430572.959789
1204.277600 370732854.217696
1204.388800 382016330.838180
1204.499900 7708427939.174189
1204.611100 147526489.027376
1204.722300 505908948.596594
1204.833500 7706089867.543290
1204.944700 382127538.605220
1205.055900 303029436.362133
1205.167100 7709085909.836878
1205.278300 266211038.965909
1205.389500 479085162.343077
1205.500600 7711114292.384934
1205.611800 426660092.221130
1205.723000 460306698.841217
1205.834200 7712241528.728745
1205.945400 607804842.710365
1206.056600 231218928.424533
1206.167800 7709041259.288594
1206.279000 481104105.634001
1206.390100 506964807.269908
1206.501300 7708575960.780563
1206.612500 561728294.999820
1206.723700 320502275.599228
1206.834900 7717675480.418539
1206.946100 437102120.347503
1207.168500 7723961654.585004
1207.279600 379179776.546840
1207.390800 453735730.832737
1207.502000 7727384154.426745
1207.613200 443213991.481112
1207.724400 201892099.718696
1207.835600 7730867273.334240
1207.946800 471857479.172103
1208.058000 329929793.738633
1208.169200 7739636765.385980
1208.280300 314856361.492498
1208.391500 406610608.191035
1208.502700 7745288686.663049
1208.613900 475339728.770483
1208.725100 296212764.407191
1208.836300 7752193489.458630
1208.947500 601551417.978741
1209.058700 380841430.807880
1209.169800 7758466875.418301
1209.281000 468205754.806654
1209.392200 429044742.520089
1209.503400 7764156210.084855
1209.614600 449836447.071609
1209.725800 358394423.787601
1209.837000 7771629299.633873
1209.948200 437508074.272589
1210.059300 639376642.119792
1210.170500 7781198161.752740
1210.281700 589802505.077977
1210.392900 442980088.374359
1210.504100 7790699181.699839
1210.615300 492018795.643366
1210.726500 252271670.963487
1210.837700 7798104527.264557
1210.948900 532969763.796328
1211.060000 554515659.301549
1211.171200 7811598815.378671
1211.282400 541395067.673549
1211.393600 481457388.407932
1211.504800 7818319443.186872
1211.616000 216450944.961718
1211.727200 495641154.894424
1211.838400 7831074629.715541
1211.949500 493608630.147119
1212.060700 626124595.667510
1212.171900 7845340304.841066
1212.283100 305104803.539736
1212.394300 562659482.748275
1212.505500 7854430002.096130
1212.616700 491322966.038956
1212.727900 619553029.834200
1212.839000 7868147995.325916
1212.950200 624824920.790358
1213.061400 613155466.298271
1213.172600 7883709267.381010
1213.283800 676351885.110224
1213.395000 584119560.190168
1213.506200 7891752411.805591
1213.617400 594819327.522943
1213.728600 499852138.473276
1213.839700 7910843645.969543
1213.950900 680943364.153595
1214.062100 503429250.660783
1214.173300 7917307843.835463
1214.284500 549979367.266376
1214.395700 528556107.379375
1214.506900 7935033465.707423
1214.618100 500206743.224961
1214.729200 635243317.145441
1214.840400 7951922689.909211
1214.951600 657478184.315629
1215.062800 635385820.025942
1215.174000 7970427061.676507
1215.285200 593707543.241973
1215.396400 583946653.863090
1215.507600 7983406570.743605
1215.618800 615082341.786778
1215.729900 686610379.337752
1215.841100 8001274318.636484
1215.952300 706585589.564523
1216.063500 608624573.936617
1216.174700 8018472617.538124
1216.285900 510795018.629789
1216.397100 697308565.603270
1216.508300 8035548588.990114
1216.619400 736742616.211271
1216.730600 722155430.007692
1216.841800 8048209702.180332
1216.953000 521450055.044541
1217.064200 675614523.245271
1217.175400 8065035453.083274
1217.286600 653459352.317294
1217.397800 977276068.753189
1217.508900 8088281526.147710
1217.620100 721724057.261712
1217.731300 775244456.776539
1217.842500 8104317578.436842
1217.953700 561856396.704574
1218.064900 897794842.680288
1218.176100 8128369949.225136
1218.287300 911193440.051865
1218.398500 754608050.682030
1218.509600 8145773398.095586
1218.620800 790088352.021077
1218.732000 777698999.719256
1218.843200 8161343508.933473
1218.954400 944976724.345983
1219.065600 931926705.072735
1219.176800 8185001577.802083
1219.288000 675282665.563277
1219.399100 879288827.033767
1219.510300 8208216380.712701
1219.621500 999108573.051039
1219.732700 1059932745.412025
1219.843900 8225380284.319842
1219.955100 883215167.815578
1220.066300 836196602.969982
1220.177500 8248079881.222709
1220.288600 829011012.886209
1220.399800 1016707542.806334
1220.511000 8272101234.316936
1220.622200 910845901.240871
1220.733400 883542368.048979
1220.844600 8292163371.222619
1220.955800 845591610.438839
1221.067000 1043502014.041891
1221.178200 8316163538.650240
1221.289300 928680636.835340
1221.400500 949908152.929987
1221.511700 8331848826.204850
1221.622900 1042149785.800631
1221.734100 1181324577.380442
1221.845300 8352248828.569029
1221.956500 1115067551.447365
1222.067700 1110519279.643787
1222.178800 8373964381.397462
1222.290000 961621626.953012
1222.401200 998998533.019467
1222.512400 8393406760.641659
1222.623600 1137837502.082824
1222.734800 974690003.862687
1222.846000 8405736993.225674
1222.957200 1034711853.649621
1223.068300 1192645541.064858
1223.179500 8432768989.507819
1223.290700 1039231545.244728
1223.401900 1184434240.721715
1223.513100 8451355770.367715
1223.624300 1241918465.078857
1223.735500 1093971698.997664
1223.846700 8464476076.806879
1223.957900 1261623780.704226
1224.069000 1118192246.642138
1224.180200 8486899972.883942
1224.291400 1310978378.059268
1224.402600 1216658774.649570
1224.513800 8495884114.059608
1224.625000 1121300691.736214
1224.736200 1135501893.468601
1224.847400 8524009732.688997
1224.958500 1190764066.823322
1225.069700 1235594372.696399
1225.180900 8542317198.265078
1225.292100 1420070203.069201
1225.403300 1250319358.747158
1225.514500 8564926997.449048
1225.625700 1259719326.115162
1225.736900 1165797718.819489
1225.848000 8581997241.436821
1225.959200 1072443033.036453
1226.070400 1427327739.472974
1226.181600 8605484989.966381
1226.292800 1346069452.305458
1226.404000 1140599262.721655
1226.515200 8623035769.250708
1226.626400 1205660124.448199
1226.737600 1472281276.863205
1226.848700 8641582178.181128
1226.959900 1477641503.729690
1227.071100 1218202226.136316
1227.182300 8656273677.448328
1227.293500 1314225714.658546
1227.404700 1377297830.347194
1227.515900 8679158641.034889
1227.627100 1367469839.412865
1227.738200 1384966840.090937
1227.849400 8692039357.736448
1227.960600 1330808871.727430
1228.071800 1530920123.996434
1228.183000 8707610297.255295
1228.294200 1660303539.410888
1228.405400 1302790643.902593
1228.516600 8722552448.446285
1228.627800 1547098885.296343
1228.738900 1296282899.204048
1228.850100 8740458117.677174
1228.961300 1294595836.581703
1229.072500 1627503422.960409
1229.183700 8762323057.001572
1229.294900 1711688002.387370
1229.406100 1282144276.209881
1229.517300 8772297613.820183
1229.628400 1253510083.122753
1229.739600 1498601162.937345
1229.850800 8792741936.955692
1229.962000 1363593069.879116
1230.073200 1807030014.018529
1230.184400 8800203960.545227
1230.295600 1307272329.842713
1230.406800 1536495747.950945
1230.517900 8827207043.523174
1230.629100 1570006357.738957
1230.740300 1477138559.020134
1230.851500 8845982344.532999
1230.962700 1368611733.805446
1231.073900 1722029576.948462
1231.185100 8857016557.507339
1231.296300 1515537672.540766
1231.407500 1600314035.672835
1231.518600 8869755233.969534
1231.629800 1808084639.853951
1231.741000 1509281673.477180
1231.852200 8887711403.701509
1231.963400 1801379210.207430
1232.074600 1456061314.725731
1232.185800 8902779848.123304
1232.297000 1589051703.021638
1232.408100 1455241578.011522
1232.519300 8908445231.185047
1232.630500 1262209582.255903
1232.741700 1850395781.692981
1232.852900 8927593867.714769
1232.964100 1593513374.282162
1233.075300 1757361771.038043
1233.186500 8940603452.781307
1233.297600 1347313243.245642
1233.408800 1637914002.905168
1233.520000 8961207487.717751
1233.631200 1318967070.708768
1233.742400 1869885637.354498
1233.853600 8970017917.942320
1233.964800 1927255147.834112
1234.076000 1714852529.681609
1234.187200 8985380941.944805
1234.298300 1757047756.908144
1234.409500 1614755538.517272
1234.520700 8996628023.321434
1234.631900 1428168661.606273
1234.743100 1965557794.158331
1234.854300 9007912576.661556
1234.965500 1812944473.011992
1235.076700 1885198438.371680
1235.187800 9017968794.133150
1235.299000 2066459289.588839
1235.410200 1522447780.690541
1235.521400 9012418821.044449
1235.632600 1668818535.406256
1235.743800 1675631478.287155
1235.855000 9037809514.239943
1235.966200 1574094174.793909
1236.077300 1933323266.695450
1236.188500 9048543940.609056
1236.299700 1620788929.179724
1236.410900 1692039449.492542
1236.522100 9057763108.027010
1236.633300 1599535667.073218
1236.744500 1727785447.630061
1236.855700 9037841460.789730
1236.966900 1914238923.835420
1237.078000 2051776702.137525
1237.189200 9072873665.585138
1237.300400 2208218860.702152
1237.411600 1569480408.148663
1237.522800 9080069209.980560
1237.634000 1769696797.448237
1237.745200 1748380712.503193
1237.856400 9082480767.616716
1237.967500 2136627004.598802
1238.078700 1434520850.627645
1238.189900 9095729947.822212
1238.301100 1842535730.826517
1238.412300 1818529993.212703
1238.523500 9114361551.428164
1238.634700 1955059819.544891
1238.745900 1759352950.730884
1238.857000 9104497439.150530
1238.968200 1572300285.173027
1239.079400 1908684884.086666
1239.190600 9113735119.454617
1239.301800 1594676391.051693
1239.413000 2322321843.625813
1239.524200 9117849482.307291
1239.635400 2323208851.359943
1239.746600 1528612015.480187
1239.857700 9131807560.737041
1239.968900 1671170027.875715
1240.080100 1915569055.564231
1240.191300 9109217886.562187
1240.302500 1725007148.263746
1240.413700 1987515288.029598
1240.524900 9128099901.497736
1240.636100 1996443892.873050
1240.747200 1377309764.454337
1240.858400 9136378512.810789
1240.969600 2108981293.421110
1241.080800 1547133819.374453
1241.192000 9112743912.408632
1241.303200 2051097927.268667
1241.414400 1590172433.359272
1241.525600 9139122677.032761
1241.636800 2103421469.007653
1241.747900 1505248387.028066
1241.859100 9132416685.760511
1241.970300 2267647232.608480
1242.081500 1734274918.240845
1242.192700 9138290221.419529
1242.303900 1491026463.725757
1242.415100 1546608113.519251
1242.526300 9146444655.396290
1242.637400 1532992506.072191
1242.748600 2036425199.918978
1242.859800 9115927698.155668
1242.971000 1933730424.995086
1243.082200 2137031998.220100
1243.193400 9136754595.312138
1243.304600 2007292888.644019
1243.415800 2067239309.311172
1243.526900 9089034072.991117
1243.638100 1511381109.028778
1243.749300 1747754691.948581
1243.860500 9077956860.838217
1243.971700 1869670004.463177
1244.082900 1654165959.700406
1244.194100 9131442194.571354
1244.305300 2570842356.216064
1244.416500 838639720.608383
1244.527600 9090529088.787561
1244.638800 2084768315.236221
1244.750000 1199947710.156446
1244.861200 9084665364.377352
1244.972400 1248246765.425593
1245.083600 2655503344.746660
1245.194800 9090265163.420099
1245.306000 1543613828.329586
1245.417100 2064535118.294128
1245.528300 9054529522.394541
1245.639500 1498981624.532733
1245.750700 1211090746.942920
1245.861900 9051195486.098112
1245.973100 1340633952.945423
1246.084300 2185751301.668101
1246.195500 9037503781.081892
1246.306600 2226222328.185909
1246.417800 2200221623.407170
1246.529000 8916657461.556999
1246.640200 1567752476.832709
1246.751400 1251845178.892829
1246.862600 9087173778.985174
1246.973800 2233270315.528945
1247.085000 585817222.868261
1247.196200 8927919811.212744
1247.307300 2473249284.988645
1247.418500 1145183372.942773
1247.529700 9027128970.350328
1247.640900 2432245740.579777
1247.752100 532217903.651824
1247.863300 8948203449.623259
1247.974500 296542352.610497
1248.085700 1389326526.777333
1248.196800 8840957499.377672
1248.419200 3970326386.739840
1248.530400 8954460734.889734
1248.641600 1901253092.411244
1248.864000 8896188448.799704
1248.975200 1389012877.483364
1249.086300 400701251.835281
1249.197500 8823967435.647991
1249.419900 5481353299.623905
1249.531100 8623845578.818419
1249.642300 170226506.823664
1249.753500 3260915772.275650
1249.864700 8947325474.816074
1249.975900 2252049708.745774
1250.198200 8668914973.010584
1250.309400 2168648375.756277
1250.420600 485398229.841394
1250.531800 8685531186.721159
1250.643000 1653981578.839798
1250.754200 574728186.073005
1250.865400 8701858286.142586
1250.976500 1186652989.885637
1251.087700 3569794059.638862
1251.198900 8284168658.738058
1251.310100 513622737.500228
1251.421300 568395715.837667
1251.532500 8213590113.953675
1251.643700 1327306211.903121
1251.754900 1967185122.858116
1251.866000 8313122850.425463
1251.977200 1645249760.361869
1252.088400 1541071865.607143
1252.199600 8715652931.484289
1252.310800 4739001218.856916
1252.533200 8815362153.558630
1252.644400 2968263906.664597
1252.866700 8524922589.103180
1252.977900 2460125568.337054
1253.089100 2263721712.263437
1253.200300 8944833781.315140
1253.311500 3033098659.696170
1253.422700 730813807.007641
1253.533900 8938516052.047438
1253.645100 2122022195.987106
1253.756200 680848012.606043
1253.867400 9057117658.224669
1253.978600 2575315782.636401
1254.089800 906606523.141232
1254.201000 8987318030.216465
1254.312200 519108688.964455
1254.423400 3265710561.512955
1254.534600 8788008619.028517
1254.645700 663115036.827506
1254.756900 1565805005.795627
1254.868100 8980731875.288761
1254.979300 2124920651.623219
1255.090500 356634898.412323
1255.201700 9051329483.457964
1255.312900 1499847348.194757
1255.424100 1657321854.298849
1255.535300 8970108589.230988
1255.646400 904050513.743727
1255.757600 1185680889.568204
1255.868800 9011322384.237455
1255.980000 997792551.704818
1256.091200 1534798154.256004
1256.202400 9032853603.743132
1256.313600 2268589088.144131
1256.424800 1233143327.640925
1256.535900 9099821085.872793
1256.647100 1020647698.562695
1256.758300 2248306043.396947
1256.869500 9088529301.138210
1256.980700 948914423.286439
1257.091900 2578742212.311910
1257.203100 9036971823.683777
1257.314300 1909342947.657793
1257.425500 2028642841.603401
1257.536600 9068412654.368454
1257.647800 1619152161.040796
1257.759000 2119609655.855876
1257.870200 9025335461.685246
1257.981400 1167041058.892549
1258.092600 1376703784.291575
1258.203800 9121369249.793451
1258.315000 1602454560.156949
1258.426100 1508489829.049470
1258.537300 9074778881.045305
1258.648500 2341128459.030151
1258.759700 2028349301.187401
1258.870900 9121493158.073351
1258.982100 1835308617.784598
1259.093300 1982271340.487234
1259.204500 9110188037.751553
1259.315600 1382304301.568152
1259.426800 1938890829.057036
1259.538000 9132548944.021351
1259.649200 1486537495.285078
1259.760400 1790036902.664495
1259.871600 9099418565.777187
1259.982800 1562677453.987030
1260.094000 2200186247.862403
1260.205200 9113160692.952589
1260.316300 1151764357.959966
1260.427500 2508789970.652515
1260.538700 9124954444.756289
1260.649900 1744064060.266288
1260.761100 2338090152.006850
1260.872300 9085205241.688055
1260.983500 1393698851.273182
1261.094700 1969240854.496002
1261.205800 9109273359.208487
1261.317000 1999250662.455078
1261.428200 1738697776.786422
1261.539400 9088478443.149860
1261.650600 2015797365.924037
1261.761800 1600728343.257697
1261.873000 9063502419.728086
1261.984200 1656492154.426977
1262.095300 1744992065.191146
1262.206500 9105470804.506845
1262.317700 1274186659.836225
1262.428900 2368426539.037366
1262.540100 9088708226.489353
1262.651300 1208860605.501614
1262.762500 2381788393.408458
1262.873700 9086366310.577513
1262.984900 1733884647.932345
1263.096000 2089606782.304004
1263.207200 9094417460.370792
1263.318400 1917203905.215620
1263.429600 1737017843.185093
1263.540800 9080062081.763117
1263.652000 1542328501.971525
1263.763200 2010432156.807885
1263.874400 9062004069.215721
1263.985500 1135729164.552423
1264.096700 1902155249.559353
1264.207900 9047558925.551085
1264.319100 1908053619.604023
1264.430300 2067163895.653072
1264.541500 9050854486.905586
1264.652700 1740748224.296198
1264.763900 1658678133.424379
1264.875000 9008862124.756701
1264.986200 1810519285.634233
1265.097400 1938759391.504443
1265.208600 9005118527.285702
1265.319800 2313435476.625777
1265.431000 1882180352.101945
1265.542200 9017495086.438568
1265.653400 1911147352.747323
1265.764600 1822353741.104875
1265.875700 8993676985.815895
1265.986900 1423998500.589851
1266.098100 2246721286.300816
1266.209300 8981540173.633959
1266.320500 1698177950.345449
1266.431700 2123566664.781258
1266.542900 8959256679.051552
1266.654100 1989345397.564902
1266.765200 1482099857.317080
1266.876400 8948255431.007456
1266.987600 1688391854.772195
1267.098800 1643456043.167473
1267.210000 8943191394.737455
1267.321200 1578608734.883016
1267.432400 1844683540.606217
1267.543600 8923419393.553938
1267.654700 1374775693.073944
1267.765900 2062250656.280805
1267.877100 8913730697.300091
1267.988300 1750280409.798274
1268.099500 1740178685.305221
1268.210700 8890424452.382198
1268.321900 1829630409.508183
1268.433100 1514630954.816143
1268.544300 8869101770.904448
1268.655400 1609779193.476465
1268.766600 1669258770.663967
1268.877800 8864449240.380823
1268.989000 1714999792.100300
1269.100200 1736494102.823373
1269.211400 8845825366.528505
1269.322600 1735889560.763474
1269.433800 1832029268.457146
1269.544900 8840437348.299791
1269.656100 1388308914.718475
1269.767300 1646019275.548576
1269.878500 8827565924.987255
1269.989700 1584739729.039888
1270.100900 1561920573.487741
1270.212100 8816396281.302588
1270.323300 1788216907.050597
1270.434500 1560582726.259136
1270.545600 8799905710.207977
1270.656800 1405195509.244490
1270.768000 1498333023.146242
1270.879200 8792522224.566107
1270.990400 1520990346.333750
1271.101600 1517626832.545144
1271.212800 8771867603.252157
1271.324000 1788254027.504402
1271.435100 1240131119.026556
1271.546300 8745965296.226837
1271.657500 2245831370.841060
1271.768700 1225591886.738336
1271.879900 8742877530.423185
1271.991100 1385391245.933517
1272.102300 1456269413.734047
1272.213500 8722402423.129395
1272.324600 1419554635.975570
1272.435800 1492619100.303988
1272.547000 8713558676.974266
1272.658200 1791970888.583818
1272.769400 1303442459.078761
1272.880600 8702204557.831404
1272.991800 1568844166.872765
1273.103000 1452420591.290756
1273.214200 8684630410.624395
1273.325300 1426448726.739294
1273.436500 1512467885.303870
1273.547700 8670547999.277239
1273.658900 1104363323.522811
1273.770100 1516630693.956305
1273.881300 8653950363.744936
1273.992500 1251504853.347115
1274.103700 1816861554.094458
1274.214800 8640596188.331982
1274.326000 1519717806.419697
1274.437200 1657171304.858223
1274.548400 8599166793.649275
1274.659600 1383886156.539665
1274.770800 1481691824.658511
1274.882000 8609204270.848419
1274.993200 1507943297.754413
1275.104300 1473938452.693199
1275.215500 8598764130.435902
1275.326700 1244236983.738529
1275.437900 1533104186.818199
1275.549100 8584338155.570326
1275.660300 1448428621.942020
1275.771500 1372439449.588604
1275.882700 8564599997.259989
1275.993900 1463449187.328986
1276.105000 1335813873.334614
1276.216200 8557444228.441085
1276.327400 1241658072.951315
1276.438600 1522926194.029314
1276.549800 8541117693.419108
1276.661000 1220925357.562287
1276.772200 1417310564.596125
1276.883400 8511786227.306805
1276.994500 1375877606.532503
1277.105700 1280723951.592112
1277.216900 8514209768.100102
1277.328100 1275963881.474862
1277.439300 1397371465.370265
1277.550500 8506367864.573597
1277.661700 1324954399.572742
1277.772900 1695614948.772573
1277.884000 8485488255.262076
1277.995200 1357110417.307629
1278.106400 1299470226.184921
1278.217600 8465446625.349123
1278.328800 1290267350.550624
1278.440000 1071587513.793301
1278.551200 8461025111.284837
1278.662400 1276494430.394434
1278.773600 1318003452.170734
1278.884700 8448094974.078677
1278.995900 987749227.307763
1279.107100 1363748249.490927
1279.218300 8437764103.658033
1279.329500 1223768241.089101
1279.440700 1144612974.911080
1279.551900 8416071895.134543
1279.663100 963545312.113687
1279.774200 1066123811.609487
1279.885400 8409360003.184026
1279.996600 1164011385.537693
1280.107800 1252070266.438371
1280.219000 8400315376.702447
1280.330200 1264419629.487698
1280.441400 1005463776.615411
1280.552600 8382362344.063867
1280.663700 1051856848.765058
1280.774900 1049019341.561359
1280.886100 8369006638.875959
1280.997300 1201349177.052240
1281.108500 1177535540.494592
1281.219700 8365500323.905390
1281.330900 1278148047.638818
1281.442100 992543447.806562
1281.553300 8345172354.181647
1281.664400 929941861.915380
1281.775600 851063078.123156
1281.886800 8337763162.727976
1281.998000 1136962402.479545
1282.109200 938301921.341549
1282.220400 8325452621.822897
1282.331600 1301799702.729082
1282.442800 1048009520.240201
1282.553900 8315702958.241852
1282.665100 954899802.300335
1282.776300 1204616669.824247
1282.887500 8312019392.627688
1282.998700 1003693263.674554
1283.109900 979491970.972839
1283.221100 8299248738.344450
1283.332300 1074534853.273178
1283.443500 1213118927.300627
1283.554600 8292311898.040889
1283.665800 889776823.489965
1283.777000 1153768939.003157
1283.888200 8278807933.931456
1283.999400 924629261.513659
1284.110600 1241235801.190272
1284.221800 8275183394.583389
1284.333000 971168232.571709
1284.444100 1120898171.328332
1284.555300 8268970678.505251
1284.666500 706952798.571167
1284.777700 1198186216.358777
1284.888900 8264271831.758579
1285.000100 1145408917.928774
1285.111300 911220127.357154
1285.222500 8251724064.541424
1285.333600 991945121.528284
1285.444800 1212330855.740320
1285.556000 8246465848.875939
1285.667200 878448607.062339
1285.778400 1247559389.714713
1285.889600 8242470110.756464
1286.000800 1078946185.994392
1286.112000 1183217031.766892
1286.223200 8233745849.681155
1286.334300 1025575881.645989
1286.445500 1005046221.483891
1286.556700 8216885723.993160
1286.667900 867777383.588581
1286.779100 1108017687.177164
1286.890300 8228105354.011413
1287.001500 1040038104.736814
1287.112700 1102587978.603670
1287.223800 8220052937.737578
1287.335000 952911164.346639
1287.446200 782753906.884248
1287.557400 8218828537.789200
1287.668600 698929730.779599
1287.779800 1036330499.066839
1287.891000 8212981234.000724
1288.002200 745310355.705544
1288.113300 881703749.281205
1288.224500 8208006047.257098
1288.335700 998379872.726624
1288.446900 1110963820.910380
1288.558100 8209763540.879666
1288.669300 793729708.827784
1288.780500 757831839.942124
1288.891700 8200399414.527389
1289.002900 829430252.007274
1289.114000 1242584451.172277
1289.225200 8205901403.241605
1289.336400 951081240.811544
1289.447600 1127766261.889100
1289.558800 8196731748.850066
1289.670000 995869856.112444
1289.781200 1114047053.939226
1289.892400 8195919278.567019
1290.003500 792172503.110115
1290.114700 1203379447.202012
1290.225900 8182734901.565910
1290.337100 785196975.480809
1290.448300 1020330830.598202
1290.559500 8196389388.948792
1290.670700 1063347572.020870
1290.781900 1046327446.061945
1290.893000 8198609867.359104
1291.004200 1193425743.752154
1291.115400 960352893.119786
1291.226600 8200807781.209908
1291.337800 1082611699.340804
1291.449000 1175524983.418484
1291.560200 8199525690.824440
1291.671400 828350322.451169
1291.782600 1068695367.549575
1291.893700 8203409330.304749
1292.004900 1136327240.706796
1292.116100 956664686.556911
1292.227300 8201563732.234291
1292.338500 1155390721.139135
1292.449700 961569758.776645
1292.560900 8205139386.347711
1292.672100 1009850726.701132
1292.783200 1096766822.054612
1292.894400 8213364301.477049
1293.005600 945731245.866939
1293.116800 1218651050.993482
1293.228000 8219734979.963168
1293.339200 1098918680.818201
1293.450400 1009832075.921382
1293.561600 8209664784.129106
1293.672700 947000491.201772
1293.783900 1201416893.823374
1293.895100 8225148187.776013
1294.006300 1174256210.635990
1294.117500 1144816428.161201
1294.228700 8224324561.457442
1294.339900 900192237.416113
1294.451100 1079524661.193608
1294.562300 8232424043.888634
1294.673400 1282075230.304379
1294.784600 911102530.083650
1294.895800 8238351062.637438
1295.007000 1242716553.438841
1295.118200 975966391.462967
1295.229400 8236332634.076004
1295.340600 1090837664.846753
1295.451800 954786287.935012
1295.562900 8252084619.973680
1295.674100 981037018.858459
1295.785300 1044745051.009936
1295.896500 8256805446.153819
1296.007700 1051844472.865099
1296.118900 1140746030.664377
1296.230100 8263332689.490158
1296.341300 1397406814.009831
1296.452400 988402525.075598
1296.563600 8273805920.452255
1296.674800 1149206059.432600
1296.786000 1165695043.350334
1296.897200 8278167230.822053
1297.008400 1151893989.399756
1297.119600 1067084685.172141
1297.230800 8292258087.661103
1297.342000 978593318.399145
1297.453100 1086776258.593363
1297.564300 8299203147.457753
1297.675500 880785487.159315
1297.786700 1403454612.992348
1297.897900 8309134036.315048
1298.009100 1396490509.280914
1298.120300 1148416723.350046
1298.231500 8318732418.148839
1298.342600 1229589321.300492
1298.453800 1044570242.045304
1298.565000 8329557399.989574
1298.676200 868042681.240798
1298.787400 1459277745.970871
1298.898600 8338181497.886197
1299.009800 1271371991.463974
1299.121000 884561627.864897
1299.232200 8349366774.109864
1299.343300 1065533556.905774
1299.454500 1193946707.857826
1299.565700 8361253481.452117
1299.676900 1077017120.846147
1299.788100 1002455859.891911
1299.899300 8362681460.767807
1300.010500 803582048.412135
1300.121700 1387798832.698693
1300.232800 8383800275.014478
1300.344000 1074000705.407290
1300.455200 1488826952.382925
1300.566400 8390062887.433983
1300.677600 1233931760.856761
1300.788800 1249800534.202755
1300.900000 8406483372.640567
1301.011200 1297729118.646092
1301.122300 1165102562.146632
1301.233500 8420262023.156081
1301.344700 1156476850.696540
1301.455900 1545657134.387405
1301.567100 8440258815.694874
1301.678300 1281653253.460746
1301.789500 1354474387.845517
1301.900700 8450239699.424288
1302.011900 1227739326.268156
1302.123000 1151936556.039718
1302.234200 8457890801.561476
1302.345400 883028049.368323
1302.456600 1689909240.253360
1302.567800 8486840153.501385
1302.679000 1217530380.006895
1302.790200 1566637479.746490
1302.901400 8496653393.098865
1303.012500 1364211615.263119
1303.123700 1134372999.576351
1303.234900 8513474445.964459
1303.346100 1191062296.017642
1303.457300 1204524520.643696
1303.568500 8529763806.672021
1303.679700 1468948349.532716
1303.790900 1383393741.136777
1303.902000 8549421501.257897
1304.013200 1365573456.585484
1304.124400 1330754733.186898
1304.235600 8564253592.065934
1304.346800 1343018027.558671
1304.458000 1371247513.426789
1304.569200 8581911398.330585
1304.680400 1596126763.490867
1304.791600 1229664235.825832
1304.902700 8597763022.988373
1305.013900 1002780155.772086
1305.125100 1588531122.740847
1305.236300 8605207651.249151
1305.347500 1439045168.578958
1305.458700 1432472538.210717
1305.569900 8621874144.066845
1305.681100 1635323564.154709
1305.792200 1801104629.027279
1305.903400 8634977507.104048
1306.014600 1401150435.704345
1306.125800 1434617665.312201
1306.237000 8655221312.525761
1306.348200 1420827878.863579
1306.459400 1309803165.689556
1306.570600 8670551398.781889
1306.681700 1407994900.980384
1306.792900 1325676881.408535
1306.904100 8678373736.736645
1307.015300 1317023906.429611
1307.126500 1483198831.922856
1307.237700 8702567704.503489
1307.348900 1405094888.305620
1307.460100 1569996651.153141
1307.571300 8711476123.884153
1307.682400 2047596667.042644
1307.793600 1042327469.693006
1307.904800 8712364798.111238
1308.016000 1602250679.638630
1308.127200 1729584787.524574
1308.238400 8738795245.890852
1308.349600 1071588738.819071
1308.460800 1884524269.840740
1308.571900 8744495786.848511
1308.683100 1275051436.066689
1308.794300 2167798933.165565
1308.905500 8751367689.261324
1309.016700 2086040934.581957
1309.127900 2184257592.661948
1309.239100 8777749207.747343
1309.350300 1729264767.963615
1309.461400 1601959516.026471
1309.572600 8791602899.195137
1309.683800 1954885082.522555
1309.795000 1175622160.383532
1309.906200 8798847186.106125
1310.017400 1329729219.028951
1310.128600 1948484163.202393
1310.239800 8808629913.344036
1310.351000 1740804991.177817
1310.462100 1855394367.570436
1310.573300 8814464101.495222
1310.684500 1506655180.314353
1310.795700 2064197326.394211
1310.906900 8829929028.606142
1311.018100 1155450503.819578
1311.129300 2206164095.081167
1311.240500 8830766177.506155
1311.351600 1939707209.200096
1311.462800 1897279116.866460
1311.574000 8852890773.230621
1311.685200 1782626939.931931
1311.796400 1651373847.638934
1311.907600 8820140416.927061
1312.018800 1456057455.980384
1312.130000 2077045998.257372
1312.241200 8859420805.345650
1312.352300 1393977510.408458
1312.463500 2391888403.136804
1312.574700 8865815676.779041
1312.685900 1757271725.809417
1312.797100 1984408464.046886
1312.908300 8891985077.131330
1313.019500 2014397429.787495
1313.130700 1603163096.131535
1313.241800 8861972600.873095
1313.353000 1705300404.168227
1313.464200 1541259265.871483
1313.575400 8794091188.325611
1313.686600 536039364.802861
1313.797800 2589896711.471767
1313.909000 8884054942.437817
1314.020200 1820578836.247913
1314.131300 1579428330.181860
1314.242500 8861011554.160059
1314.353700 1937166776.077415
1314.464900 2246126393.212130
1314.576100 8897210946.448311
1314.687300 1708993766.516853
1314.798500 1604313756.465366
1314.909700 8917151002.320850
1315.020900 1517391922.533511
1315.132000 1775374552.033519
1315.243200 8886395658.507599
1315.354400 1940297257.331773
1315.465600 1967454152.698559
1315.576800 8879893629.880373
1315.688000 2173482598.675034
1315.799200 2389367465.260760
1315.910400 8907889460.628170
1316.021500 3154325913.627682
1316.132700 339689282.209959
1316.243900 8876245717.645393
1316.355100 2180880976.981932
1316.466300 2454409618.010593
1316.577500 8845755722.021896
1316.688700 1309458405.155059
1316.799900 2561018675.747826
1316.911000 8875060793.233644
1317.022200 2306109380.790667
1317.133400 1745681676.563345
1317.244600 8929722283.911238
1317.355800 2756115035.813994
1317.467000 1013728206.781173
1317.578200 8841971504.312628
1317.689400 1286676070.164237
1317.800600 2416454568.553385
1317.911700 8728613708.318316
1318.022900 2296302501.498276
1318.134100 3094313960.326169
1318.245300 8595573239.240097
1318.356500 1844355960.657331
1318.467700 155931504.770119
1318.578900 8925242668.941490
1318.690100 1275584157.650839
1318.801200 1802675437.928976
1318.912400 8855140539.318392
1319.023600 1269728508.907878
1319.246000 8835237059.601404
1319.357200 242454436.869583
1319.468400 3205503571.111966
1319.579600 8878343191.684937
1319.690700 1841903226.352618
1319.801900 1878595903.614820
1319.913100 8837315513.547947
1320.135500 2255796002.724000
1320.246700 8861375529.386024
1320.357900 1490833927.942409
1320.469100 581621647.576220
1320.580300 8799440503.411230
1320.691400 1810601642.985614
1320.802600 1875143080.178840
1320.913800 8907481119.597677
1321.025000 2327214940.570502
1321.136200 1398137451.329782
1321.247400 8880416293.838291
1321.358600 1515673973.486596
1321.469800 2689928547.674372
1321.580900 8841803332.962889
1321.692100 1848394193.065019
1321.803300 2010613041.729130
1321.914500 8873221767.163399
1322.025700 2331540850.377790
1322.136900 1179104041.598580
1322.248100 8897256546.123539
1322.359300 1734723612.999334
1322.470400 2098100673.077643
1322.581600 8795492983.260132
1322.692800 942890545.855176
1322.804000 2223034216.653643
1322.915200 8881846274.227404
1323.026400 2279204512.107332
1323.137600 1597669069.905501
1323.248800 8830133810.310575
1323.360000 2284017595.192932
1323.471100 2269146222.815040
1323.582300 8884131680.512569
1323.693500 1063262268.505193
1323.804700 2669163314.655282
1323.915900 8941925405.384706
1324.027100 1415378026.677238
1324.138300 2241844000.401449
1324.249500 8854914683.554609
1324.360600 3090485321.138193
1324.471800 1863191452.659166
1324.583000 8896561367.957905
1324.694200 2965332181.157878
1324.805400 1946112715.798055
1324.916600 8859958451.497711
1325.027800 2322871169.452614
1325.139000 1794106559.418338
1325.250100 8889813600.065552
1325.361300 3024000841.575928
1325.472500 842048699.456536
1325.583700 8925332586.521049
1325.694900 2305866559.993137
1325.806100 966532074.414474
1325.917300 8890111578.103827
1326.028500 1654468786.014469
1326.139700 1399228367.910571
1326.250800 8924143226.420906
1326.362000 1892669506.507744
1326.473200 982267480.908455
1326.584400 8875556576.354111
1326.695600 1377991167.928483
1326.806800 213384104.635242
1326.918000 8913829394.519794
1327.029200 503783880.621718
1327.140300 1713631412.784407
1327.251500 8864556238.927319
1327.362700 1686424878.692812
1327.473900 2795570657.270935
1327.585100 8782427656.893848
1327.696300 1302021754.508407
1327.807500 2310082351.004867
1327.918700 8900137416.333282
1328.029900 1814802426.462912
1328.141000 834974063.361205
1328.252200 8913994863.414425
1328.363400 486616229.319623
1328.474600 2194967020.785156
1328.585800 8829016644.508879
1328.697000 1952096858.006948
1328.808200 872470892.288722
1328.919400 8912008766.025949
1329.030500 1084889578.257894
1329.141700 2809943627.974404
1329.252900 8860897494.013342
1329.364100 2055900782.342856
1329.475300 2048931145.310908
1329.586500 8830427561.617653
1329.697700 1913568258.417442
1329.808900 909632241.714936
1329.920000 8817628233.047289
1330.031200 1705622282.130556
1330.142400 3403342779.279392
1330.253600 8707683732.852156
1330.364800 1350928431.539299
1330.476000 3073786151.184381
1330.587200 8621485162.749653
1330.698400 3009801360.270876
1330.809600 1768462398.733704
1330.920700 8869218451.419489
1331.031900 2961689490.308889
1331.143100 2126473954.996964
1331.254300 8504952310.371162
1331.365500 1791635981.310145
1331.476700 552139735.698465
1331.587900 8685589259.821779
1331.699100 671006241.360943
1331.810200 1276830268.628112
1331.921400 8615747584.685543
1332.032600 1245986301.516890
1332.255000 8640778979.156374
1332.366200 1148793621.669221
1332.477400 1597824763.453399
1332.588600 8728918049.879183
1332.699700 1251092126.792542
1332.810900 1365279649.258847
1332.922100 8731552464.715071
1333.033300 1277788149.015285
1333.144500 1571245520.414460
1333.255700 8388743277.703169
1333.366900 2713322513.190581
1333.478100 1354541721.048869
1333.589300 8691597084.909405
1333.700400 2451875781.834459
1333.811600 3061937557.434905
1333.922800 8486929288.973811
1334.034000 4382628662.086251
1334.256400 8012239974.089955
1334.367600 1980795702.023704
1334.589900 8767954498.125488
1334.701100 2501910217.364823
1334.923500 8349364683.159775
1335.034700 1918198875.762426
1335.145900 1514133133.303206
1335.257100 8803732990.427824
1335.368300 3214485381.021793
1335.479400 263618658.057329
1335.590600 8824036164.462391
1335.701800 1869992929.490983
1335.813000 636697646.348478
1335.924200 8836393573.817736
1336.035400 2171524825.545259
1336.146600 1570625716.228355
1336.257800 8766927871.845934
1336.369000 1511688514.254408
1336.480100 496397193.584884
1336.591300 8822339340.682182
1336.702500 2115058670.145928
1336.813700 991407457.406116
1336.924900 8716104508.509798
1337.147300 1240562852.907779
1337.258500 8735095477.213245
1337.369600 1932214503.754587
1337.480800 263212086.940977
1337.592000 8881725561.207335
1337.703200 1152088936.936945
1337.814400 2172932397.553746
1337.925600 8938432765.226091
1338.036800 1736302363.751613
1338.148000 1637739850.853742
1338.259100 8935245796.355911
1338.370300 1512137152.852855
1338.481500 1323280915.194702
1338.592700 8883250369.009190
1338.703900 2219741553.826745
1338.815100 1953777802.730003
1338.926300 8706738944.138998
1339.037500 1726738669.848061
1339.148700 1566991651.504321
1339.259800 8832284587.091717
1339.371000 1956876432.559575
1339.482200 1528636490.382431
1339.593400 8923907105.415817
1339.704600 1124341304.352865
1339.815800 2138762425.433878
1339.927000 8918786846.376856
1340.038200 3257503500.290447
1340.149300 1216765855.703400
1340.260500 8924378302.592505
1340.371700 1193159595.688935
1340.482900 1469077519.062596
1340.594100 8826263115.019722
1340.705300 1221155506.019222
1340.816500 1736913985.204746
1340.927700 8934096015.892771
1341.038900 1923640076.526341
1341.150000 2454268419.113194
1341.261200 8892002482.014376
1341.372400 2271097589.367818
1341.483600 1822807653.482168
1341.594800 8923867765.040964
1341.706000 1845439699.906344
1341.817200 1160131162.549950
1341.928400 8954529716.405220
1342.039500 1590978943.027312
1342.150700 1372178332.593369
1342.261900 8939699151.312038
1342.373100 1014861912.051222
1342.484300 1546494504.901683
1342.595500 8917267888.783737
1342.706700 1726788885.953016
1342.817900 2222108634.055551
1342.929000 8933482472.892576
1343.040200 1563253786.520722
1343.151400 2310441844.772623
1343.262600 8920748492.189312
1343.373800 1828835054.037419
1343.485000 1595470715.027079
1343.596200 8925267506.223923
1343.707400 1930749423.193185
1343.818600 2104353855.913595
1343.929700 8922202816.664391
1344.040900 2198482797.771399
1344.152100 1891639371.156857
1344.263300 8910652514.118591
1344.374500 2068895434.120044
1344.485700 1994433795.514036
1344.596900 8906362182.966509
1344.708100 1835325163.222491
1344.819200 1560206624.991415
1344.930400 8915116537.375116
1345.041600 2123137185.110725
1345.152800 1241236122.181073
1345.264000 8895584232.532763
1345.375200 1979214731.696817
1345.486400 1538576233.376522
1345.597600 8904347300.969561
1345.708700 1623334015.951131
1345.819900 2027183644.020215
1345.931100 8886876340.041800
1346.042300 1788681768.043676
1346.153500 1206339331.732731
1346.264700 8870559473.366871
1346.375900 1289375059.327167
1346.487100 1617087753.678409
1346.598300 8879486755.922544
1346.709400 1324142931.319345
1346.820600 2043778104.045263
1346.931800 8863876575.521801
1347.043000 1886380485.475235
1347.154200 1842015446.259445
1347.265400 8864312438.549305
1347.376600 1715962400.003590
1347.487800 1841141312.979376
1347.598900 8857090006.730543
1347.710100 1633137130.492665
1347.821300 1677021514.429019
1347.932500 8834984895.255280
1348.043700 1637195624.455525
1348.154900 2103477182.579532
1348.266100 8835212693.620173
1348.377300 2006310419.799027
1348.488400 1933671708.978672
1348.599600 8822132487.230984
1348.710800 1906568774.290436
1348.822000 1722785435.790605
1348.933200 8808038097.767368
1349.044400 1562756396.648804
1349.155600 1700959789.350487
1349.266800 8802768378.488295
1349.378000 1255276013.000197
1349.489100 1498151543.924534
1349.600300 8791997761.106401
1349.711500 1553861499.412731
1349.822700 1825696713.416451
1349.933900 8786692526.336782
1350.045100 1458438180.865559
1350.156300 1896722856.920199
1350.267500 8776458107.093134
1350.378600 1240895763.017491
1350.489800 1975524119.253329
1350.601000 8760890773.306190
1350.712200 1805928562.065495
1350.823400 1781744852.924060
1350.934600 8735829892.272001
1351.045800 1427181548.586541
1351.157000 1676512488.114600
1351.268100 8726176536.980289
1351.379300 1695589502.645132
1351.490500 1840922590.354544
1351.601700 8717434620.793348
1351.712900 1827727429.390659
1351.824100 1677014533.780195
1351.935300 8701138284.567778
1352.046500 1355095546.249125
1352.157700 1913910324.191455
1352.268800 8690100601.301455
1352.380000 1543868919.965666
1352.491200 1329945197.393217
1352.602400 8673539084.250029
1352.713600 1433523564.046973
1352.824800 1564548897.783218
1352.936000 8673259884.606930
1353.047200 1248107407.795278
1353.158300 1825131074.373783
1353.269500 8654232125.211609
1353.380700 1564255956.127799
1353.491900 1628981378.794802
1353.603100 8636455115.346657
1353.714300 1459252849.704314
1353.825500 1391445887.176815
1353.936700 8631506971.740007
1354.047900 1552940972.938035
1354.159000 1320012565.253745
1354.270200 8614108211.035582
1354.381400 1035624289.675488
1354.492600 1683957459.546350
1354.603800 8589751786.014705
1354.715000 1284478718.431822
1354.826200 1571974610.647797
1354.937400 8579148007.907595
1355.048500 1630633794.647390
1355.159700 1549725882.618869
1355.270900 8565366554.808402
1355.382100 1738667704.842674
1355.493300 1520513206.560262
1355.604500 8550335152.177243
1355.715700 1415803721.424899
1355.826900 1307190963.399611
1355.938000 8509916712.978848
1356.049200 1474192418.864501
1356.160400 1298078304.146040
1356.271600 8520445030.841647
1356.382800 1422983644.825998
1356.494000 1426932964.838578
1356.605200 8500637709.295361
1356.716400 1412450002.789228
1356.827600 1502139133.616860
1356.938700 8483083404.200529
1357.049900 1330556506.533719
1357.161100 1450756405.956907
1357.272300 8460702146.791573
1357.383500 1352606500.883294
1357.494700 1269817651.377252
1357.605900 8439311886.794424
1357.717100 1360193662.749289
1357.828200 1098192646.343125
1357.939400 8434186595.501925
1358.050600 1121695861.771510
1358.161800 1409367021.282759
1358.273000 8415465619.793963
1358.384200 1343073669.503228
1358.495400 1361534716.416164
1358.606600 8397706560.461774
1358.717700 1154549600.175768
1358.828900 1258676021.744353
1358.940100 8374215143.887435
1359.051300 1191055195.601624
1359.162500 974901894.727022
1359.273700 8364343765.894237
1359.384900 1058088073.603570
1359.496100 1165168224.907595
1359.607300 8344165544.927640
1359.718400 1079746290.746992
1359.829600 1441383419.839592
1359.940800 8326706974.458443
1360.052000 1177452253.452736
1360.163200 1477714522.480573
1360.274400 8310917889.263744
1360.385600 1328282102.042557
1360.496800 1292208281.293500
1360.607900 8285384508.875274
1360.719100 1098806305.736275
1360.830300 1265495447.167699
1360.941500 8269059314.560042
1361.052700 1049881871.374300
1361.163900 1165151704.408097
1361.275100 8247811473.443648
1361.386300 1081469044.996093
1361.497400 1162869902.537363
1361.608600 8238991835.945306
1361.719800 1023859136.496762
1361.831000 1171618637.094219
1361.942200 8218368700.798544
1362.053400 960090613.096524
1362.164600 1093427857.984581
1362.275800 8191676477.270697
1362.387000 1034065872.670882
1362.498100 1203832449.858743
1362.609300 8181882026.598786
1362.720500 974646492.798717
1362.831700 1114046828.978122
1362.942900 8159894088.996457
1363.054100 952551616.719595
1363.165300 1158845268.029207
1363.276500 8142019729.091491
1363.387600 998140469.120711
1363.498800 1059124642.754627
1363.610000 8120053147.948399
1363.721200 1026966046.316787
1363.832400 1141835486.117352
1363.943600 8104733374.828360
1364.054800 1140582902.810662
1364.166000 1102572938.263126
1364.277100 8080697106.946015
1364.388300 857871729.500283
1364.499500 1073845138.051418
1364.610700 8065339557.526651
1364.721900 863434373.306672
1364.833100 1091138414.541049
1364.944300 8044797793.196062
1365.055500 1005613334.689050
1365.166700 1024278268.330850
1365.277800 8027006180.857604
1365.389000 1035142447.870353
1365.500200 874559332.385039
1365.611400 8004644563.632099
1365.722600 863934778.375477
1365.833800 984502338.615308
1365.945000 7988541958.939438
1366.056200 956600528.964509
1366.167300 819781695.829353
1366.278500 7969651134.335916
1366.389700 564010137.036036
1366.500900 978876279.040296
1366.612100 7948279099.244576
1366.723300 880999823.149800
1366.834500 778736861.485089
1366.945700 7931861376.110271
1367.056800 672361214.867562
1367.168000 1018042520.069995
1367.279200 7911419360.747781
1367.390400 722216300.363619
1367.501600 1023079593.513241
1367.612800 7893276343.837120
1367.724000 903178500.740368
1367.835200 844478259.706905
1367.946400 7874174276.616544
1368.057500 874071610.163101
1368.168700 716483672.532995
1368.279900 7857528624.520239
1368.391100 805035793.469845
1368.502300 849770992.261335
1368.613500 7836872731.021722
1368.724700 850985389.243623
1368.835900 629191738.315851
1368.947000 7819939571.526115
1369.058200 782924758.146297
1369.169400 620203231.343557
1369.280600 7800355436.661001
1369.391800 746976061.013207
1369.503000 778429535.224105
1369.614200 7784020968.749529
1369.725400 809626660.172812
1369.836600 699543876.027773
1369.947700 7766045093.162152
1370.058900 563683045.823080
1370.170100 669249285.793406
1370.281300 7747908761.081452
1370.392500 561406221.332171
1370.503700 729587978.351215
1370.614900 7731240031.738802
1370.726100 754462797.463113
1370.837200 728422870.133311
1370.948400 7715732560.098271
1371.059600 759373629.786657
1371.170800 618437001.480043
1371.282000 7693607074.908000
1371.393200 544269112.474596
1371.504400 581006284.082705
1371.615600 7678811495.216389
1371.726700 605352055.606120
1371.837900 479302046.986471
1371.949100 7663688548.440653
1372.060300 547401613.296142
1372.171500 604257043.348101
1372.282700 7647112544.649295
1372.393900 535657504.797288
1372.505100 612241324.816945
1372.616300 7631038688.760633
1372.727400 505503300.177511
1372.838600 442967485.191442
1372.949800 7613153731.744839
1373.061000 530041058.092686
1373.172200 681986677.687507
1373.283400 7595818227.960229
1373.394600 553322278.924273
1373.505800 493774800.617968
1373.616900 7581210000.224541
1373.728100 442341592.215119
1373.839300 583549200.625524
1373.950500 7568523645.010880
1374.061700 445460638.164414
1374.172900 564000824.818359
1374.284100 7550318361.403229
1374.395300 493685634.282554
1374.506400 446485868.060959
1374.617600 7539131619.319572
1374.728800 468607393.649519
1374.840000 522700585.845422
1374.951200 7525035952.081535
1375.062400 479030830.386545
1375.173600 374623911.756351
1375.284800 7509698627.598455
1375.396000 485974616.189857
1375.507100 281754250.413862
1375.618300 7498841617.470933
1375.729500 349233697.539832
1375.840700 510363489.803476
1375.951900 7484467259.141591
1376.063100 343544507.232450
1376.174300 423276449.694323
1376.285500 7468126565.409786
1376.396600 412874818.364313
1376.507800 329034894.264973
1376.619000 7455587538.921541
1376.730200 291633625.189987
1376.841400 300269078.845280
1376.952600 7439329681.744200
1377.063800 281228901.855588
1377.175000 410523555.167988
1377.286100 7426247985.709148
1377.397300 287038504.100882
1377.508500 479393451.454312
1377.619700 7413121901.721207
1377.730900 387961986.857828
1377.842100 483285422.701440
1377.953300 7400168296.391807
1378.064500 459455659.503793
1378.175700 289638623.760864
1378.286800 7385250452.925585
1378.398000 321353758.835221
1378.509200 274401774.016832
1378.620400 7374751454.491086
1378.731600 340068203.201545
1378.842800 274244013.853477
1378.954000 7362545494.784342
1379.065200 299217396.612507
1379.176300 291599953.949833
1379.287500 7350995973.203789
1379.398700 346047503.769337
1379.509900 298068878.792544
1379.621100 7339382514.908572
1379.732300 320923149.196083
1379.843500 270642200.517245
1379.954700 7328872657.075321
1380.065800 354700010.595875
1380.177000 180125234.762375
1380.288200 7318019616.347054
1380.399400 261595657.630504
1380.510600 232242115.736536
1380.621800 7308205571.410872
1380.733000 322826129.983730
1380.844200 204884835.079427
1380.955400 7298755222.358979
1381.066500 201826078.891505
1381.177700 154888953.988617
1381.288900 7285940987.837128
1381.400100 181946162.741371
1381.511300 121262582.917106
1381.622500 7278638272.581860
1381.733700 199672169.984508
1381.844900 157535402.576898
1381.956000 7270643638.575675
1382.067200 149817945.441680
1382.178400 189587121.408962
1382.289600 7263035594.558269
1382.400800 221995633.755642
1382.512000 227206882.450228
1382.623200 7252427557.009781
1382.734400 247668457.586053
1382.845600 211819649.198656
1382.956700 7248621233.480209
1383.067900 263962010.660430
1383.179100 217458932.491432
1383.290300 7238253542.666732
1383.401500 267493355.152340
1383.512700 218979443.163677
1383.623900 7230588133.917862
1383.735100 204982996.055607
1383.846200 142085887.994026
1383.957400 7226003437.627436
1384.068600 144219178.719453
1384.179800 177022501.926794
1384.291000 7220956092.325275
1384.402200 219125988.767309
1384.513400 168587733.951015
1384.624600 7215323561.934905
1384.735700 225756260.312201
1384.958100 7210090006.298650
1385.180500 122165059.618436
1385.291700 7202178029.996058
1385.625300 7200792506.316830
1385.847600 162591497.422263
1385.958800 7196791879.262155
1386.181200 171930084.597689
1386.292400 7194875550.217703
1386.514800 229390546.968935
1386.625900 7191137128.352659
1386.848300 124831190.083091
1386.959500 7189391018.292903
1387.070700 139258340.272916
1387.293100 7188257347.471547
1387.515400 189316668.209652
1387.626600 7187653410.449347
1387.737800 263335278.626043
1387.960200 7188497448.906232
1388.071400 190208994.353117
1388.182600 134955119.951665
1388.293800 7186796736.374168
1388.405000 183390158.568725
1388.627300 7185996105.469498
1388.738500 138126156.947029
1388.960900 7188877632.427567
1389.072100 160929558.365226
1389.294500 7189587990.786625
1389.405600 181418975.777514
1389.628000 7191849511.314726
1389.739200 182984477.017303
1389.961600 7197964104.437701
1390.184000 158044238.630413
1390.295100 7195249570.906272
1390.406300 179289762.154073
1390.517500 160318214.299887
1390.628700 7197315036.929540
1390.739900 201401864.826262
1390.851100 181751170.615061
1390.962300 7197161672.026952
1391.073500 203198904.019953
1391.184700 187763444.761073
1391.295800 7193508502.061363
1391.407000 200344445.912528
1391.629400 7192353652.964697
1391.740600 115205659.111450
1391.851800 130791297.217005
1391.963000 7189753096.726173
1392.074200 176160825.233674
1392.185300 153247901.523525
1392.296500 7187197426.219571
1392.407700 117104316.076649
1392.518900 220774156.174584
1392.630100 7185724086.003368
1392.741300 186867861.283027
1392.963700 7183275846.754021
1393.186000 159730957.719576
1393.297200 7181256395.401592
1393.408400 125949130.483765
1393.519600 121778242.238125
1393.630800 7177698235.769290
1393.964400 7177922113.086826
1394.186700 118527216.148142
1394.297900 7176824613.612769
1394.520300 189360415.140940
1394.631500 7174373404.750731
1394.853900 120639576.407184
1394.965000 7171886676.567089
1395.076200 123943536.943079
1395.187400 120299605.295873
1395.298600 7171064757.395396
1395.521000 123368288.910177
1395.632200 7170520657.938690
1395.854600 140586568.778366
1395.965700 7168757306.364225
1396.076900 169787864.842499
1396.188100 127327624.513573
1396.299300 7166378507.013399
1396.410500 118543498.758220
1396.632900 7164406921.549600
1396.855200 157206899.971233
1396.966400 7162399593.399797
1397.300000 7160751019.185524
1397.411200 153924312.165763
1397.633600 7158542827.712607
1397.855900 139307065.549725
1397.967100 7157900071.894750
1398.300700 7156176763.886684
1398.523100 144640750.082904
1398.634300 7154384963.214527
1398.967800 7152802644.448622
1399.190200 176508085.955754
1399.301400 7152687830.258587
1399.634900 7149103075.096002
1399.746100 123463106.485703
1399.857300 125680599.954817
1399.968500 7149618063.512441
1400.079700 134964431.720390
1400.190900 151711470.369167
1400.302100 7148919203.017977
1400.524400 162472527.039328
1400.635600 7148077584.344378
1400.746800 141484114.287289
1400.969200 7146691751.740217
1401.080400 115246439.584648
1401.302800 7147870410.984942
1401.525100 124612426.569101
1401.636300 7146777462.345718
1401.969900 7146546685.809318
1402.303500 7144905996.767769
1402.525800 127413688.763728
1402.637000 7144108544.457314
1402.859400 158694997.836662
1402.970600 7143299121.596821
1403.081800 119803933.405866
1403.193000 200810762.218199
1403.304100 7141117445.771646
1403.526500 122285122.440623
1403.637700 7140158027.000583
1403.971300 7138295190.582191
1404.082500 118219913.904283
1404.304800 7138607885.686545
1404.638400 7136163294.442538
1404.860800 145517040.723813
1404.972000 7136019035.044273
1405.083200 139266763.091173
1405.305500 7136199214.046806
1405.416700 171915244.531375
1405.527900 127763693.414639
1405.639100 7134160922.419835
1405.861500 130858151.493202
1405.972700 7133212035.263360
1406.195000 153199663.487655
1406.306200 7133329067.607746
1406.639800 7131472052.595583
1406.751000 138701272.146593
1406.973400 7130530441.673636
1407.084500 122822801.628033
1407.306900 7130105327.060105
1407.418100 133582365.954151
1407.529300 137878385.210014
1407.640500 7129579750.947784
1407.751700 162410620.300642
1407.974000 7128447192.310100
1408.307600 7128419959.154792
1408.418800 117789062.154674
1408.641200 7126584549.574028
1408.974700 7125771320.499699
1409.085900 143359503.524950
1409.308300 7125187369.468984
1409.641900 7124003625.156306
1409.975400 7124447409.444518
1410.309000 7123681099.742386
1410.531400 120961943.942163
1410.642600 7123041709.846410
1410.976100 7121612756.154618
1411.087300 117793439.342407
1411.309700 7121178592.869747
1411.420900 120817668.619178
1411.643300 7118957782.139494
1411.976800 7117206864.989027
1412.310400 7117069589.516088
1412.643900 7116609476.580262
1412.977500 7115445502.966949
1413.311100 7114928076.823300
1413.644600 7113703644.544105
1413.978200 7113345210.045382
1414.089400 115403126.599792
1414.311800 7112212153.640656
1414.645300 7111764319.958271
1414.867700 138199422.882375
1414.978900 7110040214.776962
1415.312500 7109709893.333774
1415.534800 116356059.577334
1415.646000 7108829163.755139
1415.979600 7107872110.585610
1416.313100 7106495065.518277
1416.535500 123407557.794560
1416.646700 7106047532.369942
1416.980300 7105188130.912194
1417.313800 7104752813.136861
1417.647400 7103291961.634722
1417.981000 7102074098.813797
1418.314500 7102208297.862414
1418.648100 7100126708.910888
1418.981700 7099034990.213654
1419.315200 7098510978.455769
1419.648800 7097486872.872090
1419.871200 118916446.194146
1419.982400 7096677916.837172
1420.315900 7095227970.257079
1420.649500 7094896922.297337
1420.983000 7094800290.284855
1421.316600 7092826029.958278
1421.650200 7093049436.376215
1421.983700 7091699487.783443
1422.317300 7090682857.240888
1422.650900 7090524252.899181
1422.984400 7089002665.737480
1423.318000 7088442154.371058
1423.429200 121674589.455732
1423.651600 7087527740.841387
1423.985100 7086393916.824039
1424.318700 7086324475.753330
1424.652300 7085033784.623006
1424.985800 7084949763.184146
1425.319400 7083894865.867179
1425.652900 7082670749.883151
1425.986500 7081923778.835343
1426.320100 7081335613.659616
1426.653600 7080281028.418792
1426.987200 7080028486.145658
1427.320800 7078845263.332181
1427.654300 7078276422.999316
1427.987900 7077269794.317424
1428.321500 7076507886.697522
1428.655000 7076263866.477372
1428.988600 7074605838.852244
1429.322100 7074347657.228422
1429.655700 7072520669.752344
1429.989300 7072443724.645787
1430.322800 7071526503.012172
1430.656400 7070650269.000390
1430.990000 7069908235.764205
1431.323500 7068672032.523279
1431.657100 7068193055.441539
1431.990700 7067410841.568647
1432.324200 7065915355.499984
1432.657800 7065892454.729321
1432.991400 7064487537.654822
1433.324900 7063810330.393796
1433.658500 7063530404.729534
1433.992000 7062529083.201506
1434.325600 7061361962.190098
1434.659200 7060582336.651799
1434.992700 7059231442.691411
1435.326300 7058798484.178312
1435.659900 7058261280.649203
1435.993400 7057059512.979740
1436.327000 7055720743.221606
1436.660600 7055839629.569623
1436.994100 7055002747.379027
1437.327700 7054294070.768319
1437.661300 7053253652.397552
1437.994800 7052435744.806278
1438.328400 7052045922.130828
1438.661900 7051207937.193527
1438.995500 7050092334.682595
1439.329100 7048860415.151047
1439.662600 7048208229.332647
1439.996200 7048520313.097769
1440.329800 7047326159.509605
1440.663300 7046418022.307552
1440.996900 7045537241.708003
1441.330500 7044837763.973904
1441.664000 7044337786.947017
1441.997600 7044226146.439983
1442.331100 7043436620.919021
1442.664700 7042536095.256836
1442.998300 7042252368.994042
1443.331800 7041629635.747337
1443.665400 7041459362.839415
1443.999000 7040119552.208405
1444.332500 7039400100.077586
1444.666100 7039884841.403756
1444.999700 7039132756.769500
1445.333200 7038208461.988930
1445.666800 7037743700.101520
1446.000400 7037785181.042379
1446.333900 7036452905.538192
1446.667500 7035556189.140559
1447.001000 7035585327.669030
1447.334600 7034676105.489794
1447.668200 7033848042.703650
1448.001700 7033750931.001769
1448.335300 7033003685.495935
1448.668900 7032558293.450751
1449.002400 7032031925.880817
1449.336000 7032117801.994492
1449.669600 7031461080.837541
1450.003100 7030382577.887043
1450.336700 7030253265.789261
1450.670200 7030044176.084885
1451.003800 7029225811.082901
1451.337400 7028079302.457182
1451.670900 7028549449.178612
1452.004500 7027836643.632906
1452.338100 7027955108.753857
1452.671600 7028127122.380517
1453.005200 7027230565.322103
1453.338800 7026741967.223354
1453.672300 7026612455.469954
1454.005900 7025743110.564880
1454.339500 7024912331.013767
1454.673000 7024396026.885226
1455.006600 7024426684.865796
1455.340100 7023963160.318719
1455.673700 7023055529.178244
1456.007300 7023079805.305922
1456.340800 7022885015.139965
1456.674400 7022349724.289927
1457.008000 7021839450.503260
1457.341500 7021739035.057805
1457.675100 7020693949.275103
1458.008700 7020546925.707393
1458.342200 7020799727.831737
1458.675800 7020236106.272394
1459.009400 7019492995.446630
1459.342900 7018444856.424644
1459.676500 7018630927.468507
1460.010000 7017888403.833983
1460.343600 7017262646.516977
1460.677200 7016411580.309756
1461.010700 7016803037.039487
1461.344300 7016439255.366038
1461.677900 7015810795.431075
1462.011400 7015610743.636149
1462.345000 7014909192.190364
1462.678600 7013880098.840600
1463.012100 7013705541.193765
1463.345700 7013151858.573581
1463.679200 7012442749.885697
1464.012800 7012199045.873191
1464.346400 7011924482.491858
1464.679900 7011373828.872506
1465.013500 7011384057.944650
1465.347100 7010490880.073319
1465.680600 7010307507.519947
1466.014200 7009776763.087667
1466.347800 7009437808.394301
1466.681300 7008652517.176086
1467.014900 7008252224.865870
1467.348500 7007587963.983311
1467.682000 7007759010.662389
1468.015600 7007404395.434331
1468.349100 7006074987.546908
1468.682700 7006210003.057422
1469.016300 7006108028.424361
1469.349800 7005598711.760122
1469.683400 7005246807.797651
1470.017000 7004359373.547668
1470.350500 7003968370.992111
1470.684100 7004600159.902586
1471.017700 7004051735.759285
1471.351200 7003300225.754531
1471.684800 7002308241.846152
1472.018400 7001878379.895888
1472.351900 7001748778.534668
1472.685500 7002044336.126367
1473.019000 7001053183.713287
1473.352600 7000520051.967812
1473.686200 6999902926.557978
1474.019700 6999779422.637197
1474.353300 6999697453.272828
1474.686900 6999029691.053253
1475.020400 6998604358.885491
1475.354000 6998403123.220157
1475.687600 6998642657.199187
1476.021100 6997787433.468885
1476.354700 6997490345.713463
1476.688200 6996815916.175589
1477.021800 6996044091.432891
1477.355400 6995574601.740033
1477.688900 6995690488.945846
1478.022500 6994853985.604985
1478.356100 6995109678.436923
1478.689600 6994541456.478039
1479.023200 6993951386.357387
1479.356800 6993596647.383012
1479.690300 6993086671.034563
1480.023900 6992620319.624275
1480.357500 6992681085.732003
1480.691000 6992073360.921203
1481.024600 6991846546.668856
1481.358100 6991068617.796366
1481.691700 6990621910.262540
1482.025300 6990241191.436262
1482.358800 6989815355.194219
1482.692400 6989235757.678450
1483.026000 6988559248.794711
1483.359500 6988099270.512828
1483.693100 6987657923.857769
1484.026700 6987192409.979861
1484.360200 6986074841.654780
1484.693800 6986069047.840329
1485.027400 6985727335.056529
1485.360900 6985227012.927613
1485.694500 6984729402.195752
1486.028000 6984398782.310134
1486.361600 6983365940.719494
1486.695200 6983310464.824967
1487.028700 6982708222.742951
1487.362300 6981785224.181063
1487.695900 6981543631.286264
1488.029400 6981087473.763967
1488.363000 6980339588.220426
1488.696600 6979739320.943769
1489.030100 6979725139.277337
1489.363700 6979022469.448799
1489.697200 6978518915.921845
1490.030800 6978117738.024769
1490.364400 6977472501.516711
1490.697900 6976804401.975575
1491.031500 6976032445.592441
1491.365100 6975615703.423146
1491.698600 6975286935.211923
1492.032200 6975077515.455990
1492.365800 6974122404.444127
1492.699300 6973818377.363304
1493.032900 6973783502.578017
1493.366500 6973027103.459046
1493.700000 6972408340.769977
1494.033600 6971964731.326653
1494.367100 6971792328.104848
1494.700700 6970780646.761741
1495.034300 6970616849.220778
1495.367800 6970196774.297333
1495.701400 6969595502.448570
1496.035000 6969155298.299614
1496.368500 6968576086.645485
1496.702100 6968265185.987288
1497.035700 6967940722.400114
1497.369200 6966812825.989792
1497.702800 6966450222.625164
1498.036400 6965690590.553524
1498.369900 6965131167.950973
1498.703500 6964764495.642850
1499.037000 6964422943.475355
1499.370600 6963723942.629171
1499.704200 6963094771.149308
1500.037700 6962231408.546625
1500.371300 6962217336.036747
1500.704900 6961635024.269981
1501.038400 6960835225.340001
1501.372000 6960436649.766512
1501.705600 6959877536.077406
1502.039100 6959501449.761268
1502.372700 6958777047.763246
1502.706200 6957993448.719488
1503.039800 6957203218.414394
1503.373400 6956961721.119739
1503.706900 6956736533.130714
1504.040500 6956328869.664124
1504.374100 6955661998.664973
1504.707600 6954808979.274747
1505.041200 6954392282.281496
1505.374800 6954066158.145682
1505.708300 6953562234.182042
1506.041900 6952735001.274025
1506.375500 6952030384.773323
1506.709000 6952307479.761412
1507.042600 6951159813.128174
1507.376100 6950696780.228766
1507.709700 6950754709.963461
1508.043300 6950022808.693245
1508.376800 6949153984.064690
1508.710400 6949313751.149136
1509.044000 6948634010.224108
1509.377500 6947863445.576913
1509.711100 6946936112.266649
1510.044700 6947004426.537766
1510.378200 6946643060.638990
1510.711800 6945761165.394653
1511.045400 6945218715.139775
1511.378900 6945068778.283811
1511.712500 6944706927.300915
1512.046000 6943996107.443164
1512.379600 6943618496.585461
1512.713200 6943277154.771992
1513.046700 6942888557.786887
1513.380300 6942339161.696361
1513.713900 6941683324.292574
1514.047400 6941914127.532024
1514.381000 6941092554.075961
1514.714600 6940773375.307280
1515.048100 6940513305.317818
1515.381700 6940158340.878681
1515.715200 6939143412.656281
1516.048800 6939124032.608453
1516.382400 6938146433.929558
1516.715900 6938419686.709530
1517.049500 6937782754.104958
1517.383100 6937569217.365048
1517.716600 6936790193.961519
1518.050200 6936648760.423204
1518.383800 6936243036.889468
1518.717300 6936140714.307341
1519.050900 6935488246.068627
1519.384500 6935457600.293417
1519.718000 6934710994.108462
1520.051600 6934275309.884293
1520.385100 6934388789.756755
1520.718700 6933620174.467618
1521.052300 6933076966.038165
1521.385800 6933172410.750291
1521.719400 6932427967.737975
1522.053000 6932380576.784260
1522.386500 6931859595.659761
1522.720100 6931395541.239022
1523.053700 6930724987.996119
1523.387200 6930330193.734792
1523.720800 6929841898.161053
1524.054400 6929869645.876698
1524.387900 6929513300.968792
1524.721500 6928969487.272623
1525.055000 6928522406.301568
1525.388600 6928183640.290421
1525.722200 6927946944.796400
1526.055700 6927617820.983302
1526.389300 6927093307.390538
1526.722900 6926804707.092350
1527.056400 6925913616.916842
1527.390000 6926091693.136147
1527.723600 6925728560.622258
1528.057100 6925311471.664563
1528.390700 6924980903.678082
1528.724200 6924691434.928193
1529.057800 6924360503.728228
1529.391400 6924228466.652526
1529.724900 6923736112.858163
1530.058500 6923359366.231519
1530.392100 6922860708.996082
1530.725600 6922907361.698935
1531.059200 6922224588.507905
1531.392800 6922136457.016535
1531.726300 6921709926.717488
1532.059900 6921337492.533372
1532.393500 6921088016.456258
1532.727000 6920988503.024807
1533.060600 6920551158.914017
1533.394100 6919811266.612652
1533.727700 6919585816.731961
1534.061300 6919015437.136663
1534.394800 6918583942.879668
1534.728400 6918472169.896618
1535.062000 6917715187.536005
1535.395500 6917671445.978036
1535.729100 6917380609.115087
1536.062700 6917135281.715596
1536.396200 6916431174.856150
1536.729800 6916097844.124664
1537.063400 6916006154.429077
1537.396900 6915402258.557303
1537.730500 6915179721.785288
1538.064000 6914767749.932579
1538.397600 6914298325.806766
1538.731200 6914136146.417611
1539.064700 6914039132.591706
1539.398300 6913552591.296659
1539.731900 6913247126.029970
1540.065400 6912739247.307290
1540.399000 6912335710.207397
1540.732600 6911997006.214810
1541.066100 6911458455.964154
1541.399700 6911255120.954667
1541.733200 6911085077.200887
1542.066800 6910748280.448295
1542.400400 6910145487.892928
1542.733900 6910316934.800159
1543.067500 6909681332.556626
1543.401100 6909038838.880068
1543.734600 6908782245.193042
1544.068200 6908594113.984559
1544.401800 6908328982.071292
1544.735300 6907615813.192642
1545.068900 6907759347.452538
1545.402500 6907134627.461656
1545.736000 6906931772.217686
1546.069600 6906409314.014006
1546.403100 6905864832.573358
1546.736700 6905653340.843607
1547.070300 6905165085.964640
1547.403800 6904703531.898643
1547.737400 6904534004.082154
1548.071000 6903979051.572815
1548.404500 6903457282.573796
1548.738100 6903060989.479910
1549.071700 6902766123.663166
1549.405200 6902325699.945322
1549.738800 6901668465.341947
1550.072400 6901546698.748242
1550.405900 6900717976.373748
1550.739500 6900463057.127758
1551.073000 6900133277.791049
1551.406600 6899594600.706991
1551.740200 6899077583.674438
1552.073700 6898838818.774491
1552.407300 6898431189.880790
1552.740900 6897735447.513755
1553.074400 6897245870.756134
1553.408000 6896796214.283828
1553.741600 6896451315.100448
1554.075100 6896244607.724500
1554.408700 6895404620.578962
1554.742200 6894918536.090050
1555.075800 6894924602.116790
1555.409400 6894134932.303033
1555.742900 6893737332.369071
1556.076500 6893286663.758635
1556.410100 6892801492.646545
1556.743600 6892441537.196332
1557.077200 6891967863.400224
1557.410800 6891849592.574220
1557.744300 6891095943.177788
1558.077900 6890837843.172398
1558.411500 6890357371.315102
1558.745000 6889910648.239552
1559.078600 6889499121.587867
1559.412100 6889250142.970252
1559.745700 6888666802.954452
1560.079300 6888233753.978186
1560.412800 6887835889.898924
1560.746400 6887250186.658795
1561.080000 6886744741.420369
1561.413500 6886430175.437303
1561.747100 6886088818.388537
1562.080700 6885531737.206385
1562.414200 6885208399.359376
1562.747800 6884608436.575136
1563.081300 6884587564.655484
1563.414900 6883670996.654914
1563.748500 6883260122.727275
1564.082000 6883191077.654208
1564.415600 6882733334.689412
1564.749200 6882231027.071609
1565.082700 6881351905.069646
1565.416300 6881414311.855327
1565.749900 6880726307.625797
1566.083400 6880173833.062705
1566.417000 6879979492.932876
1566.750600 6879393316.673047
1567.084100 6878995301.731583
1567.417700 6878712517.209740
1567.751200 6878150938.652224
1568.084800 6877717691.456633
1568.418400 6877125698.210698
1568.751900 6876778010.691280
1569.085500 6876183282.087318
1569.419100 6876008583.592669
1569.752600 6875243892.390310
1570.086200 6874407857.045951
1570.419800 6874390499.813830
1570.753300 6873949387.284398
1571.086900 6873310582.004235
1571.420500 6872744926.887550
1571.754000 6872282642.060978
1572.087600 6872141827.824977
1572.421100 6871255287.091044
1572.754700 6870895712.237427
1573.088300 6870161238.344115
1573.421800 6869894084.434067
1573.755400 6869418011.368388
1574.089000 6868761486.130351
1574.422500 6868144725.572141
1574.756100 6867679897.356081
1575.089700 6867277648.078101
1575.423200 6866959235.033433
1575.756800 6865942666.989095
1576.090300 6865908598.456218
1576.423900 6865437720.376991
1576.757500 6864973601.043255
1577.091000 6864532123.824064
1577.424600 6863853902.858287
1577.758200 6863497533.896516
1578.091700 6863166178.459194
1578.425300 6862718580.841025
1578.758900 6862375240.375423
1579.092400 6861953188.698283
1579.426000 6861423525.236570
1579.759600 6860921481.763380
1580.093100 6860412711.526422
1580.426700 6860379031.709510
1580.760200 6859897617.036506
1581.093800 6859115500.521346
1581.427400 6858796813.570257
1581.760900 6858305078.376006
1582.094500 6857886970.548724
1582.428100 6857543509.700181
1582.761600 6856673385.125468
1583.095200 6856445082.999743
1583.428800 6856088274.011532
1583.762300 6855655827.503597
1584.095900 6855313089.985729
1584.429500 6854740059.705105
1584.763000 6854352490.266675
1585.096600 6853737775.100543
1585.430100 6853174381.267348
1585.763700 6853138301.004182
1586.097300 6852614094.124251
1586.430800 6852015408.412653
1586.764400 6851846770.273476
1587.098000 6851258191.654705
1587.431500 6850918169.212255
1587.765100 6850265756.128708
1588.098700 6850034005.318764
1588.432200 6850129530.655872
1588.765800 6849138218.319145
1589.099300 6849170892.200403
1589.432900 6848742743.209171
1589.766500 6848296207.821821
1590.100000 6848120157.323192
1590.433600 6847564983.635220
1590.767200 6847331432.884789
1591.100700 6847015032.457660
1591.434300 6846384450.252601
1591.767900 6845716430.129480
1592.101400 6845468380.274859
1592.435000 6845073455.025583
1592.768600 6844843223.968994
1593.102100 6844385716.138021
1593.435700 6843821872.144111
1593.769200 6843692408.187580
1594.102800 6843220329.364255
1594.436400 6842678153.277578
1594.769900 6842063641.167834
1595.103500 6841799157.884313
1595.437100 6841459817.048325
1595.770600 6841214675.133141
1596.104200 6840759143.410134
1596.437800 6840264704.921404
1596.771300 6840091692.122255
1597.104900 6839373141.845737
1597.438500 6838884295.259411
1597.772000 6838694877.180478
1598.105600 6838245596.238353
1598.439100 6837747271.490959
1598.772700 6837614451.438232
1599.106300 6837285466.292666
1599.439800 6836541750.559446
1599.773400 6836578496.225985
1600.107000 6836046898.718120
1600.440500 6836127086.097431
1600.774100 6835168415.403709
1601.107700 6834922373.782230
1601.441200 6834756254.386989
1601.774800 6834274261.488492
1602.108300 6833717850.505522
1602.441900 6833285041.906796
1602.775500 6832980823.425318
1603.109000 6832300376.847742
1603.442600 6832236281.823188
1603.776200 6831753635.725294
1604.109700 6831332758.607233
1604.443300 6830773705.012005
1604.776900 6830857702.968514
1605.110400 6830017777.807212
1605.444000 6829878436.371154
1605.777600 6829720409.104958
1606.111100 6829086974.320903
1606.444700 6828645854.791477
1606.778200 6828293325.060770
1607.111800 6827943894.278490
1607.445400 6827573703.569226
1607.778900 6827335683.685756
1608.112500 6826865976.803043
1608.446100 6826594286.541427
1608.779600 6826312312.842342
1609.113200 6825659251.743341
1609.446800 6825379161.972910
1609.780300 6825113314.064469
1610.113900 6824831894.847555
1610.447500 6824547699.396705
1610.781000 6824261301.050901
1611.114600 6823599836.216682
1611.448100 6823174041.187286
1611.781700 6822949916.969552
1612.115300 6822062467.711514
1612.448800 6822259676.592134
1612.782400 6821883466.744081
1613.116000 6821589008.741107
1613.449500 6821392791.398772
1613.783100 6820628181.281966
1614.116700 6820370555.582196
1614.450200 6820143391.437794
1614.783800 6819650779.472088
1615.117300 6819569066.134205
1615.450900 6819142450.292494
1615.784500 6818719315.649183
1616.118000 6818646386.256814
1616.451600 6817839029.725725
1616.785200 6817727323.291266
1617.118700 6817261876.921041
1617.452300 6817366185.276195
1617.785900 6817022554.802245
1618.119400 6816746100.215092
1618.453000 6816675268.985987
1618.786600 6816225839.058425
1619.120100 6815753838.254185
1619.453700 6815727831.130098
1619.787200 6815383055.844037
1620.120800 6815415791.976911
1620.454400 6814897092.988394
1620.787900 6814662493.884358
1621.121500 6814630395.305137
1621.455100 6814480185.109889
1621.788600 6814263458.550660
1622.122200 6813761229.977074
1622.455800 6813844599.957838
1622.789300 6813250734.516953
1623.122900 6813276313.742506
1623.456500 6812954753.857476
1623.790000 6812441835.132662
1624.123600 6812402052.051184
1624.457100 6812092825.453758
1624.790700 6811985056.325939
1625.124300 6811539717.262446
1625.457800 6811424660.259561
1625.791400 6810818093.680461
1626.125000 6810854218.514487
1626.458500 6810266274.395867
1626.792100 6810437882.567036
1627.125700 6809634610.223372
1627.459200 6809766962.118649
1627.792800 6809128730.057089
1628.126300 6808770444.090940
1628.459900 6808359446.031290
1628.793500 6808199770.706479
1629.127000 6808086710.718677
1629.460600 6807917275.897888
1629.794200 6807478411.746246
1630.127700 6807544872.533738
1630.461300 6807214314.106388
1630.794900 6806681728.915354
1631.128400 6806539051.355686
1631.462000 6806246967.659225
1631.795600 6805930612.405766
1632.129100 6805668829.442670
1632.462700 6805369894.084058
1632.796200 6804839887.795459
1633.129800 6804916110.073973
1633.463400 6804416131.334701
1633.796900 6803915166.192417
1634.130500 6803914580.724433
1634.464100 6803572276.301189
1634.797600 6803327529.727851
1635.131200 6802807780.656075
1635.464800 6802406364.429966
1635.798300 6802186255.032311
1636.131900 6801733763.920108
1636.465500 6801518918.933521
1636.799000 6801057132.954971
1637.132600 6800956049.707396
1637.466100 6800502740.333577
1637.799700 6800307495.444566
1638.133300 6799543290.410702
1638.466800 6799162559.396333
1638.800400 6798901777.678970
1639.134000 6798710139.548463
1639.467500 6798289034.337897
1639.801100 6797949192.352980
1640.134700 6797454207.094736
1640.468200 6797024444.045101
1640.801800 6796899010.688070
1641.135300 6796272035.271221
1641.468900 6796032223.450533
1641.802500 6795495463.789300
1642.136000 6795209123.665316
1642.469600 6794972521.385348
1642.803200 6794239438.259361
1643.136700 6793668122.751942
1643.470300 6793742904.031048
1643.803900 6792984495.979577
1644.137400 6792839461.578560
1644.471000 6792309018.011743
1644.804600 6791688294.298799
1645.138100 6791660764.402763
1645.471700 6790851796.512907
1645.805200 6790383970.595846
1646.138800 6790004663.741187
1646.472400 6789769877.243717
1646.805900 6788901889.422228
1647.139500 6788523340.571661
1647.473100 6787951107.711895
1647.806600 6787928156.956064
1648.140200 6787230801.636741
1648.473800 6787082011.195089
1648.807300 6786349566.877828
1649.140900 6785967794.458790
1649.474500 6785766143.720909
1649.808000 6785059374.053221
1650.141600 6784622594.964679
1650.475100 6784183910.230925
1650.808700 6783911705.990579
1651.142300 6783746256.576761
1651.475800 6783032004.610736
1651.809400 6782781676.066645
1652.143000 6782350310.142485
1652.476500 6781847461.433630
1652.810100 6781327731.169683
1653.143700 6780874204.366555
1653.477200 6780577513.263374
1653.810800 6780166839.974051
1654.144300 6780118195.565400
1654.477900 6779441336.769160
1654.811500 6778941825.852944
1655.145000 6778664288.271486
1655.478600 6777973875.352701
1655.812200 6777795599.832593
1656.145700 6777564716.892488
1656.479300 6776917139.565056
1656.812900 6776417610.086249
1657.146400 6776335234.488990
1657.480000 6775691985.044163
1657.813600 6775275448.236016
1658.147100 6774867049.336926
1658.480700 6774605524.218526
1658.814200 6773888918.887386
1659.147800 6773452347.972887
1659.481400 6773570924.278588
1659.814900 6772580946.455625
1660.148500 6772395811.833723
1660.482100 6772008915.594343
1660.815600 6771587324.794778
1661.149200 6771258161.403959
1661.482800 6770342639.790867
1661.816300 6769969010.177634
1662.149900 6769802875.959516
1662.483500 6769203988.522359
1662.817000 6769077779.056652
1663.150600 6768798672.246634
1663.484100 6768289914.855054
1663.817700 6767656194.770034
1664.151300 6767697348.215948
1664.484800 6767178854.713957
1664.818400 6766716341.207299
1665.152000 6766441632.804709
1665.485500 6765807835.863472
1665.819100 6765663575.592635
1666.152700 6765266457.280982
1666.486200 6764655515.865318
1666.819800 6764605129.322141
1667.153300 6764068009.891221
1667.486900 6763825746.435206
1667.820500 6763639490.217850
1668.154000 6763078068.813006
1668.487600 6762798674.670177
1668.821200 6762171972.518876
1669.154700 6762122960.145564
1669.488300 6761807793.307764
1669.821900 6761429561.305452
1670.155400 6761283038.675776
1670.489000 6761111381.566731
1670.822600 6760711014.348984
1671.156100 6760542301.899167
1671.489700 6760233020.132376
1671.823200 6759857852.644390
1672.156800 6759504064.272704
1672.490400 6759247131.052014
1672.823900 6758947387.965617
1673.157500 6758491234.945724
1673.491100 6758526774.889513
1673.824600 6758061529.897005
1674.158200 6757800155.998528
1674.491800 6757445298.491028
1674.825300 6757104144.011000
1675.158900 6756884054.436423
1675.492400 6756392416.930910
1675.826000 6756153844.190661
1676.159600 6755894690.521154
1676.493100 6755636229.828415
1676.826700 6755126513.448404
1677.160300 6754896995.489914
1677.493800 6754576383.708252
1677.827400 6753919973.453715
1678.161000 6753869261.104734
1678.494500 6753409009.997188
1678.828100 6752741618.703304
1679.161700 6752728101.160652
1679.495200 6752135632.441928
1679.828800 6751907784.276550
1680.162300 6751572377.650929
1680.495900 6751076280.412234
1680.829500 6750939966.462926
1681.163000 6750560561.282758
1681.496600 6750076620.575293
1681.830200 6749541868.407544
1682.163700 6749383530.646433
1682.497300 6748954405.790602
1682.830900 6748800519.144197
1683.164400 6748415050.034248
1683.498000 6748170213.171033
1683.831600 6747608912.032046
1684.165100 6747532168.669112
1684.498700 6747212561.111550
1684.832200 6746936261.117807
1685.165800 6746629223.663239
1685.499400 6746469588.597231
1685.832900 6745993697.380283
1686.166500 6745617468.563568
1686.500100 6745534857.596653
1686.833600 6745194816.329656
1687.167200 6744867335.031070
1687.500800 6744568661.540046
1687.834300 6744504490.718700
1688.167900 6744150026.309831
1688.501400 6743775424.168677
1688.835000 6743470119.820392
1689.168600 6743104267.417109
1689.502100 6742770237.992447
1689.835700 6742341412.301721
1690.169300 6742204682.623644
1690.502800 6742011545.789782
1690.836400 6741689708.656103
1691.170000 6741229608.863213
1691.503500 6741112822.897882
1691.837100 6740771044.270703
1692.170700 6740290776.296549
1692.504200 6739746483.828582
1692.837800 6739598701.351352
1693.171300 6739235863.388843
1693.504900 6738986524.783186
1693.838500 6738634583.781878
1694.172000 6738278738.502878
1694.505600 6737872844.711157
1694.839200 6737614266.129723
1695.172700 6737170008.121435
1695.506300 6736961241.219707
1695.839900 6736421707.354867
1696.173400 6736325771.495786
1696.507000 6735918197.007293
1696.840600 6735582887.757401
1697.174100 6735116018.284627
1697.507700 6734706469.389360
1697.841200 6734338064.089942
1698.174800 6733967232.950144
1698.508400 6733612950.470689
1698.841900 6733349390.235993
1699.175500 6732877945.794872
1699.509100 6732537480.053817
1699.842600 6732232408.559052
1700.176200 6731914389.938167
1700.509800 6731657393.126930
1700.843300 6731367793.649969
1701.176900 6731142794.753531
1701.510400 6730589277.820868
1701.844000 6730220276.083053
1702.177600 6729787215.468772
1702.511100 6729513782.774609
1702.844700 6729213554.161512
1703.178300 6728772803.019423
1703.511800 6728646354.654236
1703.845400 6728263433.453217
1704.179000 6727786354.561305
1704.512500 6727507585.284665
1704.846100 6727195606.731670
1705.179700 6726859839.390645
1705.513200 6726425558.170186
1705.846800 6726154330.982860
1706.180300 6725637838.996239
1706.513900 6725108634.304600
1706.847500 6724922662.974084
1707.181000 6724599024.317890
1707.514600 6724353307.539958
1707.848200 6723751704.214277
1708.181700 6723392772.805109
1708.515300 6722934196.833629
1708.848900 6722508108.751183
1709.182400 6722257641.758897
1709.516000 6721759438.293889
1709.849600 6721408885.105756
1710.183100 6721131020.912058
1710.516700 6720372246.609361
1710.850200 6720367564.427039
1711.183800 6719834376.954324
1711.517400 6719211350.825276
1711.850900 6719037678.449991
1712.184500 6718300213.627496
1712.518100 6717918458.710744
1712.851600 6717491457.559370
1713.185200 6717280338.444900
1713.518800 6716689455.241922
1713.852300 6716324836.926430
1714.185900 6715915592.719136
1714.519400 6715337569.215264
1714.853000 6714652157.458200
1715.186600 6714653244.707673
1715.520100 6714170963.515062
1715.853700 6713652395.420613
1716.187300 6713290306.016270
1716.520800 6712757576.273640
1716.854400 6712002344.044302
1717.188000 6711750140.678246
1717.521500 6711321695.350864
1717.855100 6711045428.830504
1718.188700 6710650548.717789
1718.522200 6709881361.027420
1718.855800 6709680585.707458
1719.189300 6709210748.242119
1719.522900 6708431734.763284
1719.856500 6708043009.811839
1720.190000 6707771717.079300
1720.523600 6707287004.930699
1720.857200 6707324723.107003
1721.190700 6706621011.274454
1721.524300 6706194949.890242
1721.857900 6705789405.438292
1722.191400 6705683063.579886
1722.525000 6705636329.533221
1722.858600 6705216199.155496
1723.192100 6704588147.736645
1723.525700 6704155040.711864
1723.859200 6704040545.528120
1724.192800 6703677472.840928
1724.526400 6703635678.581136
1724.859900 6703158925.757246
1725.193500 6702678525.390558
1725.527100 6702295934.184252
1725.860600 6702173869.223842
1726.194200 6702032488.911819
1726.527800 6701386706.639729
1726.861300 6701041025.333354
1727.194900 6700635564.091621
1727.528400 6700115560.445903
1727.862000 6699900946.387107
1728.195600 6699871721.257060
1728.529100 6699645776.270518
1728.862700 6698924126.689662
1729.196300 6698567465.898047
1729.529800 6698257142.830398
1729.863400 6697901250.835440
1730.197000 6697772904.907790
1730.530500 6697370322.142273
1730.864100 6697110883.321922
1731.197700 6696658771.912847
1731.531200 6696367300.353109
1731.864800 6696128102.453305
1732.198300 6695600208.104980
1732.531900 6694987846.493696
1732.865500 6695008822.158943
1733.199000 6694579884.816692
1733.532600 6694437530.214274
1733.866200 6694034692.871254
1734.199700 6693705653.463141
1734.533300 6693476104.282144
1734.866900 6692995696.391574
1735.200400 6693039096.223634
1735.534000 6692684177.969578
1735.867600 6692465734.729386
1736.201100 6691977195.191381
1736.534700 6691646472.902746
1736.868200 6691490721.250347
1737.201800 6691327724.177661
1737.535400 6691046108.854692
1737.868900 6690894921.513777
1738.202500 6690350047.739580
1738.536100 6690067168.955791
1738.869600 6689847417.007772
1739.203200 6689922093.026895
1739.536800 6689365900.725271
1739.870300 6689222969.229919
1740.203900 6689279145.745100
1740.537400 6689234020.138033
1740.871000 6688895936.312178
1741.204600 6688605065.486015
1741.538100 6688150713.428325
1741.871700 6687995595.169556
1742.205300 6687768988.962135
1742.538800 6687349208.040359
1742.872400 6687271582.416880
1743.206000 6686929424.201466
1743.539500 6686686778.284436
1743.873100 6686471605.542526
1744.206700 6686086399.401596
1744.540200 6685963215.279974
1744.873800 6685866687.233783
1745.207300 6685263217.913193
1745.540900 6685105717.421002
1745.874500 6684732368.234114
1746.208000 6684475462.509513
1746.541600 6684621465.308054
1746.875200 6684190034.639132
1747.208700 6683821391.144523
1747.542300 6683675498.361026
1747.875900 6683422548.579099
1748.209400 6683110053.599642
1748.543000 6682850296.723573
1748.876600 6682644104.656339
1749.210100 6682325307.624640
1749.543700 6681936828.425447
1749.877200 6681605199.107911
1750.210800 6681222059.915057
1750.544400 6681057100.442533
1750.877900 6680733318.198577
1751.211500 6680238791.035269
1751.545100 6680196771.908945
1751.878600 6679672690.841960
1752.212200 6679480478.428323
1752.545800 6679308045.827063
1752.879300 6678886153.162166
1753.212900 6678569335.383863
1753.546400 6678390379.542177
1753.880000 6678069491.540468
1754.213600 6677839488.792750
1754.547100 6677488450.499643
1754.880700 6677039820.667599
1755.214300 6676805304.478938
1755.547800 6676353615.459652
1755.881400 6676230305.399017
1756.215000 6675694593.304800
1756.548500 6675327130.380902
1756.882100 6675188432.407310
1757.215700 6674749449.294291
1757.549200 6674506969.560734
1757.882800 6674170066.881174
1758.216300 6673759700.154941
1758.549900 6673401026.609052
1758.883500 6672929936.853346
1759.217000 6672688610.952556
1759.550600 6672335844.941747
1759.884200 6671973335.576282
1760.217700 6671682641.929267
1760.551300 6671375875.409701
1760.884900 6670899333.825124
1761.218400 6670440028.832667
1761.552000 6670346138.624174
1761.885600 6669890823.186478
1762.219100 6669611112.833183
1762.552700 6669211749.129691
1762.886200 6668868663.317540
1763.219800 6668467012.043455
1763.553400 6668177226.780785
1763.886900 6667875934.613541
1764.220500 6667392685.928879
1764.554100 6667120500.740681
1764.887600 6666821829.945527
1765.221200 6666345307.256469
1765.554800 6665972275.139881
1765.888300 6665661065.949241
1766.221900 6665068414.684315
1766.555400 6664756956.744583
1766.889000 6664424315.145713
1767.222600 6664115373.996202
1767.556100 6663623356.637807
1767.889700 6663688083.726295
1768.223300 6663302949.623641
1768.556800 6663027149.357674
1768.890400 6662549664.328556
1769.224000 6662204472.538491
1769.557500 6661803691.158330
1769.891100 6661337619.965462
1770.224700 6660972875.066511
1770.558200 6660640297.858408
1770.891800 6660257837.816970
1771.225300 6660009878.102207
1771.558900 6659563075.005660
1771.892500 6659460638.688492
1772.226000 6659262428.526745
1772.559600 6658586189.511032
1772.893200 6658731169.015169
1773.226700 6658233909.122294
1773.560300 6658039163.822287
1773.893900 6657806151.980542
1774.227400 6657720045.866459
1774.561000 6657334821.617168
1774.894600 6657064707.904140
1775.228100 6656734457.255321
1775.561700 6656501742.916951
1775.895200 6656545541.695262
1776.228800 6655985067.321852
1776.562400 6655921111.143913
1776.895900 6655818257.352537
1777.229500 6655413529.243588
1777.563100 6655119224.299287
1777.896600 6654998801.792707
1778.230200 6654989395.265263
1778.563800 6654299575.612806
1778.897300 6654064564.871214
1779.230900 6653808798.026542
1779.564400 6653775868.691793
1779.898000 6653135741.455962
1780.231600 6652823757.072420
1780.565100 6652602687.361450
1780.898700 6652033866.090675
1781.232300 6652271831.213536
1781.565800 6651579936.376534
1781.899400 6651389444.088541
1782.233000 6650988356.442306
1782.566500 6650840095.969848
1782.900100 6650499320.433681
1783.233700 6650432520.218610
1783.567200 6649767428.347359
1783.900800 6649771885.873901
1784.234300 6649166571.647065
1784.567900 6649019402.765328
1784.901500 6648786885.426115
1785.235000 6648624206.533916
1785.568600 6647867779.006419
1785.902200 6647620198.446399
1786.235700 6647566879.624109
1786.569300 6647155709.431930
1786.902900 6646788049.768111
1787.236400 6646589679.148503
1787.570000 6646412190.246360
1787.903500 6645935256.969954
1788.237100 6645711804.843958
1788.570700 6645302128.269974
1788.904200 6645043173.231551
1789.237800 6644896490.196770
1789.571400 6644547529.559122
1789.904900 6644069782.343323
1790.238500 6643858405.832490
1790.572100 6643672239.594534
1790.905600 6643318206.374720
1791.239200 6643135789.072795
1791.572800 6642592998.674599
1791.906300 6642596933.545609
1792.239900 6642185948.022680
1792.573400 6642018079.718560
1792.907000 6641846052.991731
1793.240600 6641569496.556328
1793.574100 6641314969.274060
1793.907700 6640841430.221512
1794.241300 6640782888.779696
1794.574800 6640455455.905989
1794.908400 6640364297.180763
1795.242000 6639825119.917055
1795.575500 6639594250.005136
1795.909100 6639410546.779765
1796.242700 6639202289.768834
1796.576200 6638947118.223383
1796.909800 6638442618.601460
1797.243300 6638538653.102997
1797.576900 6638137517.055861
1797.910500 6637776585.663722
1798.244000 6637313898.786296
1798.577600 6637275706.691214
1798.911200 6636995426.406568
1799.244700 6636722391.536012
1799.578300 6636287698.455729
1799.911900 6636060079.054029
1800.245400 6635626715.428631
1800.579000 6635532297.268762
1800.912500 6635097413.861545
1801.246100 6634873091.394209
1801.579700 6634515175.884015
1801.913200 6634391902.324681
1802.246800 6634051045.163606
1802.580400 6633844868.884628
1802.913900 6633590136.495799
1803.247500 6633319483.979979
1803.581100 6633028167.806428
1803.914600 6632569671.122027
1804.248200 6632579106.430122
1804.581800 6632055218.019254
1804.915300 6631688902.136519
1805.248900 6631422775.966669
1805.582400 6631090660.242502
1805.916000 6630904960.558361
1806.249600 6630503902.724733
1806.583100 6630216772.938671
1806.916700 6629925842.771732
1807.250300 6629518972.062477
1807.583800 6629284206.052350
1807.917400 6628981319.503320
1808.251000 6628464922.432160
1808.584500 6628213984.339678
1808.918100 6628048431.805095
1809.251700 6627576722.378115
1809.585200 6627059806.281512
1809.918800 6627004543.251822
1810.252300 6626440971.316060
1810.585900 6626057004.708452
1810.919500 6625558222.469452
1811.253000 6625469036.597645
1811.586600 6625100587.456824
1811.920200 6624747430.369017
1812.253700 6624561472.065411
1812.587300 6624138355.182292
1812.920900 6623762338.072922
1813.254400 6623340262.243331
1813.588000 6623228158.510667
1813.921500 6622521618.716679
1814.255100 6622403030.933653
1814.588700 6621977998.130839
1814.922200 6621501510.396340
1815.255800 6621270928.270758
1815.589400 6620854138.584987
1815.922900 6620701817.293578
1816.256500 6620285597.589400
1816.590100 6619985886.149963
1816.923600 6619698045.019657
1817.257200 6619260941.929033
1817.590800 6619052016.841660
1817.924300 6618417277.811345
1818.257900 6618188770.642962
1818.591400 6617659276.840415
1818.925000 6617401277.855037
1819.258600 6617254497.296314
1819.592100 6616661145.648048
1819.925700 6616414946.546638
1820.259300 6616031415.808273
1820.592800 6615723145.064414
1820.926400 6615281118.131408
1821.260000 6614931336.659636
1821.593500 6614707661.524818
1821.927100 6614443558.588535
1822.260700 6614164652.457073
1822.594200 6613587052.930667
1822.927800 6613262247.374101
1823.261300 6612949728.865716
1823.594900 6612663264.140456
1823.928500 6612262940.462464
1824.262000 6611933193.331043
1824.595600 6611937934.993845
1824.929200 6611521825.808578
1825.262700 6611188102.170676
1825.596300 6610862577.862851
1825.929900 6610613580.299305
1826.263400 6610408360.751472
1826.597000 6610105542.705325
1826.930500 6609836297.080940
1827.264100 6609455679.924067
1827.597700 6609284213.881338
1827.931200 6609050819.951526
1828.264800 6608821273.916729
1828.598400 6608586223.150951
1828.931900 6608331273.523654
1829.265500 6608287479.906331
1829.599100 6608100081.024627
1829.932600 6607681506.948862
1830.266200 6607351808.447771
1830.599800 6606918399.604712
1830.933300 6606877617.980618
1831.266900 6606381529.396300
1831.600400 6606111847.591192
1831.934000 6605996802.285988
1832.267600 6605533995.341713
1832.601100 6605375383.309409
1832.934700 6605035394.444901
1833.268300 6604841100.133581
1833.601800 6604453406.310266
1833.935400 6604200937.468570
1834.269000 6603944703.057942
1834.602500 6603802982.360625
1834.936100 6603389041.607777
1835.269700 6603155477.366729
1835.603200 6602675219.461079
1835.936800 6602702913.936978
1836.270300 6602127130.600081
1836.603900 6601697048.227108
1836.937500 6601662480.493041
1837.271000 6601465111.237750
1837.604600 6601005762.977003
1837.938200 6600860658.210756
1838.271700 6600579748.157654
1838.605300 6600362128.743558
1838.938900 6600045838.329574
1839.272400 6599633598.106506
1839.606000 6599377714.450040
1839.939500 6599036658.901077
1840.273100 6598833686.276756
1840.606700 6598306113.476857
1840.940200 6598098522.380108
1841.273800 6597991512.171700
1841.607400 6597823004.933690
1841.940900 6597217918.131259
1842.274500 6597040011.696121
1842.608100 6596896460.943692
1842.941600 6596699364.811056
1843.275200 6596216707.299056
1843.608800 6595995762.030728
1843.942300 6595776075.892371
1844.275900 6595640268.766562
1844.609400 6595199083.202415
1844.943000 6594976826.364675
1845.276600 6594875176.181619
1845.610100 6594533521.289562
1845.943700 6594392513.588111
1846.277300 6593900048.290689
1846.610800 6593813176.847438
1846.944400 6593539462.333200
1847.278000 6593235784.681978
1847.611500 6592986554.759560
1847.945100 6592694474.243377
1848.278700 6592496223.604934
1848.612200 6592065217.327739
1848.945800 6591935260.278414
1849.279300 6591543412.799550
1849.612900 6591378495.456367
1849.946500 6590992395.155538
1850.280000 6590722495.369226
1850.613600 6590400967.163409
1850.947200 6590299539.954137
1851.280700 6589914090.200372
1851.614300 6589694453.898567
1851.947900 6589254398.582572
1852.281400 6589187631.813725
1852.615000 6588977984.691233
1852.948500 6588524947.490307
1853.282100 6588305758.326511
1853.615700 6588199871.072061
1853.949200 6587861440.765857
1854.282800 6587542811.135599
1854.616400 6587354012.416481
1854.949900 6587065115.914867
1855.283500 6586811072.589965
1855.617100 6586516020.131830
1855.950600 6586400019.500054
1856.284200 6585831499.615212
1856.617800 6585809374.054006
1856.951300 6585219372.847280
1857.284900 6585067586.921533
1857.618400 6584507566.092157
1857.952000 6584483868.673217
1858.285600 6584118008.326057
1858.619100 6583871336.999412
1858.952700 6583352394.478031
1859.286300 6583184331.972735
1859.619800 6582749822.747868
1859.953400 6582456679.946116
1860.287000 6582257245.822621
1860.620500 6581882275.756167
1860.954100 6581444570.203910
1861.287700 6581136605.814142
1861.621200 6580876667.379650
1861.954800 6580559674.666208
1862.288300 6580318646.224152
1862.621900 6580038315.550599
1862.955500 6579709531.605944
1863.289000 6579254709.433920
1863.622600 6579105147.468428
1863.956200 6578465796.255306
1864.289700 6578079161.198272
1864.623300 6578068050.266766
1864.956900 6577823317.558835
1865.290400 6577313355.828943
1865.624000 6577274800.307875
1865.957500 6576911587.778663
1866.291100 6576427897.453932
1866.624700 6576255016.720408
1866.958200 6575650527.287810
1867.291800 6575675170.215202
1867.625400 6575297365.784648
1867.958900 6574928295.827347
1868.292500 6574488605.549694
1868.626100 6574259702.386681
1868.959600 6573862761.127148
1869.293200 6573682903.380683
1869.626800 6573450976.892429
1869.960300 6573109238.540401
1870.293900 6572872660.764231
1870.627400 6572229930.892605
1870.961000 6572202197.009050
1871.294600 6571920899.365522
1871.628100 6571557090.039067
1871.961700 6571352378.057781
1872.295300 6571026301.099491
1872.628800 6570640884.584765
1872.962400 6570578918.065116
1873.296000 6569897352.109045
1873.629500 6569863434.587418
1873.963100 6569464895.039012
1874.296700 6569277772.575184
1874.630200 6568977183.839988
1874.963800 6568511264.625169
1875.297300 6568232065.310526
1875.630900 6568238467.433876
1875.964500 6567778838.644319
1876.298000 6567726783.515096
1876.631600 6567115645.379281
1876.965200 6566857939.957477
1877.298700 6566673165.422351
1877.632300 6566494772.670473
1877.965900 6566202926.957507
1878.299400 6565921081.747586
1878.633000 6565580737.188587
1878.966500 6565176118.952713
1879.300100 6565503766.401466
1879.633700 6565109963.603248
1879.967200 6564567086.406049
1880.300800 6564496135.726551
1880.634400 6564036819.085019
1880.967900 6563937939.934670
1881.301500 6563638791.249573
1881.635100 6563502889.140512
1881.968600 6563084330.723398
1882.302200 6562890893.322322
1882.635800 6562467514.626259
1882.969300 6562513143.754839
1883.302900 6562334397.303782
1883.636400 6562148261.638636
1883.970000 6561852816.370293
1884.303600 6561488545.432122
1884.637100 6561331364.867100
1884.970700 6560976103.463720
1885.304300 6560800132.003461
1885.637800 6560738818.581818
1885.971400 6560448943.870981
1886.305000 6560218539.422738
1886.638500 6559984673.920458
1886.972100 6559609185.950893
1887.305700 6559167324.244245
1887.639200 6559385863.980852
1887.972800 6558983092.805234
1888.306300 6558634182.682302
1888.639900 6558479325.978206
1888.973500 6558121334.128145
1889.307000 6557918517.896414
1889.640600 6557490447.283249
1889.974200 6557398282.340369
1890.307700 6557255739.977400
1890.641300 6556781961.432788
1890.974900 6556621495.319841
1891.308400 6556606303.773739
1891.642000 6556022816.309149
1891.975500 6555920708.990541
1892.309100 6555850782.727179
1892.642700 6555537412.964100
1892.976200 6555281662.202996
1893.309800 6554940979.798386
1893.643400 6555055133.998364
1893.976900 6554667477.792196
1894.310500 6554337179.767663
1894.644100 6554341876.489058
1894.977600 6554079018.869296
1895.311200 6553930532.449426
1895.644800 6553613380.731371
1895.978300 6553350347.720737
1896.311900 6553052322.559031
1896.645400 6553055179.109990
1896.979000 6552678832.266042
1897.312600 6552442904.139891
1897.646100 6552171260.795557
1897.979700 6551989945.160941
1898.313300 6551716232.589993
1898.646800 6551593290.857520
1898.980400 6551373462.692107
1899.314000 6551196712.059107
1899.647500 6550859803.829481
1899.981100 6550793307.880828
1900.314600 6550498265.668176
1900.648200 6550199083.761150
1900.981800 6550075496.042624
1901.315300 6549853366.047279
1901.648900 6549603666.946732
1901.982500 6549486747.594920
1902.316000 6549215996.439044
1902.649600 6548983313.639608
1902.983200 6548687165.297965
1903.316700 6548526598.774667
1903.650300 6548319273.019741
1903.983900 6548115291.747576
1904.317400 6547638067.634134
1904.651000 6547687895.497784
1904.984500 6547396942.252249
1905.318100 6547310053.399696
1905.651700 6546976398.153391
1905.985200 6546705499.854912
1906.318800 6546570350.596898
1906.652400 6546495719.111238
1906.985900 6546301881.856713
1907.319500 6545877388.871862
1907.653100 6545550489.964096
1907.986600 6545494361.843101
1908.320200 6545037015.472938
1908.653800 6544996040.699199
1908.987300 6544641702.532171
1909.320900 6544425330.750355
1909.654400 6544081224.534634
1909.988000 6543803211.882005
1910.321600 6543589458.099989
1910.655100 6543212183.898084
1910.988700 6542890782.119247
1911.322300 6542844975.158067
1911.655800 6542582767.496993
1911.989400 6542056927.047286
1912.323000 6541854541.775714
1912.656500 6541635431.132936
1912.990100 6541350539.757832
1913.323600 6541148232.476674
1913.657200 6540794565.379170
1913.990800 6540532798.446343
1914.324300 6540351625.825769
1914.657900 6540061553.721715
1914.991500 6539813939.750751
1915.325000 6539428863.474211
1915.658600 6539115610.344432
1915.992200 6538866474.005891
1916.325700 6538583066.744191
1916.659300 6538385284.142365
1916.992900 6538156715.698679
1917.326400 6537790542.485503
1917.660000 6537437332.024936
1917.993500 6537234368.264116
1918.327100 6536964025.881686
1918.660700 6536609327.526010
1918.994200 6536339419.452783
1919.327800 6536200864.527155
1919.661400 6535849235.899588
1919.994900 6535661931.334911
1920.328500 6535379018.536000
1920.662100 6535053687.313207
1920.995600 6535080112.104745
1921.329200 6534412841.388697
1921.662800 6534250278.161271
1921.996300 6533949233.590992
1922.329900 6533774234.090694
1922.663400 6533383804.812688
1922.997000 6533122589.167954
1923.330600 6533076403.229853
1923.664100 6532572122.887186
1923.997700 6532106440.777842
1924.331300 6532114981.944402
1924.664800 6531722760.276892
1924.998400 6531506762.242762
1925.332000 6531045259.996829
1925.665500 6530841930.660282
1925.999100 6530534358.539293
1926.332600 6530201686.926083
1926.666200 6530046640.922828
1926.999800 6529653400.514566
1927.333300 6529326227.609799
1927.666900 6528923856.372121
1928.000500 6528780600.355915
1928.334000 6528193359.769421
1928.667600 6528008436.270960
1929.001200 6527977254.065222
1929.334700 6527520415.514695
1929.668300 6527462216.876923
1930.001900 6527158436.243708
1930.335400 6526658843.320667
1930.669000 6526510125.069808
1931.002500 6526069050.027683
1931.336100 6525921843.825374
1931.669700 6525676181.518749
1932.003200 6525334242.809130
1932.336800 6525087724.836343
1932.670400 6525017072.702054
1933.003900 6524578991.253621
1933.337500 6524373931.718145
1933.671100 6523961185.966519
1934.004600 6523857414.638365
1934.338200 6523532518.767801
1934.671800 6523233877.686809
1935.005300 6523132127.057410
1935.338900 6522696560.609663
1935.672400 6522585437.301353
1936.006000 6522168401.301372
1936.339600 6522072043.423079
1936.673100 6521725104.801687
1937.006700 6521289526.380383
1937.340300 6521198879.691477
1937.673800 6521018922.008157
1938.007400 6520528601.191313
1938.341000 6520448465.403913
1938.674500 6520197404.771606
1939.008100 6519938563.584455
1939.341600 6519873804.697655
1939.675200 6519555138.840870
1940.008800 6519275437.627840
1940.342300 6519067455.527674
1940.675900 6518634259.508529
1941.009500 6518503484.211740
1941.343000 6518364608.200204
1941.676600 6517864177.179419
1942.010200 6517801357.015314
1942.343700 6517473406.903705
1942.677300 6517353959.945168
1943.010900 6517082574.509087
1943.344400 6516824027.423398
1943.678000 6516499609.605341
1944.011500 6516371303.570743
1944.345100 6516143007.280480
1944.678700 6516053739.123591
1945.012200 6515577412.079672
1945.345800 6515423242.605226
1945.679400 6515312893.707974
1946.012900 6515144786.220155
1946.346500 6514732786.863810
1946.680100 6514565068.898293
1947.013600 6514469620.600504
1947.347200 6514379086.715163
1947.680800 6513732815.768535
1948.014300 6513620390.761503
1948.347900 6513591630.507923
1948.681400 6513419060.506112
1949.015000 6513043449.783390
1949.348600 6512879705.481993
1949.682100 6512709893.831526
1950.015700 6512455433.147965
1950.349300 6512020194.002376
1950.682800 6511781130.434163
1951.016400 6511680985.922201
1951.350000 6511503112.602879
1951.683500 6511114673.782959
1952.017100 6511001818.337589
1952.350600 6510662740.069143
1952.684200 6510357890.440615
1953.017800 6510270551.863067
1953.351300 6510029134.852021
1953.684900 6509774833.985002
1954.018500 6509593763.540684
1954.352000 6509183304.834170
1954.685600 6509269013.626011
1955.019200 6508984028.571948
1955.352700 6508821841.426085
1955.686300 6508495072.677699
1956.019900 6508261911.696720
1956.353400 6508025846.421977
1956.687000 6507777252.495160
1957.020500 6507595789.140113
1957.354100 6507272055.705529
1957.687700 6507023181.846651
1958.021200 6506677006.147693
1958.354800 6506297796.743467
1958.688400 6506276075.225168
1959.021900 6506038261.718951
1959.355500 6505841892.477200
1959.689100 6505485947.646212
1960.022600 6505246772.755365
1960.356200 6505021819.035263
1960.689800 6504621891.508504
1961.023300 6504499435.052320
1961.356900 6504114660.453362
1961.690400 6503922585.839477
1962.024000 6503697751.258652
1962.357600 6503267719.094943
1962.691100 6503063930.288855
1963.024700 6502896687.984059
1963.358300 6502411348.005671
1963.691800 6502150110.554091
1964.025400 6501902173.908812
1964.359000 6501655070.110162
1964.692500 6501367794.595329
1965.026100 6501043846.562984
1965.359600 6500920924.254775
1965.693200 6500629011.932198
1966.026800 6500138402.358728
1966.360300 6500043525.750271
1966.693900 6499666550.688690
1967.027500 6499460484.662241
1967.361000 6499117116.272735
1967.694600 6498955031.041385
1968.028200 6498709013.618936
1968.361700 6498398878.977057
1968.695300 6498082808.679437
1969.028900 6497867445.142803
1969.362400 6497720586.700639
1969.696000 6497302928.019868
1970.029500 6497210263.183484
1970.363100 6496927879.921214
1970.696700 6496916773.812119
1971.030200 6496540041.487067
1971.363800 6496285168.906249
1971.697400 6495948688.198135
1972.030900 6495646738.588266
1972.364500 6495442399.781757
1972.698100 6495396674.863172
1973.031600 6494963474.849976
1973.365200 6494941545.296825
1973.698800 6494467056.451704
1974.032300 6494418051.118446
1974.365900 6494154819.066918
1974.699400 6493998455.377243
1975.033000 6493800461.628552
1975.366600 6493546706.645030
1975.700100 6493129939.467091
1976.033700 6492915556.433428
1976.367300 6492770215.945481
1976.700800 6492469937.691745
1977.034400 6492365159.515305
1977.368000 6491984981.552922
1977.701500 6491756437.125182
1978.035100 6491643618.069155
1978.368600 6491311771.908698
1978.702200 6490964093.009040
1979.035800 6490820192.912597
1979.369300 6490553241.242583
1979.702900 6490318092.341324
1980.036500 6490126859.434004
1980.370000 6489770020.096151
1980.703600 6489573431.903500
1981.037200 6489292426.680564
1981.370700 6489061060.384176
1981.704300 6488972049.090107
1982.037900 6488613819.125613
1982.371400 6488497273.578135
1982.705000 6488230851.095942
1983.038500 6487839190.903314
1983.372100 6487636769.159751
1983.705700 6487446293.120814
1984.039200 6487222164.858780
1984.372800 6486934922.122654
1984.706400 6486457290.302400
1985.039900 6486433125.355843
1985.373500 6486273135.732740
1985.707100 6485990491.556286
1986.040600 6485809902.772207
1986.374200 6485501364.722169
1986.707800 6485285556.644147
1987.041300 6485024544.779691
1987.374900 6484743767.602482
1987.708400 6484517128.885706
1988.042000 6484435571.714708
1988.375600 6484067779.456090
1988.709100 6483892857.913513
1989.042700 6483737453.067463
1989.376300 6483537863.539712
1989.709800 6483258848.662882
1990.043400 6482834293.381386
1990.377000 6482656269.795809
1990.710500 6482486616.865816
1991.044100 6482175348.309003
1991.377600 6481885606.281021
1991.711200 6481634644.096966
1992.044800 6481508474.948118
1992.378300 6481388686.262959
1992.711900 6481163153.404087
1993.045500 6481040893.574849
1993.379000 6480668147.998567
1993.712600 6480506952.015123
1994.046200 6480290521.341174
1994.379700 6480061759.161550
1994.713300 6479678253.618849
1995.046900 6479593482.641452
1995.380400 6479332985.875867
1995.714000 6479030346.966513
1996.047500 6478961483.538533
1996.381100 6478692607.540076
1996.714700 6478415005.448390
1997.048200 6478198628.022620
1997.381800 6478050458.628880
1997.715400 6477700977.433983
1998.048900 6477413682.597930
1998.382500 6477239730.264970
1998.716100 6476995772.242435
1999.049600 6476914218.718762
1999.383200 6476565303.510678
1999.716800 6476258939.167296
2000.050300 6476119286.908969
2000.383900 6475845739.416669
2000.717400 6475619171.094078
2001.051000 6475395881.153692
2001.384600 6475276156.175749
2001.718100 6475112791.266110
2002.051700 6474864331.014460
2002.385300 6474882687.274643
2002.718800 6474421383.806633
2003.052400 6474206815.810783
2003.386000 6474099770.695546
2003.719500 6473844913.231190
2004.053100 6473652722.551258
2004.386600 6473409785.016489
2004.720200 6473269168.798503
2005.053800 6472872395.375158
2005.387300 6472700457.471440
2005.720900 6472460889.625958
2006.054500 6472235810.407654
2006.388000 6471941349.078241
2006.721600 6471893587.143997
2007.055200 6471574169.660744
2007.388700 6471419833.124549
2007.722300 6471264274.724811
2008.055900 6470859214.344446
2008.389400 6470614546.059195
2008.723000 6470406045.831569
2009.056500 6470342304.717797
2009.390100 6470011673.478301
2009.723700 6469722844.464537
2010.057200 6469546360.568149
2010.390800 6469313484.963512
2010.724400 6469076490.061719
2011.057900 6468766144.432242
2011.391500 6468511996.052816
2011.725100 6468321698.937757
2012.058600 6468033749.751705
2012.392200 6467738015.512494
2012.725800 6467554426.066357
2013.059300 6467343542.413173
2013.392900 6467236671.759220
2013.726400 6466720168.175253
2014.060000 6466863013.397198
2014.393600 6466419031.324577
2014.727100 6466216292.104348
2015.060700 6466022522.569934
2015.394300 6465810196.414659
2015.727800 6465549876.137235
2016.061400 6465359319.278476
2016.395000 6465051220.423455
2016.728500 6464894552.233608
2017.062100 6464873061.251710
2017.395600 6464490006.082417
2017.729200 6464369029.883910
2018.062800 6464156880.377935
2018.396300 6464067608.022586
2018.729900 6463673749.407488
2019.063500 6463563941.787641
2019.397000 6463319842.210797
2019.730600 6463155890.916521
2020.064200 6462990848.321991
2020.397700 6462795223.414744
2020.731300 6462606088.903094
2021.064900 6462533668.820023
2021.398400 6462089517.808447
2021.732000 6462027769.833797
2022.065500 6461749122.369240
2022.399100 6461548919.143944
2022.732700 6461247742.568674
2023.066200 6461133850.294761
2023.399800 6460922673.621091
2023.733400 6460566826.684874
2024.066900 6460475826.205165
2024.400500 6460313645.390960
2024.734100 6459948331.526548
2025.067600 6459688114.610230
2025.401200 6459536287.999988
2025.734700 6459377481.065370
2026.068300 6459072476.631304
2026.401900 6458978894.387067
2026.735400 6458648286.224727
2027.069000 6458522861.359747
2027.402600 6458315610.769095
2027.736100 6457827977.126552
2028.069700 6457848539.899171
2028.403300 6457654362.341615
2028.736800 6457307853.165662
2029.070400 6457097284.175234
2029.404000 6456916760.453445
2029.737500 6456737422.691799
2030.071100 6456450344.560704
2030.404600 6456126958.798590
2030.738200 6456023448.703441
2031.071800 6455775168.948284
2031.405300 6455427609.236167
2031.738900 6455206890.574116
2032.072500 6455221292.435836
2032.406000 6454928422.205680
2032.739600 6454650558.960672
2033.073200 6454428053.100624
2033.406700 6453953211.337221
2033.740300 6453904568.337616
2034.073900 6453697057.424744
2034.407400 6453466263.712079
2034.741000 6453177720.676022
2035.074500 6452927843.636300
2035.408100 6452668332.379468
2035.741700 6452491084.444634
2036.075200 6452154778.708114
2036.408800 6451895957.329603
2036.742400 6451784443.418690
2037.075900 6451616795.485086
2037.409500 6451345086.872908
2037.743100 6451022505.467916
2038.076600 6450899017.556911
2038.410200 6450665693.662562
2038.743700 6450433435.885877
2039.077300 6450219664.601192
2039.410900 6449819106.617045
2039.744400 6449639280.156913
2040.078000 6449568144.359492
2040.411600 6449218534.052919
2040.745100 6448941171.227505
2041.078700 6448737451.751253
2041.412300 6448503517.634768
2041.745800 6448363127.567915
2042.079400 6448128425.655638
2042.413000 6447930035.273753
2042.746500 6447513282.451672
2043.080100 6447379305.648604
2043.413600 6447105206.703050
2043.747200 6447009215.110743
2044.080800 6446628325.049812
2044.414300 6446378639.901982
2044.747900 6446482507.227610
2045.081500 6446233257.625682
2045.415000 6445911878.398046
2045.748600 6445637340.744493
2046.082200 6445564921.875229
2046.415700 6445267686.121820
2046.749300 6445043982.639582
2047.082900 6444841973.574882
2047.416400 6444822064.752175
2047.750000 6444451941.134500
2048.083500 6444269132.036819
2048.417100 6444059297.335274
2048.750700 6443930348.456614
2049.084200 6443561145.532229
2049.417800 6443592957.173900
2049.751400 6443436436.555852
2050.084900 6442962213.183114
2050.418500 6442887025.836374
2050.752100 6442742332.290417
2051.085600 6442458972.215345
2051.419200 6442293728.635746
2051.752700 6442035196.156350
2052.086300 6441741322.224121
2052.419900 6441624225.963615
2052.753400 6441385556.368274
2053.087000 6441237097.258384
2053.420600 6441023874.942529
2053.754100 6440754971.574317
2054.087700 6440793190.521455
2054.421300 6440494426.900895
2054.754800 6440354591.006411
2055.088400 6440229156.209419
2055.422000 6439906681.267687
2055.755500 6439669466.523472
2056.089100 6439709566.351068
2056.422600 6439524721.804146
2056.756200 6439281215.518007
2057.089800 6438999436.298655
2057.423300 6438760549.802446
2057.756900 6438540802.209971
2058.090500 6438323754.892443
2058.424000 6438037840.690988
2058.757600 6437941419.911129
2059.091200 6437802700.324443
2059.424700 6437637956.313671
2059.758300 6437593798.908449
2060.091900 6437122208.489812
2060.425400 6437149348.617447
2060.759000 6436863723.440805
2061.092500 6436745659.224752
2061.426100 6436513160.160754
2061.759700 6436168806.403239
2062.093200 6436096804.412306
2062.426800 6435970816.590470
2062.760400 6435864021.565497
2063.093900 6435534313.481197
2063.427500 6435308225.287660
2063.761100 6435128109.193520
2064.094600 6435019018.975200
2064.428200 6434780630.805217
2064.761700 6434698043.512312
2065.095300 6434423790.686543
2065.428900 6434328190.298377
2065.762400 6434124092.176888
2066.096000 6433879306.749993
2066.429600 6433663462.730775
2066.763100 6433454997.887864
2067.096700 6433334000.019783
2067.430300 6433181477.459783
2067.763800 6433056584.702140
2068.097400 6432897019.801091
2068.431000 6432619709.276106
2068.764500 6432417086.511148
2069.098100 6432240378.212536
2069.431600 6432168932.791872
2069.765200 6431773621.585724
2070.098800 6431657183.741348
2070.432300 6431561604.515179
2070.765900 6431292992.550655
2071.099500 6431191763.538556
2071.433000 6430917741.645662
2071.766600 6430743151.690978
2072.100200 6430373282.300488
2072.433700 6430196628.131599
2072.767300 6429981663.765831
2073.100900 6429801271.466584
2073.434400 6429641031.865915
2073.768000 6429455514.410333
2074.101500 6429221352.800145
2074.435100 6428951555.833157
2074.768700 6428782723.065238
2075.102200 6428556564.303921
2075.435800 6428304069.363644
2075.769400 6428141506.815534
2076.102900 6427826346.758347
2076.436500 6427607079.649052
2076.770100 6427496324.702480
2077.103600 6427100793.085440
2077.437200 6427151067.433529
2077.770700 6426746511.487379
2078.104300 6426587080.429502
2078.437900 6426352409.370849
2078.771400 6426083297.784409
2079.105000 6425896232.406024
2079.438600 6425673221.736071
2079.772100 6425496613.728950
2080.105700 6425202806.444633
2080.439300 6425050586.931072
2080.772800 6424995515.827277
2081.106400 6424606075.449627
2081.440000 6424569723.095864
2081.773500 6424324382.880618
2082.107100 6424177072.831444
2082.440600 6423954114.655134
2082.774200 6423650746.083846
2083.107800 6423586739.364061
2083.441300 6423381776.749436
2083.774900 6423220367.493196
2084.108500 6422894001.137376
2084.442000 6422852844.422300
2084.775600 6422619987.610895
2085.109200 6422509512.022291
2085.442700 6422213214.459898
2085.776300 6421932975.795290
2086.109900 6421763803.634252
2086.443400 6421651166.008820
2086.777000 6421399449.146815
2087.110500 6421247608.724494
2087.444100 6421049901.277004
2087.777700 6420750789.748174
2088.111200 6420648253.337540
2088.444800 6420407399.313937
2088.778400 6420178992.935713
2089.111900 6420050435.967354
2089.445500 6419900353.785679
2089.779100 6419664676.886152
2090.112600 6419396851.913156
2090.446200 6419228469.730542
2090.779700 6419124045.571918
2091.113300 6418859160.321054
2091.446900 6418653697.354542
2091.780400 6418460320.326035
2092.114000 6418331377.706131
2092.447600 6418147626.941637
2092.781100 6417960680.260398
2093.114700 6417589080.212384
2093.448300 6417417274.215447
2093.781800 6417138155.052083
2094.115400 6417087102.752151
2094.449000 6416794587.350204
2094.782500 6416593083.853640
2095.116100 6416498310.573462
2095.449600 6416125123.242846
2095.783200 6416069829.577482
2096.116800 6415837684.836809
2096.450300 6415630539.160078
2096.783900 6415462987.494804
2097.117500 6415112275.307215
2097.451000 6414958642.839878
2097.784600 6414808770.451628
2098.118200 6414615343.716209
2098.451700 6414314442.562977
2098.785300 6414154041.457266
2099.118900 6414009558.304620
2099.452400 6413993656.854577
2099.786000 6413644125.091229
2100.119500 6413497447.503277
2100.453100 6413262757.786108
2100.786700 6413217264.905064
2101.120200 6412919278.107905
2101.453800 6412742052.272520
2101.787400 6412470677.931043
2102.120900 6412366292.614945
2102.454500 6412146164.035155
2102.788100 6411993094.003584
2103.121600 6411851460.380713
2103.455200 6411547222.268909
2103.788700 6411391830.636531
2104.122300 6411497688.417064
2104.455900 6411070737.271282
2104.789400 6410934063.352930
2105.123000 6410634103.375445
2105.456600 6410580516.742597
2105.790100 6410367057.950943
2106.123700 6410215677.402679
2106.457300 6410121004.034710
2106.790800 6409864719.066904
2107.124400 6409731682.939026
2107.458000 6409434382.911122
2107.791500 6409246106.105285
2108.125100 6409235049.023353
2108.458600 6408949040.221292
2108.792200 6408785278.337223
2109.125800 6408542211.942723
2109.459300 6408497913.844377
2109.792900 6408236612.208927
2110.126500 6408018066.795233
2110.460000 6407917230.008523
2110.793600 6407737643.098584
2111.127200 6407555648.335816
2111.460700 6407329705.803158
2111.794300 6407166660.979014
2112.127900 6406949694.379648
2112.461400 6406776351.530460
2112.795000 6406604998.862478
2113.128500 6406438499.194703
2113.462100 6406268385.378479
2113.795700 6406086772.116903
2114.129200 6405741845.249995
2114.462800 6405730465.858108
2114.796400 6405349389.665139
2115.129900 6405124042.938570
2115.463500 6405126621.413734
2115.797100 6404878350.337333
2116.130600 6404582348.477314
2116.464200 6404564253.441483
2116.797700 6404353440.280953
2117.131300 6404147364.088529
2117.464900 6403865497.581591
2117.798400 6403751094.282842
2118.132000 6403543473.468084
2118.465600 6403430242.960570
2118.799100 6403257185.577273
2119.132700 6403054187.867571
2119.466300 6402778652.666908
2119.799800 6402499707.817930
2120.133400 6402429861.536401
2120.467000 6402375781.729129
2120.800500 6402042857.829132
2121.134100 6401761101.403795
2121.467600 6401655826.583006
2121.801200 6401584685.489020
2122.134800 6401272142.274222
2122.468300 6401199672.683414
2122.801900 6400920738.500854
2123.135500 6400796253.942585
2123.469000 6400649671.590189
2123.802600 6400502432.950757
2124.136200 6400309444.439384
2124.469700 6400153765.018286
2124.803300 6399841092.875355
2125.136900 6399713096.786551
2125.470400 6399544115.852497
2125.804000 6399422311.652674
2126.137500 6399392978.085720
2126.471100 6398970713.507029
2126.804700 6398916565.984842
2127.138200 6398612528.000364
2127.471800 6398526278.954978
2127.805400 6398573835.463149
2128.138900 6398302858.209953
2128.472500 6397946393.031306
2128.806100 6397979101.201303
2129.139600 6397778750.887488
2129.473200 6397437573.261990
2129.806700 6397602425.788246
2130.140300 6397277975.205962
2130.473900 6397151838.333117
2130.807400 6396859523.207114
2131.141000 6396721740.455348
2131.474600 6396679849.909746
2131.808100 6396490648.196080
2132.141700 6396390914.939829
2132.475300 6396159851.028067
2132.808800 6396087405.845203
2133.142400 6395828269.167511
2133.476000 6395597698.470914
2133.809500 6395530273.328019
2134.143100 6395440532.911608
2134.476600 6395213814.634680
2134.810200 6395059862.114636
2135.143800 6394939892.100863
2135.477300 6394703686.033968
2135.810900 6394626898.656635
2136.144500 6394509521.039573
2136.478000 6394364976.779930
2136.811600 6394093040.392817
2137.145200 6394025871.025669
2137.478700 6393904970.470835
2137.812300 6393616856.986587
2138.145800 6393549775.583597
2138.479400 6393279695.028457
2138.813000 6393138209.905602
2139.146500 6392933260.956798
2139.480100 6393006058.076736
2139.813700 6392833805.056515
2140.147200 6392661038.462626
2140.480800 6392604233.664676
2140.814400 6392467016.877934
2141.147900 6392384530.805430
2141.481500 6392121987.365951
2141.815100 6392145255.403065
2142.148600 6391971685.074340
2142.482200 6391761995.595813
2142.815700 6391560604.382561
2143.149300 6391539451.591241
2143.482900 6391571556.450983
2143.816400 6391121842.837713
2144.150000 6391075395.651870
2144.483600 6390973955.884667
2144.817100 6390782858.236668
2145.150700 6390725235.090226
2145.484300 6390444119.580626
2145.817800 6390303742.593670
2146.151400 6390244666.122600
2146.485000 6390060242.929543
2146.818500 6389845025.815499
2147.152100 6389569198.141799
2147.485600 6389457543.841630
2147.819200 6389341365.579892
2148.152800 6389182906.867465
2148.486300 6388928309.967084
2148.819900 6388810042.950731
2149.153500 6388808402.136717
2149.487000 6388376882.871328
2149.820600 6388275272.970187
2150.154200 6388086537.846424
2150.487700 6387780691.934730
2150.821300 6387765877.713129
2151.154800 6387453054.665383
2151.488400 6387473210.745900
2151.822000 6387167575.206914
2152.155500 6387064626.016126
2152.489100 6386809521.501632
2152.822700 6386765838.967956
2153.156200 6386559445.295767
2153.489800 6386482787.791553
2153.823400 6386310686.199386
2154.156900 6386047322.443611
2154.490500 6385954483.725440
2154.824100 6385744430.825954
2155.157600 6385522983.246386
2155.491200 6385396172.827336
2155.824700 6385266732.620378
2156.158300 6385031090.454750
2156.491900 6384799782.181013
2156.825400 6384758037.928483
2157.159000 6384401822.989800
2157.492600 6384401810.384019
2157.826100 6384227832.128072
2158.159700 6384094738.450226
2158.493300 6383609907.965826
2158.826800 6383626573.850131
2159.160400 6383402787.122088
2159.494000 6383251620.207207
2159.827500 6382962273.591142
2160.161100 6382752837.928146
2160.494600 6382508493.168186
2160.828200 6382495137.470533
2161.161800 6382248052.671845
2161.495300 6382010208.706700
2161.828900 6381775160.865657
2162.162500 6381706176.668445
2162.496000 6381587192.848433
2162.829600 6381268134.853735
2163.163200 6381045513.784182
2163.496700 6380829792.314672
2163.830300 6380678613.882786
2164.163800 6380595984.427726
2164.497400 6380318877.397365
2164.831000 6380093365.258635
2165.164500 6379780846.916259
2165.498100 6379753436.922240
2165.831700 6379648717.550165
2166.165200 6379345080.729797
2166.498800 6378972907.780649
2166.832400 6378944450.722724
2167.165900 6378726220.100671
2167.499500 6378563872.307162
2167.833100 6378269188.265390
2168.166600 6378114700.969932
2168.500200 6377991462.106348
2168.833700 6377840164.908773
2169.167300 6377842601.150328
2169.500900 6377522551.410478
2169.834400 6377316784.147471
2170.168000 6377146263.718931
2170.501600 6376855594.163600
2170.835100 6376814763.701715
2171.168700 6376708082.542041
2171.502300 6376594334.382694
2171.835800 6376370019.404023
2172.169400 6376139846.276412
2172.503000 6376118163.000762
2172.836500 6375723318.026444
2173.170100 6375676560.081742
2173.503600 6375435659.168630
2173.837200 6375283399.532462
2174.170800 6375303568.800727
2174.504300 6375035121.736564
2174.837900 6374701379.160525
2175.171500 6374650654.380183
2175.505000 6374414133.823776
2175.838600 6374347791.866428
2176.172200 6374133827.349562
2176.505700 6373864274.906930
2176.839300 6373802523.004078
2177.172800 6373727194.670128
2177.506400 6373520371.310660
2177.840000 6373339885.940410
2178.173500 6373137102.506197
2178.507100 6373019526.420686
2178.840700 6372869593.273883
2179.174200 6372585402.361434
2179.507800 6372338762.511213
2179.841400 6372331442.871293
2180.174900 6372210430.863867
2180.508500 6371971906.955493
2180.842100 6371761109.813483
2181.175600 6371574115.321996
2181.509200 6371638725.818973
2181.842700 6371302426.435229
2182.176300 6371212652.713099
2182.509900 6371066911.472018
2182.843400 6370921282.372553
2183.177000 6370808192.799543
2183.510600 6370612010.411116
2183.844100 6370312285.969723
2184.177700 6370312385.752256
2184.511300 6370147128.108890
2184.844800 6370037955.088230
2185.178400 6369831820.658083
2185.512000 6369636895.221617
2185.845500 6369509902.733582
2186.179100 6369354840.092709
2186.512600 6369142159.551490
2186.846200 6369002795.789425
2187.179800 6368868099.514636
2187.513300 6368722598.694446
2187.846900 6368474647.032756
2188.180500 6368504897.570618
2188.514000 6368344866.692249
2188.847600 6368083937.308558
2189.181200 6367930415.214068
2189.514700 6367790367.888144
2189.848300 6367659750.411672
2190.181800 6367625118.952122
2190.515400 6367464736.198004
2190.849000 6367219370.942556
2191.182500 6367141768.960676
2191.516100 6366943119.105048
2191.849700 6366865204.692803
2192.183200 6366650072.084666
2192.516800 6366346473.914907
2192.850400 6366281218.210562
2193.183900 6366192817.554761
2193.517500 6366175489.171822
2193.851100 6365848686.733711
2194.184600 6365785502.487795
2194.518200 6365724875.857057
2194.851700 6365407447.004637
2195.185300 6365260450.501606
2195.518900 6365093988.019548
2195.852400 6364927370.051669
2196.186000 6364689890.586723
2196.519600 6364419096.393966
2196.853100 6364405847.790755
2197.186700 6364193451.792131
2197.520300 6364062731.079267
2197.853800 6363694611.297980
2198.187400 6363640839.232924
2198.521000 6363524872.938199
2198.854500 6363203147.390842
2199.188100 6362966689.622325
2199.521600 6362822027.111975
2199.855200 6362541793.783307
2200.188800 6362354519.017033
2200.522300 6362255415.638089
2200.855900 6362078878.021995
2201.189500 6361943545.648048
2201.523000 6361650322.983357
2201.856600 6361483694.016660
2202.190200 6361375511.958275
2202.523700 6361098507.754420
2202.857300 6361009527.230021
2203.190800 6360708863.868652
2203.524400 6360591405.141541
2203.858000 6360481396.430266
2204.191500 6360180995.488361
2204.525100 6359985521.003875
2204.858700 6359775488.472126
2205.192200 6359733831.585698
2205.525800 6359644001.446814
2205.859400 6359331349.369068
2206.192900 6359200894.063684
2206.526500 6359097245.100037
2206.860100 6358893279.968722
2207.193600 6358827711.052830
2207.527200 6358688102.067518
2207.860700 6358325011.225847
2208.194300 6358280035.806931
2208.527900 6358174434.559562
2208.861400 6357980436.286258
2209.195000 6357725149.226547
2209.528600 6357550132.174575
2209.862100 6357460539.261221
2210.195700 6357228534.746119
2210.529300 6357069796.478025
2210.862800 6357020321.547682
2211.196400 6356866968.603488
2211.530000 6356773522.599741
2211.863500 6356506093.290024
2212.197100 6356340639.938839
2212.530600 6356264617.735849
2212.864200 6356254878.714870
2213.197800 6355865949.523975
2213.531300 6355845963.932178
2213.864900 6355588330.383462
2214.198500 6355508677.889467
2214.532000 6355403451.032296
2214.865600 6355335234.636399
2215.199200 6355135889.492610
2215.532700 6354880093.791427
2215.866300 6354840793.929157
2216.199800 6354675457.121470
2216.533400 6354518927.126371
2216.867000 6354473966.519188
2217.200500 6354250560.663434
2217.534100 6354126738.723268
2217.867700 6354066105.048252
2218.201200 6353851609.002440
2218.534800 6353811178.930041
2218.868400 6353640215.351238
2219.201900 6353283601.745179
2219.535500 6353322783.448427
2219.869100 6353161767.768519
2220.202600 6353007899.552399
2220.536200 6352916497.147027
2220.869700 6352790983.810746
2221.203300 6352580733.878632
2221.536900 6352572199.755850
2221.870400 6352336220.647861
2222.204000 6352192053.377546
2222.537600 6352058345.542089
2222.871100 6351859119.260009
2223.204700 6351755441.595519
2223.538300 6351669680.342872
2223.871800 6351383705.276575
2224.205400 6351324206.816535
2224.539000 6351255082.804429
2224.872500 6351020768.433784
2225.206100 6350928235.203156
2225.539600 6350853920.519340
2225.873200 6350612086.534984
2226.206800 6350602912.509074
2226.540300 6350402898.144320
2226.873900 6350185669.871424
2227.207500 6350252566.074914
2227.541000 6350077665.105886
2227.874600 6349950511.704669
2228.208200 6349836188.127945
2228.541700 6349670169.097860
2228.875300 6349475763.122289
2229.208800 6349165864.620214
2229.542400 6349115630.596273
2229.876000 6349125771.595914
2230.209500 6349000761.799461
2230.543100 6348835924.606050
2230.876700 6348621976.711640
2231.210200 6348580682.715154
2231.543800 6348387673.181804
2231.877400 6348429850.018133
2232.210900 6348294109.715004
2232.544500 6348039540.175782
2232.878100 6347959505.263819
2233.211600 6347875270.443179
2233.545200 6347770801.916832
2233.878700 6347504155.449990
2234.212300 6347401935.826785
2234.545900 6347299251.451662
2234.879400 6347114865.000048
2235.213000 6347056351.367792
2235.546600 6346897221.221432
2235.880100 6346807619.664608
2236.213700 6346701220.164643
2236.547300 6346565850.591034
2236.880800 6346432271.061869
2237.214400 6346332443.506042
2237.548000 6346160940.482695
2237.881500 6346004414.517018
2238.215100 6345982367.614675
2238.548600 6345753418.571047
2238.882200 6345667419.436069
2239.215800 6345447636.921570
2239.549300 6345274102.734988
2239.882900 6345114570.107100
2240.216500 6345068792.976152
2240.550000 6344855535.490508
2240.883600 6344747122.694886
2241.217200 6344666231.845454
2241.550700 6344397100.005570
2241.884300 6344499889.912223
2242.217800 6344314432.150966
2242.551400 6344188807.502559
2242.885000 6344105145.625257
2243.218500 6343896447.568295
2243.552100 6343879712.647563
2243.885700 6343739042.784735
2244.219200 6343585826.671820
2244.552800 6343394656.704912
2244.886400 6343269325.664787
2245.219900 6343169780.171776
2245.553500 6343065759.229359
2245.887100 6342985216.474623
2246.220600 6342817465.134827
2246.554200 6342702518.058350
2246.887700 6342666219.399898
2247.221300 6342418346.982903
2247.554900 6342332273.668413
2247.888400 6342176793.977982
2248.222000 6341954513.315652
2248.555600 6341970455.597761
2248.889100 6341689519.210299
2249.222700 6341642647.250535
2249.556300 6341432233.743574
2249.889800 6341233463.445184
2250.223400 6341230090.910180
2250.556900 6341134588.247533
2250.890500 6341193895.517379
2251.224100 6340785805.207138
2251.557600 6340720002.306014
2251.891200 6340727903.582341
2252.224800 6340476029.289168
2252.558300 6340280616.068850
2252.891900 6340157541.745846
2253.225500 6340200372.210207
2253.559000 6340034224.130365
2253.892600 6339864638.078889
2254.226200 6339781557.213808
2254.559700 6339608729.837941
2254.893300 6339526428.466439
2255.226800 6339430377.035392
2255.560400 6339314948.452406
2255.894000 6339101002.619637
2256.227500 6339098499.401823
2256.561100 6339035608.187251
2256.894700 6338789705.785785
2257.228200 6338800974.815489
2257.561800 6338596961.757844
2257.895400 6338560365.724801
2258.228900 6338296828.636976
2258.562500 6338269699.014556
2258.896100 6338220454.446815
2259.229600 6338101523.674633
2259.563200 6338096349.812053
2259.896700 6337902008.529264
2260.230300 6337701682.511794
2260.563900 6337796291.776949
2260.897400 6337656054.633962
2261.231000 6337561332.070852
2261.564600 6337437500.298563
2261.898100 6337309996.484774
2262.231700 6337249567.770324
2262.565300 6336971374.014807
2262.898800 6336926327.915157
2263.232400 6336827958.459340
2263.565900 6336764854.207236
2263.899500 6336651700.000942
2264.233100 6336496770.991069
2264.566600 6336336850.804379
2264.900200 6336227472.517920
2265.233800 6336259959.805552
2265.567300 6336041738.018017
2265.900900 6335881647.580270
2266.234500 6335976388.659734
2266.568000 6335610301.687284
2266.901600 6335600042.453010
2267.235200 6335537500.611520
2267.568700 6335202201.487530
2267.902300 6335120947.892228
2268.235800 6335005552.308758
2268.569400 6334839447.085558
2268.903000 6334648992.076680
2269.236500 6334877337.030976
2269.570100 6334554973.824544
2269.903700 6334546192.977336
2270.237200 6334325939.142014
2270.570800 6334095855.357833
2270.904400 6333989681.811985
2271.237900 6333846077.794624
2271.571500 6333758032.500763
2271.905100 6333634356.252375
2272.238600 6333556902.007078
2272.572200 6333178965.065565
2272.905700 6333351020.513335
2273.239300 6333126951.448788
2273.572900 6332900875.043018
2273.906400 6332841119.591166
2274.240000 6332697829.709289
2274.573600 6332575500.556918
2274.907100 6332564830.718886
2275.240700 6332281077.740460
2275.574300 6332095827.746321
2275.907800 6331949667.474715
2276.241400 6331860875.218805
2276.574900 6331679131.614868
2276.908500 6331440376.046368
2277.242100 6331320274.165879
2277.575600 6331368949.238896
2277.909200 6331006034.725958
2278.242800 6331091128.107149
2278.576300 6330745468.357910
2278.909900 6330755769.581918
2279.243500 6330537179.266817
2279.577000 6330410821.304160
2279.910600 6330276905.941263
2280.244200 6330203368.714970
2280.577700 6330039397.295155
2280.911300 6329889113.625282
2281.244800 6329749102.815806
2281.578400 6329650122.304489
2281.912000 6329472123.270100
2282.245500 6329247266.102114
2282.579100 6329369476.853682
2282.912700 6329077534.341285
2283.246200 6329112581.617543
2283.579800 6328808060.084795
2283.913400 6328672028.607383
2284.246900 6328598885.125765
2284.580500 6328635988.615214
2284.914100 6328544488.191588
2285.247600 6328340059.891056
2285.581200 6328094728.201685
2285.914700 6328013950.434214
2286.248300 6327850412.868002
2286.581900 6327768117.327502
2286.915400 6327683971.695457
2287.249000 6327577026.209452
2287.582600 6327311592.290899
2287.916100 6327141663.131255
2288.249700 6327183925.859148
2288.583300 6327142828.241636
2288.916800 6326935184.938951
2289.250400 6326752809.113769
2289.583900 6326643090.732996
2289.917500 6326417928.100159
2290.251100 6326348366.277474
2290.584600 6326225289.178965
2290.918200 6326106294.132647
2291.251800 6325889593.255491
2291.585300 6325748815.009784
2291.918900 6325685439.398108
2292.252500 6325476797.497140
2292.586000 6325362149.647160
2292.919600 6325208575.975555
2293.253200 6325145491.244403
2293.586700 6325000129.363829
2293.920300 6324879214.609547
2294.253800 6324529444.264662
2294.587400 6324390838.380850
2294.921000 6324462219.438071
2295.254500 6324346670.402200
2295.588100 6324010122.815209
2295.921700 6324069867.114354
2296.255200 6323895975.443850
2296.588800 6323805335.567057
2296.922400 6323495383.368687
2297.255900 6323527161.231441
2297.589500 6323284790.415977
2297.923100 6323340149.715805
2298.256600 6323301874.936898
2298.590200 6322965516.309868
2298.923700 6322987278.707003
2299.257300 6322836069.640679
2299.590900 6322578592.625611
2299.924400 6322323203.729905
2300.258000 6322378135.392230
2300.591600 6322257021.114009
2300.925100 6322152065.871379
2301.258700 6322008794.156104
2301.592300 6321931784.529366
2301.925800 6321926856.376757
2302.259400 6321662354.237331
2302.592900 6321435135.608037
2302.926500 6321391859.914451
2303.260100 6321147813.488816
2303.593600 6321090084.422527
2303.927200 6320864728.362836
2304.260800 6320735290.175769
2304.594300 6320654642.500847
2304.927900 6320528670.056545
2305.261500 6320456916.883611
2305.595000 6320263245.792358
2305.928600 6320238976.172783
2306.262200 6320056569.255207
2306.595700 6319969117.340965
2306.929300 6319794071.448410
2307.262800 6319647967.152619
2307.596400 6319583953.504645
2307.930000 6319490220.767990
2308.263500 6319113756.371414
2308.597100 6319124056.122075
2308.930700 6318940707.711239
2309.264200 6318804574.240224
2309.597800 6318725698.809951
2309.931400 6318674533.718837
2310.264900 6318438721.485993
2310.598500 6318314802.564114
2310.932100 6318166300.950053
2311.265600 6318014360.090775
2311.599200 6317791893.387608
2311.932700 6317804454.670751
2312.266300 6317548342.235714
2312.599900 6317505543.499412
2312.933400 6317298026.560081
2313.267000 6317140215.223573
2313.600600 6316916969.545286
2313.934100 6316854275.057071
2314.267700 6316791641.625339
2314.601300 6316608536.992535
2314.934800 6316536572.205470
2315.268400 6316312396.644424
2315.601900 6316279374.498582
2315.935500 6315982202.290982
2316.269100 6315898425.760207
2316.602600 6315966022.336244
2316.936200 6315520594.909146
2317.269800 6315503740.736306
2317.603300 6315489622.693576
2317.936900 6315317231.249100
2318.270500 6315242051.240911
2318.604000 6315110667.692179
2318.937600 6314999117.049493
2319.271200 6314724304.396926
2319.604700 6314801242.032299
2319.938300 6314620745.188901
2320.271800 6314536401.481629
2320.605400 6314381731.880297
2320.939000 6314128010.801300
2321.272500 6313834079.928811
2321.606100 6313833295.073437
2321.939700 6313778206.247312
2322.273200 6313712950.540299
2322.606800 6313547178.793715
2322.940400 6313485138.365357
2323.273900 6313321141.357528
2323.607500 6313018051.575825
2323.941100 6313212565.966296
2324.274600 6312806020.976868
2324.608200 6312855199.910948
2324.941700 6312648129.271223
2325.275300 6312548777.395852
2325.608900 6312440214.906202
2325.942400 6312358821.275437
2326.276000 6312073668.554512
2326.609600 6312002182.610996
2326.943100 6311940682.000414
2327.276700 6311872108.120212
2327.610300 6311738965.921294
2327.943800 6311530289.669106
2328.277400 6311544463.905292
2328.610900 6311352452.780602
2328.944500 6311274569.267993
2329.278100 6311158890.849710
2329.611600 6311091748.084943
2329.945200 6310992834.051849
2330.278800 6310986749.872724
2330.612300 6310699225.401403
2330.945900 6310575615.843839
2331.279500 6310593378.125525
2331.613000 6310544338.286352
2331.946600 6310390896.403494
2332.280200 6310338371.462389
2332.613700 6310142058.450492
2332.947300 6310147934.405703
2333.280800 6310005419.614295
2333.614400 6309984303.198801
2333.948000 6309943658.496964
2334.281500 6309947501.496124
2334.615100 6309769018.639930
2334.948700 6309694297.520213
2335.282200 6309683504.214670
2335.615800 6309616255.336487
2335.949400 6309577919.550511
2336.282900 6309460345.799063
2336.616500 6309323130.324115
2336.950100 6309333293.133781
2337.283600 6309293316.817724
2337.617200 6309220603.153212
2337.950700 6308995227.877478
2338.284300 6308990069.748086
2338.617900 6308923578.185488
2338.951400 6308777998.036673
2339.285000 6308704249.369098
2339.618600 6308533902.678432
2339.952100 6308476815.745994
2340.285700 6308383013.877905
2340.619300 6308213385.666220
2340.952800 6308207664.877601
2341.286400 6308176593.218633
2341.619900 6308123331.256356
2341.953500 6308020078.831307
2342.287100 6307859194.216044
2342.620600 6307886802.920575
2342.954200 6307928922.672235
2343.287800 6307689480.940904
2343.621300 6307598344.369115
2343.954900 6307643513.763828
2344.288500 6307528206.127343
2344.622000 6307355351.034293
2344.955600 6307283576.792336
2345.289200 6307233413.390080
2345.622700 6307181500.584831
2345.956300 6307163067.349381
2346.289800 6307096239.742801
2346.623400 6306880008.940472
2346.957000 6306835741.339345
2347.290500 6306804680.601714
2347.624100 6306651706.571031
2347.957700 6306697660.872792
2348.291200 6306522934.938806
2348.624800 6306488104.252896
2348.958400 6306466778.800414
2349.291900 6306476035.311871
2349.625500 6306317798.929333
2349.959100 6306322239.251087
2350.292600 6306239378.863472
2350.626200 6306081735.791256
2350.959700 6306031525.716100
2351.293300 6305908274.509153
2351.626900 6305949227.343717
2351.960400 6305828486.984671
2352.294000 6305779249.270658
2352.627600 6305647452.975722
2352.961100 6305489995.060565
2353.294700 6305583295.388114
2353.628300 6305486393.538104
2353.961800 6305259943.739938
2354.295400 6305165709.470798
2354.628900 6305199270.230656
2354.962500 6304976483.437954
2355.296100 6304887461.037823
2355.629600 6304838131.016771
2355.963200 6304734397.745337
2356.296800 6304680233.582323
2356.630300 6304478280.139590
2356.963900 6304407808.032943
2357.297500 6304167623.290359
2357.631000 6304151312.932200
2357.964600 6303913025.255283
2358.298200 6303958116.031693
2358.631700 6303709185.543406
2358.965300 6303522857.645700
2359.298800 6303415309.038856
2359.632400 6303415260.240444
2359.966000 6303189322.769060
2360.299500 6303209042.554267
2360.633100 6303144200.335608
2360.966700 6302901859.826986
2361.300200 6302774062.707045
2361.633800 6302607386.020178
2361.967400 6302464469.914929
2362.300900 6302437276.023440
2362.634500 6302317925.743149
2362.968000 6302172888.834775
2363.301600 6301876008.564333
2363.635200 6301875574.858734
2363.968700 6301783733.026688
2364.302300 6301657601.563209
2364.635900 6301494085.801675
2364.969400 6301363371.581108
2365.303000 6301136162.651544
2365.636600 6301035833.520553
2365.970100 6300949861.506483
2366.303700 6300906828.554873
2366.637300 6300673317.524790
2366.970800 6300714186.962353
2367.304400 6300692375.224419
2367.637900 6300422896.773005
2367.971500 6300213112.204811
2368.305100 6300074114.907360
2368.638600 6299991501.586545
2368.972200 6299904762.161493
2369.305800 6299768659.836014
2369.639300 6299701572.754373
2369.972900 6299713011.394114
2370.306500 6299476214.250657
2370.640000 6299361510.156545
2370.973600 6299139807.738094
2371.307200 6299077645.861895
2371.640700 6298993190.257599
2371.974300 6298907745.156971
2372.307800 6298767561.930622
2372.641400 6298654784.728833
2372.975000 6298554811.035292
2373.308500 6298269899.179502
2373.642100 6298255280.931768
2373.975700 6297986101.297990
2374.309200 6297952454.243205
2374.642800 6297736377.750549
2374.976400 6297710342.412307
2375.309900 6297673803.403784
2375.643500 6297451736.465252
2375.977000 6297231100.581911
2376.310600 6297191469.985296
2376.644200 6297285737.911556
2376.977700 6296917779.257364
2377.311300 6296980284.548350
2377.644900 6296745993.343172
2377.978400 6296668323.981917
2378.312000 6296472555.538645
2378.645600 6296402619.399545
2378.979100 6296262613.008916
2379.312700 6296166756.854483
2379.646300 6296093418.307668
2379.979800 6295954035.966125
2380.313400 6295728289.035164
2380.646900 6295676904.773234
2380.980500 6295599493.353462
2381.314100 6295452702.855220
2381.647600 6295402978.264156
2381.981200 6295356719.955829
2382.314800 6295146045.100082
2382.648300 6295051089.365419
2382.981900 6295001380.958285
2383.315500 6294936468.314417
2383.649000 6294810533.822322
2383.982600 6294701235.083387
2384.316200 6294778328.558163
2384.649700 6294632961.794750
2384.983300 6294576581.875936
2385.316800 6294465376.977431
2385.650400 6294406144.663149
2385.984000 6294289413.571541
2386.317500 6294238926.005745
2386.651100 6293997492.045453
2386.984700 6293829509.308146
2387.318200 6293967512.264164
2387.651800 6293949413.296017
2387.985400 6293678046.828082
2388.318900 6293777339.529297
2388.652500 6293609818.489032
2388.986000 6293567086.115151
2389.319600 6293421808.773375
2389.653200 6293494679.716165
2389.986700 6293280970.513826
2390.320300 6293267118.485856
2390.653900 6293238315.577063
2390.987400 6293028716.633143
2391.321000 6293016008.125627
2391.654600 6292986381.163292
2391.988100 6292799090.229349
2392.321700 6292728192.365146
2392.655300 6292719470.106906
2392.988800 6292617093.547143
2393.322400 6292531604.436272
2393.655900 6292418010.178403
2393.989500 6292422821.388652
2394.323100 6292183721.181434
2394.656600 6292180859.542763
2394.990200 6292102423.902756
2395.323800 6292102154.166260
2395.657300 6292032901.027993
2395.990900 6291966405.686893
2396.324500 6291863456.033276
2396.658000 6292101648.733808
2396.991600 6291905461.512263
2397.325200 6291749600.277477
2397.658700 6291587845.466548
2397.992300 6291652293.437355
2398.325800 6291460504.073959
2398.659400 6291454411.067503
2398.993000 6291479104.814749
2399.326500 6291444964.863820
2399.660100 6291332509.964650
2399.993700 6291388610.784299
2400.327200 6291273197.862679
2400.660800 6291197005.543309
2400.994400 6291229935.796010
2401.327900 6291054101.338834
2401.661500 6291090641.763010
2401.995000 6290652763.419029
2402.328600 6290837982.588554
2402.662200 6290743599.612851
2402.995700 6290661881.602781
2403.329300 6290563808.549342
2403.662900 6290559234.666813
2403.996400 6290480563.776008
2404.330000 6290290820.966675
2404.663600 6290249955.262070
2404.997100 6290180091.464578
2405.330700 6290156818.255019
2405.664300 6289915971.777099
2405.997800 6289964409.349547
2406.331400 6289852219.033306
2406.664900 6289811265.734917
2406.998500 6289586488.593736
2407.332100 6289501369.214127
2407.665600 6289643285.569867
2407.999200 6289498788.180968
2408.332800 6289507089.860352
2408.666300 6289360596.528127
2408.999900 6289422927.116731
2409.333500 6289215031.578231
2409.667000 6288998726.217509
2410.000600 6289053328.226243
2410.334200 6289056440.221220
2410.667700 6288793582.541676
2411.001300 6288785845.423119
2411.334800 6288668413.303596
2411.668400 6288526796.205580
2412.002000 6288491355.434124
2412.335500 6288502801.257310
2412.669100 6288471076.372467
2413.002700 6288363899.630826
2413.336200 6288151403.732747
2413.669800 6288160758.321388
2414.003400 6288207347.246866
2414.336900 6288036009.665219
2414.670500 6287903866.057264
2415.004000 6287971354.229164
2415.337600 6287877324.023817
2415.671200 6287632550.516585
2416.004700 6287572566.572905
2416.338300 6287587874.493076
2416.671900 6287434160.837726
2417.005400 6287277540.516061
2417.339000 6287247131.023820
2417.672600 6287172991.907334
2418.006100 6287074566.378672
2418.339700 6287131965.460999
2418.673300 6287019423.873195
2419.006800 6286886368.348921
2419.340400 6286850795.901114
2419.673900 6286691324.561358
2420.007500 6286637257.977133
2420.341100 6286560182.171175
2420.674600 6286495327.289507
2421.008200 6286523628.732960
2421.341800 6286312518.553396
2421.675300 6286149297.133426
2422.008900 6286151675.393651
2422.342500 6286054111.246012
2422.676000 6286097571.219368
2423.009600 6285982447.192083
2423.343200 6285817848.972287
2423.676700 6285768705.846739
2424.010300 6285618779.186569
2424.343800 6285642737.497293
2424.677400 6285575194.085752
2425.011000 6285327160.087887
2425.344500 6285349317.640243
2425.678100 6285230891.536344
2426.011700 6285207319.932920
2426.345200 6285107237.287845
2426.678800 6284887905.857960
2427.012400 6284954795.255878
2427.345900 6284770580.103908
2427.679500 6284756895.845387
2428.013000 6284758031.475062
2428.346600 6284638458.214760
2428.680200 6284545932.500851
2429.013700 6284519179.637496
2429.347300 6284424535.784470
2429.680900 6284327397.980286
2430.014400 6284286640.473664
2430.348000 6284165444.993156
2430.681600 6284235654.221087
2431.015100 6283986185.715030
2431.348700 6284094384.035238
2431.682300 6283952454.610722
2432.015800 6283919537.409271
2432.349400 6283841475.299792
2432.682900 6283689028.909723
2433.016500 6283457976.740851
2433.350100 6283640231.763568
2433.683600 6283636592.660022
2434.017200 6283418932.938117
2434.350800 6283517797.195070
2434.684300 6283309113.728710
2435.017900 6283276820.752481
2435.351500 6283339742.391011
2435.685000 6283221418.094780
2436.018600 6283092817.364445
2436.352200 6283026519.366384
2436.685700 6283092279.959203
2437.019300 6282892416.328354
2437.352800 6282844137.295337
2437.686400 6282893736.295691
2438.020000 6282584860.389449
2438.353500 6282798831.577069
2438.687100 6282468662.679628
2439.020700 6282594709.556499
2439.354200 6282474791.009718
2439.687800 6282326965.726069
2440.021400 6282317129.486603
2440.354900 6282344029.340918
2440.688500 6282174792.202084
2441.022000 6282120098.270684
2441.355600 6281925470.238254
2441.689200 6281911010.496403
2442.022700 6281941123.426752
2442.356300 6281730807.196529
2442.689900 6281710643.667664
2443.023400 6281494647.513411
2443.357000 6281647040.622835
2443.690600 6281383899.713112
2444.024100 6281308816.831306
2444.357700 6281435768.050563
2444.691300 6281273928.890626
2445.024800 6281156967.731382
2445.358400 6281074470.671370
2445.691900 6280760282.401223
2446.025500 6281068384.955832
2446.359100 6280756283.172333
2446.692600 6280753948.899392
2447.026200 6280646654.331779
2447.359800 6280607272.967660
2447.693300 6280543829.884531
2448.026900 6280324339.225018
2448.360500 6280162800.437283
2448.694000 6280280839.602998
2449.027600 6280272883.627950
2449.361200 6280188325.606010
2449.694700 6280032033.572373
2450.028300 6280114618.434900
2450.361800 6279998103.151879
2450.695400 6279843106.445452
2451.029000 6279827829.293188
2451.362500 6279810403.970841
2451.696100 6279750255.538284
2452.029700 6279712680.480051
2452.363200 6279573948.464108
2452.696800 6279520939.589525
2453.030400 6279501365.248748
2453.363900 6279458872.592316
2453.697500 6279298376.079666
2454.031000 6279314325.120813
2454.364600 6279236188.013386
2454.698200 6279242775.517315
2455.031700 6279046444.563575
2455.365300 6279093586.423882
2455.698900 6278806937.591743
2456.032400 6278800552.704703
2456.366000 6278786115.483865
2456.699600 6278772723.669283
2457.033100 6278563385.175014
2457.366700 6278562233.882271
2457.700300 6278460963.088837
2458.033800 6278469934.419033
2458.367400 6278203725.430650
2458.700900 6278447225.282450
2459.034500 6278016479.237492
2459.368100 6278172927.742738
2459.701600 6278089811.857846
2460.035200 6277959506.576216
2460.368800 6277917104.937756
2460.702300 6277864630.152596
2461.035900 6277914133.759332
2461.369500 6277767428.869999
2461.703000 6277618265.817740
2462.036600 6277651366.523448
2462.370200 6277441560.110394
2462.703700 6277463579.261707
2463.037300 6277239815.377304
2463.370800 6277303476.337997
2463.704400 6277191900.300486
2464.038000 6277217785.269002
2464.371500 6277265522.778853
2464.705100 6276980933.602930
2465.038700 6277142689.295679
2465.372200 6276940488.616374
2465.705800 6276813686.378558
2466.039400 6276639345.240867
2466.372900 6276668366.997908
2466.706500 6276438317.253230
2467.040000 6276429113.905786
2467.373600 6276433162.638782
2467.707200 6276312586.886653
2468.040700 6276293950.843231
2468.374300 6276114580.208757
2468.707900 6276008068.076461
2469.041400 6275951878.040807
2469.375000 6275870359.513033
2469.708600 6275693821.067909
2470.042100 6275812983.384429
2470.375700 6275782778.158997
2470.709300 6275737449.312411
2471.042800 6275588129.623520
2471.376400 6275483378.532576
2471.709900 6275310833.449901
2472.043500 6275346444.441495
2472.377100 6275209291.641799
2472.710600 6275306016.670115
2473.044200 6275151427.095077
2473.377800 6274943861.980322
2473.711300 6274916127.215845
2474.044900 6274884455.445045
2474.378500 6274867120.038014
2474.712000 6274745308.859960
2475.045600 6274752102.688076
2475.379100 6274689747.193704
2475.712700 6274540323.353045
2476.046300 6274471513.407931
2476.379800 6274445206.742663
2476.713400 6274349026.991463
2477.047000 6274366236.078051
2477.380500 6274196789.255443
2477.714100 6274182664.897558
2478.047700 6273945008.454165
2478.381200 6273932338.107631
2478.714800 6273966578.295021
2479.048400 6273817570.369693
2479.381900 6273682615.522164
2479.715500 6273718087.545717
2480.049000 6273671365.254559
2480.382600 6273336224.496555
2480.716200 6273433646.239446
2481.049700 6273408581.250354
2481.383300 6273367789.826902
2481.716900 6273191263.983034
2482.050400 6273140645.919855
2482.384000 6272992034.567833
2482.717600 6272975061.291924
2483.051100 6273110519.057984
2483.384700 6272893078.263158
2483.718300 6272677568.010303
2484.051800 6272639653.534234
2484.385400 6272764533.532253
2484.718900 6272677732.752315
2485.052500 6272670320.900700
2485.386100 6272541062.891505
2485.719600 6272296462.624345
2486.053200 6272357913.350761
2486.386800 6272379016.874676
2486.720300 6272186146.921907
2487.053900 6272181334.978791
2487.387500 6272035450.836145
2487.721000 6271956537.512778
2488.054600 6271983027.337897
2488.388100 6271949997.193403
2488.721700 6271858201.997016
2489.055300 6271770521.211958
2489.388800 6271609945.561509
2489.722400 6271549298.253762
2490.056000 6271498066.949548
2490.389500 6271419947.020835
2490.723100 6271439017.848079
2491.056700 6271419722.195066
2491.390200 6271221350.820564
2491.723800 6271113773.574203
2492.057400 6271224988.873617
2492.390900 6271165097.196456
2492.724500 6271122602.502563
2493.058000 6271044028.130078
2493.391600 6270939895.906360
2493.725200 6270883960.338832
2494.058700 6270750531.449924
2494.392300 6270556493.527058
2494.725900 6270667719.683153
2495.059400 6270557345.670832
2495.393000 6270523212.325319
2495.726600 6270582456.261241
2496.060100 6270410341.995714
2496.393700 6270582612.989846
2496.727300 6270545996.610930
2497.060800 6270507021.852824
2497.394400 6270306566.321199
2497.727900 6270179398.086162
2498.061500 6270161317.814329
2498.395100 6270258068.184487
2498.728600 6269990099.294230
2499.062200 6270074615.267572
2499.395800 6269979239.958560
2499.729300 6270015754.147027
2500.062900 6269977858.002085
2500.396500 6269886471.880823
2500.730000 6269726404.523863
2501.063600 6269915729.484352
2501.397100 6269926638.308714
2501.730700 6270012182.645028
2502.064300 6269870743.049181
2502.397800 6269783973.393759
2502.731400 6269630133.557550
2503.065000 6269503811.922065
2503.398500 6269703096.296953
2503.732100 6269687160.562651
2504.065700 6269533674.554312
2504.399200 6269648386.500753
2504.732800 6269620640.209155
2505.066400 6269473542.706805
2505.399900 6269411580.903187
2505.733500 6269387544.392831
2506.067000 6269573087.898619
2506.400600 6269375383.841594
2506.734200 6269467423.857897
2507.067700 6269353130.632299
2507.401300 6269275469.283803
2507.734900 6269294105.564986
2508.068400 6269330223.116581
2508.402000 6269284104.363757
2508.735600 6269229623.886207
2509.069100 6269256677.240520
2509.402700 6269010864.938397
2509.736300 6269154898.277537
2510.069800 6268926940.083290
2510.403400 6269019437.107013
2510.736900 6269129317.788414
2511.070500 6269074932.398867
2511.404100 6268973371.278284
2511.737600 6269071372.265428
2512.071200 6268955151.297832
2512.404800 6268926064.545529
2512.738300 6268924422.037951
2513.071900 6268897251.106261
2513.405500 6268806576.035424
2513.739000 6268722144.349145
2514.072600 6268796637.220435
2514.406100 6268699793.822904
2514.739700 6268751595.433354
2515.073300 6268748132.459399
2515.406800 6268666012.999643
2515.740400 6268719070.611793
2516.074000 6268697850.162712
2516.407500 6268746408.224844
2516.741100 6268676024.273357
2517.074700 6268540378.940452
2517.408200 6268652021.864250
2517.741800 6268366472.054106
2518.075400 6268566229.939961
2518.408900 6268444379.842968
2518.742500 6268495048.037461
2519.076000 6268452762.093392
2519.409600 6268438107.140304
2519.743200 6268444732.091328
2520.076700 6268451319.773262
2520.410300 6268410023.010165
2520.743900 6268108538.202423
2521.077400 6268392843.662443
2521.411000 6268264019.020560
2521.744600 6268403987.512444
2522.078100 6268260729.312983
2522.411700 6268182769.848005
2522.745300 6268271441.924356
2523.078800 6268121977.816516
2523.412400 6268047895.075412
2523.745900 6268179380.605748
2524.079500 6268077201.611123
2524.413100 6267928935.851842
2524.746600 6268080380.390107
2525.080200 6267902690.506124
2525.413800 6268115957.351091
2525.747300 6267963572.437400
2526.080900 6267973119.765965
2526.414500 6267882701.668485
2526.748000 6267986948.112009
2527.081600 6267891977.555709
2527.415100 6267841916.601012
2527.748700 6267898267.525928
2528.082300 6267744318.076274
2528.415800 6267640153.384664
2528.749400 6267643423.948511
2529.083000 6267581631.294630
2529.416500 6267624914.068038
2529.750100 6267695178.584845
2530.083700 6267569490.920764
2530.417200 6267555651.826013
2530.750800 6267495185.147603
2531.084400 6267486135.519550
2531.417900 6267501645.406567
2531.751500 6267478290.173767
2532.085000 6267301200.424868
2532.418600 6267319583.414681
2532.752200 6267294939.724420
2533.085700 6267222682.191201
2533.419300 6267027211.115734
2533.752900 6267221814.915236
2534.086400 6267051165.869421
2534.420000 6267096387.364205
2534.753600 6267062414.860611
2535.087100 6267021825.358988
2535.420700 6267126579.041866
2535.754300 6266974973.975385
2536.087800 6267090118.418381
2536.421400 6267166016.345285
2536.754900 6266915024.363340
2537.088500 6266958318.161676
2537.422100 6266825406.481232
2537.755600 6266976119.742542
2538.089200 6266767343.835941
2538.422800 6266970523.204339
2538.756300 6266708692.685302
2539.089900 6266778489.842781
2539.423500 6266769073.566807
2539.757000 6266803584.360423
2540.090600 6266729046.446827
2540.424100 6266713268.550737
2540.757700 6266692099.377030
2541.091300 6266752692.060784
2541.424800 6266698426.674874
2541.758400 6266687469.092276
2542.092000 6266726124.577069
2542.425500 6266495402.412931
2542.759100 6266682700.246437
2543.092700 6266578873.355761
2543.426200 6266687042.593581
2543.759800 6266529806.501375
2544.093400 6266715411.342519
2544.426900 6266560916.194188
2544.760500 6266568229.934942
2545.094000 6266546455.411255
2545.427600 6266521121.909769
2545.761200 6266397270.167515
2546.094700 6266538219.340636
2546.428300 6266377626.049082
2546.761900 6266491568.229461
2547.095400 6266431397.584623
2547.429000 6266484461.702917
2547.762600 6266483195.257786
2548.096100 6266451695.106808
2548.429700 6266433505.879744
2548.763300 6266363916.222443
2549.096800 6266329792.030705
2549.430400 6266433885.169362
2549.763900 6266210232.550547
2550.097500 6266330720.335895
2550.431100 6266375066.714434
2550.764600 6266343497.019901
2551.098200 6266238181.896926
2551.431800 6266372160.257590
2551.765300 6266275485.222557
2552.098900 6266283795.865320
2552.432500 6266179203.341322
2552.766000 6266215600.321805
2553.099600 6266283775.199822
2553.433100 6266199420.108955
2553.766700 6266257093.665283
2554.100300 6266242617.663131
2554.433800 6266219724.599955
2554.767400 6266149891.555675
2555.101000 6266242486.248638
2555.434500 6266063233.153150
2555.768100 6266010956.547195
2556.101700 6266082250.912057
2556.435200 6265880904.841807
2556.768800 6266052617.418452
2557.102400 6265946714.899765
2557.435900 6266086497.434050
2557.769500 6265874291.032412
2558.103000 6265925833.152454
2558.436600 6265889684.912285
2558.770200 6265971672.583304
2559.103700 6266125431.763920
2559.437300 6265900545.204633
2559.770900 6265977157.866252
2560.104400 6265868747.427484
2560.438000 6265956993.335928
2560.771600 6265975477.747690
2561.105100 6265866670.965277
2561.438700 6265722262.183292
2561.772300 6265826351.717641
2562.105800 6265896826.864030
2562.439400 6265736721.739259
2562.772900 6265847145.595438
2563.106500 6265726056.111769
2563.440100 6265744207.402675
2563.773600 6265574833.232715
2564.107200 6265712759.961663
2564.440800 6265650482.927783
2564.774300 6265656658.398233
2565.107900 6265594464.045076
2565.441500 6265381518.738235
2565.775000 6265735239.437174
2566.108600 6265592329.991507
2566.442100 6265481043.072235
2566.775700 6265494383.560966
2567.109300 6265507734.180975
2567.442800 6265322080.478848
2567.776400 6265487708.558292
2568.110000 6265498311.498919
2568.443500 6265300837.005239
2568.777100 6265432269.099155
2569.110700 6265438918.548682
2569.444200 6265341362.912522
2569.777800 6265185991.625694
2570.111400 6265264223.973904
2570.444900 6265100143.787457
2570.778500 6265380126.477061
2571.112000 6265204908.164031
2571.445600 6265096157.947474
2571.779200 6265186904.647895
2572.112700 6265046482.733651
2572.446300 6264953962.927571
2572.779900 6265094394.585229
2573.113400 6265077311.002402
2573.447000 6264871136.775370
2573.780600 6265038967.147504
2574.114100 6264975233.949683
2574.447700 6264860310.154584
2574.781300 6264735061.761883
2575.114800 6264750277.187455
2575.448400 6264887391.630277
2575.781900 6264750363.627725
2576.115500 6264738433.247378
2576.449100 6264797420.418106
2576.782600 6264754499.178991
2577.116200 6264710699.996611
2577.449800 6264704816.834135
2577.783300 6264730230.840143
2578.116900 6264436079.597520
2578.450500 6264475727.108466
2578.784000 6264527329.102096
2579.117600 6264579026.725300
2579.451100 6264444142.169766
2579.784700 6264377834.077478
2580.118300 6264601473.970530
2580.451800 6264335065.492804
2580.785400 6264467057.508188
2581.119000 6264339360.173293
2581.452500 6264235906.661592
2581.786100 6264201833.516379
2582.119700 6264388659.203658
2582.453200 6264103992.670129
2582.786800 6264310262.609697
2583.120400 6264346171.945270
2583.453900 6264222772.956350
2583.787500 6264168483.334144
2584.121000 6264324816.470053
2584.454600 6264094608.768085
2584.788200 6264026648.207443
2585.121700 6264160271.745934
2585.455300 6264141924.860757
2585.788900 6264112286.739420
2586.122400 6264140482.609729
2586.456000 6264105698.451983
2586.789600 6263959378.358693
2587.123100 6264001674.051159
2587.456700 6263911866.543646
2587.790300 6263899631.020411
2588.123800 6263944654.508294
2588.457400 6263962015.431875
2588.790900 6263996811.717648
2589.124500 6263942302.677997
2589.458100 6263901485.618807
2589.791600 6263883880.002064
2590.125200 6263970104.638758
2590.458800 6263941130.610971
2590.792300 6264064808.878295
2591.125900 6263916537.639112
2591.459500 6263818597.108310
2591.793000 6263762552.831293
2592.126600 6263934487.684337
2592.460100 6263919500.573167
2592.793700 6263970832.311389
2593.127300 6263785207.556610
2593.460800 6263935202.971733
2593.794400 6263872585.871267
2594.128000 6263831479.310800
2594.461500 6263928654.521008
2594.795100 6263861889.372562
2595.128700 6264034178.203611
2595.462200 6263968745.847296
2595.795800 6263911038.607055
2596.129400 6264015366.310324
2596.462900 6263813104.099382
2596.796500 6263955148.070512
2597.130000 6264055161.068794
2597.463600 6263951161.748209
2597.797200 6264154396.030740
2598.130700 6263890175.421566
2598.464300 6263989777.493972
2598.797900 6264021797.949833
2599.131400 6263897263.796037
2599.465000 6263977421.890161
2599.798600 6263900811.548286
2600.132100 6264012187.535397
2600.465700 6263893360.490571
2600.799200 6263912988.627092
2601.132800 6263961156.279471
2601.466400 6263893931.075400
2601.799900 6263893600.260058
2602.133500 6263773035.226663
2602.467100 6263852168.275927
2602.800600 6263894091.638468
2603.134200 6263922157.713004
2603.467800 6263780880.268850
2603.801300 6263749429.282074
2604.134900 6263768383.053102
2604.468500 6263854786.994729
2604.802000 6263681972.568842
2605.135600 6263629518.721735
2605.469100 6263588968.689494
2605.802700 6263757100.467215
2606.136300 6263701028.536884
2606.469800 6263728466.108192
2606.803400 6263691309.439366
2607.137000 6263713362.275842
2607.470500 6263505050.726748
2607.804100 6263589279.201836
2608.137700 6263586120.650961
2608.471200 6263598361.353780
2608.804800 6263557529.842046
2609.138400 6263516457.638515
2609.471900 6263494981.551105
2609.805500 6263563596.359704
2610.139000 6263465723.038568
2610.472600 6263594335.347549
2610.806200 6263480477.910698
2611.139700 6263343579.197218
2611.473300 6263564689.205881
2611.806900 6263323827.323596
2612.140400 6263555596.446272
2612.474000 6263457158.945377
2612.807600 6263315339.131331
2613.141100 6263443008.655516
2613.474700 6263321175.419167
2613.808200 6263262554.873255
2614.141800 6263360253.941113
2614.475400 6263429555.810861
2614.808900 6263303059.547816
2615.142500 6263338443.037395
2615.476100 6263128044.610617
2615.809600 6263125064.714698
2616.143200 6263242943.438623
2616.476800 6263094490.672959
2616.810300 6263238044.916412
2617.143900 6263012994.655612
2617.477500 6263097110.252090
2617.811000 6263095249.974469
2618.144600 6263028737.325579
2618.478100 6263011135.530945
2618.811700 6262927019.943996
2619.145300 6262992695.153366
2619.478800 6263060958.760176
2619.812400 6262927018.823352
2620.146000 6262942989.683827
2620.479500 6262850656.838331
2620.813100 6262925033.528790
2621.146700 6262904523.786528
2621.480200 6262856789.352576
2621.813800 6262849339.985363
2622.147400 6262780397.400115
2622.480900 6262837140.839718
2622.814500 6262738572.181089
2623.148000 6262744841.195132
2623.481600 6262662176.469766
2623.815200 6262693766.795605
2624.148700 6262704196.721869
2624.482300 6262786824.397778
2624.815900 6262718276.988442
2625.149400 6262805887.515485
2625.483000 6262624448.782125
2625.816600 6262639318.684376
2626.150100 6262620478.011376
2626.483700 6262760903.034734
2626.817200 6262586326.475595
2627.150800 6262616349.386515
2627.484400 6262526245.393343
2627.817900 6262664077.248634
2628.151500 6262495657.695339
2628.485100 6262621282.031916
2628.818600 6262440247.542208
2629.152200 6262655809.396673
2629.485800 6262566698.318365
2629.819300 6262411679.066732
2630.152900 6262467928.460228
2630.486500 6262523798.381907
2630.820000 6262537008.801619
2631.153600 6262469454.386518
2631.487100 6262480613.526855
2631.820700 6262464405.930984
2632.154300 6262518397.238857
2632.487800 6262426296.699527
2632.821400 6262328567.983244
2633.155000 6262445501.621609
2633.488500 6262357423.346264
2633.822100 6262411838.061512
2634.155700 6262395308.716871
2634.489200 6262407903.096159
2634.822800 6262383752.154888
2635.156400 6262296960.789284
2635.489900 6262405944.399954
2635.823500 6262275837.019921
2636.157000 6262474955.656502
2636.490600 6262419934.581812
2636.824200 6262429056.749306
2637.157700 6262331765.948478
2637.491300 6262369791.785466
2637.824900 6262378939.406576
2638.158400 6262348013.094110
2638.492000 6262409747.755977
2638.825600 6262270928.783577
2639.159100 6262278411.983312
2639.492700 6262390577.069892
2639.826200 6262337034.363114
2640.159800 6262419099.563290
2640.493400 6262462282.538519
2640.826900 6262454301.772906
2641.160500 6262385593.741757
2641.494100 6262418972.800073
2641.827600 6262615468.999660
2642.161200 6262428051.678423
2642.494800 6262488371.477866
2642.828300 6262270963.950456
2643.161900 6262401421.526402
2643.495500 6262486527.580190
2643.829000 6262574108.287051
2644.162600 6262486249.210040
2644.496100 6262536839.231515
2644.829700 6262373239.606335
2645.163300 6262477555.008957
2645.496800 6262456794.188037
2645.830400 6262412653.741034
2646.164000 6262373282.353502
2646.497500 6262385805.830303
2646.831100 6262429635.898395
2647.164700 6262674008.469632
2647.498200 6262599164.336047
2647.831800 6262650001.536582
2648.165400 6262386144.992647
2648.498900 6262427719.915186
2648.832500 6262567095.322122
2649.166000 6262799780.865427
2649.499600 6262487387.716989
2649.833200 6262529732.314610
2650.166700 6262638947.195675
2650.500300 6262509990.348633
2650.833900 6262609022.093277
2651.167400 6262540058.561487
2651.501000 6262487193.995609
2651.834600 6262610432.985412
2652.168100 6262504421.218555
2652.501700 6262428195.186438
2652.835200 6262458240.126822
2653.168800 6262593880.386272
2653.502400 6262479230.530641
2653.835900 6262593055.804884
2654.169500 6262555976.536955
2654.503100 6262389441.842508
2654.836600 6262578838.770502
2655.170200 6262538170.068286
2655.503800 6262536064.347815
2655.837300 6262562496.703547
2656.170900 6262514224.228933
2656.504500 6262503828.038133
2656.838000 6262408773.276999
2657.171600 6262360748.768383
2657.505100 6262500998.910544
2657.838700 6262548911.331337
2658.172300 6262391690.880314
2658.505800 6262351442.797129
2658.839400 6262447834.321339
2659.173000 6262405878.823898
2659.506500 6262399960.796909
2659.840100 6262431159.889735
2660.173700 6262553806.615231
2660.507200 6262534187.928967
2660.840800 6262477954.484269
2661.174400 6262472076.379499
2661.507900 6262436344.352567
2661.841500 6262604940.142790
2662.175000 6262437753.124581
2662.508600 6262336190.204139
2662.842200 6262476945.450981
2663.175700 6262489597.627588
2663.509300 6262572270.854285
2663.842900 6262364190.811597
2664.176400 6262516149.587075
2664.510000 6262510375.189734
2664.843600 6262357119.403070
2665.177100 6262463152.721946
2665.510700 6262338951.060506
2665.844200 6262469875.419208
2666.177800 6262390891.763751
2666.511400 6262496595.593869
2666.844900 6262347808.565102
2667.178500 6262486270.616876
2667.512100 6262388308.045729
2667.845600 6262438993.587394
2668.179200 6262332834.025805
2668.512800 6262330573.401895
2668.846300 6262496087.513852
2669.179900 6262418265.502784
2669.513500 6262513220.422720
2669.847000 6262408384.092321
2670.180600 6262479886.314545
2670.514100 6262481802.854648
2670.847700 6262440231.840100
2671.181300 6262319629.078118
2671.514800 6262441454.771018
2671.848400 6262317952.240324
2672.182000 6262384284.246156
2672.515500 6262333886.693656
2672.849100 6262460812.149131
2673.182700 6262368067.046911
2673.516200 6262504950.405243
2673.849800 6262381466.446513
2674.183400 6262388548.393046
2674.516900 6262444414.891665
2674.850500 6262343766.249089
2675.184000 6262539187.286946
2675.517600 6262490295.957754
2675.851200 6262502140.693937
2676.184700 6262508885.639418
2676.518300 6262592263.845920
2676.851900 6262616438.630964
2677.185400 6262487333.605577
2677.519000 6262570246.589878
2677.852600 6262531772.947790
2678.186100 6262672800.112754
2678.519700 6262681865.185253
2678.853200 6262633892.114758
2679.186800 6262616955.641595
2679.520400 6262613879.368104
2679.853900 6262626135.994815
2680.187500 6262653862.447964
2680.521100 6262469246.836978
2680.854600 6262671173.227597
2681.188200 6262824874.373251
2681.521800 6262761731.803273
2681.855300 6262711634.828507
2682.188900 6262825470.558727
2682.522500 6262846548.674939
2682.856000 6262837786.804140
2683.189600 6262854427.611028
2683.523100 6262820756.944404
2683.856700 6262966066.515464
2684.190300 6262914125.183007
2684.523800 6262642808.569031
2684.857400 6262906475.381732
2685.191000 6263055152.748111
2685.524500 6262934626.047063
2685.858100 6262996700.274989
2686.191700 6263015267.086091
2686.525200 6263011016.536221
2686.858800 6263009329.339966
2687.192400 6262995569.924417
2687.525900 6263083841.241437
2687.859500 6263193686.324694
2688.193000 6262974604.547451
2688.526600 6263144252.422668
2688.860200 6263019961.756598
2689.193700 6263278366.776751
2689.527300 6262977360.936171
2689.860900 6263003258.240155
2690.194400 6263290701.087607
2690.528000 6263122179.717724
2690.861600 6263293228.140200
2691.195100 6263159347.375037
2691.528700 6263429458.084037
2691.862200 6263312762.770194
2692.195800 6263164286.755405
2692.529400 6263204158.433070
2692.862900 6263245704.173795
2693.196500 6263345826.331167
2693.530100 6263398168.534891
2693.863600 6263484243.034767
2694.197200 6263244363.028802
2694.530800 6263362823.610580
2694.864300 6263323631.744898
2695.197900 6263334530.837742
2695.531500 6263535591.619203
2695.865000 6263438087.460168
2696.198600 6263524678.559126
2696.532100 6263451388.741475
2696.865700 6263415594.973693
2697.199300 6263499342.661379
2697.532800 6263571496.415712
2697.866400 6263561790.877094
2698.200000 6263556212.112403
2698.533500 6263682992.124471
2698.867100 6263671481.483910
2699.200700 6263618925.374120
2699.534200 6263688810.641496
2699.867800 6263614735.960622
2700.201400 6263647955.025720
2700.534900 6263520582.899325
2700.868500 6263597864.857173
2701.202000 6263643748.504601
2701.535600 6263804949.015938
2701.869200 6263692512.242620
2702.202700 6263852257.913280
2702.536300 6263720660.176453
2702.869900 6263690632.998068
2703.203400 6263744039.874862
2703.537000 6263734585.948165
2703.870600 6263913274.976414
2704.204100 6263807985.870038
2704.537700 6263900799.430076
2704.871200 6263802901.693205
2705.204800 6263856375.301978
2705.538400 6263717047.699459
2705.871900 6263914147.271717
2706.205500 6263800464.507847
2706.539100 6263918427.910515
2706.872600 6263888326.788154
2707.206200 6263986731.005394
2707.539800 6263842086.418370
2707.873300 6263926678.413509
2708.206900 6264003431.054365
2708.540500 6264013610.519106
2708.874000 6263888049.601374
2709.207600 6263932197.356206
2709.541100 6264081163.097144
2709.874700 6263983362.172728
2710.208300 6264059123.785000
2710.541800 6264114666.580197
2710.875400 6263989601.240363
2711.209000 6264047571.750838
2711.542500 6264082753.058560
2711.876100 6264136640.614913
2712.209700 6264116334.450606
2712.543200 6264138028.851479
2712.876800 6264170710.377468
2713.210300 6264114074.143235
2713.543900 6264171096.955243
2713.877500 6264176339.944749
2714.211000 6264160786.920513
2714.544600 6264176018.980494
2714.878200 6264302572.018153
2715.211700 6264274024.241511
2715.545300 6264388424.895330
2715.878900 6264516518.487806
2716.212400 6264279029.911455
2716.546000 6264369580.958672
2716.879600 6264222320.194597
2717.213100 6264275622.743961
2717.546700 6264380037.570856
2717.880200 6264324246.611358
2718.213800 6264330975.625542
2718.547400 6264342212.048450
2718.880900 6264348580.277623
2719.214500 6264385025.785601
2719.548100 6264412751.101820
2719.881600 6264437933.166534
2720.215200 6264539927.174829
2720.548800 6264532754.294616
2720.882300 6264514464.669394
2721.215900 6264577741.255931
2721.549500 6264463093.334236
2721.883000 6264597800.135965
2722.216600 6264432745.070835
2722.550100 6264719610.017607
2722.883700 6264703262.195466
2723.217300 6264616607.964150
2723.550800 6264616345.096995
2723.884400 6264656712.744035
2724.218000 6264770872.394012
2724.551500 6264820130.595598
2724.885100 6264707461.444717
2725.218700 6264630219.613447
2725.552200 6264604194.948781
2725.885800 6264716559.252592
2726.219300 6264759257.672227
2726.552900 6264765149.123713
2726.886500 6264714186.536218
2727.220000 6264709849.925850
2727.553600 6264726313.247005
2727.887200 6264706997.223883
2728.220700 6264760937.928313
2728.554300 6264874477.757589
2728.887900 6264899477.568117
2729.221400 6264897891.265944
2729.555000 6264794530.839960
2729.888600 6264892756.732287
2730.222100 6264981678.304657
2730.555700 6264937341.994292
2730.889200 6264821562.567822
2731.222800 6264760952.611771
2731.556400 6264965597.773767
2731.889900 6264982906.852138
2732.223500 6264994824.548007
2732.557100 6264849546.102205
2732.890600 6264894298.129457
2733.224200 6265087874.716598
2733.557800 6265039588.535868
2733.891300 6265079492.539539
2734.224900 6264966455.784297
2734.558500 6265152742.835507
2734.892000 6265071352.278975
2735.225600 6265210656.692109
2735.559100 6265257197.315101
2735.892700 6265176979.116523
2736.226300 6265151896.993021
2736.559800 6265332293.194438
2736.893400 6265241370.905218
2737.227000 6265265943.909297
2737.560500 6265454069.403821
2737.894100 6265301211.610336
2738.227700 6265471987.355478
2738.561200 6265491328.462595
2738.894800 6265487034.456824
2739.228300 6265669403.727712
2739.561900 6265754329.916797
2739.895500 6265640467.236324
2740.229000 6265484843.874737
2740.562600 6265722031.831176
2740.896200 6265865392.676725
2741.229700 6265790909.534554
2741.563300 6265981403.584212
2741.896900 6265874343.476708
2742.230400 6265923341.012587
2742.564000 6265832324.296329
2742.897600 6266057891.923448
2743.231100 6266057680.401505
2743.564700 6266144592.900352
2743.898200 6266079632.627178
2744.231800 6266196785.447153
2744.565400 6266231716.333150
2744.898900 6266124694.418225
2745.232500 6266261576.285825
2745.566100 6266270856.857558
2745.899600 6266300017.570542
2746.233200 6266461917.547091
2746.566800 6266480885.017625
2746.900300 6266420898.426956
2747.233900 6266613383.300195
2747.567500 6266498401.319860
2747.901000 6266708662.301566
2748.234600 6266554531.135725
2748.568100 6266653202.549256
2748.901700 6266788607.405976
2749.235300 6266888617.120099
2749.568800 6266854970.553638
2749.902400 6266793015.268185
2750.236000 6267099007.550114
2750.569500 6267077560.370825
2750.903100 6267281433.488808
2751.236700 6267112856.419143
2751.570200 6267338502.768125
2751.903800 6267331255.030544
2752.237300 6267309903.627980
2752.570900 6267432108.103526
2752.904500 6267594804.276078
2753.238000 6267444135.067816
2753.571600 6267586094.761626
2753.905200 6267825890.894608
2754.238700 6267881617.708243
2754.572300 6267751472.807722
2754.905900 6267992259.552535
2755.239400 6268067273.890173
2755.573000 6267999147.429553
2755.906600 6268083669.951603
2756.240100 6268210150.080469
2756.573700 6268281093.415879
2756.907200 6268295185.655742
2757.240800 6268338175.773073
2757.574400 6268461325.468016
2757.907900 6268674352.505879
2758.241500 6268624691.662201
2758.575100 6268817429.603118
2758.908600 6268937011.707175
2759.242200 6269073965.623428
2759.575800 6268999593.809786
2759.909300 6269096489.801932
2760.242900 6269081527.571099
2760.576500 6269366346.711915
2760.910000 6269464909.371101
2761.243600 6269333322.443598
2761.577100 6269367995.420824
2761.910700 6269536130.319448
2762.244300 6269673232.521764
2762.577800 6269900184.595333
2762.911400 6269799041.578829
2763.245000 6269808800.938910
2763.578500 6269946755.856543
2763.912100 6270081065.577890
2764.245700 6270176774.115623
2764.579200 6270079004.566103
2764.912800 6270431190.821795
2765.246300 6270428490.679068
2765.579900 6270489151.232885
2765.913500 6270725010.991713
2766.247000 6270483917.160013
2766.580600 6270748498.622355
2766.914200 6270704586.494706
2767.247700 6270947341.028227
2767.581300 6270872334.360023
2767.914900 6270917170.075068
2768.248400 6271074896.763842
2768.582000 6271117915.524190
2768.915600 6271171360.267135
2769.249100 6271444542.132392
2769.582700 6271353061.305239
2769.916200 6271460804.973920
2770.249800 6271551264.502073
2770.583400 6271724640.564536
2770.916900 6271712974.154447
2771.250500 6271582983.100455
2771.584100 6271840397.568007
2771.917600 6271714474.445580
2772.251200 6271886690.491387
2772.584800 6272052712.110752
2772.918300 6271838809.345301
2773.251900 6272014424.152919
2773.585500 6272190003.806302
2773.919000 6272155733.799673
2774.252600 6272326447.199707
2774.586100 6272305420.812491
2774.919700 6272257564.058414
2775.253300 6272329383.309663
2775.586800 6272349735.541729
2775.920400 6272573409.294126
2776.254000 6272302225.619570
2776.587500 6272377443.503611
2776.921100 6272649037.232028
2777.254700 6272428617.182882
2777.588200 6272592311.147318
2777.921800 6272483818.317283
2778.255300 6272389409.747930
2778.588900 6272521571.356894
2778.922500 6272649272.040080
2779.256000 6272607348.567462
2779.589600 6272723236.678906
2779.923200 6272603773.495889
2780.256700 6272742492.330077
2780.590300 6272788884.714146
2780.923900 6272839052.561261
2781.257400 6272780603.218701
2781.591000 6272828793.280332
2781.924600 6272942637.504603
2782.258100 6272909628.259982
2782.591700 6272958147.660045
2782.925200 6273037239.646021
2783.258800 6273150283.617722
2783.592400 6273208699.212060
2783.925900 6273178138.799464
2784.259500 6273244674.399164
2784.593100 6273351672.426230
2784.926600 6273486302.208089
2785.260200 6273386181.220663
2785.593800 6273311808.249883
2785.927300 6273395862.594664
2786.260900 6273638796.233040
2786.594500 6273676598.677728
2786.928000 6273613506.689861
2787.261600 6273705326.501060
2787.595100 6273853126.367849
2787.928700 6273811464.772854
2788.262300 6273817224.050806
2788.595800 6274092021.813117
2788.929400 6274089702.657089
2789.263000 6274072048.344809
2789.596500 6274021658.446389
2789.930100 6274289050.226875
2790.263700 6274293508.626245
2790.597200 6274286089.280506
2790.930800 6274405283.911181
2791.264300 6274646007.346724
2791.597900 6274521815.178452
2791.931500 6274764754.806074
2792.265000 6274696469.028899
2792.598600 6274620544.909533
2792.932200 6274863372.522783
2793.265700 6274897832.687160
2793.599300 6274946690.139068
2793.932900 6275019894.098816
2794.266400 6274863903.337112
2794.600000 6275074492.123768
2794.933600 6275156333.320589
2795.267100 6275241397.684179
2795.600700 6275184763.405350
2795.934200 6275162868.589220
2796.267800 6275274244.280201
2796.601400 6275450381.399380
2796.934900 6275364704.195837
2797.268500 6275578436.960399
2797.602100 6275699536.769524
2797.935600 6275569295.908578
2798.269200 6275792839.057420
2798.602800 6275748478.294510
2798.936300 6275956585.830614
2799.269900 6275993781.227886
2799.603500 6276022982.717551
2799.937000 6276096174.154773
2800.270600 6276214409.850162
2800.604100 6276152708.746159
2800.937700 6276417219.149867
2801.271300 6276436361.228148
2801.604800 6276500780.605458
2801.938400 6276218744.666154
2802.272000 6276554855.857095
2802.605500 6276739728.856019
2802.939100 6276827508.219476
2803.272700 6276897324.512872
2803.606200 6276942492.375646
2803.939800 6277035763.258419
2804.273300 6277059791.117149
2804.606900 6277060168.516486
2804.940500 6277218012.748689
2805.274000 6277374583.003505
2805.607600 6277186507.360279
2805.941200 6277209186.645971
2806.274700 6277447768.561698
2806.608300 6277595126.068138
2806.941900 6277767589.283695
2807.275400 6277717495.011267
2807.609000 6277682315.210652
2807.942600 6277891781.443357
2808.276100 6277942860.591975
2808.609700 6277893996.562510
2808.943200 6278078465.670861
2809.276800 6278196410.775330
2809.610400 6278002659.305814
2809.943900 6278268016.298313
2810.277500 6278310735.911132
2810.611100 6278424636.087468
2810.944600 6278388389.898919
2811.278200 6278302491.726089
2811.611800 6278514985.209177
2811.945300 6278581495.292384
2812.278900 6278857202.924343
2812.612500 6278825107.293917
2812.946000 6278919913.580503
2813.279600 6279000765.897573
2813.613100 6278999905.353447
2813.946700 6279012555.505353
2814.280300 6279130261.602255
2814.613800 6279137170.412824
2814.947400 6279088854.566694
2815.281000 6279405244.422332
2815.614500 6279397967.411351
2815.948100 6279495724.126754
2816.281700 6279511626.291673
2816.615200 6279565815.070945
2816.948800 6279616024.071801
2817.282300 6279662358.974981
2817.615900 6279897396.308917
2817.949500 6279880869.622946
2818.283000 6279897441.309899
2818.616600 6279954958.026915
2818.950200 6280038735.459327
2819.283700 6280229934.836200
2819.617300 6280217621.697048
2819.950900 6280170362.979564
2820.284400 6280152513.601437
2820.618000 6280395213.947662
2820.951600 6280546908.057831
2821.285100 6280412021.873233
2821.618700 6280301010.111064
2821.952200 6280531724.928117
2822.285800 6280514734.241783
2822.619400 6280577519.198355
2822.952900 6280722535.071721
2823.286500 6280760298.378495
2823.620100 6280838288.969705
2823.953600 6280838049.217234
2824.287200 6280905666.009799
2824.620800 6281007712.697317
2824.954300 6281053339.542604
2825.287900 6280938734.494142
2825.621400 6281148548.230107
2825.955000 6281130577.462585
2826.288600 6281132665.148743
2826.622100 6281351146.171345
2826.955700 6281427890.065371
2827.289300 6281368407.144539
2827.622800 6281481213.943880
2827.956400 6281504449.253294
2828.290000 6281457427.808705
2828.623500 6281565558.416397
2828.957100 6281770091.845586
2829.290700 6281795241.293046
2829.624200 6281887494.400056
2829.957800 6281857103.658667
2830.291300 6281971960.016826
2830.624900 6282084457.372287
2830.958500 6282218580.724694
2831.292000 6281992042.569698
2831.625600 6282110117.238894
2831.959200 6282070994.100332
2832.292700 6282290244.964231
2832.626300 6282369934.056404
2832.959900 6282380518.446725
2833.293400 6282763096.722150
2833.627000 6282743855.811440
2833.960600 6282739789.883586
2834.294100 6282722630.398409
2834.627700 6283011196.382517
2834.961200 6283024453.281861
2835.294800 6283289660.594915
2835.628400 6283050550.822515
2835.961900 6283339414.580828
2836.295500 6283398973.592711
2836.629100 6283521513.646643
2836.962600 6283611758.703677
2837.296200 6283830937.695487
2837.629800 6283767829.767738
2837.963300 6283851826.700926
2838.296900 6283942544.778262
2838.630400 6284060257.376979
2838.964000 6284106009.136500
2839.297600 6284213291.855942
2839.631100 6284373371.768747
2839.964700 6284457752.160291
2840.298300 6284487356.422485
2840.631800 6284464348.700641
2840.965400 6284649127.637273
2841.299000 6284650353.630723
2841.632500 6284845812.659957
2841.966100 6284904332.745409
2842.299700 6284906726.079988
2842.633200 6285024739.248302
2842.966800 6284970341.617249
2843.300300 6285129211.254351
2843.633900 6285326023.368738
2843.967500 6285234561.908793
2844.301000 6285259588.649556
2844.634600 6285341294.755517
2844.968200 6285419582.868077
2845.301700 6285714141.447529
2845.635300 6285662266.618275
2845.968900 6285754409.679411
2846.302400 6285729916.889593
2846.636000 6286001375.576339
2846.969600 6285965208.078468
2847.303100 6286051500.410986
2847.636700 6285937317.646989
2847.970200 6286054693.225582
2848.303800 6286353801.770370
2848.637400 6286180838.874653
2848.970900 6286335783.610531
2849.304500 6286318511.850508
2849.638100 6286485129.328386
2849.971600 6286598602.399067
2850.305200 6286628573.190251
2850.638800 6286637915.830244
2850.972300 6286754459.343512
2851.305900 6286852324.482005
2851.639400 6286971454.920653
2851.973000 6286807748.528881
2852.306600 6287153004.772676
2852.640100 6286925132.244913
2852.973700 6287137790.801664
2853.307300 6287029617.284308
2853.640800 6287253485.854316
2853.974400 6287250810.066906
2854.308000 6287341097.161939
2854.641500 6287396728.957153
2854.975100 6287458075.945484
2855.308700 6287805080.139749
2855.642200 6287624130.534670
2855.975800 6287573330.231145
2856.309300 6287615351.876603
2856.642900 6287789242.236967
2856.976500 6287824903.331866
2857.310000 6287847683.500028
2857.643600 6287953561.887375
2857.977200 6287985432.715137
2858.310700 6288156513.447678
2858.644300 6288085701.417239
2858.977900 6288395575.332016
2859.311400 6288269788.785669
2859.645000 6288204453.691486
2859.978600 6288415507.050797
2860.312100 6288508251.936231
2860.645700 6288615123.653324
2860.979200 6288470042.970210
2861.312800 6288659155.849358
2861.646400 6288789107.487390
2861.979900 6288725498.805570
2862.313500 6288769420.642903
2862.647100 6288848291.565271
2862.980600 6289091270.659950
2863.314200 6289051332.717210
2863.647800 6289143223.004331
2863.981300 6289222991.677786
2864.314900 6289482009.020355
2864.648400 6289537156.274617
2864.982000 6289629092.453514
2865.315600 6289482907.163132
2865.649100 6289487170.364037
2865.982700 6289651265.966957
2866.316300 6289784421.976398
2866.649800 6289896859.793414
2866.983400 6289905843.437868
2867.317000 6289782245.916972
2867.650500 6289864443.016361
2867.984100 6290052175.102134
2868.317700 6290076467.187581
2868.651200 6289902793.915459
2868.984800 6290174281.958507
2869.318300 6290255848.390267
2869.651900 6290379406.478904
2869.985500 6290368102.144672
2870.319000 6290489457.924702
2870.652600 6290500025.743627
2870.986200 6290672325.594994
2871.319700 6290658013.906284
2871.653300 6290816109.625612
2871.986900 6290893272.185426
2872.320400 6290992623.040837
2872.654000 6290903624.436209
2872.987600 6290960632.931204
2873.321100 6291101407.059981
2873.654700 6291351006.974398
2873.988200 6291441552.594826
2874.321800 6291577710.313898
2874.655400 6291536323.047468
2874.988900 6291574613.734978
2875.322500 6291804417.153166
2875.656100 6291788061.801343
2875.989600 6292022113.235853
2876.323200 6291960081.604381
2876.656800 6292155201.288717
2876.990300 6292251989.760228
2877.323900 6292384051.937811
2877.657400 6292392773.729129
2877.991000 6292491503.677434
2878.324600 6292398974.139566
2878.658100 6292722588.449731
2878.991700 6292660036.004090
2879.325300 6292833282.750831
2879.658800 6292887006.161551
2879.992400 6293020969.264803
2880.326000 6292907706.247723
2880.659500 6293054620.369589
2880.993100 6293168224.705714
2881.326700 6293168909.963470
2881.660200 6293480562.772881
2881.993800 6293475429.715508
2882.327300 6293707078.334006
2882.660900 6293675500.746900
2882.994500 6293795387.673576
2883.328000 6293866963.397874
2883.661600 6293895158.563212
2883.995200 6294196470.182596
2884.328700 6294116383.060348
2884.662300 6294350170.408768
2884.995900 6294383168.697032
2885.329400 6294677826.256846
2885.663000 6294514354.701039
2885.996600 6294567303.361115
2886.330100 6294737486.058647
2886.663700 6294898251.599881
2886.997200 6294924220.516497
2887.330800 6295192616.043870
2887.664400 6295147947.391999
2887.997900 6295350023.125167
2888.331500 6295221182.196169
2888.665100 6295426695.165991
2888.998600 6295414947.614638
2889.332200 6295626572.841653
2889.665800 6295632898.722746
2889.999300 6295846731.328749
2890.332900 6296136510.931200
2890.666400 6295933858.374325
2891.000000 6296235928.777534
2891.333600 6296285527.259409
2891.667100 6296201432.935447
2892.000700 6296501126.590332
2892.334300 6296621906.937448
2892.667800 6296527967.921098
2893.001400 6296610644.281962
2893.335000 6296806222.688628
2893.668500 6296950140.721549
2894.002100 6297095009.103273
2894.335700 6297119919.479716
2894.669200 6297251936.082619
2895.002800 6297205911.314610
2895.336300 6297656031.897864
2895.669900 6297475860.383821
2896.003500 6297749415.211182
2896.337000 6297970396.422844
2896.670600 6298054899.772400
2897.004200 6298024806.807719
2897.337700 6298258066.933979
2897.671300 6298368716.795852
2898.004900 6298430534.022551
2898.338400 6298596365.448875
2898.672000 6298703748.715755
2899.005600 6298779089.234357
2899.339100 6299157138.594861
2899.672700 6299013497.923688
2900.006200 6299127548.365465
2900.339800 6299212220.203293
2900.673400 6299433053.608923
2901.006900 6299624211.913743
2901.340500 6299769903.311165
2901.674100 6299698301.483215
2902.007600 6299834895.247157
2902.341200 6299880587.866765
2902.674800 6300070040.183569
2903.008300 6300240093.330103
2903.341900 6300323110.459479
2903.675400 6300547868.254593
2904.009000 6300540930.405849
2904.342600 6300723453.108149
2904.676100 6300709835.482798
2905.009700 6300940157.325180
2905.343300 6300987473.486931
2905.676800 6301176703.678281
2906.010400 6301257739.635344
2906.344000 6301240464.036499
2906.677500 6301451574.686750
2907.011100 6301609930.713208
2907.344700 6301869559.800943
2907.678200 6301817714.823179
2908.011800 6302056305.016679
2908.345300 6302079410.746036
2908.678900 6302212973.937844
2909.012500 6302147038.617008
2909.346000 6302355913.548623
2909.679600 6302552429.071297
2910.013200 6302498383.495860
2910.346700 6302594836.726454
2910.680300 6302931881.631862
2911.013900 6302960213.353112
2911.347400 6303154831.179746
2911.681000 6303359872.714797
2912.014600 6303279145.452633
2912.348100 6303406585.481833
2912.681700 6303485393.039432
2913.015200 6303614226.147612
2913.348800 6303774796.222826
2913.682400 6303834010.219190
2914.015900 6304011699.210303
2914.349500 6303938954.822302
2914.683100 6303992138.861418
2915.016600 6304146786.844559
2915.350200 6304494683.156937
2915.683800 6304336308.374552
2916.017300 6304382157.802819
2916.350900 6304806021.008351
2916.684400 6304774456.901489
2917.018000 6304805139.825265
2917.351600 6305092640.636107
2917.685100 6304963610.071834
2918.018700 6305156256.818182
2918.352300 6305281602.741656
2918.685800 6305343165.984162
2919.019400 6305395533.132201
2919.353000 6305540412.442780
2919.686500 6305560404.271000
2920.020100 6305666330.047566
2920.353700 6305718576.808484
2920.687200 6305814769.953771
2921.020800 6305930036.762185
2921.354300 6306003481.360178
2921.687900 6305906291.748031
2922.021500 6306223634.054445
2922.355000 6306393999.704631
2922.688600 6306298345.046695
2923.022200 6306439352.715633
2923.355700 6306588620.619996
2923.689300 6306593214.447319
2924.022900 6306699631.063900
2924.356400 6306743963.003449
2924.690000 6307004437.729894
2925.023600 6307058903.597457
2925.357100 6307253663.364269
2925.690700 6307351220.941862
2926.024200 6307352302.245219
2926.357800 6307480456.237237
2926.691400 6307609228.441818
2927.024900 6307652473.188454
2927.358500 6307835823.928610
2927.692100 6307842282.760302
2928.025600 6307956271.846237
2928.359200 6307783456.505992
2928.692800 6308177131.321198
2929.026300 6307973499.265568
2929.359900 6308239167.183869
2929.693400 6308200558.216993
2930.027000 6308125201.678057
2930.360600 6308519531.734724
2930.694100 6308313025.692183
2931.027700 6308531485.483658
2931.361300 6308469990.882083
2931.694800 6308674092.303285
2932.028400 6308704113.715861
2932.362000 6308913233.384250
2932.695500 6308827938.933900
2933.029100 6308981496.742233
2933.362700 6308978135.906795
2933.696200 6309109995.440225
2934.029800 6309150808.685051
2934.363300 6309439007.798242
2934.696900 6309271500.871257
2935.030500 6309313894.408100
2935.364000 6309533769.544971
2935.697600 6309481496.321939
2936.031200 6309609448.339117
2936.364700 6309670283.391873
2936.698300 6310144232.650479
2937.031900 6309836996.996202
2937.365400 6310172433.089432
2937.699000 6310188370.519825
2938.032500 6310270348.272199
2938.366100 6310314511.257523
2938.699700 6310466973.259229
2939.033200 6310516807.084756
2939.366800 6310566076.983289
2939.700400 6310664232.476343
2940.033900 6310914840.066363
2940.367500 6310884747.878343
2940.701100 6310758274.515986
2941.034600 6311070409.107085
2941.368200 6311050860.164385
2941.701800 6311327007.030761
2942.035300 6311404617.624961
2942.368900 6311281516.061305
2942.702400 6311446190.375078
2943.036000 6311664552.922314
2943.369600 6311692780.454392
2943.703100 6311771004.352353
2944.036700 6311952706.053625
2944.370300 6311918906.524157
2944.703800 6312273468.216540
2945.037400 6312202740.375602
2945.371000 6312310947.687472
2945.704500 6312428465.064756
2946.038100 6312251173.785347
2946.371700 6312433997.826060
2946.705200 6313026562.827482
2947.038800 6313037367.150727
2947.372300 6313167898.608382
2947.705900 6313174937.590564
2948.039500 6313197226.753621
2948.373000 6313437459.500147
2948.706600 6313708680.193341
2949.040200 6313543017.479408
2949.373700 6313800012.737817
2949.707300 6314045548.921200
2950.040900 6314149507.431727
2950.374400 6314258797.099071
2950.708000 6314374127.888103
2951.041500 6314297271.405990
2951.375100 6314617056.841015
2951.708700 6314511208.986064
2952.042200 6314696979.572729
2952.375800 6314897889.458289
2952.709400 6314967469.932930
2953.042900 6315440486.621643
2953.376500 6315354819.969106
2953.710100 6315483150.409229
2954.043600 6315587768.339755
2954.377200 6315752271.272950
2954.710800 6315972519.477960
2955.044300 6316069516.340647
2955.377900 6316057885.539661
2955.711400 6316043313.352555
2956.045000 6316276216.452887
2956.378600 6316388594.674519
2956.712100 6316659820.723036
2957.045700 6316726100.260966
2957.379300 6316723154.308711
2957.712800 6316881806.333405
2958.046400 6317048792.519431
2958.380000 6317270730.288430
2958.713500 6317172921.734999
2959.047100 6317503652.012348
2959.380700 6317648964.668790
2959.714200 6317818514.502391
2960.047800 6317885332.518094
2960.381300 6317997639.637506
2960.714900 6318174239.713284
2961.048500 6318286174.665803
2961.382000 6318322461.903913
2961.715600 6318475164.950144
2962.049200 6318660271.136686
2962.382700 6318732034.254527
2962.716300 6318954607.870358
2963.049900 6319024090.903564
2963.383400 6319348001.724440
2963.717000 6319309110.146313
2964.050500 6319598364.520422
2964.384100 6319563880.721169
2964.717700 6319596156.169200
2965.051200 6319651322.857044
2965.384800 6319943994.814688
2965.718400 6320116580.045650
2966.051900 6320111014.258886
2966.385500 6320094598.170026
2966.719100 6320290230.106901
2967.052600 6320601397.431045
2967.386200 6320669652.649306
2967.719800 6320891245.806081
2968.053300 6320943748.845176
2968.386900 6320935019.809321
2968.720400 6321006916.785064
2969.054000 6321296847.589752
2969.387600 6321506105.691910
2969.721100 6321585520.409798
2970.054700 6321723548.590663
2970.388300 6321749853.478432
2970.721800 6321833717.905172
2971.055400 6321957375.606466
2971.389000 6322171289.556991
2971.722500 6322426569.493820
2972.056100 6322505854.907630
2972.389700 6322674866.691319
2972.723200 6322754603.403623
2973.056800 6322916427.222655
2973.390300 6323005759.626400
2973.723900 6323132954.326089
2974.057500 6323181175.079138
2974.391000 6323334404.557962
2974.724600 6323502866.598085
2975.058200 6323623178.438030
2975.391700 6323720314.533613
2975.725300 6323965316.554152
2976.058900 6323934128.313370
2976.392400 6324205185.729655
2976.726000 6324392856.674510
2977.059500 6324472514.607665
2977.393100 6324624498.724819
2977.726700 6324762305.565811
2978.060200 6324951931.104288
2978.393800 6325051172.250208
2978.727400 6325168928.339449
2979.060900 6325143129.939543
2979.394500 6325171594.691305
2979.728100 6325323657.438343
2980.061600 6325469218.193745
2980.395200 6325579601.157279
2980.728800 6325785920.653201
2981.062300 6325890197.501669
2981.395900 6325937880.973485
2981.729400 6326058835.331130
2982.063000 6326287957.264883
2982.396600 6326304425.624145
2982.730100 6326372824.575152
2983.063700 6326543311.577400
2983.397300 6326634810.364919
2983.730800 6326669603.154888
2984.064400 6326878546.093452
2984.398000 6326937836.686529
2984.731500 6327216731.427274
2985.065100 6327272299.786136
2985.398700 6327319530.445116
2985.732200 6327634421.243878
2986.065800 6327531431.384137
2986.399300 6327826064.528498
2986.732900 6327983844.570694
2987.066500 6328154376.202938
2987.400000 6328077037.214298
2987.733600 6328253952.990977
2988.067200 6328419815.376724
2988.400700 6328574142.069139
2988.734300 6328784451.479190
2989.067900 6328878510.752664
2989.401400 6328922008.213515
2989.735000 6329025503.822840
2990.068500 6329171103.178037
2990.402100 6329435245.091927
2990.735700 6329460581.994241
2991.069200 6329602312.107017
2991.402800 6329653225.531471
2991.736400 6329785882.778875
2992.069900 6329748122.094442
2992.403500 6329991305.334307
2992.737100 6330024341.167276
2993.070600 6330144779.239584
2993.404200 6330341271.708731
2993.737800 6330394549.641270
2994.071300 6330682613.860745
2994.404900 6330657001.780999
2994.738400 6330694212.715342
2995.072000 6330958042.524785
2995.405600 6331089779.489510
2995.739100 6331068621.175472
2996.072700 6331305982.623434
2996.406300 6331369738.120428
2996.739800 6331392347.752596
2997.073400 6331524792.563487
2997.407000 6331732863.626034
2997.740500 6331900350.791141
2998.074100 6331966819.371653
2998.407700 6332188732.189942
2998.741200 6332232303.358420
2999.074800 6332492418.619271
2999.408300 6332457195.556053
2999.741900 6332751747.654925
3000.075500 6332776950.158186
3000.409000 6332992501.156134
3000.742600 6333137986.746141
3001.076200 6333391045.104277
3001.409700 6333486321.230057
3001.743300 6333432409.942430
3002.076900 6333703408.627113
3002.410400 6333788555.100999
3002.744000 6333907986.613664
3003.077500 6334219398.617511
3003.411100 6334427269.928988
3003.744700 6334464152.714688
3004.078200 6334555773.977958
3004.411800 6334776493.376074
3004.745400 6334899671.424457
3005.078900 6334889465.029259
3005.412500 6335032469.629291
3005.746100 6335026711.381802
3006.079600 6335319920.018786
3006.413200 6335441576.166578
3006.746800 6335732932.852126
3007.080300 6335857418.395707
3007.413900 6335870928.091335
3007.747400 6336051160.029914
3008.081000 6336208149.438334
3008.414600 6336352139.602667
3008.748100 6336380937.289849
3009.081700 6336648935.925965
3009.415300 6336923396.108538
3009.748800 6336868955.392067
3010.082400 6337197603.367503
3010.416000 6337237346.494322
3010.749500 6337370731.813025
3011.083100 6337487045.738140
3011.416700 6337669782.938689
3011.750200 6337882323.178700
3012.083800 6337903050.170142
3012.417300 6338142634.618728
3012.750900 6338325919.235955
3013.084500 6338667747.473503
3013.418000 6338605949.830775
3013.751600 6338645753.029140
3014.085200 6338728002.920152
3014.418700 6338979557.738004
3014.752300 6339176174.274046
3015.085900 6339439888.974401
3015.419400 6339512357.761935
3015.753000 6339821250.750675
3016.086500 6339670225.892770
3016.420100 6339977321.779313
3016.753700 6340174536.726045
3017.087200 6340201613.316802
3017.420800 6340212777.591758
3017.754400 6340550544.937222
3018.087900 6340734355.048694
3018.421500 6340815789.849892
3018.755100 6341065895.927016
3019.088600 6341145006.254409
3019.422200 6341396792.246605
3019.755800 6341595190.482834
3020.089300 6341671692.071461
3020.422900 6341790816.088263
3020.756400 6341904099.690656
3021.090000 6342021083.710567
3021.423600 6342205295.134784
3021.757100 6342355586.987768
3022.090700 6342469028.355927
3022.424300 6342653690.062690
3022.757800 6342638555.397875
3023.091400 6342900355.472887
3023.425000 6343142325.249974
3023.758500 6343251179.791484
3024.092100 6343412514.150126
3024.425700 6343600539.241657
3024.759200 6343682349.127035
3025.092800 6343811692.803067
3025.426300 6343885075.558016
3025.759900 6344142070.353969
3026.093500 6344380211.588984
3026.427000 6344426176.635614
3026.760600 6344482004.792953
3027.094200 6344872837.151631
3027.427700 6344849048.286812
3027.761300 6344980977.971292
3028.094900 6345046840.758457
3028.428400 6345158951.583327
3028.762000 6345332597.162476
3029.095500 6345647267.075807
3029.429100 6345737103.457442
3029.762700 6345593401.390407
3030.096200 6345823799.896831
3030.429800 6346031696.988177
3030.763400 6346103496.313091
3031.096900 6346270694.425578
3031.430500 6346499564.366002
3031.764100 6346356738.891509
3032.097600 6346573062.495893
3032.431200 6346766365.348128
3032.764800 6346999452.841072
3033.098300 6346901461.539467
3033.431900 6347205664.563272
3033.765400 6347221970.854833
3034.099000 6347454650.083694
3034.432600 6347409297.148823
3034.766100 6347633723.935646
3035.099700 6347745913.045543
3035.433300 6347856774.831480
3035.766800 6347825367.774971
3036.100400 6348111672.558331
3036.434000 6348296988.606258
3036.767500 6348452619.662445
3037.101100 6348469561.538486
3037.434700 6348533941.797242
3037.768200 6348878208.955220
3038.101800 6349140884.563812
3038.435300 6349109793.479211
3038.768900 6349180598.838794
3039.102500 6349492740.369880
3039.436000 6349527332.792988
3039.769600 6349619899.240520
3040.103200 6349854398.209729
3040.436700 6349877108.335255
3040.770300 6350136218.930029
3041.103900 6350200646.924839
3041.437400 6350188307.743581
3041.771000 6350306009.499457
3042.104500 6350656773.063264
3042.438100 6350758092.818685
3042.771700 6350943798.824387
3043.105200 6351030099.334085
3043.438800 6351168842.729411
3043.772400 6351304928.026193
3044.105900 6351457225.521605
3044.439500 6351469984.396459
3044.773100 6351615035.584787
3045.106600 6351705119.985420
3045.440200 6351854844.560577
3045.773800 6352094160.966708
3046.107300 6352056812.681021
3046.440900 6352142052.404985
3046.774400 6352397009.977979
3047.108000 6352176095.264401
3047.441600 6352556162.769008
3047.775100 6352885534.661299
3048.108700 6352798303.689714
3048.442300 6353083638.853898
3048.775800 6353087465.424464
3049.109400 6353414168.891720
3049.443000 6353570853.233472
3049.776500 6353707390.247244
3050.110100 6353643246.007701
3050.443600 6353922644.220214
3050.777200 6354017046.587639
3051.110800 6354164193.656724
3051.444300 6354253014.792336
3051.777900 6354626674.313832
3052.111500 6354639823.610262
3052.445000 6354762811.702168
3052.778600 6354774856.413146
3053.112200 6355175379.746458
3053.445700 6355144241.524219
3053.779300 6355371958.872728
3054.112900 6355641005.189157
3054.446400 6355723748.701762
3054.780000 6355806670.039457
3055.113500 6355906614.949428
3055.447100 6356158103.152202
3055.780700 6356337000.264395
3056.114200 6356422750.612862
3056.447800 6356709033.725049
3056.781400 6356830293.619290
3057.114900 6357011483.735930
3057.448500 6357088872.804781
3057.782100 6357134208.445980
3058.115600 6357373505.440141
3058.449200 6357761127.384851
3058.782800 6357702523.163024
3059.116300 6357868746.018581
3059.449900 6358036997.334249
3059.783400 6358227745.106128
3060.117000 6358296625.149894
3060.450600 6358425181.669549
3060.784100 6358787605.450262
3061.117700 6358738455.778391
3061.451300 6359068449.274139
3061.784800 6359079596.045494
3062.118400 6359376116.921414
3062.452000 6359535884.913578
3062.785500 6359787840.734506
3063.119100 6359871801.410582
3063.452600 6360057721.027892
3063.786200 6359885937.447046
3064.119800 6360278691.866083
3064.453300 6360428238.490551
3064.786900 6360531264.335092
3065.120500 6360808784.446106
3065.454000 6360931357.575960
3065.787600 6361248894.251848
3066.121200 6361181168.106031
3066.454700 6361433895.118814
3066.788300 6361585242.213303
3067.121900 6361577160.759581
3067.455400 6361805482.389431
3067.789000 6362037760.859764
3068.122500 6362168176.250762
3068.456100 6362285826.435512
3068.789700 6362380729.895239
3069.123200 6362510213.311352
3069.456800 6362793104.925174
3069.790400 6362846502.193520
3070.123900 6363178005.703360
3070.457500 6363361504.892135
3070.791100 6363528037.202902
3071.124600 6363593199.639580
3071.458200 6363821355.708755
3071.791800 6363983899.559962
3072.125300 6364218298.787008
3072.458900 6364384075.961401
3072.792400 6364610073.553606
3073.126000 6364797384.478280
3073.459600 6364863519.575730
3073.793100 6365061877.516377
3074.126700 6365265763.390572
3074.460300 6365503246.181091
3074.793800 6365669167.061310
3075.127400 6365844582.261903
3075.461000 6366066787.384972
3075.794500 6366261920.129859
3076.128100 6366141617.712468
3076.461600 6366715892.049059
3076.795200 6366864889.191772
3077.128800 6366962701.358753
3077.462300 6367086333.436845
3077.795900 6367212097.186423
3078.129500 6367564100.955276
3078.463000 6367800475.238344
3078.796600 6368030554.802199
3079.130200 6368082198.967836
3079.463700 6368287259.639237
3079.797300 6368358425.365802
3080.130900 6368491772.908612
3080.464400 6368934885.620608
3080.798000 6369059195.126227
3081.131500 6369086734.370637
3081.465100 6369421156.499064
3081.798700 6369527638.024530
3082.132200 6369738288.185363
3082.465800 6369904459.064846
3082.799400 6370127014.643951
3083.132900 6370321531.895494
3083.466500 6370511544.858262
3083.800100 6370711617.810518
3084.133600 6371005307.259434
3084.467200 6371183710.058089
3084.800800 6371371617.753365
3085.134300 6371359467.361015
3085.467900 6371702942.712756
3085.801400 6372017024.324902
3086.135000 6372214935.954061
3086.468600 6372160926.710264
3086.802100 6372688024.570882
3087.135700 6372527496.564752
3087.469300 6372737914.058671
3087.802800 6373161925.520529
3088.136400 6373319083.195453
3088.470000 6373622221.238677
3088.803500 6373767468.742878
3089.137100 6373790256.979884
3089.470600 6374038278.024108
3089.804200 6374290350.351166
3090.137800 6374460862.999098
3090.471300 6374747159.441670
3090.804900 6374813841.449192
3091.138500 6375174626.261452
3091.472000 6375221995.508943
3091.805600 6375506097.025760
3092.139200 6375667662.414637
3092.472700 6375868155.820792
3092.806300 6376170396.204772
3093.139900 6376199316.435881
3093.473400 6376373906.454353
3093.807000 6376574061.771226
3094.140500 6376736310.685384
3094.474100 6376906923.881254
3094.807700 6377079897.930448
3095.141200 6377427303.732477
3095.474800 6377459632.357033
3095.808400 6377752632.695224
3096.141900 6377771375.123802
3096.475500 6378005208.365686
3096.809100 6378039794.309333
3097.142600 6378317240.009911
3097.476200 6378447637.844090
3097.809800 6378565736.862142
3098.143300 6379013974.446181
3098.476900 6378973747.141604
3098.810400 6379157644.924483
3099.144000 6379186627.925468
3099.477600 6379691892.547209
3099.811100 6379685045.245170
3100.144700 6379902465.713922
3100.478300 6380042348.760736
3100.811800 6380151331.269470
3101.145400 6380401674.132257
3101.479000 6380686300.148983
3101.812500 6380788834.345128
3102.146100 6380970824.913738
3102.479600 6380893669.818099
3102.813200 6381275213.452368
3103.146800 6381529640.453427
3103.480300 6381445447.464551
3103.813900 6381696291.392004
3104.147500 6381912721.870253
3104.481000 6382177147.384226
3104.814600 6382445630.786880
3105.148200 6382448492.313300
3105.481700 6382545942.942940
3105.815300 6382874189.917942
3106.148900 6382950103.114258
3106.482400 6383217958.161148
3106.816000 6383033501.286449
3107.149500 6383291722.875767
3107.483100 6383574584.211735
3107.816700 6383800186.163081
3108.150200 6383669738.529353
3108.483800 6384005807.399241
3108.817400 6384217205.445139
3109.150900 6384118722.465218
3109.484500 6384425492.229604
3109.818100 6384471349.109419
3110.151600 6384672447.959011
3110.485200 6384669891.932447
3110.818800 6385076551.430132
3111.152300 6385051112.462768
3111.485900 6385193351.898376
3111.819400 6385365675.189083
3112.153000 6385705048.272933
3112.486600 6385609776.671734
3112.820100 6385856755.960833
3113.153700 6385915241.307974
3113.487300 6386006602.424392
3113.820800 6386454475.090079
3114.154400 6386334681.098456
3114.488000 6386496103.829469
3114.821500 6386678238.240935
3115.155100 6386662720.186046
3115.488600 6386952045.946316
3115.822200 6387071689.041952
3116.155800 6387128162.634686
3116.489300 6387153095.589520
3116.822900 6387429422.597696
3117.156500 6387653593.470551
3117.490000 6387585622.319634
3117.823600 6388110973.430362
3118.157200 6388050566.420683
3118.490700 6388106205.818787
3118.824300 6388258619.912361
3119.157900 6388384399.106921
3119.491400 6388558162.643006
3119.825000 6388586801.249551
3120.158500 6388876647.039005
3120.492100 6388997484.320745
3120.825700 6389215564.763717
3121.159200 6389286737.581064
3121.492800 6389448388.142440
3121.826400 6389545714.655069
3122.159900 6389748565.429207
3122.493500 6390059305.473551
3122.827100 6390004401.288005
3123.160600 6390189249.425414
3123.494200 6390371007.124895
3123.827800 6390577897.326479
3124.161300 6390819611.521693
3124.494900 6390744581.032392
3124.828400 6391064708.292218
3125.162000 6391333321.196668
3125.495600 6391618909.141875
3125.829100 6391525644.494262
3126.162700 6391517895.328074
3126.496300 6392016733.883591
3126.829800 6392241240.227929
3127.163400 6392246839.648134
3127.497000 6392490214.487711
3127.830500 6392871008.286808
3128.164100 6392840123.543155
3128.497600 6393189212.629594
3128.831200 6393119885.278473
3129.164800 6393368112.050438
3129.498300 6393741157.654140
3129.831900 6393785552.282926
3130.165500 6393701852.842324
3130.499000 6394193281.503198
3130.832600 6394569623.905725
3131.166200 6394661413.282698
3131.499700 6394848434.008090
3131.833300 6395099121.500011
3132.166900 6395267565.207224
3132.500400 6395456315.381756
3132.834000 6395655895.170737
3133.167500 6395784186.896585
3133.501100 6395864233.845498
3133.834700 6396365742.009351
3134.168200 6396311976.593765
3134.501800 6396623675.856514
3134.835400 6396706391.457541
3135.168900 6397019984.184175
3135.502500 6397171489.916249
3135.836100 6397420143.314470
3136.169600 6397617626.161315
3136.503200 6397913538.694321
3136.836800 6398157832.228458
3137.170300 6398263244.838011
3137.503900 6398392886.416630
3137.837400 6398560935.258895
3138.171000 6398883520.297240
3138.504600 6399042930.452825
3138.838100 6399313206.136416
3139.171700 6399335013.904943
3139.505300 6399489132.075373
3139.838800 6399779335.761795
3140.172400 6399906092.327138
3140.506000 6400004740.074129
3140.839500 6400213000.222978
3141.173100 6400549628.283340
3141.506600 6400431396.779862
3141.840200 6400745211.065764
3142.173800 6400952140.642063
3142.507300 6401028238.353392
3142.840900 6401110527.635592
3143.174500 6401372279.289026
3143.508000 6401610420.170039
3143.841600 6401749547.604524
3144.175200 6401830866.918562
3144.508700 6402087623.259119
3144.842300 6402213007.796639
3145.175900 6402238448.276976
3145.509400 6402515821.922554
3145.843000 6402759559.433697
3146.176500 6402948288.648935
3146.510100 6403204753.618984
3146.843700 6403264031.520081
3147.177200 6403542144.614399
3147.510800 6403588440.805972
3147.844400 6403720009.312767
3148.177900 6403970920.020898
3148.511500 6404294838.669155
3148.845100 6404105028.982635
3149.178600 6404427818.762265
3149.512200 6404689474.666850
3149.845800 6404939492.557199
3150.179300 6404918205.024864
3150.512900 6405058731.766189
3150.846400 6405299772.709942
3151.180000 6405640628.231685
3151.513600 6405811912.065670
3151.847100 6405886921.626770
3152.180700 6406079846.387748
3152.514300 6406201272.204569
3152.847800 6406193997.007858
3153.181400 6406741918.796364
3153.515000 6406616594.174672
3153.848500 6407041908.085704
3154.182100 6407172606.132034
3154.515600 6407238009.675876
3154.849200 6407378928.290049
3155.182800 6407582641.565661
3155.516300 6407769986.824201
3155.849900 6407982105.658026
3156.183500 6408075275.005608
3156.517000 6408192521.286440
3156.850600 6408555781.090566
3157.184200 6408329328.270036
3157.517700 6408470288.132966
3157.851300 6408872911.068094
3158.184900 6409000071.673813
3158.518400 6409263116.971485
3158.852000 6409372376.315534
3159.185500 6409645159.583557
3159.519100 6409709437.267174
3159.852700 6409962742.727350
3160.186200 6410055694.396855
3160.519800 6410256569.892733
3160.853400 6410484155.171139
3161.186900 6410586487.493325
3161.520500 6410865229.599371
3161.854100 6410948140.077951
3162.187600 6411081046.153653
3162.521200 6411538701.600743
3162.854800 6411540702.597254
3163.188300 6411538658.111867
3163.521900 6411837918.733706
3163.855400 6412179243.720569
3164.189000 6412212957.691824
3164.522600 6412428101.631989
3164.856100 6412916672.418507
3165.189700 6412837827.861312
3165.523300 6413082123.006631
3165.856800 6413247562.678616
3166.190400 6413492999.475444
3166.524000 6413760295.353434
3166.857500 6413970029.191997
3167.191100 6414161486.042047
3167.524600 6414345223.983412
3167.858200 6414703806.088488
3168.191800 6414605531.930917
3168.525300 6415030576.049050
3168.858900 6415113348.150392
3169.192500 6415465443.941935
3169.526000 6415607284.835544
3169.859600 6415752682.427380
3170.193200 6416083629.191946
3170.526700 6416139753.473939
3170.860300 6416380927.817009
3171.193900 6416634242.408272
3171.527400 6416877635.028101
3171.861000 6416946572.014987
3172.194500 6417325808.335479
3172.528100 6417492969.100712
3172.861700 6417743393.818973
3173.195200 6417890047.362930
3173.528800 6418060752.377580
3173.862400 6418250500.183002
3174.195900 6418491597.064811
3174.529500 6418733393.461511
3174.863100 6418899684.656646
3175.196600 6419108525.248565
3175.530200 6419511946.723973
3175.863700 6419630356.756512
3176.197300 6419765717.119777
3176.530900 6420094084.174609
3176.864400 6420256957.339002
3177.198000 6420414127.601066
3177.531600 6420916073.346836
3177.865100 6420797737.104939
3178.198700 6421090568.985076
3178.532300 6421367831.044025
3178.865800 6421528234.163522
3179.199400 6421876152.007763
3179.533000 6422005659.996431
3179.866500 6422317565.342418
3180.200100 6422439738.873533
3180.533600 6422723125.357945
3180.867200 6422651873.970844
3181.200800 6423177585.615055
3181.534300 6423273028.415587
3181.867900 6423535318.665676
3182.201500 6423849866.514627
3182.535000 6424131680.054872
3182.868600 6424459019.404700
3183.202200 6424484053.332932
3183.535700 6424757264.480740
3183.869300 6425064133.409139
3184.202900 6425306292.414280
3184.536400 6425502445.088622
3184.870000 6425611970.201085
3185.203500 6425944412.019173
3185.537100 6426137069.183905
3185.870700 6426342243.754581
3186.204200 6426657493.499813
3186.537800 6426866005.388428
3186.871400 6427127861.919935
3187.204900 6427321175.460670
3187.538500 6427461725.064786
3187.872100 6427639492.565866
3188.205600 6427881438.814505
3188.539200 6428215466.876726
3188.872700 6428457221.589682
3189.206300 6428498040.560803
3189.539900 6428840002.000470
3189.873400 6429165321.931892
3190.207000 6429261204.385129
3190.540600 6429602857.416887
3190.874100 6429542758.996155
3191.207700 6429915907.180667
3191.541300 6429990036.216783
3191.874800 6430328645.352514
3192.208400 6430292716.433647
3192.542000 6430430112.826021
3192.875500 6430771951.155178
3193.209100 6430930865.435801
3193.542600 6430942838.431911
3193.876200 6431298157.890368
3194.209800 6431289546.238008
3194.543300 6431366914.314673
3194.876900 6431662513.627187
3195.210500 6431943392.214522
3195.544000 6432043591.940523
3195.877600 6432446989.490451
3196.211200 6432482626.529211
3196.544700 6432503305.950772
3196.878300 6432746217.550829
3197.211900 6432895874.472636
3197.545400 6433026152.157134
3197.879000 6433101221.796417
3198.212500 6433421255.217073
3198.546100 6433668415.056495
3198.879700 6433627854.974721
3199.213200 6433949450.246610
3199.546800 6434327790.865808
3199.880400 6434318085.106370
3200.213900 6434422809.881978
3200.547500 6434782662.266195
3200.881100 6435043336.021326
3201.214600 6435145348.941862
3201.548200 6435236933.547018
3201.881700 6435452669.579176
3202.215300 6435547654.911020
3202.548900 6436003757.703208
3202.882400 6435954920.766493
3203.216000 6436175715.023653
3203.549600 6436216154.808971
3203.883100 6436648814.946498
3204.216700 6436709854.163118
3204.550300 6437140658.744026
3204.883800 6437229834.667169
3205.217400 6437339890.115631
3205.551000 6437524590.128690
3205.884500 6437854697.966799
3206.218100 6437932465.132749
3206.551600 6438364768.720047
3206.885200 6438276245.175702
3207.218800 6438676680.792786
3207.552300 6438815070.304150
3207.885900 6438906227.696342
3208.219500 6439275860.693500
3208.553000 6439371528.256973
3208.886600 6439604497.331830
3209.220200 6439725090.825081
3209.553700 6440068312.720607
3209.887300 6440082142.483710
3210.220900 6440355790.026164
3210.554400 6440549462.975105
3210.888000 6440645595.785672
3211.221500 6440840141.476611
3211.555100 6441206969.126093
3211.888700 6441493904.458076
3212.222200 6441864088.322208
3212.555800 6441825883.323527
3212.889400 6442097403.063656
3213.222900 6442367212.415524
3213.556500 6442605268.022738
3213.890100 6443001266.892675
3214.223600 6443020612.671588
3214.557200 6443147912.054111
3214.890700 6443506221.503045
3215.224300 6443793820.959596
3215.557900 6443853439.403173
3215.891400 6444197678.051689
3216.225000 6444343137.770478
3216.558600 6444386132.211350
3216.892100 6444698067.971250
3217.225700 6444867104.844536
3217.559300 6445212053.819504
3217.892800 6445248278.687622
3218.226400 6445467528.691577
3218.560000 6445676054.525103
3218.893500 6445822533.980136
3219.227100 6446083135.738400
3219.560600 6446231711.473242
3219.894200 6446364151.573433
3220.227800 6446633814.847013
3220.561300 6446932117.910596
3220.894900 6446860473.726046
3221.228500 6447338078.205117
3221.562000 6447582732.707649
3221.895600 6447563344.292323
3222.229200 6447845462.883606
3222.562700 6448338776.164719
3222.896300 6448218132.267997
3223.229900 6448471622.315777
3223.563400 6448741057.733939
3223.897000 6449098899.968066
3224.230500 6449260811.299613
3224.564100 6449388181.911847
3224.897700 6449560141.068085
3225.231200 6449748184.933674
3225.564800 6450224696.013099
3225.898400 6450481470.607439
3226.231900 6450412610.101034
3226.565500 6450728050.454593
3226.899100 6451194968.490948
3227.232600 6451248864.513247
3227.566200 6451513015.143723
3227.899700 6451750566.362351
3228.233300 6451906737.116961
3228.566900 6452222550.800560
3228.900400 6452336804.452346
3229.234000 6452660875.214408
3229.567600 6452926605.237478
3229.901100 6452959753.000116
3230.234700 6453264108.826832
3230.568300 6453478765.630263
3230.901800 6453793293.344191
3231.235400 6454119968.847310
3231.569000 6454293998.860530
3231.902500 6454561655.157837
3232.236100 6454724641.672574
3232.569600 6455190063.596895
3232.903200 6455185388.905399
3233.236800 6455455964.051697
3233.570300 6455643397.224054
3233.903900 6456118225.604038
3234.237500 6456334079.670230
3234.571000 6456525217.699790
3234.904600 6456874300.780534
3235.238200 6457038025.653105
3235.571700 6457315604.253247
3235.905300 6457550070.602375
3236.238900 6457643044.177471
3236.572400 6458128425.758842
3236.906000 6458194752.429111
3237.239500 6458462754.474981
3237.573100 6458882778.699976
3237.906700 6459221366.574650
3238.240200 6459166206.370658
3238.573800 6459309880.775680
3238.907400 6459756818.407196
3239.240900 6459948786.893148
3239.574500 6460235071.620360
3239.908100 6460292673.822624
3240.241600 6460557202.740287
3240.575200 6460867541.024100
3240.908700 6461058715.075811
3241.242300 6461164602.568947
3241.575900 6461536297.827876
3241.909400 6461562677.033237
3242.243000 6461813906.274609
3242.576600 6462086015.304046
3242.910100 6462246057.296096
3243.243700 6462632059.977708
3243.577300 6462828877.073921
3243.910800 6463032586.605155
3244.244400 6463179638.925583
3244.578000 6463352792.883491
3244.911500 6463789257.377356
3245.245100 6463768991.812905
3245.578600 6464168119.362028
3245.912200 6464238461.957220
3246.245800 6464446840.789903
3246.579300 6464713964.677702
3246.912900 6465163354.062572
3247.246500 6464983311.470562
3247.580000 6465378756.091090
3247.913600 6465553425.003457
3248.247200 6465657164.738660
3248.580700 6466063700.497046
3248.914300 6466247364.026043
3249.247900 6466430240.013514
3249.581400 6466750390.538685
3249.915000 6466914359.393012
3250.248500 6467246323.418283
3250.582100 6467138494.661482
3250.915700 6467394851.912466
3251.249200 6467643867.359304
3251.582800 6467965392.253790
3251.916400 6468251956.580575
3252.249900 6468469292.173666
3252.583500 6468766159.037277
3252.917100 6468974336.754691
3253.250600 6469272216.279631
3253.584200 6469250154.078995
3253.917700 6469671136.151710
3254.251300 6469821359.443458
3254.584900 6469917398.758551
3254.918400 6470307356.680571
3255.252000 6470492337.175931
3255.585600 6470760017.562568
3255.919100 6470898821.172008
3256.252700 6471045949.457466
3256.586300 6471185761.756851
3256.919800 6471626123.427223
3257.253400 6471863249.663894
3257.587000 6471987493.744081
3257.920500 6472237975.592702
3258.254100 6472372933.338268
3258.587600 6472762309.621891
3258.921200 6472837712.354816
3259.254800 6473339037.388709
3259.588300 6473381299.962324
3259.921900 6473688282.303864
3260.255500 6473978323.241796
3260.589000 6474117085.431471
3260.922600 6474291003.035420
3261.256200 6474678875.533966
3261.589700 6474772844.296432
3261.923300 6475030808.747329
3262.256900 6475382517.720198
3262.590400 6475540619.780969
3262.924000 6475886614.430143
3263.257500 6476029570.923109
3263.591100 6476465856.128770
3263.924700 6476392410.332417
3264.258200 6476898055.556107
3264.591800 6477256821.395818
3264.925400 6477286199.805822
3265.258900 6477543170.936645
3265.592500 6477890939.102983
3265.926100 6477958313.963865
3266.259600 6478363554.495829
3266.593200 6478512953.627477
3266.926700 6478754510.279257
3267.260300 6478958500.408234
3267.593900 6479286380.412436
3267.927400 6479431111.561392
3268.261000 6480007312.220096
3268.594600 6480259884.994520
3268.928100 6480218381.072237
3269.261700 6480531464.661360
3269.595300 6480850302.808807
3269.928800 6480939923.325993
3270.262400 6481362584.103153
3270.596000 6481370692.671524
3270.929500 6481958734.299694
3271.263100 6482180049.734494
3271.596600 6482404773.678995
3271.930200 6482549417.920982
3272.263800 6482728325.480427
3272.597300 6483075005.807149
3272.930900 6483278958.131046
3273.264500 6483462306.478710
3273.598000 6483663314.247721
3273.931600 6483804115.972753
3274.265200 6484329244.627816
3274.598700 6484507617.583192
3274.932300 6484781533.495424
3275.265900 6484962046.029226
3275.599400 6485247465.473068
3275.933000 6485672132.707688
3276.266500 6485924740.848455
3276.600100 6486199884.062076
3276.933700 6486205476.488593
3277.267200 6486644152.883883
3277.600800 6486660691.096830
3277.934400 6486913984.234448
3278.267900 6487202412.309372
3278.601500 6487599905.586884
3278.935100 6487580860.040917
3279.268600 6487899111.936486
3279.602200 6488188682.473886
3279.935700 6488295634.987840
3280.269300 6488549202.778643
3280.602900 6488799178.776661
3280.936400 6489066487.521399
3281.270000 6489470682.376865
3281.603600 6489625018.397110
3281.937100 6489832650.012812
3282.270700 6490064143.484375
3282.604300 6490234495.158203
3282.937800 6490488509.317706
3283.271400 6490781356.740669
3283.605000 6491027656.899256
3283.938500 6491206576.020257
3284.272100 6491578138.364060
3284.605600 6491647155.497074
3284.939200 6492018388.680607
3285.272800 6492080741.520581
3285.606300 6492484961.583768
3285.939900 6492740582.738719
3286.273500 6493155352.521487
3286.607000 6493204641.499897
3286.940600 6493539077.735051
3287.274200 6493715572.034574
3287.607700 6493890124.023387
3287.941300 6494211285.998017
3288.274800 6494556744.658913
3288.608400 6494750861.177572
3288.942000 6494968622.855034
3289.275500 6495075705.033540
3289.609100 6495161353.750561
3289.942700 6495611412.326505
3290.276200 6495737152.151011
3290.609800 6496115040.879280
3290.943400 6496432919.922612
3291.276900 6496474201.035725
3291.610500 6496937659.997061
3291.944100 6497080887.995389
3292.277600 6497344387.033484
3292.611200 6497401700.186400
3292.944700 6497756810.771231
3293.278300 6497953893.236767
3293.611900 6498285210.246937
3293.945400 6498520842.130339
3294.279000 6498665010.423996
3294.612600 6499005198.568000
3294.946100 6499153499.106456
3295.279700 6499453272.652655
3295.613300 6499747117.401015
3295.946800 6499989471.599905
3296.280400 6500298395.682679
3296.614000 6500457028.962208
3296.947500 6500504062.986094
3297.281100 6500884435.563776
3297.614600 6501134379.705149
3297.948200 6501414074.469495
3298.281800 6501523317.483651
3298.615300 6501843826.117992
3298.948900 6502133297.630888
3299.282500 6502346224.023005
3299.616000 6502668280.278676
3299.949600 6502947017.323979
3300.283200 6503126590.162246
3300.616700 6503119757.508257
3300.950300 6503510357.236981
3301.283800 6503613377.743052
3301.617400 6503820631.043910
3301.951000 6504018328.307420
3302.284500 6504426734.348606
3302.618100 6504448014.576576
3302.951700 6504739969.137267
3303.285200 6505030629.140546
3303.618800 6505217076.509627
3303.952400 6505512941.457302
3304.285900 6505690941.744341
3304.619500 6505908256.229312
3304.953100 6506128154.972507
3305.286600 6506094484.393297
3305.620200 6506643205.378528
3305.953700 6506718652.834373
3306.287300 6506992856.546200
3306.620900 6507388300.357714
3306.954400 6507442838.792386
3307.288000 6507556637.639670
3307.621600 6507920151.175023
3307.955100 6507960174.285707
3308.288700 6508364964.703764
3308.622300 6508489370.586223
3308.955800 6508762709.459320
3309.289400 6509046349.067671
3309.623000 6509347597.067046
3309.956500 6509277119.599983
3310.290100 6509536411.602043
3310.623600 6509774085.922453
3310.957200 6510297129.150145
3311.290800 6510624503.129739
3311.624300 6510823499.363747
3311.957900 6511128080.952185
3312.291500 6511282018.948092
3312.625000 6511299132.362502
3312.958600 6511610075.674804
3313.292200 6512057888.670146
3313.625700 6512310648.495000
3313.959300 6512504364.630481
3314.292800 6512686832.422335
3314.626400 6513043859.592934
3314.960000 6513291807.933306
3315.293500 6513609700.961724
3315.627100 6513717902.178717
3315.960700 6514033215.726585
3316.294200 6514061777.239630
3316.627800 6514388608.904853
3316.961400 6514783029.374576
3317.294900 6515015448.026415
3317.628500 6515225329.919772
3317.962100 6515420399.999487
3318.295600 6515684910.289563
3318.629200 6516026583.564833
3318.962700 6516134632.844068
3319.296300 6516599270.519505
3319.629900 6516729247.195592
3319.963400 6517065172.089082
3320.297000 6517220160.488526
3320.630600 6517525646.705258
3320.964100 6517756760.966363
3321.297700 6517835518.793604
3321.631300 6518392683.418277
3321.964800 6518603586.029160
3322.298400 6518912734.434476
3322.632000 6519103821.577206
3322.965500 6519331764.885971
3323.299100 6519434201.730737
3323.632600 6519700663.504186
3323.966200 6519850183.116410
3324.299800 6520033595.854921
3324.633300 6520470167.646581
3324.966900 6520740247.453570
3325.300500 6520893132.714285
3325.634000 6520962471.486037
3325.967600 6521343239.397654
3326.301200 6521522200.044288
3326.634700 6521568877.898991
3326.968300 6522001461.460692
3327.301800 6522100456.742620
3327.635400 6522238502.506134
3327.969000 6522499396.519074
3328.302500 6522835073.480236
3328.636100 6522854331.784055
3328.969700 6523350411.712267
3329.303200 6523417553.314061
3329.636800 6523763489.294862
3329.970400 6523911522.135759
3330.303900 6524142534.630339
3330.637500 6524386857.653995
3330.971100 6524721616.044477
3331.304600 6524971068.755106
3331.638200 6525304408.312332
3331.971700 6525256171.076889
3332.305300 6525538139.393187
3332.638900 6525951992.820984
3332.972400 6526047470.938527
3333.306000 6526284326.941342
3333.639600 6526539297.958864
3333.973100 6526814825.233576
3334.306700 6527100150.603575
3334.640300 6527407226.796045
3334.973800 6527569453.665874
3335.307400 6527990140.238009
3335.641000 6528148704.274483
3335.974500 6528510108.422482
3336.308100 6528536769.525553
3336.641600 6528723436.036881
3336.975200 6529277972.058297
3337.308800 6529403671.576597
3337.642300 6529497229.869490
3337.975900 6529856399.975610
3338.309500 6530216045.938049
3338.643000 6530484397.372458
3338.976600 6530877708.953282
3339.310200 6530865985.895755
3339.643700 6531340665.868540
3339.977300 6531477413.837000
3340.310800 6531987511.681642
3340.644400 6532342320.568608
3340.978000 6532222567.556834
3341.311500 6532617472.503072
3341.645100 6532964140.240131
3341.978700 6533319542.927181
3342.312200 6533468978.188573
3342.645800 6533897767.471136
3342.979400 6534091193.704560
3343.312900 6534398941.614408
3343.646500 6534794403.866117
3343.980100 6534790616.180665
3344.313600 6535340138.676073
3344.647200 6535326561.041003
3344.980700 6535712186.272205
3345.314300 6536047323.108218
3345.647900 6536259313.522833
3345.981400 6536585772.668645
3346.315000 6536975276.767402
3346.648600 6537092811.819582
3346.982100 6537273761.773121
3347.315700 6537834893.427968
3347.649300 6537987829.777958
3347.982800 6538201607.130463
3348.316400 6538521283.710802
3348.650000 6538924975.775541
3348.983500 6539227117.628478
3349.317100 6539499971.157811
3349.650600 6539732544.963859
3349.984200 6539864068.280573
3350.317800 6540334611.719566
3350.651300 6540637454.260487
3350.984900 6540979705.975985
3351.318500 6541253542.348599
3351.652000 6541470445.410417
3351.985600 6541706444.578360
3352.319200 6541861158.246047
3352.652700 6542635860.984383
3352.986300 6542609214.823640
3353.319800 6542742791.028821
3353.653400 6543245927.678010
3353.987000 6543493244.347620
3354.320500 6543671675.293025
3354.654100 6543925902.305026
3354.987700 6544378660.901746
3355.321200 6544422974.748275
3355.654800 6544838285.236723
3355.988400 6545053948.047574
3356.321900 6545291675.212377
3356.655500 6545706583.658177
3356.989100 6545902975.918243
3357.322600 6546337237.142498
3357.656200 6546454634.858271
3357.989700 6546923783.229097
3358.323300 6547191637.220904
3358.656900 6547412428.116317
3358.990400 6547742186.903864
3359.324000 6548088670.740679
3359.657600 6548436068.206181
3359.991100 6548584196.450104
3360.324700 6549111282.019731
3360.658300 6549321946.942790
3360.991800 6549494495.676937
3361.325400 6549892654.630492
3361.659000 6550240356.780274
3361.992500 6550417838.615986
3362.326100 6550603985.018200
3362.659600 6550915125.972741
3362.993200 6551464164.070766
3363.326800 6551643628.137197
3363.660300 6551940978.051063
3363.993900 6552270044.628312
3364.327500 6552417369.466627
3364.661000 6552749189.994023
3364.994600 6552730411.059579
3365.328200 6553172775.790424
3365.661700 6553432794.702379
3365.995300 6553585472.380488
3366.328800 6553994027.140178
3366.662400 6554260848.747956
3366.996000 6554658395.029764
3367.329500 6554900394.733260
3367.663100 6555174968.952033
3367.996700 6555430806.647970
3368.330200 6555845824.924222
3368.663800 6556235837.369176
3368.997400 6556444293.166884
3369.330900 6556827741.406414
3369.664500 6557180403.040112
3369.998100 6557333224.879328
3370.331600 6557527288.415374
3370.665200 6557952766.060071
3370.998700 6558164630.049337
3371.332300 6558446140.873952
3371.665900 6558764489.003352
3371.999400 6558903249.836973
3372.333000 6559180778.288981
3372.666600 6559723041.669254
3373.000100 6559591887.226913
3373.333700 6560172109.510932
3373.667300 6560508860.499122
3374.000800 6560545072.942924
3374.334400 6560717134.966757
3374.668000 6561335052.575883
3375.001500 6561566957.203609
3375.335100 6561816536.732210
3375.668600 6562070010.221246
3376.002200 6562090746.655182
3376.335800 6562539343.852073
3376.669300 6563013536.025866
3377.002900 6563086518.147707
3377.336500 6563395555.662416
3377.670000 6563677781.401215
3378.003600 6563844000.074533
3378.337200 6564184296.335999
3378.670700 6564245342.936279
3379.004300 6564697346.526439
3379.337800 6564795068.877508
3379.671400 6564940497.883574
3380.005000 6565224475.817144
3380.338500 6565427764.760324
3380.672100 6565960242.212356
3381.005700 6566192204.194466
3381.339200 6566210879.347054
3381.672800 6566748947.613001
3382.006400 6566766809.006902
3382.339900 6567078123.646720
3382.673500 6567425376.824020
3383.007100 6567688398.358290
3383.340600 6567938268.489788
3383.674200 6568089294.352502
3384.007700 6568487061.964505
3384.341300 6568831836.835986
3384.674900 6568934842.797873
3385.008400 6569244401.153839
3385.342000 6569597661.815546
3385.675600 6569756150.311502
3386.009100 6570127930.536430
3386.342700 6570291096.259081
3386.676300 6570688256.983536
3387.009800 6570890216.861564
3387.343400 6570983194.155161
3387.677000 6571299443.435809
3388.010500 6571581322.638665
3388.344100 6571875054.317596
3388.677600 6571888340.706270
3389.011200 6572515983.945554
3389.344800 6572658769.974257
3389.678300 6573022950.184423
3390.011900 6573327044.413657
3390.345500 6573664514.448417
3390.679000 6573669386.123988
3391.012600 6574014836.930925
3391.346200 6574409683.392257
3391.679700 6574525798.522442
3392.013300 6574713339.751289
3392.346800 6575016255.838702
3392.680400 6575395183.890502
3393.014000 6575794092.376215
3393.347500 6575948683.428016
3393.681100 6576185199.411786
3394.014700 6576564746.502767
3394.348200 6576924960.055962
3394.681800 6577273382.193057
3395.015400 6577209651.788789
3395.348900 6577770066.450042
3395.682500 6578023080.025633
3396.016100 6578062867.336240
3396.349600 6578399265.460618
3396.683200 6578795100.414653
3397.016700 6579095336.259623
3397.350300 6579145013.890315
3397.683900 6579546770.020244
3398.017400 6579926539.154004
3398.351000 6580221207.710577
3398.684600 6580432784.053745
3399.018100 6580807408.267823
3399.351700 6580896806.382876
3399.685300 6581299383.091967
3400.018800 6581391457.341155
3400.352400 6581753910.879323
3400.685900 6581958087.008679
3401.019500 6582388780.863283
3401.353100 6582606226.677120
3401.686600 6582891984.153171
3402.020200 6583152275.268009
3402.353800 6583491507.952906
3402.687300 6583900936.669327
3403.020900 6584040678.509706
3403.354500 6584551881.291142
3403.688000 6584619886.216523
3404.021600 6584972149.219780
3404.355200 6585209708.333700
3404.688700 6585490385.868913
3405.022300 6585628378.693292
3405.355800 6585984469.047594
3405.689400 6586087646.920202
3406.023000 6586698586.958899
3406.356500 6586738044.449074
3406.690100 6586857057.938621
3407.023700 6587317035.779998
3407.357200 6587696650.127417
3407.690800 6587890526.787975
3408.024400 6588199275.396111
3408.357900 6588613603.695745
3408.691500 6588703755.444053
3409.025100 6588917519.416286
3409.358600 6589417939.846181
3409.692200 6589368851.714845
3410.025700 6589917948.489793
3410.359300 6590223183.846748
3410.692900 6590345434.066960
3411.026400 6590780557.905354
3411.360000 6590969234.869712
3411.693600 6591388902.253899
3412.027100 6591833568.859578
3412.360700 6591852464.445610
3412.694300 6592352847.921865
3413.027800 6592690169.553227
3413.361400 6592953066.162462
3413.694900 6593325174.799827
3414.028500 6593690421.210927
3414.362100 6594067529.734815
3414.695600 6594157235.048690
3415.029200 6594433246.410872
3415.362800 6594761252.839036
3415.696300 6595139609.319602
3416.029900 6595490792.657657
3416.363500 6595886308.720228
3416.697000 6596208621.689437
3417.030600 6596322745.604746
3417.364200 6596857214.745424
3417.697700 6596857253.643361
3418.031300 6597202423.441332
3418.364800 6597571956.077054
3418.698400 6597919167.762061
3419.032000 6598175522.447785
3419.365500 6598487011.740568
3419.699100 6598787979.005785
3420.032700 6599150639.740976
3420.366200 6599506052.605109
3420.699800 6599579890.968837
3421.033400 6599809255.767436
3421.366900 6600276745.910449
3421.700500 6600719455.688370
3422.034100 6601089717.472529
3422.367600 6601201005.292633
3422.701200 6601749704.433777
3423.034700 6601882176.326608
3423.368300 6602069152.620831
3423.701900 6602444444.409310
3424.035400 6602799115.733367
3424.369000 6602996091.730625
3424.702600 6603454793.648658
3425.036100 6603605537.168741
3425.369700 6604068349.691605
3425.703300 6604200071.885721
3426.036800 6604513564.533319
3426.370400 6604695247.257782
3426.703900 6605056719.603923
3427.037500 6605354547.319318
3427.371100 6605514835.737351
3427.704600 6605985594.975523
3428.038200 6606215717.690390
3428.371800 6606596366.827374
3428.705300 6606793215.637581
3429.038900 6607364166.364217
3429.372500 6607404311.835696
3429.706000 6607788866.002915
3430.039600 6608070155.535958
3430.373200 6608333658.892360
3430.706700 6608586297.468341
3431.040300 6608966086.676981
3431.373800 6609258309.607210
3431.707400 6609567423.590964
3432.041000 6609741715.498780
3432.374500 6609929981.217287
3432.708100 6610543309.093733
3433.041700 6610687944.427060
3433.375200 6611069450.145370
3433.708800 6611320494.959569
3434.042400 6611421045.493189
3434.375900 6611905846.488950
3434.709500 6612296336.207564
3435.043100 6612557989.967518
3435.376600 6612880259.278462
3435.710200 6613165593.178663
3436.043700 6613407710.591265
3436.377300 6613773309.298602
3436.710900 6614109223.227467
3437.044400 6614404123.060260
3437.378000 6614831551.123825
3437.711600 6614882059.000791
3438.045100 6615581406.934621
3438.378700 6615530478.746308
3438.712300 6616098560.481133
3439.045800 6616294190.798388
3439.379400 6616734052.499203
3439.712900 6617074335.720947
3440.046500 6617371474.153373
3440.380100 6617631127.928354
3440.713600 6618165963.957763
3441.047200 6618192316.564990
3441.380800 6618491402.878082
3441.714300 6618920156.334978
3442.047900 6619327643.384387
3442.381500 6619751024.739264
3442.715000 6619945224.012836
3443.048600 6620350271.611085
3443.382200 6620647649.099514
3443.715700 6621026298.894754
3444.049300 6621408579.332966
3444.382800 6621724255.214884
3444.716400 6621931334.538475
3445.050000 6622214900.528834
3445.383500 6622670884.468825
3445.717100 6622945124.740413
3446.050700 6623205524.771047
3446.384200 6623609878.217275
3446.717800 6623991399.445114
3447.051400 6624210391.611808
3447.384900 6624677990.470459
3447.718500 6624757594.605395
3448.052100 6625356353.856326
3448.385600 6625473667.276518
3448.719200 6625855600.273438
3449.052700 6626009187.871288
3449.386300 6626204519.945983
3449.719900 6626459244.527999
3450.053400 6626928397.855289
3450.387000 6627045673.510133
3450.720600 6627700159.375614
3451.054100 6627645432.646792
3451.387700 6628230898.117379
3451.721300 6628300483.451620
3452.054800 6628896459.226665
3452.388400 6628949444.417385
3452.721900 6629212602.875262
3453.055500 6629460733.742224
3453.389100 6629833842.224710
3453.722600 6630293393.173887
3454.056200 6630448570.022429
3454.389800 6631028863.884590
3454.723300 6631080457.313308
3455.056900 6631295861.395624
3455.390500 6631807522.798000
3455.724000 6631959077.107998
3456.057600 6632330310.854666
3456.391200 6632663049.284676
3456.724700 6632947356.438075
3457.058300 6633232132.441099
3457.391800 6633519126.955793
3457.725400 6633916610.147168
3458.059000 6634248652.045530
3458.392500 6634344775.074438
3458.726100 6634590336.592913
3459.059700 6635161203.685061
3459.393200 6635289527.604676
3459.726800 6635692844.307797
3460.060400 6636072419.580844
3460.393900 6636404235.446641
3460.727500 6636676381.617116
3461.061100 6636994937.822069
3461.394600 6637457088.318776
3461.728200 6637819076.893127
3462.061700 6637981766.866459
3462.395300 6638347410.170780
3462.728900 6638611418.952984
3463.062400 6639092125.864924
3463.396000 6639539312.809428
3463.729600 6639717182.041144
3464.063100 6640141125.079753
3464.396700 6640525386.803917
3464.730300 6640619679.784160
3465.063800 6640972046.283281
3465.397400 6641524225.691095
3465.730900 6641655854.812936
3466.064500 6642201197.416890
3466.398100 6642307085.438317
3466.731600 6642839682.412947
3467.065200 6643166255.844151
3467.398800 6643379850.252029
3467.732300 6643763145.114787
3468.065900 6643987989.635569
3468.399500 6644501470.767358
3468.733000 6644758896.713320
3469.066600 6644975417.795187
3469.400200 6645378801.588780
3469.733700 6645766251.030571
3470.067300 6646001844.716730
3470.400800 6646462957.396585
3470.734400 6646808745.939348
3471.068000 6647081746.401205
3471.401500 6647338628.170375
3471.735100 6647675946.729480
3472.068700 6647959729.965733
3472.402200 6648253461.535338
3472.735800 6648539382.444831
3473.069400 6648744262.504135
3473.402900 6649092674.309736
3473.736500 6649276537.029758
3474.070100 6649569295.467196
3474.403600 6650039449.873268
3474.737200 6650061514.310245
3475.070700 6650673212.182272
3475.404300 6650925276.639593
3475.737900 6651259295.197469
3476.071400 6651332157.738179
3476.405000 6651636379.759825
3476.738600 6652035482.111262
3477.072100 6652314150.782105
3477.405700 6652588461.052673
3477.739300 6652963471.773245
3478.072800 6653157747.440869
3478.406400 6653331859.322604
3478.739900 6653920124.598101
3479.073500 6654199820.602431
3479.407100 6654320690.504041
3479.740600 6654684614.811325
3480.074200 6655103426.312875
3480.407800 6655380725.837062
3480.741300 6655582815.482392
3481.074900 6655877139.720137
3481.408500 6656147265.193246
3481.742000 6656400154.814467
3482.075600 6656608652.000346
3482.409200 6657081925.006972
3482.742700 6657449071.659659
3483.076300 6657777111.913369
3483.409800 6658048801.439583
3483.743400 6658363756.914027
3484.077000 6658706740.059299
3484.410500 6659019199.568337
3484.744100 6659107618.074670
3485.077700 6659418147.264590
3485.411200 6659807071.313258
3485.744800 6660095925.980078
3486.078400 6660339504.059894
3486.411900 6660830347.329425
3486.745500 6661090058.360679
3487.079100 6661407682.994012
3487.412600 6661732634.739609
3487.746200 6662108856.896449
3488.079700 6662245217.748836
3488.413300 6662781437.219730
3488.746900 6663090321.772220
3489.080400 6663422566.033650
3489.414000 6663791118.621734
3489.747600 6663890067.111025
3490.081100 6664167135.244823
3490.414700 6664632944.254088
3490.748300 6665084111.146992
3491.081800 6665126011.369689
3491.415400 6665707382.821434
3491.748900 6666075848.577738
3492.082500 6666395442.568740
3492.416100 6666882633.427100
3492.749600 6667001941.035612
3493.083200 6667220338.407814
3493.416800 6667683095.988019
3493.750300 6667986904.195545
3494.083900 6668445960.029136
3494.417500 6668793996.299044
3494.751000 6668907126.103422
3495.084600 6669165236.873910
3495.418200 6669755215.190423
3495.751700 6670196457.826710
3496.085300 6670376799.928329
3496.418800 6670710570.420682
3496.752400 6671060060.740841
3497.086000 6671284092.041531
3497.419500 6671728985.051556
3497.753100 6671964905.976247
3498.086700 6672342815.113093
3498.420200 6672608563.962815
3498.753800 6673056273.323251
3499.087400 6673187811.104210
3499.420900 6673668559.190855
3499.754500 6673792685.920168
3500.088100 6674161889.739114
3500.421600 6674547180.191073
3500.755200 6674630241.746084
3501.088700 6675047481.137430
3501.422300 6675372661.167231
3501.755900 6675661968.848372
3502.089400 6675721306.876503
3502.423000 6676263232.057106
3502.756600 6676359351.207025
3503.090100 6676867548.963182
3503.423700 6676976569.193698
3503.757300 6677393341.692898
3504.090800 6677791494.121426
3504.424400 6677934077.221576
3504.757900 6678346338.016334
3505.091500 6678653088.456511
3505.425100 6678847662.357213
3505.758600 6679076195.279773
3506.092200 6679671542.205664
3506.425800 6680000731.029671
3506.759300 6680178279.637631
3507.092900 6680532935.147780
3507.426500 6681024166.912131
3507.760000 6681278190.415699
3508.093600 6681607002.059415
3508.427200 6681855764.871524
3508.760700 6682112838.200156
3509.094300 6682463561.334152
3509.427800 6682638984.384585
3509.761400 6683185541.946631
3510.095000 6683483466.671832
3510.428500 6683958590.952183
3510.762100 6684075614.056184
3511.095700 6684540605.406519
3511.429200 6684577033.783393
3511.762800 6685081900.079531
3512.096400 6685546776.304292
3512.429900 6686056543.667962
3512.763500 6686249529.498214
3513.097000 6686525845.052522
3513.430600 6687033152.280955
3513.764200 6687304606.930461
3514.097700 6687824889.534518
3514.431300 6688100999.658655
3514.764900 6688462254.182701
3515.098400 6688916030.372903
3515.432000 6689361886.878841
3515.765600 6689522969.501314
3516.099100 6689995135.249397
3516.432700 6690249593.573695
3516.766300 6690574034.389620
3517.099800 6690968082.799265
3517.433400 6691543080.167111
3517.766900 6691881227.129930
3518.100500 6692068025.254539
3518.434100 6692441870.891502
3518.767600 6692714712.239612
3519.101200 6693126062.538822
3519.434800 6693533170.596404
3519.768300 6693787302.640029
3520.101900 6694492357.858173
3520.435500 6694450195.743466
3520.769000 6695243311.129688
3521.102600 6695552669.333728
3521.436200 6695958269.160320
3521.769700 6696337282.697671
3522.103300 6696742508.879194
3522.436800 6696863695.583050
3522.770400 6697302083.501034
3523.104000 6697422195.668508
3523.437500 6697881534.541089
3523.771100 6698362756.367280
3524.104700 6698777375.412483
3524.438200 6699070424.953296
3524.771800 6699416525.844161
3525.105400 6699853254.437001
3525.438900 6700192857.402329
3525.772500 6700537207.899888
3526.106000 6700954371.891990
3526.439600 6701373805.147410
3526.773200 6701647620.058036
3527.106700 6701990857.506478
3527.440300 6702206675.658882
3527.773900 6702594713.491146
3528.107400 6702899050.691988
3528.441000 6703172866.297212
3528.774600 6703674776.223248
3529.108100 6704163017.689995
3529.441700 6704110614.517858
3529.775300 6704694824.080219
3530.108800 6705123833.850450
3530.442400 6705504575.405826
3530.775900 6705599958.003412
3531.109500 6706141181.981466
3531.443100 6706494132.378431
3531.776600 6706724023.472050
3532.110200 6707069459.913301
3532.443800 6707474953.364339
3532.777300 6707848182.196979
3533.110900 6708099003.524426
3533.444500 6708665797.161945
3533.778000 6708643336.005333
3534.111600 6709140451.441848
3534.445200 6709500799.023451
3534.778700 6709743027.366017
3535.112300 6710404791.180681
3535.445800 6710806022.400784
3535.779400 6710875348.656170
3536.113000 6711513868.352735
3536.446500 6711757284.880055
3536.780100 6712185266.163234
3537.113700 6712463575.046368
3537.447200 6712869978.472874
3537.780800 6713280104.910265
3538.114400 6713640970.060769
3538.447900 6713719004.746809
3538.781500 6714296352.997427
3539.115000 6714697734.155591
3539.448600 6714881005.615966
3539.782200 6715302140.316173
3540.115700 6715647583.273441
3540.449300 6716183774.880028
3540.782900 6716477016.545457
3541.116400 6716765248.868399
3541.450000 6717202404.812907
3541.783600 6717727578.979360
3542.117100 6717894728.652273
3542.450700 6718398551.627669
3542.784300 6718808235.501232
3543.117800 6719244460.865910
3543.451400 6719484449.614755
3543.784900 6719954914.920185
3544.118500 6720485358.215801
3544.452100 6720664117.852461
3544.785600 6721084257.481939
3545.119200 6721650265.404375
3545.452800 6721820425.518328
3545.786300 6722195794.793132
3546.119900 6722501085.219437
3546.453500 6722975427.847746
3546.787000 6723431486.617221
3547.120600 6723798326.729286
3547.454200 6724249187.855723
3547.787700 6724529241.943259
3548.121300 6724829615.990106
3548.454800 6724991853.589417
3548.788400 6725311975.589908
3549.122000 6725874997.484127
3549.455500 6726088700.173467
3549.789100 6726692631.532801
3550.122700 6726992121.149185
3550.456200 6727275141.647456
3550.789800 6727641215.800564
3551.123400 6727851804.091935
3551.456900 6728100156.340953
3551.790500 6728667490.014231
3552.124000 6728873530.729207
3552.457600 6729389930.141273
3552.791200 6729737724.220918
3553.124700 6730039344.520298
3553.458300 6730466509.200842
3553.791900 6730765098.723286
3554.125400 6731052966.711812
3554.459000 6731206997.497084
3554.792600 6731709447.806553
3555.126100 6732074317.296568
3555.459700 6732528173.142543
3555.793300 6732864143.476853
3556.126800 6733281515.192548
3556.460400 6733429577.421988
3556.793900 6733745784.536022
3557.127500 6734209116.351324
3557.461100 6734555808.540634
3557.794600 6735048840.869468
3558.128200 6735365608.186603
3558.461800 6735639692.136865
3558.795300 6736121940.087473
3559.128900 6736388742.057234
3559.462500 6736699521.421072
3559.796000 6737028816.641016
3560.129600 6737195372.113075
3560.463200 6737648301.344172
3560.796700 6737985180.134356
3561.130300 6738147478.559119
3561.463800 6738482746.128277
3561.797400 6738963528.548243
3562.131000 6739325392.345298
3562.464500 6739555881.205241
3562.798100 6739912550.347864
3563.131700 6740371481.882314
3563.465200 6740610245.913942
3563.798800 6740905684.552919
3564.132400 6741224999.310672
3564.465900 6741764204.138044
3564.799500 6741843231.239069
3565.133000 6742487217.454165
3565.466600 6742737061.421877
3565.800200 6743364409.907270
3566.133700 6743459798.757024
3566.467300 6743832811.346359
3566.800900 6744130059.294497
3567.134400 6744407454.566980
3567.468000 6745185868.329128
3567.801600 6745157822.255229
3568.135100 6745785383.288125
3568.468700 6746040324.349194
3568.802300 6746179354.885544
3569.135800 6746693840.093666
3569.469400 6746947675.025593
3569.802900 6747162809.464389
3570.136500 6747593426.730959
3570.470100 6747656854.710040
3570.803600 6748236892.845939
3571.137200 6748660797.446619
3571.470800 6748952841.029618
3571.804300 6749293114.319715
3572.137900 6749762062.334811
3572.471500 6749926246.947550
3572.805000 6750397716.774185
3573.138600 6750540976.271426
3573.472200 6751055216.669515
3573.805700 6751559574.490482
3574.139300 6752054496.941988
3574.472800 6752130495.096992
3574.806400 6752456015.609643
3575.140000 6752699251.787521
3575.473500 6753109740.268615
3575.807100 6753396021.105398
3576.140700 6753896095.453542
3576.474200 6754092223.223632
3576.807800 6754655792.185904
3577.141400 6754894310.396818
3577.474900 6755241477.294024
3577.808500 6755474197.298409
3578.142000 6755784929.691316
3578.475600 6756039010.749027
3578.809200 6756574701.925897
3579.142700 6756835590.246357
3579.476300 6757271310.965587
3579.809900 6757398594.403829
3580.143400 6757728716.703642
3580.477000 6758204142.613544
3580.810600 6758566002.215838
3581.144100 6759053270.653187
3581.477700 6759259665.786796
3581.811300 6759701355.633898
3582.144800 6759934825.207336
3582.478400 6760179156.121683
3582.811900 6760650479.227074
3583.145500 6760963145.328867
3583.479100 6761319151.620457
3583.812600 6761689779.360599
3584.146200 6761964571.307034
3584.479800 6762342719.297747
3584.813300 6762839746.845641
3585.146900 6763249499.212647
3585.480500 6763599508.272423
3585.814000 6763745587.063354
3586.147600 6764136687.709444
3586.481200 6764482074.830455
3586.814700 6764889744.511930
3587.148300 6765217597.960592
3587.481800 6765609441.735194
3587.815400 6765939243.566635
3588.149000 6766354591.648379
3588.482500 6766662414.351319
3588.816100 6767211795.885762
3589.149700 6767264333.520933
3589.483200 6767793547.568267
3589.816800 6768258845.344293
3590.150400 6768518163.005857
3590.483900 6768663413.092594
3590.817500 6769140968.377101
3591.151000 6769482282.149426
3591.484600 6770044983.759753
3591.818200 6770248432.986394
3592.151700 6770451599.131538
3592.485300 6771123328.064178
3592.818900 6771446405.595645
3593.152400 6771869099.489211
3593.486000 6772203618.919049
3593.819600 6772534212.970899
3594.153100 6772945035.818212
3594.486700 6773171086.514194
3594.820300 6773673280.539607
3595.153800 6774086473.005588
3595.487400 6774198632.475416
3595.820900 6774909602.905333
3596.154500 6775254799.898104
3596.488100 6775668009.789704
3596.821600 6776111204.500869
3597.155200 6776366008.068108
3597.488800 6776827139.904506
3597.822300 6777251013.099709
3598.155900 6777531837.161634
3598.489500 6778092354.960202
3598.823000 6778413070.404704
3599.156600 6778733728.095394
3599.490200 6779158847.358538
3599.823700 6779507203.605625
3600.157300 6779805618.673532
3600.490800 6780202181.735808
3600.824400 6780629462.240793
3601.158000 6781086992.454724
3601.491500 6781344425.030374
3601.825100 6781774029.114655
3602.158700 6782119798.359697
3602.492200 6782591391.455581
3602.825800 6782970983.047116
3603.159400 6783351984.378174
3603.492900 6783804909.216060
3603.826500 6784065898.402663
3604.160000 6784755321.680520
3604.493600 6784866107.348143
3604.827200 6785573785.569321
3605.160700 6785954419.669060
3605.494300 6786142050.890068
3605.827900 6786623157.795406
3606.161400 6786991241.030283
3606.495000 6787595958.875758
3606.828600 6787633078.108079
3607.162100 6788186372.830166
3607.495700 6788673877.045729
3607.829300 6789187158.028532
3608.162800 6789617582.783965
3608.496400 6790054103.085400
3608.829900 6790326832.953844
3609.163500 6790617822.444438
3609.497100 6791292242.165102
3609.830600 6791509369.089905
3610.164200 6792091392.215858
3610.497800 6792443044.619660
3610.831300 6792756745.335364
3611.164900 6793262069.466035
3611.498500 6793606729.499772
3611.832000 6793961937.101441
3612.165600 6794388116.331417
3612.499200 6794558028.459739
3612.832700 6795114790.717524
3613.166300 6795292236.450918
3613.499800 6795786112.596868
3613.833400 6796106697.221695
3614.167000 6796514593.709420
3614.500500 6796664206.014380
3614.834100 6797100934.778944
3615.167700 6797437880.984814
3615.501200 6798016801.645282
3615.834800 6798396505.649078
3616.168400 6798605233.862579
3616.501900 6798969346.951687
3616.835500 6799358698.525611
3617.169000 6799659369.055634
3617.502600 6800295553.299531
3617.836200 6800429294.906056
3618.169700 6800724181.517274
3618.503300 6801046098.851025
3618.836900 6801477160.288306
3619.170400 6802084976.943367
3619.504000 6802334107.624242
3619.837600 6802626284.995444
3620.171100 6803124940.628491
3620.504700 6803461120.089526
3620.838300 6803789859.477844
3621.171800 6804148295.693232
3621.505400 6804552685.206827
3621.838900 6804744600.858158
3622.172500 6805164529.488819
3622.506100 6805724575.380651
3622.839600 6805986934.922071
3623.173200 6806266136.824124
3623.506800 6806709005.459421
3623.840300 6807192585.997729
3624.173900 6807389607.099410
3624.507500 6807738980.606573
3624.841000 6808304321.014127
3625.174600 6808606037.856620
3625.508100 6808908145.657444
3625.841700 6809360859.830076
3626.175300 6809660555.418223
3626.508800 6809862961.681942
3626.842400 6810412398.658637
3627.176000 6810857274.568280
3627.509500 6811289358.540427
3627.843100 6811561914.143843
3628.176700 6812033462.752584
3628.510200 6812255366.155658
3628.843800 6812808375.644238
3629.177400 6812952424.312754
3629.510900 6813372030.703811
3629.844500 6813803888.979063
3630.178000 6814166609.501009
3630.511600 6814541801.979698
3630.845200 6815043985.809333
3631.178700 6815367939.636947
3631.512300 6815621194.327143
3631.845900 6816041104.574347
3632.179400 6816252850.732373
3632.513000 6816917322.009700
3632.846600 6817252301.820739
3633.180100 6817642617.209603
3633.513700 6818074712.852805
3633.847300 6818303386.960521
3634.180800 6818721234.262218
3634.514400 6819177012.818578
3634.847900 6819711492.060930
3635.181500 6820012236.499764
3635.515100 6820167225.019841
3635.848600 6820831114.938358
3636.182200 6820917542.773456
3636.515800 6821470334.198503
3636.849300 6821809526.279572
3637.182900 6822008457.311476
3637.516500 6822560302.221819
3637.850000 6822925693.510936
3638.183600 6823461001.910144
3638.517100 6823934266.554652
3638.850700 6824116013.076926
3639.184300 6824490544.005266
3639.517800 6825008958.518410
3639.851400 6825354380.393792
3640.185000 6825910371.433653
3640.518500 6826106988.437252
3640.852100 6826412673.145024
3641.185700 6827175639.458995
3641.519200 6827170202.063218
3641.852800 6827611462.222407
3642.186400 6828000219.589120
3642.519900 6828474457.469522
3642.853500 6829016452.746087
3643.187000 6829463825.333480
3643.520600 6829717851.677966
3643.854200 6830076830.028572
3644.187700 6830483255.556652
3644.521300 6830905424.761989
3644.854900 6831374631.665792
3645.188400 6831949819.743647
3645.522000 6832198470.697675
3645.855600 6832560814.572400
3646.189100 6832958912.219888
3646.522700 6833366796.066483
3646.856300 6833585032.413771
3647.189800 6834055912.832816
3647.523400 6834420341.723662
3647.856900 6834787644.168655
3648.190500 6835288680.896981
3648.524100 6835766288.112200
3648.857600 6835991869.335580
3649.191200 6836527581.546342
3649.524800 6836880382.341285
3649.858300 6837249100.806465
3650.191900 6837322407.344799
3650.525500 6837985111.822207
3650.859000 6838411609.683990
3651.192600 6838878429.651289
3651.526100 6839092092.918941
3651.859700 6839547254.082227
3652.193300 6839916948.216993
3652.526800 6840335422.314176
3652.860400 6840786567.957011
3653.194000 6841058098.855110
3653.527500 6841514249.041560
3653.861100 6842032733.311223
3654.194700 6842538382.655856
3654.528200 6842798647.766123
3654.861800 6843216722.202409
3655.195400 6843568507.294191
3655.528900 6844249149.557065
3655.862500 6844521826.945676
3656.196000 6845037581.654276
3656.529600 6845295187.334251
3656.863200 6845872643.131306
3657.196700 6846214868.809200
3657.530300 6846740064.530503
3657.863900 6847214586.670663
3658.197400 6847551010.489916
3658.531000 6848080547.808406
3658.864600 6848557285.963458
3659.198100 6848650360.713185
3659.531700 6849231671.898398
3659.865300 6849641620.445419
3660.198800 6850091890.033545
3660.532400 6850567912.222956
3660.865900 6850770447.235259
3661.199500 6851357132.131069
3661.533100 6851590970.055610
3661.866600 6852183744.822890
3662.200200 6852481144.500705
3662.533800 6852692852.017471
3662.867300 6853440009.720485
3663.200900 6853661288.778833
3663.534500 6853919584.508141
3663.868000 6854461044.512387
3664.201600 6854685886.558225
3664.535100 6855063400.157907
3664.868700 6855512710.383518
3665.202300 6855873832.152402
3665.535800 6856146529.018400
3665.869400 6856889005.271958
3666.203000 6856973489.337158
3666.536500 6857718802.595013
3666.870100 6857891336.177771
3667.203700 6858324346.016804
3667.537200 6858553101.648337
3667.870800 6858999140.590946
3668.204400 6859467697.399146
3668.537900 6859675160.738202
3668.871500 6860188871.041431
3669.205000 6860616553.052841
3669.538600 6861092957.266501
3669.872200 6861476439.883456
3670.205700 6861885668.028170
3670.539300 6862116119.540574
3670.872900 6862742449.516685
3671.206400 6863115234.784147
3671.540000 6863348684.328214
3671.873600 6863962121.874632
3672.207100 6864230835.475694
3672.540700 6864468325.741133
3672.874300 6865068331.591941
3673.207800 6865411786.199021
3673.541400 6865728162.944840
3673.874900 6866222269.041018
3674.208500 6866531875.134076
3674.542100 6867086235.134839
3674.875600 6867424392.846835
3675.209200 6867701147.450689
3675.542800 6868238900.356139
3675.876300 6868415275.574508
3676.209900 6868881926.330416
3676.543500 6869058749.755589
3676.877000 6869542767.262655
3677.210600 6869824541.405035
3677.544100 6870154582.252764
3677.877700 6870585569.751209
3678.211300 6870936998.693449
3678.544800 6871424586.103095
3678.878400 6871707341.801867
3679.212000 6872179348.166163
3679.545500 6872837541.271807
3679.879100 6872911928.997418
3680.212700 6873267658.473422
3680.546200 6873907552.257709
3680.879800 6874200665.230677
3681.213400 6874452989.692904
3681.546900 6875120687.512702
3681.880500 6875468287.268522
3682.214000 6875740795.570925
3682.547600 6876332013.186687
3682.881200 6876672951.432543
3683.214700 6877107504.926248
3683.548300 6877359924.886392
3683.881900 6877739963.371608
3684.215400 6878328780.570210
3684.549000 6878669557.200177
3684.882600 6879010175.144988
3685.216100 6879597704.528413
3685.549700 6879970615.335758
3685.883300 6880326727.008195
3686.216800 6880648724.894300
3686.550400 6881023303.061787
3686.883900 6881523643.320696
3687.217500 6881992353.365810
3687.551100 6882372089.603479
3687.884600 6882941278.105961
3688.218200 6883456074.492579
3688.551800 6883836138.898169
3688.885300 6883994452.578558
3689.218900 6884427395.492435
3689.552500 6884992926.914082
3689.886000 6885582607.628587
3690.219600 6886053248.481497
3690.553100 6886487599.921043
3690.886700 6887039101.663216
3691.220300 6887286322.837881
3691.553800 6887648083.993948
3691.887400 6888336087.701050
3692.221000 6888619052.114697
3692.554500 6889252219.402105
3692.888100 6889466462.545596
3693.221700 6889971809.531024
3693.555200 6890386746.261654
3693.888800 6890828405.245340
3694.222400 6891131327.718874
3694.555900 6891692867.918897
3694.889500 6892153462.342916
3695.223000 6892548093.101953
3695.556600 6893046921.951573
3695.890200 6893465074.431298
3696.223700 6893812327.021789
3696.557300 6894114073.848220
3696.890900 6894568342.624684
3697.224400 6894921809.371197
3697.558000 6895548450.379560
3697.891600 6895867509.414103
3698.225100 6896211061.342531
3698.558700 6896691615.221102
3698.892300 6897069509.722681
3699.225800 6897616323.790183
3699.559400 6897969638.413170
3699.892900 6898330168.173127
3700.226500 6898665282.465844
3700.560100 6899148008.623800
3700.893600 6899591923.944590
3701.227200 6900186389.283487
3701.560800 6900421428.268827
3701.894300 6901004100.121859
3702.227900 6901459509.674343
3702.561500 6901698331.106037
3702.895000 6902166435.371996
3703.228600 6902688087.954921
3703.562100 6903016051.633368
3703.895700 6903444506.380436
3704.229300 6904157207.262083
3704.562800 6904538592.499522
3704.896400 6905098126.376071
3705.230000 6905335846.740667
3705.563500 6905865609.061947
3705.897100 6906416417.051804
3706.230700 6906797149.082181
3706.564200 6907388202.239733
3706.897800 6907883912.771522
3707.231400 6908417619.314560
3707.564900 6908874911.230746
3707.898500 6909060745.661911
3708.232000 6909627259.962569
3708.565600 6910045215.095317
3708.899200 6910592367.809313
3709.232700 6911019968.709546
3709.566300 6911432549.771115
3709.899900 6911703507.523928
3710.233400 6912307269.440001
3710.567000 6912748869.280782
3710.900600 6913216871.968914
3711.234100 6913667834.866947
3711.567700 6914032873.973706
3711.901300 6914750837.477962
3712.234800 6915024262.590440
3712.568400 6915544678.861067
3712.901900 6915690102.081751
3713.235500 6916194734.367799
3713.569100 6916629743.848076
3713.902600 6917139273.157093
3714.236200 6917490064.219109
3714.569800 6918042461.013627
3714.903300 6918349636.869513
3715.236900 6918959348.693207
3715.570500 6919266176.931553
3715.904000 6919772782.685345
3716.237600 6920194817.000937
3716.571100 6920493549.035371
3716.904700 6920937389.434612
3717.238300 6921312961.524308
3717.571800 6922091423.481232
3717.905400 6922354367.757581
3718.239000 6922845214.122555
3718.572500 6923313199.806518
3718.906100 6923606937.398099
3719.239700 6923945551.566178
3719.573200 6924692759.235775
3719.906800 6924944441.462660
3720.240400 6925490076.310956
3720.573900 6925857667.857667
3720.907500 6926600066.601924
3721.241000 6926851107.060037
3721.574600 6927436829.129090
3721.908200 6927792176.942169
3722.241700 6928140024.359030
3722.575300 6928813663.210649
3722.908900 6929373503.210764
3723.242400 6929711649.038671
3723.576000 6930284329.998236
3723.909600 6930751188.910741
3724.243100 6931228633.304106
3724.576700 6931637719.081056
3724.910300 6932186746.908089
3725.243800 6932646187.842583
3725.577400 6932760854.472466
3725.910900 6933247522.372315
3726.244500 6933841991.476569
3726.578100 6934295781.187902
3726.911600 6934706999.191355
3727.245200 6935007388.865902
3727.578800 6935501945.471031
3727.912300 6935972987.896515
3728.245900 6936306892.279029
3728.579500 6936794251.352041
3728.913000 6937075855.687489
3729.246600 6937754265.583968
3729.580100 6937989238.451822
3729.913700 6938330341.731028
3730.247300 6938843492.223980
3730.580800 6939377098.187854
3730.914400 6939739953.251136
3731.248000 6939994365.702998
3731.581500 6940666391.206730
3731.915100 6940946824.204188
3732.248700 6941505602.073303
3732.582200 6941702231.611220
3732.915800 6942159302.224996
3733.249400 6942725271.363472
3733.582900 6943328311.187675
3733.916500 6943536117.082257
3734.250000 6944096424.477255
3734.583600 6944561068.716045
3734.917200 6945065220.959207
3735.250700 6945485187.350605
3735.584300 6945887856.529240
3735.917900 6946187856.345348
3736.251400 6946740379.918859
3736.585000 6946881451.539028
3736.918600 6947535556.298903
3737.252100 6947859597.313898
3737.585700 6948330861.938112
3737.919300 6948747272.537710
3738.252800 6949165069.226461
3738.586400 6949409352.172070
3738.919900 6949973265.379514
3739.253500 6950411098.918634
3739.587100 6950966380.281812
3739.920600 6951329909.692785
3740.254200 6951815721.128819
3740.587800 6952360815.111740
3740.921300 6952621146.519388
3741.254900 6953288324.743558
3741.588500 6953657999.002984
3741.922000 6954029074.480055
3742.255600 6954631386.148830
3742.589100 6954907700.379071
3742.922700 6955310347.225381
3743.256300 6955757446.390214
3743.589800 6955986588.949599
3743.923400 6956692762.608049
3744.257000 6957276909.831212
3744.590500 6957604995.801363
3744.924100 6958016112.229315
3745.257700 6958467736.335061
3745.591200 6959092555.140975
3745.924800 6959388522.819057
3746.258400 6959862673.551236
3746.591900 6960277885.149249
3746.925500 6960605001.531550
3747.259000 6961213138.251159
3747.592600 6961645065.135902
3747.926200 6962263974.851748
3748.259700 6962491013.292837
3748.593300 6963139721.445491
3748.926900 6963435430.143362
3749.260400 6963977234.836811
3749.594000 6964441456.667006
3749.927600 6964848886.743091
3750.261100 6965032258.805511
3750.594700 6965705487.857219
3750.928200 6966390803.659770
3751.261800 6966738806.346377
3751.595400 6967386297.701112
3751.928900 6967847643.151703
3752.262500 6968153366.274819
3752.596100 6968924163.749044
3752.929600 6969098183.064657
3753.263200 6969699565.794173
3753.596800 6970327229.511155
3753.930300 6970636057.489503
3754.263900 6971124059.469225
3754.597500 6971782353.633985
3754.931000 6972294000.386086
3755.264600 6972686553.286526
3755.598100 6973102678.091351
3755.931700 6973466054.813718
3756.265300 6974095887.921264
3756.598800 6974504722.970139
3756.932400 6974799080.527635
3757.266000 6975238826.635600
3757.599500 6975902969.045459
3757.933100 6976291374.372299
3758.266700 6976797406.018385
3758.600200 6977215220.643703
3758.933800 6977584375.480545
3759.267400 6978036610.090416
3759.600900 6978343116.541236
3759.934500 6978799285.218693
3760.268000 6979445564.269896
3760.601600 6979706855.020751
3760.935200 6980015700.486313
3761.268700 6980606140.152363
3761.602300 6980795449.380598
3761.935900 6981744087.575436
3762.269400 6981869724.962141
3762.603000 6982405736.054989
3762.936600 6982977074.812391
3763.270100 6982990912.036251
3763.603700 6983709158.429038
3763.937200 6984074030.905640
3764.270800 6984408448.224914
3764.604400 6984885488.947578
3764.937900 6985517859.597775
3765.271500 6985773328.334871
3765.605100 6986346708.491696
3765.938600 6986826522.596383
3766.272200 6986993921.269786
3766.605800 6987607484.052896
3766.939300 6988013552.270661
3767.272900 6988752021.489870
3767.606500 6988819304.365155
3767.940000 6989576913.320885
3768.273600 6989971068.503259
3768.607100 6990714864.898842
3768.940700 6991057972.337971
3769.274300 6991545140.999484
3769.607800 6991876858.550516
3769.941400 6992432608.640774
3770.275000 6992815448.805622
3770.608500 6993563783.496374
3770.942100 6993748125.414690
3771.275700 6994249436.076602
3771.609200 6995020732.675681
3771.942800 6995407258.391848
3772.276400 6995856055.740469
3772.609900 6996432578.842354
3772.943500 6996848279.243179
3773.277000 6997314354.188915
3773.610600 6997736756.965063
3773.944200 6998369596.320989
3774.277700 6999029329.248954
3774.611300 6999368366.262112
3774.944900 6999892291.053121
3775.278400 7000373893.477119
3775.612000 7000932502.030223
3775.945600 7001362572.786675
3776.279100 7002037736.831935
3776.612700 7002232528.994409
3776.946200 7002916231.429699
3777.279800 7003272467.121406
3777.613400 7003917723.225211
3777.946900 7004301660.704306
3778.280500 7004894833.913385
3778.614100 7005299307.062014
3778.947600 7005676045.113325
3779.281200 7006337449.208212
3779.614800 7006624575.180943
3779.948300 7007144584.350028
3780.281900 7007468300.146713
3780.615500 7008081837.613591
3780.949000 7008662967.035773
3781.282600 7008915329.212246
3781.616100 7009669104.911595
3781.949700 7009929136.818080
3782.283300 7010083876.807787
3782.616800 7010537944.591892
3782.950400 7011021026.100056
3783.284000 7011697714.432010
3783.617500 7012144662.793715
3783.951100 7012483787.094258
3784.284700 7012898350.850864
3784.618200 7013638048.082747
3784.951800 7013835514.026501
3785.285400 7014432195.507602
3785.618900 7014875264.765978
3785.952500 7015242298.247947
3786.286000 7015626601.295972
3786.619600 7016116929.915478
3786.953200 7016694440.776857
3787.286700 7016887734.193801
3787.620300 7017372877.256863
3787.953900 7017758483.630460
3788.287400 7018321562.308000
3788.621000 7018513980.104186
3788.954600 7019085520.605421
3789.288100 7019610819.480706
3789.621700 7019959084.502967
3789.955200 7020342351.931600
3790.288800 7020529631.281871
3790.622400 7021138684.902793
3790.955900 7021795796.585495
3791.289500 7022165833.034384
3791.623100 7022573202.864160
3791.956600 7022879870.164948
3792.290200 7023672490.125636
3792.623800 7024039206.545496
3792.957300 7024515825.285748
3793.290900 7025169788.888923
3793.624500 7025403802.688041
3793.958000 7025937896.349651
3794.291600 7026583077.899121
3794.625100 7026961729.720975
3794.958700 7027470432.006642
3795.292300 7027878881.524961
3795.625800 7028580385.103400
3795.959400 7028859247.667326
3796.293000 7029466746.047307
3796.626500 7029811063.730957
3796.960100 7030332166.342846
3797.293700 7031006553.624101
3797.627200 7031519079.942785
3797.960800 7031766143.245462
3798.294400 7032744041.031163
3798.627900 7032994255.316048
3798.961500 7033624167.615298
3799.295000 7034144470.784457
3799.628600 7034723034.242044
3799.962200 7034901645.108819
3800.295700 7035794226.052095
3800.629300 7035964052.252547
3800.962900 7036712831.511975
3801.296400 7037240345.739517
3801.630000 7037703623.891441
3801.963600 7038117878.219537
3802.297100 7038693379.370503
3802.630700 7039203683.634766
3802.964200 7039767909.148343
3803.297800 7040372484.119141
3803.631400 7040817273.147450
3803.964900 7041308499.353223
3804.298500 7041924513.230246
3804.632100 7042314670.755181
3804.965600 7042679419.833991
3805.299200 7043291587.474771
3805.632800 7043868292.203344
3805.966300 7044103803.269873
3806.299900 7044768631.093005
3806.633500 7045030234.353486
3806.967000 7045574874.156893
3807.300600 7045947090.246545
3807.634100 7046610076.894735
3807.967700 7046819111.412080
3808.301300 7047458309.848810
3808.634800 7048006438.368600
3808.968400 7048274923.783184
3809.302000 7048567675.534093
3809.635500 7049070701.232154
3809.969100 7049699197.659388
3810.302700 7049996853.702402
3810.636200 7050518646.141188
3810.969800 7051088816.128018
3811.303400 7051120783.380566
3811.636900 7051639301.293880
3811.970500 7052286036.057876
3812.304000 7052918967.285319
3812.637600 7053450408.581359
3812.971200 7053501057.537844
3813.304700 7054115211.037606
3813.638300 7054641215.725157
3813.971900 7055055283.422340
3814.305400 7055642404.336265
3814.639000 7055974537.858193
3814.972600 7056690737.742810
3815.306100 7057017774.190233
3815.639700 7057668895.663714
3815.973200 7058006107.773522
3816.306800 7058534773.031198
3816.640400 7058957323.123699
3816.973900 7059406143.402175
3817.307500 7060005951.697820
3817.641100 7060646908.698047
3817.974600 7061083050.495521
3818.308200 7061455705.544871
3818.641800 7062117320.255929
3818.975300 7062527340.917821
3819.308900 7063028854.852140
3819.642500 7063602810.219357
3819.976000 7064199634.321909
3820.309600 7064624084.062652
3820.643100 7065197612.263487
3820.976700 7065948564.699870
3821.310300 7066590405.845761
3821.643800 7067061391.314058
3821.977400 7067411267.068980
3822.311000 7068016535.816573
3822.644500 7068622114.804283
3822.978100 7069085371.988400
3823.311700 7069556700.925937
3823.645200 7070057753.503459
3823.978800 7070270994.151020
3824.312400 7070962669.909850
3824.645900 7071588897.185342
3824.979500 7071940190.547180
3825.313000 7072913506.315119
3825.646600 7073125438.193851
3825.980200 7073524525.059167
3826.313700 7074025696.940123
3826.647300 7074397780.444918
3826.980900 7075107275.519827
3827.314400 7075483298.266790
3827.648000 7076152873.103391
3827.981600 7076455142.474230
3828.315100 7077082227.240405
3828.648700 7077558857.406059
3828.982200 7077908305.836392
3829.315800 7078347980.670751
3829.649400 7078840970.132119
3829.982900 7079358148.437394
3830.316500 7079916066.101301
3830.650100 7080346011.204779
3830.983600 7080777323.481909
3831.317200 7081439665.556033
3831.650800 7082088275.951520
3831.984300 7082429320.143558
3832.317900 7082825491.079979
3832.651500 7083281236.643962
3832.985000 7083936499.297533
3833.318600 7084560100.040342
3833.652100 7084925184.041295
3833.985700 7085473147.540356
3834.319300 7085784823.902865
3834.652800 7086279523.623207
3834.986400 7086774264.976470
3835.320000 7087114592.691735
3835.653500 7087517035.622800
3835.987100 7088190521.372461
3836.320700 7088346499.920795
3836.654200 7088949542.925298
3836.987800 7089323121.181553
3837.321400 7089992889.784349
3837.654900 7090344346.181116
3837.988500 7090711478.220942
3838.322000 7091400158.262580
3838.655600 7091658559.244637
3838.989200 7092283785.174242
3839.322700 7092745311.738791
3839.656300 7092921896.260717
3839.989900 7093628457.876812
3840.323400 7094157178.887474
3840.657000 7094682082.882060
3840.990600 7094806549.328340
3841.324100 7095693298.507137
3841.657700 7095854981.562558
3841.991200 7096371473.167905
3842.324800 7096987372.134800
3842.658400 7097532655.521132
3842.991900 7097956327.580369
3843.325500 7098736328.471933
3843.659100 7099061627.449646
3843.992600 7099597087.905799
3844.326200 7100100048.968153
3844.659800 7100888844.467485
3844.993300 7101315642.684063
3845.326900 7101908202.324014
3845.660500 7102528226.826341
3845.994000 7102925886.288798
3846.327600 7103518962.742675
3846.661100 7104040960.024697
3846.994700 7104440677.189178
3847.328300 7105135512.958035
3847.661800 7105598607.501828
3847.995400 7106011553.106560
3848.329000 7106767062.229979
3848.662500 7106961757.053576
3848.996100 7107674003.000058
3849.329700 7108194958.217426
3849.663200 7108565808.509447
3849.996800 7109144752.881685
3850.330400 7109462477.457710
3850.663900 7109930639.016809
3850.997500 7110470185.994028
3851.331000 7111163413.292726
3851.664600 7111777721.470069
3851.998200 7112165227.802191
3852.331700 7112553567.933409
3852.665300 7113118146.350416
3852.998900 7113531801.320199
3853.332400 7114224399.613519
3853.666000 7114530929.602545
3853.999600 7114993775.101891
3854.333100 7115554557.016922
3854.666700 7115607495.526235
3855.000200 7116505216.454409
3855.333800 7116865883.071030
3855.667400 7117538028.365776
3856.000900 7117981466.025065
3856.334500 7118369851.299855
3856.668100 7119014869.671947
3857.001600 7119230914.285796
3857.335200 7119844864.692175
3857.668800 7120254235.034511
3858.002300 7120680361.697111
3858.335900 7121139455.092906
3858.669500 7121787611.199167
3859.003000 7122028927.948874
3859.336600 7122631153.079309
3859.670100 7122770184.446651
3860.003700 7123443427.767436
3860.337300 7123885816.666599
3860.670800 7124458144.734947
3861.004400 7124872013.579447
3861.338000 7125425496.201225
3861.671500 7125818661.078544
3862.005100 7126214330.651995
3862.338700 7126588590.177450
3862.672200 7127213169.994549
3863.005800 7127861152.396049
3863.339300 7128499143.716805
3863.672900 7128832328.930037
3864.006500 7129214202.497264
3864.340000 7129892668.191499
3864.673600 7130604788.094275
3865.007200 7130710375.139620
3865.340700 7131321221.128414
3865.674300 7131805508.545661
3866.007900 7132272957.327497
3866.341400 7132806703.106246
3866.675000 7133285961.221141
3867.008600 7133956604.497076
3867.342100 7134381489.709088
3867.675700 7134932430.302423
3868.009200 7135531805.454913
3868.342800 7136193098.596074
3868.676400 7136502156.453359
3869.009900 7137122688.632228
3869.343500 7137800761.047810
3869.677100 7138255019.014689
3870.010600 7138810022.195077
3870.344200 7139445943.493985
3870.677800 7139689915.547492
3871.011300 7139996704.747097
3871.344900 7140992258.234854
3871.678500 7141242554.362245
3872.012000 7141722653.435897
3872.345600 7142266002.376854
3872.679100 7142778501.769438
3873.012700 7143451954.178919
3873.346300 7143828843.555279
3873.679800 7144256621.396188
3874.013400 7144840986.125851
3874.347000 7145360831.717177
3874.680500 7145754837.011333
3875.014100 7146344354.650285
3875.347700 7146534516.832050
3875.681200 7147378771.873743
3876.014800 7147573071.768268
3876.348300 7148036038.702082
3876.681900 7148596206.981386
3877.015500 7148852962.025268
3877.349000 7149560023.360146
3877.682600 7149945470.166124
3878.016200 7150365511.756440
3878.349700 7150957855.412106
3878.683300 7151645421.190130
3879.016900 7151775028.570337
3879.350400 7152487370.407960
3879.684000 7152843717.136967
3880.017600 7153263287.623204
3880.351100 7153805917.093210
3880.684700 7154244126.517980
3881.018200 7154897071.645450
3881.351800 7155146576.642024
3881.685400 7155819612.787525
3882.018900 7156124463.212893
3882.352500 7156750868.578032
3882.686100 7157113593.958212
3883.019600 7157546200.082669
3883.353200 7158361768.036892
3883.686800 7158923781.079356
3884.020300 7159198860.990104
3884.353900 7159869150.253444
3884.687500 7160379429.215955
3885.021000 7160685391.276333
3885.354600 7161249172.976704
3885.688100 7161645409.916490
3886.021700 7162390852.208371
3886.355300 7162757508.292403
3886.688800 7163223517.523838
3887.022400 7164107630.362901
3887.356000 7164540841.331587
3887.689500 7165029526.408899
3888.023100 7165572743.675125
3888.356700 7166295032.388406
3888.690200 7166697480.663210
3889.023800 7167162864.471323
3889.357300 7167817831.474621
3889.690900 7168402131.747713
3890.024500 7168808924.291853
3890.358000 7169288944.735007
3890.691600 7169743445.649853
3891.025200 7170375160.303302
3891.358700 7170911454.988039
3891.692300 7171390604.192835
3892.025900 7172007436.870833
3892.359400 7172738761.330446
3892.693000 7173089812.520235
3893.026600 7173729543.091567
3893.360100 7174182156.785800
3893.693700 7174698326.555678
3894.027200 7175132539.155411
3894.360800 7175793777.551696
3894.694400 7176076450.341841
3895.027900 7176788152.544453
3895.361500 7177115832.074219
3895.695100 7177972887.777442
3896.028600 7178257449.004933
3896.362200 7178811489.998553
3896.695800 7179690693.429048
3897.029300 7180002931.311157
3897.362900 7180415322.099014
3897.696500 7180992301.998167
3898.030000 7181641653.986417
3898.363600 7182067596.273005
3898.697100 7182570071.160917
3899.030700 7183020975.060543
3899.364300 7183775321.869304
3899.697800 7184287693.337210
3900.031400 7184745180.958249
3900.365000 7185235844.300138
3900.698500 7185826593.801881
3901.032100 7186320351.998719
3901.365700 7186882969.545473
3901.699200 7187154407.417329
3902.032800 7187854706.551784
3902.366300 7188247611.127124
3902.699900 7188922284.921857
3903.033500 7189338631.931632
3903.367000 7189936326.549919
3903.700600 7190300324.268697
3904.034200 7190939048.965158
3904.367700 7191597135.980570
3904.701300 7192069781.237667
3905.034900 7192582435.171730
3905.368400 7193023771.593843
3905.702000 7193751436.570460
3906.035600 7194269295.907773
3906.369100 7194661106.427573
3906.702700 7195198409.845186
3907.036200 7195669742.332598
3907.369800 7196313464.716466
3907.703400 7196792631.895285
3908.036900 7197250648.997202
3908.370500 7197858624.060321
3908.704100 7198445248.757015
3909.037600 7199017463.027143
3909.371200 7199392640.579646
3909.704800 7200161815.667242
3910.038300 7200535259.527834
3910.371900 7201396989.105618
3910.705500 7201492665.464705
3911.039000 7202098132.274936
3911.372600 7202717809.742669
3911.706100 7203536826.240014
3912.039700 7204040195.942007
3912.373300 7204450227.213610
3912.706800 7204879839.501066
3913.040400 7205544678.766304
3913.374000 7206117841.078390
3913.707500 7206544576.767414
3914.041100 7207268191.210739
3914.374700 7207848719.696042
3914.708200 7208518120.280613
3915.041800 7208964244.806984
3915.375300 7209617941.755761
3915.708900 7210218768.892360
3916.042500 7210610959.484051
3916.376000 7211074435.165640
3916.709600 7211815535.559156
3917.043200 7212268031.160040
3917.376700 7212687552.188151
3917.710300 7213360770.597004
3918.043900 7214017721.708578
3918.377400 7214556575.351290
3918.711000 7214737065.912769
3919.044600 7215462370.911568
3919.378100 7216058431.186491
3919.711700 7216752017.785793
3920.045200 7217015303.410007
3920.378800 7217586980.324049
3920.712400 7218241848.691429
3921.045900 7218732921.949292
3921.379500 7219320689.801491
3921.713100 7219979173.497532
3922.046600 7220387631.184493
3922.380200 7220911951.179318
3922.713800 7221484981.631998
3923.047300 7222200676.218765
3923.380900 7222616419.193436
3923.714500 7223270122.237834
3924.048000 7223796227.353387
3924.381600 7224256265.414877
3924.715100 7224747420.047853
3925.048700 7225600932.953908
3925.382300 7225836699.447104
3925.715800 7226487356.279193
3926.049400 7226985295.580329
3926.383000 7227497436.656699
3926.716500 7228123443.202648
3927.050100 7228705612.247065
3927.383700 7228863463.326824
3927.717200 7229707768.769760
3928.050800 7230093157.297854
3928.384300 7230879435.746855
3928.717900 7231466750.458524
3929.051500 7231971196.277461
3929.385000 7232457821.675544
3929.718600 7232850403.898161
3930.052200 7233556127.953494
3930.385700 7234123762.506585
3930.719300 7234518246.933738
3931.052900 7235313678.240138
3931.386400 7235853654.767079
3931.720000 7236242979.760683
3932.053600 7236888767.716748
3932.387100 7237506566.461376
3932.720700 7238031271.565806
3933.054200 7238480098.092215
3933.387800 7239125910.249389
3933.721400 7239702563.749331
3934.054900 7240301949.875354
3934.388500 7240846077.395105
3934.722100 7241365850.274954
3935.055600 7241938046.105695
3935.389200 7242509752.951734
3935.722800 7243027659.941166
3936.056300 7243675078.120054
3936.389900 7244405988.479858
3936.723500 7244864573.760056
3937.057000 7245426193.456835
3937.390600 7246220211.093493
3937.724100 7246963958.136271
3938.057700 7247461903.339785
3938.391300 7248252824.300621
3938.724800 7248623299.003176
3939.058400 7249232198.084457
3939.392000 7250051126.216806
3939.725500 7250687511.926867
3940.059100 7251350446.040062
3940.392700 7251825616.710859
3940.726200 7252530806.827414
3941.059800 7253276886.367063
3941.393300 7253806566.859303
3941.726900 7254425868.155042
3942.060500 7255145659.741619
3942.394000 7255420451.665858
3942.727600 7256266326.758588
3943.061200 7256709467.220319
3943.394700 7257392498.421247
3943.728300 7257959695.306540
3944.061900 7258494009.822963
3944.395400 7258936039.266551
3944.729000 7259673405.123594
3945.062600 7260041594.161023
3945.396100 7260887352.861494
3945.729700 7261446079.526999
3946.063200 7262014779.048608
3946.396800 7262686273.993158
3946.730400 7263239970.477963
3947.063900 7263634663.115384
3947.397500 7264119437.316436
3947.731100 7264931762.734823
3948.064600 7265365240.843449
3948.398200 7266077182.217938
3948.731800 7266702507.477430
3949.065300 7267143576.725695
3949.398900 7267909996.348133
3949.732500 7268390796.935670
3950.066000 7268986160.222606
3950.399600 7269607367.630784
3950.733100 7270032271.046651
3951.066700 7270733024.610214
3951.400300 7271227162.615898
3951.733800 7271894579.318571
3952.067400 7272619051.090203
3952.401000 7272862933.343655
3952.734500 7273567313.182231
3953.068100 7273993225.248787
3953.401700 7274665343.656796
3953.735200 7275471901.801066
3954.068800 7275904140.913492
3954.402300 7276310195.407211
3954.735900 7277044285.221110
3955.069500 7277836231.399849
3955.403000 7278349544.584644
3955.736600 7278845331.610329
3956.070200 7279546553.862776
3956.403700 7279804890.115680
3956.737300 7280612058.785440
3957.070900 7280928059.855690
3957.404400 7281753949.080175
3957.738000 7282349579.432468
3958.071600 7282747760.110279
3958.405100 7283378793.242744
3958.738700 7283909854.447395
3959.072200 7284357303.655570
3959.405800 7285212739.103124
3959.739400 7285588547.772812
3960.072900 7286150539.151640
3960.406500 7286659396.881953
3960.740100 7287311273.005084
3961.073600 7287467304.822370
3961.407200 7288325312.440835
3961.740800 7289038296.657180
3962.074300 7289597257.528114
3962.407900 7289969120.357103
3962.741500 7290662537.266190
3963.075000 7291088268.441416
3963.408600 7291542423.622794
3963.742100 7292167018.936251
3964.075700 7292731774.057945
3964.409300 7293334212.314097
3964.742800 7293948056.660273
3965.076400 7294523440.590671
3965.410000 7295062726.713164
3965.743500 7295587368.118045
3966.077100 7296117742.489626
3966.410700 7296810641.935604
3966.744200 7297252533.024285
3967.077800 7297851966.263901
3967.411300 7298203007.636454
3967.744900 7299061245.653739
3968.078500 7299311473.507248
3968.412000 7299640974.814875
3968.745600 7300127802.266319
3969.079200 7300587245.819267
3969.412700 7301241271.138021
3969.746300 7301723551.970630
3970.079900 7302279728.286880
3970.413400 7302741150.863750
3970.747000 7303216361.433217
3971.080600 7303717241.662459
3971.414100 7304136770.566779
3971.747700 7304676443.322893
3972.081200 7305164987.633017
3972.414800 7305861422.308043
3972.748400 7306369560.576284
3973.081900 7306795251.283442
3973.415500 7307270278.569091
3973.749100 7307863741.233881
3974.082600 7308436877.447706
3974.416200 7308905864.694779
3974.749800 7309421909.314274
3975.083300 7309985685.633686
3975.416900 7310367135.067144
3975.750400 7311151023.857643
3976.084000 7311711500.106884
3976.417600 7312030311.375985
3976.751100 7312981181.211624
3977.084700 7313520246.680396
3977.418300 7314116979.078393
3977.751800 7314436430.949699
3978.085400 7314968151.527495
3978.419000 7315430933.528164
3978.752500 7315893942.203384
3979.086100 7316545261.319064
3979.419700 7317139006.808400
3979.753200 7317488209.576735
3980.086800 7318266256.002760
3980.420300 7318626583.950253
3980.753900 7319265756.259687
3981.087500 7319901933.627283
3981.421000 7320277855.258818
3981.754600 7320858531.603792
3982.088200 7321535883.978245
3982.421700 7322172380.235267
3982.755300 7322742255.111876
3983.088900 7323394528.326472
3983.422400 7323831861.940272
3983.756000 7324287914.559290
3984.089600 7324824304.436836
3984.423100 7325389313.613606
3984.756700 7325840582.991777
3985.090200 7326588495.506448
3985.423800 7327037186.616039
3985.757400 7327744816.594778
3986.090900 7328289584.477600
3986.424500 7328905394.929434
3986.758100 7329415178.316095
3987.091600 7330004789.757030
3987.425200 7330661117.079349
3987.758800 7331263395.767300
3988.092300 7332021961.057697
3988.425900 7332583923.750917
3988.759400 7333092763.461886
3989.093000 7333800945.531631
3989.426600 7334531738.554509
3989.760100 7335299379.298440
3990.093700 7336003264.110847
3990.427300 7336583610.680614
3990.760800 7337098521.439902
3991.094400 7337840413.988693
3991.428000 7338525413.725898
3991.761500 7338943077.668187
3992.095100 7339493972.805029
3992.428700 7340404500.465012
3992.762200 7341047891.761407
3993.095800 7341534859.049925
3993.429300 7342175191.754481
3993.762900 7342831070.878920
3994.096500 7343364005.651949
3994.430000 7344107659.093036
3994.763600 7344856606.924415
3995.097200 7345268094.834031
3995.430700 7345997028.082744
3995.764300 7346603689.288767
3996.097900 7347438883.188016
3996.431400 7347900871.007954
3996.765000 7348298765.480284
3997.098600 7348908148.924500
3997.432100 7349700004.527505
3997.765700 7350401423.099494
3998.099200 7350903377.171744
3998.432800 7351647089.241474
3998.766400 7352119601.779359
3999.099900 7352667119.497859
3999.433500 7353404614.473799
3999.767100 7354016882.913744
4000.100600 7354823042.247251
4000.434200 7355295081.077411
4000.767800 7355838787.628989
4001.101300 7356515962.837306
4001.434900 7357281583.594721
4001.768400 7357843247.207816
4002.102000 7358513323.316786
4002.435600 7359080223.520597
4002.769100 7359734307.223086
4003.102700 7360465245.625828
4003.436300 7361013755.563927
4003.769800 7361718350.363765
4004.103400 7362243529.726348
4004.437000 7362942920.623154
4004.770500 7363415821.557541
4005.104100 7364139237.657233
4005.437700 7364930822.748821
4005.771200 7365248935.792087
4006.104800 7365744959.327923
4006.438300 7366645898.770920
4006.771900 7367174416.731929
4007.105500 7367821940.008129
4007.439000 7368334950.591442
4007.772600 7369188126.271862
4008.106200 7369764073.811824
4008.439700 7370231165.245047
4008.773300 7371022509.463584
4009.106900 7371296761.728491
4009.440400 7372149158.810245
4009.774000 7372750762.912645
4010.107600 7373321306.287032
4010.441100 7373928176.577664
4010.774700 7374494363.889716
4011.108200 7374960585.409265
4011.441800 7375439356.227941
4011.775400 7376086470.176974
4012.108900 7376536627.900434
4012.442500 7377186300.395584
4012.776100 7377689157.396735
4013.109600 7378129228.400584
4013.443200 7378978102.457995
4013.776800 7379566737.714407
4014.110300 7380004417.891162
4014.443900 7380464686.300216
4014.777400 7381023500.955495
4015.111000 7381577365.924962
4015.444600 7382051687.065512
4015.778100 7382694077.903927
4016.111700 7383301938.723756
4016.445300 7383718451.666724
4016.778800 7384292848.626876
4017.112400 7384929355.655472
4017.446000 7385431617.210884
4017.779500 7386130295.939692
4018.113100 7386742201.984823
4018.446700 7387277033.292906
4018.780200 7387744832.635707
4019.113800 7388482729.948839
4019.447300 7389035308.105541
4019.780900 7389483120.864956
4020.114500 7390225982.903274
4020.448000 7390564007.102653
4020.781600 7391412684.176999
4021.115200 7391835959.175577
4021.448700 7392275923.526951
4021.782300 7392786985.392124
4022.115900 7393403979.942307
4022.449400 7394169189.253141
4022.783000 7394818304.847397
4023.116600 7395348062.644176
4023.450100 7395984621.679390
4023.783700 7396609015.153542
4024.117200 7397191770.727601
4024.450800 7397662903.689981
4024.784400 7398196816.113317
4025.117900 7399114534.840820
4025.451500 7399429721.453571
4025.785100 7400061118.213131
4026.118600 7400577193.759433
4026.452200 7401290621.584140
4026.785800 7401769662.255764
4027.119300 7402432238.327899
4027.452900 7402782591.214936
4027.786400 7403658740.087473
4028.120000 7404326893.005344
4028.453600 7404845297.012442
4028.787100 7405447163.294248
4029.120700 7405897744.041638
4029.454300 7406722880.712442
4029.787800 7407275905.188758
4030.121400 7407830864.565674
4030.455000 7408448779.738647
4030.788500 7408867678.414228
4031.122100 7409640412.522706
4031.455700 7410216013.406694
4031.789200 7410567595.938887
4032.122800 7411360574.334777
4032.456300 7411960376.284615
4032.789900 7412548909.550655
4033.123500 7413226658.793993
4033.457000 7413858682.592414
4033.790600 7414667287.159230
4034.124200 7415150202.478936
4034.457700 7415797510.965514
4034.791300 7416239255.653683
4035.124900 7416911543.595223
4035.458400 7417569682.991620
4035.792000 7418194893.166552
4036.125600 7418666309.295707
4036.459100 7419277222.257378
4036.792700 7419815961.780456
4037.126200 7420512997.253613
4037.459800 7421169938.948881
4037.793400 7421631078.891406
4038.126900 7422423368.984246
4038.460500 7423252585.285051
4038.794100 7423554209.377657
4039.127600 7424303158.650393
4039.461200 7425011523.605984
4039.794800 7425603477.610908
4040.128300 7426144641.803887
4040.461900 7426714495.879867
4040.795400 7427466567.441545
4041.129000 7428066466.900703
4041.462600 7428670298.014853
4041.796100 7429318020.435675
4042.129700 7429843520.973896
4042.463300 7430350480.231463
4042.796800 7431281333.867960
4043.130400 7431499468.563890
4043.464000 7432322024.424710
4043.797500 7432862718.423275
4044.131100 7433527531.270617
4044.464700 7434286412.175443
4044.798200 7434906178.162622
4045.131800 7435501089.187450
4045.465300 7436111857.231671
4045.798900 7436779202.312770
4046.132500 7437239630.319135
4046.466000 7437987769.531700
4046.799600 7438510748.452199
4047.133200 7439285308.067900
4047.466700 7439889519.374793
4047.800300 7440433709.912527
4048.133900 7441172638.017868
4048.467400 7441880688.711349
4048.801000 7442494288.833242
4049.134600 7442789296.872951
4049.468100 7443468735.958134
4049.801700 7444161034.165041
4050.135200 7444799814.744636
4050.468800 7445551545.369466
4050.802400 7446101448.117579
4051.135900 7446695280.362987
4051.469500 7447481057.480891
4051.803100 7448090527.982108
4052.136600 7448701352.280748
4052.470200 7449641344.481499
4052.803800 7450155024.672956
4053.137300 7450739982.662314
4053.470900 7451534297.872409
4053.804400 7452169630.191339
4054.138000 7452836724.034419
4054.471600 7453425263.840537
4054.805100 7454089825.558225
4055.138700 7454621191.464463
4055.472300 7455421596.912577
4055.805800 7456079160.379745
4056.139400 7456676194.008236
4056.473000 7457287504.400817
4056.806500 7457870054.130603
4057.140100 7458397053.480872
4057.473700 7459107698.128912
4057.807200 7459744266.461681
4058.140800 7460314863.972364
4058.474300 7461199107.344898
4058.807900 7461701739.957417
4059.141500 7462367498.174924
4059.475000 7463016966.897673
4059.808600 7463559962.193217
4060.142200 7464122053.697312
4060.475700 7464730532.686596
4060.809300 7465293792.499348
4061.142900 7465943525.677612
4061.476400 7466466850.660230
4061.810000 7467206243.510699
4062.143600 7467602959.537523
4062.477100 7468428819.494796
4062.810700 7468994469.394839
4063.144200 7469738037.094976
4063.477800 7470190902.628082
4063.811400 7470550860.100309
4064.144900 7471305807.625627
4064.478500 7471948221.883048
4064.812100 7472697447.708954
4065.145600 7473205812.257508
4065.479200 7473915330.103099
4065.812800 7474474088.242652
4066.146300 7474666277.898043
4066.479900 7475616553.170383
4066.813400 7476318112.095872
4067.147000 7476840894.065373
4067.480600 7477312182.945437
4067.814100 7478173734.318739
4068.147700 7478616560.680112
4068.481300 7479187571.586926
4068.814800 7479864328.138917
4069.148400 7480562956.445323
4069.482000 7481158341.937660
4069.815500 7481796619.631202
4070.149100 7482457582.129901
4070.482700 7483249725.792766
4070.816200 7483762678.503589
4071.149800 7484518550.086083
4071.483300 7485368898.715103
4071.816900 7485540379.571397
4072.150500 7486329262.626121
4072.484000 7486823426.212790
4072.817600 7487558147.120152
4073.151200 7488161376.099538
4073.484700 7488728697.208117
4073.818300 7489489463.423515
4074.151900 7490104363.729908
4074.485400 7490623946.870126
4074.819000 7491383709.009881
4075.152600 7491845241.213091
4075.486100 7492490599.064575
4075.819700 7493061926.555022
4076.153200 7493837535.943442
4076.486800 7494607564.482962
4076.820400 7495045674.364119
4077.153900 7495633203.602419
4077.487500 7496376241.620755
4077.821100 7497130943.383105
4078.154600 7497476695.170277
4078.488200 7498025663.936879
4078.821800 7498580190.258739
4079.155300 7499199585.723758
4079.488900 7499883022.155435
4079.822400 7500474693.531001
4080.156000 7501054430.968574
4080.489600 7501568781.708752
4080.823100 7502405480.096522
4081.156700 7502816261.120594
4081.490300 7503784112.591751
4081.823800 7504298579.888084
4082.157400 7504872900.685684
4082.491000 7505526775.724638
4082.824500 7506281579.862729
4083.158100 7506932638.475372
4083.491700 7507520283.369139
4083.825200 7508232100.038460
4084.158800 7508951465.596411
4084.492300 7509648947.165626
4084.825900 7510127564.612243
4085.159500 7510812971.582074
4085.493000 7511470492.960356
4085.826600 7511964021.486363
4086.160200 7512685551.105634
4086.493700 7513496540.288527
4086.827300 7513881376.628124
4087.160900 7514923061.242938
4087.494400 7515243570.153215
4087.828000 7515991164.641383
4088.161500 7516627166.743002
4088.495100 7517236090.020521
4088.828700 7517919461.537233
4089.162200 7518532304.718123
4089.495800 7519095991.721222
4089.829400 7519861233.143966
4090.162900 7520375320.906270
4090.496500 7521216608.844726
4090.830100 7521542401.514827
4091.163600 7522108833.959738
4091.497200 7522769955.689550
4091.830800 7523404225.993432
4092.164300 7524046959.940557
4092.497900 7524703321.528163
4092.831400 7525607305.910084
4093.165000 7526034596.774451
4093.498600 7526822409.328371
4093.832100 7527370552.611577
4094.165700 7528123087.973897
4094.499300 7528708539.898330
4094.832800 7529476421.088037
4095.166400 7529984896.873714
4095.500000 7530628629.642991
4095.833500 7531308983.658254
4096.167100 7531818394.555987
4096.500700 7532711962.489860
4096.834200 7533452070.570923
4097.167800 7533902505.373622
4097.501300 7534454558.234222
4097.834900 7535052157.948578
4098.168500 7535839249.143310
4098.502000 7536303313.294550
4098.835600 7537101502.065609
4099.169200 7537813292.600220
4099.502700 7538288079.625093
4099.836300 7539040697.111384
4100.169900 7539701868.107727
4100.503400 7540158611.719007
4100.837000 7541007194.975493
4101.170500 7541495433.238870
4101.504100 7542242721.623024
4101.837700 7542725571.059356
4102.171200 7543351237.898851
4102.504800 7544261528.705081
4102.838400 7544787303.995852
4103.171900 7545624627.700491
4103.505500 7546068748.546145
4103.839100 7546728472.259924
4104.172600 7547544461.723320
4104.506200 7548286191.742124
4104.839800 7548751937.580307
4105.173300 7549615482.314820
4105.506900 7550231183.633897
4105.840400 7550853251.495484
4106.174000 7551748025.636084
4106.507600 7552497816.440201
4106.841100 7553116311.921443
4107.174700 7553728765.907804
4107.508300 7554376822.074032
4107.841800 7554992842.209603
4108.175400 7555678717.759238
4108.509000 7556422755.610211
4108.842500 7556976742.468620
4109.176100 7557409663.338010
4109.509700 7558581295.429343
4109.843200 7559231598.921244
4110.176800 7559684654.653008
4110.510300 7560129234.531837
4110.843900 7560984280.469857
4111.177500 7561926826.384459
4111.511000 7562538340.047396
4111.844600 7563216850.962888
4112.178200 7563903997.198927
4112.511700 7564588006.921161
4112.845300 7565253858.851413
4113.178900 7566210501.304811
4113.512400 7566557818.701896
4113.846000 7567563359.696487
4114.179500 7567844064.779358
4114.513100 7568630421.687938
4114.846700 7569422835.907318
4115.180200 7570251615.690265
4115.513800 7571125333.091860
4115.847400 7571590380.846490
4116.180900 7572279147.151531
4116.514500 7573096642.658431
4116.848100 7573835484.079167
4117.181600 7574579426.520623
4117.515200 7574995368.490119
4117.848800 7576132028.491439
4118.182300 7576725556.188698
4118.515900 7577666079.928970
4118.849400 7578446214.031363
4119.183000 7579052819.519623
4119.516600 7580013953.084469
4119.850100 7580495904.026567
4120.183700 7581131692.921531
4120.517300 7581968715.759856
4120.850800 7582725282.487381
4121.184400 7583583818.261474
4121.518000 7584070591.240887
4121.851500 7584920150.894743
4122.185100 7585615238.516725
4122.518700 7586472928.224506
4122.852200 7586938896.469208
4123.185800 7587792951.482500
4123.519300 7588608258.682747
4123.852900 7589366104.258229
4124.186500 7589848181.678116
4124.520000 7590609165.780143
4124.853600 7591372905.510939
4125.187200 7592057181.954701
4125.520700 7592903535.648396
4125.854300 7593576705.644599
4126.187900 7594199748.609548
4126.521400 7594838805.083561
4126.855000 7595529116.224648
4127.188500 7596151628.482082
4127.522100 7596929092.353153
4127.855700 7597811070.241693
4128.189200 7598356579.918862
4128.522800 7598836911.044937
4128.856400 7599805591.423094
4129.189900 7600348421.200944
4129.523500 7600698784.892330
4129.857100 7601625533.605408
4130.190600 7602009389.905946
4130.524200 7602919220.318044
4130.857800 7603411086.503565
4131.191300 7603906075.778266
4131.524900 7604775909.200440
4131.858400 7605411923.698486
4132.192000 7605713938.341481
4132.525600 7606281857.197946
4132.859100 7606772065.237503
4133.192700 7607308706.034845
4133.526300 7608196772.434655
4133.859800 7608670243.073291
4134.193400 7609113217.315708
4134.527000 7609663898.524831
4134.860500 7610401281.231112
4135.194100 7610826762.063062
4135.527700 7611194674.077847
4135.861200 7611869049.932072
4136.194800 7612324956.975482
4136.528300 7612567383.790961
4136.861900 7613243454.790303
4137.195500 7613767609.510475
4137.529000 7614116428.148153
4137.862600 7614487453.890066
4138.196200 7615135230.262637
4138.529700 7615318498.808341
4138.863300 7615842547.533294
4139.196900 7616274580.609272
4139.530400 7616710355.318882
4139.864000 7617072436.401010
4140.197500 7617345272.075042
4140.531100 7618001290.543928
4140.864700 7618329580.566823
4141.198200 7618737245.784412
4141.531800 7618863111.788108
4141.865400 7619373854.943451
4142.198900 7619642311.666587
4142.532500 7619833954.421539
4142.866100 7620239294.909792
4143.199600 7620453634.046729
4143.533200 7620847925.695034
4143.866800 7621209231.722692
4144.200300 7621329970.693585
4144.533900 7621574156.708699
4144.867400 7622044810.199117
4145.201000 7622184970.198021
4145.534600 7622208061.415098
4145.868100 7622730025.759932
4146.201700 7622726878.184705
4146.535300 7623073570.020700
4146.868800 7623132459.710204
4147.202400 7623257147.018899
4147.536000 7623566299.517670
4147.869500 7623773268.948699
4148.203100 7624230085.089573
4148.536700 7624256766.238273
4148.870200 7624245917.682584
4149.203800 7624778016.135490
4149.537300 7624751050.853575
4149.870900 7624966892.530223
4150.204500 7625193966.825718
4150.538000 7625170458.138444
4150.871600 7625199462.633484
4151.205200 7625718540.504623
4151.538700 7625478652.376345
4151.872300 7625996374.974833
4152.205900 7625914747.644671
4152.539400 7626023131.401444
4152.873000 7626138750.271134
4153.206500 7626070717.673428
4153.540100 7626367509.112707
4153.873700 7626542389.398856
4154.207200 7626451331.290859
4154.540800 7626477838.663301
4154.874400 7626722284.877663
4155.207900 7626750963.281332
4155.541500 7626615968.950891
4155.875100 7626947496.554723
4156.208600 7626787013.149211
4156.542200 7626844108.810343
4156.875800 7626827797.783998
4157.209300 7627088154.921365
4157.542900 7627073494.500923
4157.876400 7626806293.313960
4158.210000 7626925296.948256
4158.543600 7627189079.324399
4158.877100 7627032619.735471
4159.210700 7627022169.477454
4159.544300 7626946176.308235
4159.877800 7627010859.666397
4160.211400 7626900288.908524
4160.545000 7626736622.950398
4160.878500 7626697853.665807
4161.212100 7626904260.699630
4161.545700 7626874088.228655
4161.879200 7626796541.843763
4162.212800 7626894963.899840
4162.546300 7626802251.334869
4162.879900 7626772487.952236
4163.213500 7626681321.100821
4163.547000 7626800917.500111
4163.880600 7626577308.800488
4164.214200 7626315248.501137
4164.547700 7626595483.368742
4164.881300 7626365886.143586
4165.214900 7626260937.875655
4165.548400 7626167914.204031
4165.882000 7625918194.216298
4166.215500 7626014306.168041
4166.549100 7625947311.741543
4166.882700 7626014796.665789
4167.216200 7625468610.699161
4167.549800 7625085723.475045
4167.883400 7625249237.084124
4168.216900 7625247866.979181
4168.550500 7625091402.673502
4168.884100 7625134368.329570
4169.217600 7624900777.885367
