0.444800 0.000000
0.555900 0.000000
0.667100 0.000000
0.778300 0.000000
0.889500 0.000000
1.000700 0.000000
1.111900 20688506.939481
1.223100 159436772.395959
1.334300 282779778.822324
1.445400 391394375.478101
1.556600 485957411.622811
1.667800 567145736.515976
1.779000 635636199.417120
1.890200 692105649.585765
2.001400 737230936.281433
2.112600 771688908.763647
2.223800 796156416.291931
2.334900 811310308.125805
2.446100 817827433.524794
2.668500 816384641.748418
2.779700 807658782.056202
2.890900 792326703.707667
3.002100 771065255.962335
3.113300 744551288.079732
3.224500 713461649.319378
3.335600 678473188.940705
3.446800 662511388.232359
3.558000 339477288.988058
3.669200 650793456.145476
3.780400 620929830.855296
3.891600 265501807.770621
4.002800 556828818.250212
4.114000 261951459.850801
4.225100 244428770.338270
4.336300 532903510.612618
4.447500 244800363.946392
4.558700 257109871.421463
4.669900 558339197.573863
4.781100 262829678.009260
4.892300 263641296.700315
5.003500 524992330.837731
5.114600 201562233.004347
5.225800 214403047.557634
5.337000 223417691.977821
5.448200 271217676.328816
5.559400 611550620.322378
5.670600 316506737.018996
5.781800 348736692.374499
5.893000 657177183.743315
6.004200 404132235.459937
6.115300 452096856.501492
6.226500 758204940.513899
6.337700 471988228.311964
6.448900 480209311.973557
6.560100 785894423.066424
6.671300 514880595.135914
6.893700 476071412.813805
7.004800 796056654.853724
7.116000 527428092.367429
7.227200 504387942.818555
7.338400 812189670.926215
7.449600 552410576.304543
7.560800 555744817.001880
7.672000 882364826.382085
7.783200 610627190.902905
7.894400 631577175.213723
8.005500 935564473.996140
8.227900 629249983.167969
8.339100 640704746.943571
8.450300 922442215.502936
8.561500 604200072.730913
8.672700 578691742.758909
8.783900 594739078.610569
8.895000 623592164.992978
9.006200 593778900.173827
9.117400 602804910.228311
9.228600 633193092.124986
9.339800 610409195.853918
9.451000 608706938.124290
9.562200 620187340.479451
9.673400 309546013.532508
9.784500 655827477.707850
9.895700 667803199.279293
10.006900 686545184.581674
10.118100 727758883.283354
10.229300 717592508.895576
10.340500 724811507.407640
10.451700 734036218.402557
10.562900 697312140.725372
10.674100 693122387.842718
10.785200 693387326.493499
10.896400 677220424.420733
11.007600 668396098.936261
11.118800 670970447.888243
11.230000 979284145.630579
11.341200 691849623.199968
11.563600 701731220.178184
11.674700 968784087.290563
11.785900 675332464.512230
11.897100 693054686.108092
12.008300 988109940.695867
12.119500 658927914.839287
12.230700 665169148.072058
12.341900 944077722.915760
12.453100 623653226.555686
12.675400 603760581.225286
12.786600 611467516.100486
12.897800 653661004.291148
13.009000 635111373.040863
13.120200 643357919.620475
13.231400 670553172.459181
13.342600 655443877.436883
13.453800 664940166.560895
13.564900 689803192.569722
13.676100 682153134.432682
13.787300 680078586.181323
13.898500 662187556.097272
14.009700 659797010.702670
14.120900 649405451.397653
14.232100 648262739.994761
14.343300 636428392.386590
14.454400 613244170.325311
14.565600 636725918.961245
14.676800 930436492.107803
14.788000 635868702.381377
14.899200 627212120.426173
15.010400 927151030.986698
15.121600 609442923.780326
15.232800 606268355.808140
15.343900 876617940.700415
15.566300 564804598.751868
15.677500 875003240.545060
15.788700 857011094.589806
15.899900 533756879.393806
16.011100 844875259.288467
16.122300 819172750.541404
16.233500 495313135.394421
16.344600 813315545.494258
16.455800 817695289.376945
16.567000 487144410.610660
16.678200 797235090.557312
16.789400 766830052.537596
16.900600 442088146.726043
17.011800 747451422.567968
17.123000 715045176.047976
17.234100 373280083.132373
17.345300 668677183.319643
17.456500 623715894.409330
17.567700 309600275.285292
17.678900 614258405.676273
17.790100 594481074.064233
17.901300 247483760.568652
18.012500 520689709.678185
18.123600 215818989.956081
18.234800 227077813.676623
18.346000 522109873.656850
18.457200 227514629.984359
18.568400 545400067.794712
18.679600 586877094.078894
18.790800 280153455.270197
18.902000 603016275.630501
19.013200 636591900.283341
19.124300 335619498.491554
19.235500 655679301.965791
19.346700 713174501.397558
19.457900 383717876.742137
19.569100 703429125.064052
19.680300 743777272.401795
19.791500 413385439.424580
19.902700 738464323.695636
20.013800 742681465.982764
20.125000 416392768.265159
20.236200 740420337.215573
20.347400 731480256.832694
20.458600 407035891.171918
20.569800 739166679.986146
20.681000 734062128.087020
20.903300 402352657.591969
21.014500 692636973.505171
21.125700 677204087.242348
21.236900 367159921.484215
21.348100 679825159.272067
21.459300 684008937.018930
21.570500 361466240.049246
21.681700 677372314.558721
21.792900 684309833.410412
21.904000 367091858.685360
22.015200 674200293.737176
22.126400 655168759.767195
22.237600 317715345.429444
22.348800 618730550.496654
22.460000 605982956.573481
22.571200 290936578.463264
22.682400 611039789.664041
22.793500 595472022.867192
22.904700 286230904.286726
23.015900 594195243.992859
23.127100 580114161.435890
23.238300 257511380.033238
23.349500 581792616.502347
23.460700 562925188.071563
23.571900 220262407.574548
23.683100 510637507.417129
23.794200 515797470.424657
23.905400 528103295.024863
24.016600 544537702.689705
24.127800 519262408.990966
24.239000 530049662.808549
24.350200 562262918.582207
24.461400 545113276.929546
24.572600 553168638.259496
24.683700 574913059.374117
24.794900 555162002.778294
24.906100 565314739.326087
25.017300 589088736.244201
25.128500 576441092.646538
25.239700 581291909.989860
25.350900 614761448.091118
25.462100 313281313.640274
25.573200 652208894.241335
25.684400 663039195.167769
25.795600 360361380.789374
25.906800 695898284.769220
26.018000 726928071.388887
26.129200 414549097.681396
26.240400 744058162.311912
26.351600 735828792.425038
26.462800 429890706.961756
26.573900 759925187.141718
26.685100 778998431.068727
26.796300 462384677.469269
26.907500 787510245.972546
27.018700 771834678.611311
27.129900 460594790.615271
27.241100 771838546.879339
27.352300 776795331.286793
27.463400 451640047.268738
27.574600 749927812.268736
27.685800 768114507.430001
27.797000 456685631.153656
27.908200 768360928.429770
28.019400 786279321.259804
28.130600 466949697.021016
28.352900 788002008.906382
28.464100 769235976.037727
28.575300 447233507.759404
28.686500 761787050.624078
28.797700 760751628.237652
28.908900 445616927.074141
29.020100 753896162.823923
29.131300 735973081.545446
29.242500 404299481.781431
29.353600 700670586.880477
29.464800 716159848.862180
29.576000 385041620.281971
29.687200 687736584.790505
29.798400 679880488.254213
29.909600 350072282.626541
30.020800 649290089.490913
30.132000 635464255.434548
30.243100 294352734.276305
30.354300 597405262.010823
30.465500 599657013.286983
30.576700 266850236.488142
30.687900 555927362.845761
30.799100 558502880.042279
30.910300 201592682.964791
31.021500 499744100.179112
31.132600 479510306.059253
31.243800 480549667.891733
31.355000 492085690.092323
31.466200 488370555.917594
31.577400 493140778.100113
31.688600 526128294.375689
31.799800 494354085.004762
31.911000 493797959.213285
32.022200 519653664.456129
32.133300 491031592.252285
32.244500 486377657.238766
32.355700 495715265.370706
32.466900 473488551.551864
32.578100 466098160.992085
32.689300 460642035.978607
32.800500 461816454.196910
32.911700 457124808.791405
33.022800 475411882.859790
33.134000 172566473.553064
33.245200 517505116.936546
33.356400 551108973.014957
33.467600 239861902.909866
33.578800 574284996.346624
33.690000 598887157.562400
33.801200 288728331.435010
33.912300 615353679.952544
34.023500 639439290.989303
34.134700 336349177.365840
34.245900 667675657.887861
34.357100 673361504.677566
34.468300 356596282.968076
34.579500 675657213.985851
34.690700 692929943.336912
34.801900 370942600.831532
34.913000 699893898.387978
35.024200 706838694.205942
35.135400 372763459.634014
35.246600 685735839.696368
35.357800 689767719.681464
35.469000 361969434.296639
35.580200 673012730.749189
35.691400 680688904.600605
35.802500 360017073.100901
36.024900 682450009.859311
36.136100 671835208.852301
36.247300 333428137.371081
36.358500 654823598.082859
36.469700 644346932.718621
36.580900 313615490.879103
36.692100 616535383.881322
36.803200 598838933.624071
36.914400 270708464.255952
37.025600 583237024.527141
37.136800 578519048.159080
37.248000 250968637.446257
37.359200 560222953.165917
37.470400 541513057.113753
37.581600 207379162.722152
37.692700 520415967.509225
37.803900 509225646.961380
37.915100 173475761.002396
38.026300 482414721.760898
38.137500 455366359.521257
38.248700 118450161.512767
38.359900 419817816.362406
38.471100 413407418.484516
38.582200 68000981.427013
38.693400 356189814.329593
38.804600 348355970.693813
38.915800 354900382.273697
39.027000 368057025.521480
39.138200 359607714.942136
39.249400 367303038.632613
39.360600 400092779.749401
39.471800 390029163.620024
39.582900 396008352.088441
39.694100 421741260.415890
39.805300 406551862.252210
39.916500 409786125.210248
40.027700 444496272.433675
40.138900 405478339.048664
40.250100 409223870.287739
40.361300 433102579.933777
40.472400 399770256.584104
40.583600 406722178.462820
40.694800 414986192.566037
40.806000 411634854.362924
40.917200 417083032.345998
41.028400 452454025.570151
41.139600 431233346.093304
41.250800 434977190.903899
41.361900 466727730.080420
41.473100 425939801.470306
41.584300 428819603.386831
41.695500 441587471.656144
41.806700 413479987.805869
41.917900 413950431.257057
42.029100 427233897.981696
42.140300 392252541.639407
42.251500 392071978.507457
42.362600 401033844.687072
42.473800 385891868.431767
42.585000 391007399.786116
42.696200 409868180.757318
42.807400 408414814.483662
42.918600 412182371.670987
43.029800 437045849.512443
43.141000 433216890.528563
43.252100 436859077.855609
43.363300 458444374.890984
43.474500 429638111.327266
43.585700 428855471.773055
43.696900 431875952.622621
43.808100 409483694.892498
43.919300 409731639.697019
44.030500 421402064.807206
44.141600 407717067.514747
44.252800 408323099.244430
44.364000 440348385.473150
44.475200 435710723.490840
44.586400 438346160.742018
44.697600 455901709.027695
44.808800 441454450.322011
44.920000 444813118.615068
45.031200 453771182.435436
45.142300 431623572.030434
45.253500 433387216.658089
45.364700 459280153.577851
45.475900 420878921.167471
45.587100 420766688.861373
45.698300 425193644.245510
45.809500 423488776.379973
45.920700 421491280.072853
46.031800 447174330.141636
46.143000 426460922.753190
46.254200 427659257.269735
46.365400 449566202.058380
46.476600 421508939.039298
46.587800 423495436.160655
46.699000 444477026.645585
46.810200 414096019.526081
46.921300 412684367.036008
47.032500 438210387.698727
47.143700 415756923.374294
47.254900 412593749.001852
47.366100 423051872.372024
47.477300 396741043.553220
47.588500 394536610.500041
47.699700 390142527.681012
47.810900 382178992.210810
47.922000 382433425.414921
48.033200 412942683.724821
48.144400 409248675.549493
48.255600 413106219.939799
48.366800 435520347.901014
48.478000 415227869.334325
48.589200 416733880.290541
48.700400 437985202.781961
48.811500 405838424.687219
48.922700 405704875.697560
49.033900 416361470.385576
49.145100 394624895.596934
49.256300 391699055.390476
49.367500 423411576.539433
49.478700 396791852.984410
49.589900 396805312.012242
49.701100 433105655.239957
49.812200 396776158.655658
49.923400 397546824.840651
50.034600 433265936.902230
50.145800 385222960.532518
50.257000 384456338.235606
50.368200 408804685.618607
50.479400 385496678.502203
50.590600 385182378.490226
50.701700 413330595.013276
50.812900 387457966.910052
50.924100 388285160.002041
51.035300 412682425.141995
51.146500 394923488.807127
51.257700 396607473.161408
51.368900 426361406.103167
51.480100 389469996.082418
51.591200 387251267.457522
51.702400 400626605.632237
51.813600 385174692.419668
51.924800 384664708.179672
52.036000 404046989.545087
52.147200 377337042.223097
52.258400 381124397.927858
52.369600 382848639.738516
52.480800 381626996.834629
52.591900 384272906.984749
52.703100 385627454.532915
52.814300 368058085.695228
52.925500 369405010.554549
53.036700 394470025.741106
53.147900 375851740.264757
53.259100 377619761.362181
53.370300 411786012.060995
53.481400 392694616.020101
53.592600 395272738.909970
53.703800 416657355.258256
53.815000 393785999.126334
53.926200 397095223.910300
54.037400 415232353.637510
54.148600 391838287.676563
54.259800 394405750.077502
54.370900 406641682.536495
54.482100 402930200.103569
54.593300 404376034.747742
54.704500 427966104.814734
54.815700 407028587.611455
54.926900 407368202.289384
55.038100 423804965.387217
55.149300 397556771.988408
55.260500 398721284.255346
55.371600 405194247.730240
55.482800 402405190.363155
55.594000 401817425.641521
55.705200 402411906.194930
55.816400 400631084.550320
55.927600 399296775.748274
56.038800 415306571.321432
56.150000 392984643.774522
56.261100 392571764.693039
56.372300 406975124.114113
56.483500 384262132.791145
56.594700 385791533.278266
56.705900 408491405.621757
56.817100 393220765.513149
56.928300 390856990.918833
57.039500 391637640.648063
57.150600 383371986.256633
57.261800 376721495.911767
57.373000 387030286.646770
57.484200 365566710.133771
57.595400 358192877.953634
57.706600 386404439.067869
57.817800 363719590.502134
57.929000 359684530.434789
58.040200 399104817.608046
58.151300 365992662.372468
58.262500 358918256.219308
58.373700 365798371.621645
58.484900 349243984.684897
58.596100 344478907.649164
58.707300 354556070.846971
58.818500 333738359.667893
58.929700 328778176.917897
59.040800 323501353.976569
59.152000 307695466.436862
59.263200 303653073.810950
59.374400 334608681.444462
59.485600 314053686.088495
59.596800 309616144.987613
59.708000 325577555.656365
59.819200 298461101.314876
59.930300 298418683.531726
60.041500 323354368.473934
60.152700 303965551.424588
60.263900 302718026.830419
60.375100 319629742.048006
60.486300 296519090.668137
60.597500 294864064.100090
60.708700 306901332.212700
60.819900 301662631.779640
60.931000 301963251.311928
61.042200 328799752.252817
61.153400 300565665.833645
61.264600 299865109.877001
61.375800 319376212.448819
61.487000 17293081.554334
61.598200 348968268.401453
61.709400 360737917.528116
61.820500 66429342.841471
61.931700 394277290.197716
62.042900 422863622.941589
62.154100 135160180.421239
62.265300 468426405.226459
62.376500 490904178.025694
62.487700 188284907.423758
62.598900 520097451.432582
62.710000 532557696.515603
62.821200 223905709.633947
62.932400 550777699.760053
63.043600 571339106.414060
63.154800 264808771.644303
63.266000 595674249.839333
63.377200 602205235.691724
63.488400 299759197.948326
63.599600 634432218.529956
63.710700 624536534.919292
63.821900 305720650.701479
63.933100 623162826.567803
64.044300 628600823.370645
64.155500 307365097.694908
64.377900 626937532.414791
64.489100 615985839.629359
64.600200 296510188.174753
64.711400 606606788.691707
64.822600 616153772.843631
64.933800 291526213.632831
65.045000 607518291.657896
65.156200 586816869.314340
65.267400 257479754.581604
65.378600 561508967.594037
65.489800 555803789.499161
65.600900 234953105.699791
65.712100 531186460.012228
65.823300 531160658.040739
65.934500 190586522.206840
66.045700 491415329.093719
66.156900 476986031.368323
66.268100 142901395.736863
66.379300 433722467.683427
66.490400 421912610.119483
66.601600 83909137.029946
66.712800 377328767.925823
66.824000 354843444.749241
66.935200 15822888.034006
67.046400 299032673.572162
67.157600 270913133.126917
67.268800 268209328.851748
67.379900 279257672.899572
67.491100 0.000000
67.602300 337173439.914426
67.713500 377595324.167911
67.824700 78723156.485427
67.935900 412382794.730878
68.047100 431926922.510557
68.158300 128652376.152757
68.269500 463007575.169128
68.380600 479837204.190638
68.491800 182325661.918115
68.603000 501725764.545219
68.714200 525614854.712049
68.825400 222040011.907719
68.936600 552779090.400734
69.047800 563679426.047281
69.159000 253218397.919371
69.270100 581183721.569037
69.381300 577576539.468649
69.492500 266156405.195107
69.603700 583667842.803254
69.714900 578585216.214610
69.826100 267376363.387616
69.937300 585809784.141788
70.048500 579994879.061778
70.159600 267083397.901649
70.382000 570576797.553771
70.493200 292911383.163732
70.604400 313679514.524626
70.715600 618192712.449350
70.826800 327024357.159799
70.938000 340113202.174142
71.049200 636395793.774516
71.160300 349163402.281427
71.271500 360353746.574923
71.382700 655294155.840775
71.493900 372465340.874264
71.605100 364640482.964078
71.716300 384766909.759687
71.827500 420479858.272564
71.938700 414863691.171145
72.049800 427776032.172713
72.161000 464523840.989182
72.272200 449447992.002617
72.383400 455396369.418586
72.494600 485810165.154039
72.605800 453170008.093137
72.717000 450657758.243516
72.828200 478423558.217246
72.939300 462481850.758959
73.050500 456147097.195626
73.161700 482565577.987656
73.384100 787018689.715209
73.495300 498912068.766162
73.606500 491006452.421559
73.717700 785491670.345795
73.828900 492864308.116843
73.940000 494915357.467776
74.051200 791462989.859913
74.162400 491919657.256255
74.273600 492902968.779795
74.384800 777225375.302306
74.496000 487968625.480123
74.718400 478526121.677972
74.829500 750080324.860979
74.940700 445109164.324218
75.051900 418756983.732227
75.163100 710169460.444608
75.274300 398115751.140793
75.385500 370630527.107151
75.496700 648172961.283967
75.607900 336179114.483416
75.719000 314553401.206954
75.830200 600383567.475098
75.941400 279468421.597992
76.052600 254671884.796567
76.163800 519093573.983760
76.275000 204278230.877144
76.386200 509596607.630928
76.497400 489022679.450508
76.608600 165840171.814338
76.719700 460902611.493237
76.830900 444139695.616993
76.942100 124357001.417999
77.053300 432341379.016358
77.164500 403920155.749726
77.275700 77183675.264672
77.386900 371332152.798070
77.498100 360780838.113918
77.609200 363315001.570785
77.720400 385605479.935478
77.831600 364458349.339311
77.942800 366769925.297593
78.054000 383963689.866190
78.165200 366324240.822711
78.276400 368193631.751410
78.387600 375595540.206763
78.498800 367554996.709555
78.609900 368996350.201447
78.721100 383273891.166260
78.832300 353481826.074225
78.943500 354237812.139401
79.054700 369172910.336184
79.165900 348302216.315079
79.277100 346148509.574554
79.388300 360883482.176217
79.499400 345593483.113518
79.610600 344392615.319111
79.721800 354233492.158388
79.833000 343228521.934356
79.944200 340866634.681359
80.055400 354632181.323240
80.166600 337530879.218141
80.277800 332883133.133039
80.388900 353505133.756425
80.500100 338474961.913921
80.611300 335144728.919793
80.722500 370239661.236786
80.833700 344121014.614137
80.944900 340813506.990011
81.056100 366449864.157084
81.167300 345564077.992667
81.278500 343710090.702597
81.389600 361796098.662066
81.500800 55542005.162978
81.612000 385017308.264121
81.723200 402213665.027533
81.834400 103423626.380667
81.945600 433113101.169010
82.056800 442906327.590688
82.168000 140793000.388242
82.279100 472356999.194330
82.390300 481892717.100985
82.501500 180032109.241708
82.612700 497489770.534801
82.723900 497073956.148515
82.835100 196422365.806735
82.946300 515456943.978014
83.057500 525880599.717542
83.168600 213353639.143713
83.279800 526451257.692142
83.391000 527292154.103622
83.502200 219874043.044269
83.613400 541717837.780721
83.724600 544735586.159977
83.835800 230866859.622674
83.947000 543099664.244894
84.058200 545322868.585263
84.169300 230025253.056388
84.391700 540001391.446082
84.502900 538830700.809836
84.614100 234735422.888419
84.725300 551718825.854090
84.836500 546775494.084825
84.947700 231355978.953220
85.058800 538626270.008367
85.170000 539579508.880656
85.281200 222950973.642226
85.392400 532172535.790767
85.503600 541073946.565319
85.614800 214201673.767956
85.726000 523675506.990162
85.837200 512491873.526873
85.948300 189730974.252361
86.059500 490958573.460077
86.170700 471739244.108849
86.281900 153653484.587271
86.393100 459726931.188838
86.504300 437052319.177200
86.615500 107863698.830700
86.726700 402075208.571748
86.837900 390467351.318651
86.949000 61020006.919271
87.060200 356004094.675343
87.171400 344080806.367617
87.282600 347615639.761239
87.393800 371191629.922857
87.505000 347693168.437462
87.616200 349028275.400607
87.727400 366481620.794048
87.838500 343585526.783674
87.949700 344130191.381025
88.060900 351935876.243752
88.172100 335276322.914495
88.283300 334249482.895422
88.394500 356737287.356543
88.505700 331573786.273683
88.616900 331470003.254201
88.728000 350310338.260506
88.839200 333670919.351325
88.950400 330875816.925574
89.061600 349052028.090124
89.172800 331735216.407189
89.284000 329859820.684813
89.395200 342759728.701406
89.506400 322485758.609787
89.617600 319109716.635673
89.728700 334723584.354011
89.839900 316177498.669004
89.951100 314196484.705843
90.062300 335189740.860067
90.173500 315980323.596444
90.284700 314607082.418438
90.395900 331284104.646537
90.507100 302685348.511021
90.618200 301610002.425560
90.729400 322873995.565910
90.840600 305450773.069666
90.951800 305504715.168035
91.063000 323537917.522968
91.174200 299427805.976496
91.285400 300537204.829938
91.396600 313915575.616654
91.507800 295125568.264745
91.618900 297386222.382685
91.730100 318783406.906229
91.841300 304404659.981900
91.952500 307195087.609130
92.063700 325919179.356960
92.174900 320196733.832490
92.286100 320568122.165311
92.397300 348675975.759330
92.508400 321111337.548982
92.619600 321329300.435590
92.730800 343047423.452548
92.842000 328480617.748417
92.953200 327701166.092535
93.064400 352499852.974625
93.175600 325868034.255816
93.286800 324155644.989064
93.397900 338479465.561877
93.509100 317965297.558011
93.620300 316965075.216326
93.731500 337837417.327497
93.842700 314130885.252290
93.953900 313136153.799520
94.065100 330036732.680995
94.176300 314761769.619506
94.287500 314169944.437839
94.398600 333161699.781306
94.509800 302661541.714082
94.621000 301660927.981688
94.732200 327674706.493530
94.843400 299142596.664054
94.954600 297740543.939312
95.065800 309996356.048364
95.177000 295033208.489069
95.288100 292000259.128183
95.399300 314476621.921205
95.510500 285042395.998051
95.621700 282938311.194006
95.732900 293909727.986838
95.844100 276016729.973701
95.955300 274388972.942554
96.066500 283611672.120779
96.177600 0.000000
96.288800 328100984.721797
96.400000 344928545.270716
96.511200 49278509.795990
96.622400 376478512.441044
96.733600 397651941.363493
96.844800 104826403.061870
96.956000 438118345.035039
97.067200 451814957.235566
97.178300 156186071.272889
97.289500 479209675.114132
97.400700 495531883.492554
97.511900 194298786.138637
97.623100 519104015.605114
97.734300 528145390.663003
97.845500 218619299.513696
97.956700 541307474.164133
98.067800 538793788.472718
98.179000 236894053.793159
98.290200 554703743.448980
98.401400 560842921.246259
98.512600 248565321.033413
98.623800 564602802.969465
98.735000 557122701.545467
98.957300 247557118.276392
99.068500 549466499.767286
99.179700 552525509.174478
99.290900 241105567.882248
99.402100 550252451.098740
99.513300 544740279.361225
99.624500 230918728.426390
99.735700 537449152.092101
99.846900 532630699.783128
99.958000 212944012.780343
100.069200 515961229.975412
100.180400 508219793.794698
100.291600 190500883.058130
100.402800 492729644.914598
100.514000 477689373.973847
100.625200 158039545.189629
100.736400 458994958.835995
100.847500 446336728.508752
100.958700 112778448.148464
101.069900 410850330.421106
101.181100 379954573.479013
101.292300 58005022.510881
101.403500 351162341.991399
101.514700 340510383.844975
101.625900 6440488.828577
101.737000 299140532.999498
101.848200 283753374.667378
101.959400 283929675.913815
102.070600 304675926.021422
102.181800 288266822.704866
102.293000 287775714.249653
102.404200 307313130.276276
102.515400 284918446.536223
102.626600 283328657.365944
102.737700 291155375.672724
102.848900 276019114.549193
102.960100 273570982.575096
103.071300 292272330.537864
103.182500 274216378.407682
103.293700 272324724.975001
103.404900 291750456.139970
103.516100 265331485.177199
103.627200 263606991.803528
103.738400 275466817.310822
103.849600 256583832.979610
103.960800 256731643.553277
104.072000 275344632.349575
104.183200 252783640.236073
104.294400 252122256.673025
104.405600 265282045.229724
104.516700 248362104.955516
104.627900 246903811.688787
104.739100 275663162.080554
104.850300 254638735.720139
104.961500 253967204.804204
105.072700 276039594.125344
105.183900 252432755.260305
105.295100 251763005.462252
105.406300 269876402.959112
105.517400 249818649.636459
105.628600 249279559.608206
105.739800 270168650.713704
105.851000 250824896.257511
105.962200 250092865.004429
106.073400 267290348.554111
106.184600 246513642.481647
106.295800 245519877.934620
106.406900 263832666.574654
106.518100 235108529.182740
106.629300 235066987.588158
106.740500 245187303.283792
106.851700 233606476.544573
106.962900 235701693.710538
107.074100 257835695.626672
107.185300 238625198.638855
107.296500 240770100.266791
107.407600 258183886.283461
107.518800 242264472.974375
107.630000 244441436.765478
107.741200 263867424.303092
107.852400 240712679.337470
107.963600 242365925.224429
108.074800 260234946.232819
108.186000 240578748.003876
108.297100 241719944.200562
108.408300 260346391.863027
108.519500 239523749.987805
108.630700 240386247.006329
108.741900 265750863.562155
108.853100 239643060.497239
108.964300 239476346.611151
109.075500 257048803.805232
109.186600 237972604.539769
109.297800 237652088.192415
109.409000 257314148.828539
109.520200 241216942.462051
109.631400 242427622.003399
109.742600 264384604.899106
109.853800 246264591.088303
109.965000 246498160.782756
110.076200 268954570.952422
110.187300 246923532.447813
110.298500 246630395.258920
110.409700 267948934.820302
110.520900 239323888.114289
110.632100 238315603.315704
110.743300 246235162.709805
110.854500 232246765.236749
110.965700 230963857.722677
111.076800 247662395.282959
111.188000 225080698.654740
111.299200 224166770.535570
111.410400 244132982.931559
111.521600 218892840.530192
111.632800 216588209.972403
111.744000 236522648.561028
111.855200 210607589.307337
111.966300 207514615.167329
112.077500 217988069.425157
112.188700 203989303.796052
112.299900 201829409.279372
112.411100 222650009.943872
112.522300 207178034.235323
112.633500 205707129.441910
112.744700 221198843.884722
112.855900 203657254.991789
112.967000 201790528.202264
113.078200 222897412.360428
113.189400 199407622.538412
113.300600 197448640.817396
113.411800 213947068.486766
113.523000 196211080.151906
113.634200 194296641.032529
113.745400 216826374.484939
113.856500 191831368.941404
113.967700 190193768.449075
114.078900 209343336.849434
114.190100 186906050.246722
114.301300 186602636.410622
114.412500 198119325.709831
114.523700 179654633.081594
114.634900 179591728.857882
114.746000 197152362.214799
114.857200 180398584.386752
114.968400 179668018.415706
115.079600 200483458.263366
115.190800 180855083.598009
115.302000 180570556.228919
115.413200 199303936.394080
115.524400 173575190.850489
115.635600 173213469.372021
115.746700 189709383.573551
115.857900 169919951.063188
115.969100 169463811.843911
116.080300 184178099.907002
116.191500 167830063.743452
116.302700 167317900.014502
116.413900 189997907.703659
116.525100 165164395.313943
116.636200 166008153.881052
116.747400 184320984.796781
116.858600 166222868.861070
116.969800 168585822.319825
117.081000 189950514.160866
117.192200 171243610.166174
117.303400 172492050.530799
117.414600 190589750.016732
117.525700 171351199.696217
117.636900 172512550.118219
117.748100 195402219.820449
117.859300 173045751.921540
117.970500 174769308.631382
118.081700 200212740.135911
118.192900 176831419.143666
118.304100 177396460.347498
118.415300 201914109.624992
118.526400 176768271.516112
118.637600 176670184.924054
118.748800 191377382.571895
118.860000 166983709.027949
118.971200 167888864.453563
119.082400 183929569.234302
119.193600 165712113.143206
119.304800 166476724.336736
119.415900 182591164.335998
119.527100 160767058.560861
119.638300 161982012.962225
119.749500 183611587.780819
119.860700 164473667.241482
119.971900 166123840.685469
120.083100 185432546.311080
120.194300 170760435.519927
120.305500 172574632.153526
120.416600 193152076.351745
120.527800 171650272.041245
120.639000 171973681.395375
120.750200 188980097.819417
120.861400 170819275.073418
120.972600 170616259.979012
121.083800 189821611.081923
121.195000 165984759.744348
121.306100 166376146.304576
121.417300 184079426.667407
121.528500 0.000000
121.639700 220267061.179744
121.750900 235229884.207472
121.862100 0.000000
121.973300 266162877.206061
122.084500 283831886.147779
122.195600 0.000000
122.306800 312974815.983461
122.418000 331110090.412720
122.529200 36247300.876055
122.640400 358804306.637839
122.751600 364432277.513355
122.862800 65452577.966879
122.974000 382341157.290369
123.085200 388890752.131868
123.196300 87394345.753955
123.307500 398938048.877972
123.418700 132901850.817667
123.529900 155568891.373306
123.641100 466743192.604575
123.752300 194351448.863932
123.863500 211928333.205380
123.974700 514294366.977940
124.085800 235394481.051268
124.197000 249161944.807754
124.419400 547575703.922301
124.530600 270479973.620350
124.641800 280796086.677517
124.753000 576624481.791904
124.864200 298290293.029185
124.975300 295630824.154683
125.086500 589736511.607602
125.197700 302220044.876811
125.308900 307912720.410189
125.420100 593593871.446865
125.531300 300931760.736898
125.642500 298434706.171380
125.753700 577793339.045331
125.864900 283363011.724521
125.976000 268838957.523355
126.087200 546709056.512630
126.198400 242629244.407772
126.420800 225121656.808944
126.532000 497537113.706418
126.643200 192789690.422403
126.754400 171403051.346222
126.865500 438300235.649368
126.976700 124050095.818899
127.087900 106494707.497604
127.199100 366605916.820779
127.310300 54896731.422003
127.421500 354897384.692696
127.532700 343308991.224360
127.643900 26762482.226063
127.755000 325073934.042347
127.866200 311777243.911879
127.977400 0.000000
128.088600 287271503.412418
128.199800 274720723.938386
128.311000 0.000000
128.422200 246683550.088303
128.533400 229583872.500251
128.644600 0.000000
128.755700 200779461.461096
128.866900 182893758.069537
128.978100 0.000000
129.089300 144331603.488757
129.200500 123893710.121782
129.311700 124481137.921273
129.422900 141745953.639655
129.534100 125134521.148850
129.645200 126489778.458926
129.756400 143772155.041208
129.867600 128255285.537385
129.978800 129513134.463415
130.090000 146400904.015891
130.201200 0.000000
130.312400 187804064.168346
130.423600 207069138.377500
130.534700 0.000000
130.645900 239766730.506644
130.757100 259160822.824967
130.868300 0.000000
130.979500 286037364.985958
131.090700 293021426.716525
131.201900 0.000000
131.313100 312518208.007819
131.424300 320820135.338710
131.535400 23275115.563740
131.646600 337673340.032619
131.757800 346892949.368337
131.869000 44585502.915547
131.980200 356081498.866573
132.091400 361681274.899739
132.202600 57703972.771937
132.313800 369774375.592028
132.424900 369444149.593677
132.536100 62565689.950180
132.647300 369295048.540579
132.758500 363673327.857589
132.869700 56925401.745732
133.092100 362172955.466035
133.203300 357896440.836460
133.314500 49162571.598207
133.425600 352765728.509928
133.536800 346202513.222558
133.648000 37115862.186395
133.759200 338322646.738402
133.870400 335292852.736019
133.981600 21865897.626756
134.092800 323147376.807575
134.204000 313888694.163252
134.315100 0.000000
134.426300 294751964.395516
134.537500 280161597.031541
134.648700 0.000000
134.759900 252852277.858738
134.871100 236985306.213141
134.982300 0.000000
135.093500 209927661.074311
135.204600 201921588.213401
135.315800 0.000000
135.427000 169112503.630008
135.538200 154429958.982254
135.649400 0.000000
135.760600 120490617.976604
135.871800 101795975.781210
135.983000 103182900.368742
136.094200 122030439.371294
136.205300 100276165.644055
136.316500 100919235.809968
136.427700 118635150.765002
136.538900 97781886.812232
136.650100 98551198.697594
136.761300 112095219.963527
136.872500 0.000000
136.983700 148030425.219075
137.094800 168141941.727261
137.206000 0.000000
137.317200 199682187.881399
137.428400 217753353.305440
137.539600 0.000000
137.650800 245912543.862739
137.762000 258373985.438334
137.873200 0.000000
137.984300 281590211.780144
138.095500 21895858.927871
138.206700 50068415.680297
138.317900 361575545.233532
138.429100 99607369.304605
138.540300 123766268.021996
138.651500 431981949.727577
138.762700 165077375.009628
138.873900 185168332.107009
138.985000 221231844.385462
139.096200 272677618.938653
139.207400 284184488.299452
139.318600 313353829.825018
139.429800 360007936.244943
139.652200 359362060.412260
139.763400 381698834.700947
139.874500 417655193.458196
139.985700 416703109.986544
140.096900 431265970.180887
140.208100 461669067.721677
140.319300 182979337.745211
140.430500 513917266.790763
140.541700 536990325.940838
140.652900 251954282.723023
140.764000 576760580.171475
140.875200 588500167.778357
141.097600 291948325.505552
141.208800 604753701.113297
141.320000 609791470.246417
141.431200 304164472.603765
141.542400 608577567.991309
141.653600 601179335.272425
141.764700 287777207.312600
141.987100 583610918.406694
142.098300 566388320.589049
142.209500 243026445.820234
142.320700 528923555.701836
142.431900 504155323.833096
142.543100 170928400.367330
142.654200 446155141.719385
142.765400 415420725.911796
142.876600 399953734.790732
142.987800 403120969.701321
143.099000 363362317.571934
143.321400 342039387.345618
143.432600 338029289.785325
143.543700 287849625.351421
143.654900 259780122.687993
143.766100 247759516.953157
143.877300 193716578.524397
143.988500 158880340.097025
144.099700 139781055.478366
144.210900 406759732.872672
144.322100 98290469.116001
144.433300 75529981.548538
144.544400 338843756.335937
144.655600 27703262.956573
144.766800 2282489.246513
144.878000 261570238.714813
144.989200 0.000000
145.100400 234896638.897889
145.211600 224201933.977460
145.322800 0.000000
145.433900 196058291.850125
145.545100 180666110.595650
145.656300 0.000000
145.767500 153073017.947748
145.878700 138383109.371977
145.989900 0.000000
146.101100 99820142.976968
146.212300 81550426.814571
146.323400 82772270.557127
146.434600 100717749.036169
146.545800 84439074.853441
146.657000 85396566.416642
146.768200 99234561.604988
146.879400 86053914.114073
146.990600 87287377.009355
147.101800 107295465.378868
147.213000 89347052.846157
147.324100 90069801.466959
147.435300 107351872.140848
147.546500 88853577.254219
147.657700 89017321.985644
147.768900 106072286.572711
147.880100 86882202.593758
147.991300 85998200.938525
148.102500 98725553.996148
148.213600 0.000000
148.324800 132657830.505266
148.436000 146800289.275116
148.547200 0.000000
148.658400 178672209.343632
148.769600 195043509.850616
148.880800 0.000000
148.992000 222150691.437487
149.103200 235508664.665479
149.214300 0.000000
149.325500 260583500.392105
149.436700 266979566.876904
149.547900 0.000000
149.659100 285836725.264124
149.770300 293068404.805326
149.881500 0.000000
149.992700 306898734.567327
150.103800 312144486.095348
150.215000 11112524.495944
150.326200 321837815.847227
150.437400 324563014.897299
150.548600 19338223.788908
150.659800 325231798.950838
150.771000 328595046.034690
150.993300 21263551.701485
151.104500 325315491.459859
151.215700 321308551.941337
151.326900 13161804.449536
151.438100 314323018.359746
151.549300 312317886.856596
151.660500 905828.685245
151.771700 296688853.152535
151.882900 25892400.575420
151.994000 37070286.159770
152.105200 333919106.283077
152.216400 58664387.992260
152.327600 62502335.450645
152.438800 353985979.932846
152.550000 74861447.827797
152.661200 74681404.799720
152.772400 360216228.303153
152.883500 74186530.718179
152.994700 68690600.494143
153.105900 350043571.892415
153.217100 60391931.049126
153.328300 50650413.700901
153.439500 328427388.541223
153.550700 31906360.343490
153.661900 16592733.458433
153.773000 286240742.771738
153.884200 0.000000
153.995400 296774366.319039
154.106600 303193194.718667
154.217800 3747226.516093
154.329000 310128222.759705
154.440200 45268399.374115
154.551400 62634987.585063
154.773700 365450266.787867
154.884900 95759028.191777
154.996100 106029565.030384
155.107300 404312930.828676
155.218500 127975221.052273
155.329700 138647031.415754
155.440900 433011818.974209
155.552100 153323749.213630
155.663200 159230309.388083
155.774400 449023764.951705
155.885600 163917418.221676
155.996800 162206503.887041
156.108000 180077320.207580
156.219200 213659696.277674
156.330400 205704809.487864
156.441600 215512687.690320
156.552700 238818315.374601
156.663900 0.000000
156.775100 282679684.309868
156.886300 298853153.045637
156.997500 12730414.977701
157.108700 328607066.735647
157.331100 337877673.456480
157.442300 38286151.165450
157.553400 346465612.047262
157.664600 350698128.938184
157.775800 368346880.903255
157.887000 402441059.290545
157.998200 391607820.938177
158.109400 402353471.760304
158.220600 429019566.025724
158.331800 412830395.476060
158.442900 416917272.862868
158.554100 432378472.043921
158.665300 146713035.443336
158.776500 465912605.918806
158.887700 478964472.868343
159.110100 183560549.399297
159.221300 494475019.095954
159.332400 497307935.114083
159.443600 191251731.004246
159.666000 490306748.886640
159.777200 218220320.209976
159.888400 228678380.224127
159.999600 518837031.974671
160.110800 236178917.738628
160.222000 231089241.379819
160.333100 509861859.860524
160.444300 215185353.906484
160.555500 524301546.508287
160.666700 525801292.444424
160.777900 221472176.425616
160.889100 520389861.918519
161.000300 250104250.324368
161.111500 259254557.236834
161.222600 283094205.990052
161.333800 319931870.122268
161.445000 47358191.105985
161.667400 378722818.968448
161.778600 398836257.389562
161.889800 109923731.913778
162.001000 424946380.329635
162.112200 431899207.956064
162.223300 453150225.837742
162.334500 486382863.309877
162.445700 475347234.836041
162.556900 482402196.012655
162.779300 505800426.354061
162.890500 542618673.962839
163.001700 592462366.932072
163.112800 334333985.747636
163.224000 676441460.459115
163.335200 711804802.725801
163.446400 438097055.774038
163.557600 762715561.548330
163.668800 515713927.655875
163.780000 547444032.665208
164.002300 857745010.394391
164.113500 591787976.373677
164.224700 606046753.846523
164.447100 897379069.832689
164.669500 614591547.498048
164.780700 610579610.443151
164.891900 883815212.152811
165.003000 588029494.082630
165.114200 889902339.075008
165.225400 883225359.757384
165.336600 566000559.465409
165.447800 849454656.453250
165.559000 825690224.806093
165.670200 492891254.219586
165.781400 762166585.250731
166.003700 724203766.436304
166.114900 699367089.178389
166.337300 687442355.987972
166.448500 367622412.059757
166.559700 649459231.570008
166.670900 357458372.404038
166.782000 341789256.716231
166.893200 339995210.859894
167.115600 349378914.288507
167.226800 316684929.560351
167.338000 294765905.057258
167.449200 287836559.141833
167.560400 553751848.506550
167.671600 247501399.357854
167.782700 540696208.258947
167.893900 263223815.587171
168.005100 586179921.988090
168.116300 598809880.677254
168.227500 305955994.639542
168.338700 613912102.067330
168.449900 610627216.368983
168.561100 302191394.598291
168.672200 592319302.195992
168.783400 574265380.206848
168.894600 250677652.452927
169.005800 525159682.176464
169.117000 491690097.137594
169.339400 474324435.426191
169.450600 469794407.479460
169.672900 481955132.372364
169.784100 510614901.735579
169.895300 495025375.238317
170.117700 493556968.737164
170.228900 510956011.957686
170.340100 804995706.251430
170.451300 525583128.792918
170.562400 523489176.035773
170.673600 540337957.689995
170.784800 569728296.425363
170.896000 293587262.144506
171.118400 616307421.596761
171.229600 632214551.225487
171.340800 340192532.018590
171.451900 648316908.169937
171.563100 382211579.204701
171.674300 393604830.812898
171.785500 683728303.810077
171.896700 401143230.913665
172.007900 393507598.455742
172.119100 661340391.186316
172.230300 358845306.447548
172.341400 334131402.644004
172.452600 584700372.517846
172.563800 264857066.667736
172.786200 545181374.704551
172.897400 514171945.467007
173.008600 501091296.881871
173.119800 502575720.197790
173.231000 780903770.309621
173.342100 492564205.233440
173.453300 480776241.968118
173.675700 750723181.094078
173.786900 448006676.291597
174.009300 427998764.867879
174.120500 684274803.194293
174.231600 374604540.833197
174.342800 661391774.241643
174.454000 646253627.553835
174.565200 326855677.262117
174.787600 606393335.388476
174.898800 580948634.325730
175.010000 252322633.733346
175.121100 523777261.425011
175.232300 490300547.000090
175.343500 152429069.445421
175.454700 414738056.046082
175.565900 374799908.085503
175.677100 28060850.495237
175.788300 281604726.607628
175.899500 232922243.837950
176.010700 198795179.416713
176.121800 178974903.284757
176.233000 119196562.340691
176.344200 78037642.728023
176.455400 51025611.789396
176.566600 0.000000
176.677800 0.000000
176.789000 0.000000
176.900200 157512331.985085
177.011300 0.000000
177.122500 128197834.283654
177.233700 111369600.468184
177.344900 0.000000
177.456100 72944235.559092
177.567300 53433107.292971
177.678500 54441156.134393
177.789700 73491388.839159
177.900900 53703439.470255
178.012000 53534750.852250
178.123200 72262836.867498
178.234400 55609925.704103
178.345600 55214033.461262
178.456800 71402413.932633
178.568000 0.000000
178.679200 107817627.768476
178.790400 122102910.128105
178.901500 0.000000
179.012700 155265782.805023
179.123900 167356806.107155
179.235100 0.000000
179.346300 192430709.892973
179.457500 204013254.668737
179.568700 0.000000
179.679900 224630151.503918
179.791000 233475309.951845
179.902200 0.000000
180.013400 251105376.132397
180.124600 262672858.653646
180.235800 0.000000
180.347000 11940236.787365
180.458200 74641184.156271
180.569400 93404446.973165
180.680600 131037365.460933
180.791700 185905898.796257
180.902900 198503182.069118
181.014100 229830544.870898
181.125300 276190618.793018
181.347700 281413643.609345
181.458900 306156728.509635
181.570100 348397250.114586
181.681200 346269933.952331
181.792400 363853984.379014
181.903600 397713116.353393
182.014800 392917355.033290
182.126000 403742188.939039
182.237200 430545219.281639
182.348400 154807182.998688
182.459600 478439480.667107
182.570700 495421866.771233
182.681900 209447795.764118
182.793100 523844405.107056
182.904300 531694326.010732
183.015500 237956730.594969
183.126700 544473912.090024
183.460300 547251060.490124
183.571400 244142777.423780
183.682600 541681356.194867
183.793800 268315518.717406
183.905000 272191093.311589
184.016200 555657953.837234
184.127400 270547021.604103
184.238600 262746532.956618
184.349800 534486597.327270
184.460900 239867344.006149
184.572100 544695904.890013
184.683300 541953083.158632
184.794500 238162742.195493
184.905700 532576280.170197
185.016900 258517049.841909
185.128100 262139542.050118
185.239300 543761178.192512
185.461600 263086579.884552
185.572800 256265993.491598
185.684000 530947395.427099
185.795200 236928622.362761
185.906400 221217611.572384
186.017600 484816821.950717
186.128800 180216056.561086
186.240000 152665466.271883
186.351100 401480094.240474
186.462300 405329218.938081
186.684700 425471644.124763
186.795900 404406593.566033
186.907100 401313575.315114
187.018300 412720623.024704
187.129500 387582475.394449
187.240600 377832332.068029
187.351800 385503783.022265
187.463000 352107306.684170
187.574200 336324268.801820
187.685400 334699753.948997
187.796600 296800503.947803
188.019000 273977246.029219
188.130100 269283447.092064
188.241300 221736890.109797
188.352500 191749038.807202
188.463700 174851592.613820
188.574900 179650440.206203
188.686100 200534288.990583
188.797300 180677826.795367
188.908500 178452154.237196
189.019700 188617346.437365
189.130800 0.000000
189.242000 209267222.674788
189.353200 0.000000
189.464400 0.000000
189.575600 4673021.558538
189.686800 51204001.495342
189.798000 375766630.156374
189.909200 135887086.914470
190.020300 171457907.601080
190.131500 224040822.524142
190.242700 289168010.746771
190.353900 315015119.804535
190.465100 354374167.514954
190.576300 407441197.811889
190.687500 418468551.243250
190.798700 444227317.033840
190.909900 483970865.043331
191.021000 800107056.042805
191.132200 553251639.724162
191.243400 583377994.879279
191.465800 627985381.440854
191.577000 690480926.865902
191.688200 699829181.456416
191.799400 731314085.269097
192.021700 776002960.609759
192.132900 774571991.472582
192.244100 792420889.693972
192.466500 819976922.912767
192.688900 547634183.102258
192.800000 869799240.487012
192.911200 883115854.510053
193.022400 594806727.761748
193.133600 899327119.190010
193.244800 895890539.237793
193.467200 590827904.139012
193.578400 878449952.706262
193.689600 865548002.946805
193.800700 545518125.665158
193.911900 819887117.150465
194.023100 789854712.780632
194.134300 451271352.101281
194.245500 708703395.253160
194.356700 658759195.101258
194.467900 303783514.457125
194.579100 544269655.953931
194.801400 222458899.180212
194.912600 490399602.630067
195.023800 449924807.279109
195.135000 107938566.296422
195.246200 358394631.217685
195.357400 306771382.140701
195.468600 269676767.079048
195.579700 248075156.031639
195.802100 239522269.637991
195.913300 244693864.621306
196.024500 526627221.825244
196.135700 243400209.649188
196.246900 236505152.890374
196.358100 507099526.596343
196.469300 215391485.943921
196.580400 519728648.652402
196.691600 518459505.672652
196.802800 215256330.443631
196.914000 510863532.077193
197.025200 497127678.131421
197.136400 186351538.764091
197.247600 468422250.985570
197.358800 452517857.939656
197.469900 132877575.565983
197.692300 405698271.101850
197.803500 117554063.433046
197.914700 422291580.412035
198.025900 425733179.381612
198.137100 132575326.376296
198.248300 426542127.832704
198.359400 160401901.973293
198.470600 172245838.355181
198.581800 455761495.111490
198.804200 181589507.038202
198.915400 500023820.898617
199.026600 513798634.679822
199.137800 229329644.946107
199.249000 537498543.647532
199.360100 284384686.523860
199.471300 308982051.702712
199.582500 347431562.966976
199.693700 398865643.042835
199.804900 405728461.539111
199.916100 431471588.527234
200.027300 470894736.848547
200.138500 465848602.540436
200.249600 477014186.436071
200.360800 497681447.736825
200.472000 219349557.523012
200.583200 534648809.683911
200.805600 281489723.607839
200.916800 620322203.062398
201.028000 393675633.724395
201.139100 439947757.660832
201.361500 500877168.881502
201.472700 566714123.201007
201.583900 597591076.957794
201.695100 639840475.958227
201.806300 688049487.388017
201.917500 755086425.642299
202.028700 832173086.698371
202.139800 865701549.437877
202.251000 911557722.618290
202.473400 973413064.665699
202.695800 987084646.495194
202.807000 1011620887.978215
202.918200 1045699074.497566
203.029300 1034415773.700514
203.140500 1039081900.253176
203.251700 1050068592.900857
203.362900 1021989551.670276
203.474100 1006860753.257424
203.585300 1003672861.355260
203.807700 691325943.053288
203.918900 969059638.635990
204.141200 946547718.499442
204.363600 932265155.290057
204.474800 933278037.595272
204.697200 878680881.489039
204.808400 843660903.373287
204.919500 823614207.053354
205.030700 1074682398.842235
205.141900 760325859.220157
205.253100 723296159.998036
205.475500 694948203.470994
205.586700 679190922.372389
205.697900 616788954.688639
205.809000 568310144.165143
205.920200 533423768.896261
206.031400 772035259.496529
206.142600 445927837.040835
206.253800 709942542.121512
206.365000 411652747.793929
206.476200 384866266.577679
206.587400 630045931.747851
206.698600 309602065.502054
206.809700 260683322.563092
206.920900 485341405.166693
207.143300 152285812.985129
207.254500 402521083.616555
207.365700 354970897.945746
207.476900 320705302.952338
207.588100 301581802.688236
207.699200 555050128.782531
207.810400 251108566.429940
207.921600 539344530.278957
208.032800 530383656.634236
208.144000 216238073.129622
208.255200 490431407.975789
208.477600 212737107.343040
208.588700 520880914.184413
208.699900 534378729.489437
208.811100 243151141.818267
208.922300 542241084.293026
209.033500 542070571.394369
209.144700 239638782.851306
209.367100 531701840.876781
209.478300 521467489.925646
209.589400 216260111.923312
209.700600 498768711.490344
209.811800 484289565.247450
209.923000 167622458.971689
210.034200 443581486.967536
210.145400 414492202.045519
210.256600 404934091.890837
210.367800 415096950.892410
210.478900 377901365.905904
210.590100 361304523.069543
210.701300 356770005.820724
210.812500 321485817.853640
210.923700 298418199.967925
211.034900 286926844.969569
211.146100 0.000000
211.257300 265501472.949083
211.479600 0.000000
211.590800 308190936.528305
211.702000 322171368.461633
211.813200 39722775.230122
211.924400 349745958.533664
212.035600 353691818.223318
212.146800 57445395.204520
212.258000 355825173.369633
212.369100 352635991.048856
212.480300 365885905.088141
212.591500 398466254.960051
212.702700 127375771.028110
212.813900 449731361.987781
212.925100 465964137.721550
213.036300 189462870.288685
213.147500 497055687.730267
213.258600 516443521.779098
213.369800 227025128.423842
213.481000 535359118.535040
213.592200 277523730.552634
213.703400 292523956.610881
213.814600 326650883.016238
213.925800 371072296.030722
214.148100 381810108.637844
214.259300 401798199.334815
214.481700 438613461.194298
214.592900 749416204.936290
214.704100 502421002.727670
214.815300 525060066.483197
214.926500 825807769.810894
215.037700 566383560.390523
215.148800 574077440.846646
215.260000 601320539.468118
215.371200 643060731.661534
215.482400 380738323.855426
215.593600 711987182.707240
215.816000 737960407.500245
215.927200 458273637.775459
216.038300 767053761.777588
216.149500 513338193.652023
216.260700 538708955.845314
216.371900 830201144.652162
216.483100 559526715.180479
216.594300 560822099.126750
216.816700 840818955.858402
217.039000 556093942.159513
217.150200 540154302.037213
217.261400 539139015.310213
217.372600 558645910.183354
217.483800 839418993.551607
217.595000 561803906.469487
217.706200 871389106.095314
217.817400 875801049.935068
217.928500 582654771.387148
218.039700 873427478.594438
218.150900 863949426.743241
218.262100 558026966.141259
218.484500 837045487.710536
218.706900 555109387.323300
218.818000 546683932.174621
218.929200 809379178.767550
219.040400 505455825.934673
219.151600 790002937.616297
219.262800 513725238.232872
219.485200 520738098.298596
219.596400 791418507.528593
219.707600 506109783.933157
219.818700 486020478.281225
219.929900 742829808.149150
220.041100 429541420.413184
220.152300 706806567.518506
220.374700 428622188.309980
220.485900 731270116.598770
220.597100 476698754.607010
220.708200 492634655.835408
220.819400 779562398.198705
220.930600 508712199.888859
221.041800 508959002.945888
221.153000 774296552.312937
221.264200 481949217.814529
221.375400 458981317.956660
221.486600 709830461.265023
221.597700 404007787.659946
221.820100 685521683.275275
221.931300 658062132.112955
222.042500 651266556.642457
222.153700 654886580.548441
222.376100 618997416.987442
222.487300 596732814.332049
222.598400 591710110.607009
222.709600 860253561.142392
222.820800 564827616.049045
222.932000 545899962.644801
223.043200 541285719.952834
223.154400 556774003.994776
223.265600 521149282.140851
223.487900 502045782.600321
223.599100 498207674.568327
223.821500 768217973.867880
223.932700 474501050.581607
224.043900 460137116.021049
224.155100 718344857.553792
224.266300 418791719.433447
224.377400 388150216.370499
224.488600 637845043.228820
224.599800 332667164.107382
224.711000 297196482.388257
224.822200 275668882.306468
224.933400 269673035.089476
225.044600 277230938.577974
225.155800 294809126.222112
225.267000 273853958.522044
225.378100 267547607.843044
225.489300 275172527.061739
225.600500 562030278.073523
225.711700 281505372.115160
225.822900 273979785.324321
226.045300 547615796.493833
226.156500 259535246.085301
226.267600 238321051.540742
226.378800 498791962.518358
226.490000 200195282.605448
226.601200 491929261.302717
226.712400 226324313.996950
226.823600 544922908.750351
226.934800 304577325.611372
227.046000 344886814.661409
227.157100 650677223.434014
227.268300 399091234.994027
227.379500 430732819.487964
227.490700 729585803.716353
227.713100 471406592.061224
227.824300 487200224.134173
228.046700 778655684.432550
228.157800 506977157.314496
228.269000 513270827.779063
228.380200 793519764.431128
228.491400 511630082.009206
228.602600 503182652.123297
228.713800 768405012.297733
228.825000 475273743.635579
228.936200 453219117.690747
229.047300 706942522.361279
229.158500 404448649.876301
229.269700 690365071.996195
229.380900 674011487.052341
229.492100 359635625.817794
229.714500 636923846.956723
229.825700 611766552.338322
230.048000 288759742.178330
230.159200 550864128.679628
230.270400 521508377.674817
230.381600 190906462.592518
230.492800 449406845.852124
230.604000 415484828.688404
230.715200 75794245.877635
230.826400 324145982.256815
230.937500 16663237.270116
231.048700 300267506.088242
231.159900 282290575.990126
231.271100 281697551.802175
231.382300 297223227.011304
231.493500 272841161.708659
231.604700 265870113.967646
231.715900 277357665.210321
231.827000 244882114.429300
231.938200 231053622.353777
232.049400 237865827.127582
232.160600 198843305.413352
232.271800 178248283.754524
232.383000 176929164.135507
232.494200 131308751.241772
232.605400 104350308.792119
232.716600 91195034.697743
232.827700 358937989.311509
232.938900 69778011.644153
233.050100 369495944.028592
233.161300 369334696.940382
233.272500 78925210.380049
233.383700 374213867.773941
233.494900 373857603.601091
233.717200 78218105.876824
233.828400 371962058.973577
233.939600 368750808.460639
234.050800 68885513.913620
234.162000 364143525.639246
234.273200 360984816.622562
234.384400 58877453.489335
234.495600 351157039.653221
234.606700 340634676.778776
234.717900 39118162.589103
234.829100 327172630.861488
234.940300 320299099.842568
235.051500 16351430.723343
235.162700 302408231.069391
235.273900 294576554.304455
235.385100 0.000000
235.496300 269287838.693907
235.607400 253451340.458923
235.718600 0.000000
235.829800 225986952.580272
235.941000 214027733.042522
236.052200 0.000000
236.163400 182261610.241520
236.274600 165263517.137246
236.385800 0.000000
236.496900 129872008.745650
236.608100 111935942.477250
236.719300 112217182.314688
236.830500 130563446.211986
236.941700 0.000000
237.052900 164528589.336789
237.164100 181534579.172230
237.275300 0.000000
237.386400 210577493.557742
237.497600 224012562.758425
237.608800 0.000000
237.720000 249317567.967162
237.831200 263057024.888813
237.942400 0.000000
238.053600 283219483.617507
238.164800 294346995.991830
238.276000 9783511.552173
238.387100 316346552.246743
238.498300 322942677.497099
238.609500 32065729.114184
238.720700 335080650.940362
238.831900 340947381.032934
238.943100 49239106.582550
239.054300 348619653.889685
239.165500 352946994.716357
239.276600 59862697.392760
239.387800 355266465.848124
239.499000 356569515.937207
239.610200 66200739.931312
239.832600 362476154.996707
239.943800 360839761.285724
240.055000 65665807.951015
240.166100 357860771.998684
240.277300 95191453.821304
240.388500 112304689.179462
240.499700 401816832.743347
240.610900 136687341.020397
240.722100 144913354.721503
240.833300 427057565.639423
240.944500 157091912.708354
241.055700 157850399.713284
241.166800 436055954.099683
241.278000 160956507.897711
241.389200 157689520.486102
241.500400 434486045.627712
241.611600 154630396.587303
241.722800 152159547.492717
241.834000 420370917.382736
241.945200 135939511.127000
242.056300 125797979.405544
242.167500 390019670.467474
242.278700 100786638.382113
242.389900 83338286.873827
242.501100 346090690.768513
242.612300 51850157.149835
242.723500 347631950.595595
242.834700 349968060.858362
242.945800 55430797.215531
243.168200 350287269.636305
243.279400 350939927.546587
243.390600 57540234.548827
243.501800 348904586.067245
243.613000 349088698.705103
243.724200 49095212.878627
243.835400 340274277.435325
243.946500 336856442.103945
244.057700 35237516.864829
244.168900 322378554.603471
244.280100 54502958.720818
244.391300 65016533.015163
244.502500 345629874.067764
244.613700 74145260.423088
244.724900 77423537.179738
244.836000 357092942.404939
244.947200 80985929.001903
245.058400 78985203.072036
245.169600 351861005.191247
245.280800 73771635.396728
245.392000 70086854.388679
245.503200 339318550.804604
245.614400 55041488.796012
245.725600 41362745.493122
245.836700 307487894.335099
245.947900 20455271.102195
246.059100 317306210.756382
246.170300 322548370.620903
246.281500 31615557.851215
246.392700 330791089.381026
246.503900 330436717.905963
246.615100 39540439.989873
246.726200 333935922.982203
246.837400 334450113.397084
246.948600 40004867.522158
247.171000 332106019.075489
247.282200 336116689.805891
247.393400 36597221.284129
247.504600 326233198.052117
247.615700 321513049.931158
247.726900 23453151.030563
247.838100 309934452.293880
247.949300 303560551.775595
248.060500 3882324.204867
248.171700 290166783.393159
248.282900 284230160.569012
248.394100 0.000000
248.505300 268474058.580595
248.616400 260997570.401654
248.727600 0.000000
248.838800 238829756.466016
248.950000 0.000000
249.061200 0.000000
249.172400 252372162.313018
249.283600 0.000000
249.394800 0.000000
249.505900 250541310.546381
249.617100 0.000000
249.728300 0.000000
249.839500 235256893.508057
249.950700 0.000000
250.061900 255246087.099734
250.173100 261747203.291054
250.284300 0.000000
250.395400 280615303.171525
250.506600 285178538.178291
250.617800 0.000000
250.729000 293154498.068205
250.840200 299381861.511442
250.951400 8810894.493988
251.062600 305428704.784787
251.173800 303861933.323316
251.285000 11272733.304929
251.396100 304846735.562270
251.507300 308783225.779510
251.618500 13329755.507493
251.840900 306159118.538812
251.952100 308344593.110035
252.063300 11107175.083232
252.174500 299171954.245023
252.285600 295139960.772035
252.396800 0.000000
252.508000 288855979.015879
252.619200 285820957.746009
252.730400 0.000000
252.841600 269177968.579524
252.952800 5183171.586342
253.064000 9699769.630489
253.175100 34980329.597866
253.286300 77363564.037948
253.397500 76676685.318913
253.508700 95368133.242650
253.619900 133149391.667458
253.731100 129445101.251148
253.842300 141489283.223832
253.953500 168861593.584909
254.064700 162616764.021150
254.175800 168798655.302328
254.287000 188748974.841351
254.398200 172138364.624134
254.509400 171584341.215329
254.620600 189727180.950426
254.731800 476841421.737821
254.843000 212084720.982169
254.954200 221850432.060365
255.065300 506218113.179134
255.176500 240357522.700541
255.287700 245460978.096285
255.398900 526514017.139327
255.510100 255757351.278306
255.732500 252231846.091696
255.843700 271344763.672992
256.066000 304336262.325171
256.177200 302103111.876225
256.288400 314359662.956321
256.399600 339219752.624697
256.510800 330102326.867045
256.622000 335560200.601594
256.733200 357480943.617512
256.844400 338757765.767971
256.955500 336898981.927959
257.066700 350075602.756050
257.177900 326064495.638370
257.289100 318567763.391937
257.400300 326608092.903177
257.511500 295836341.434683
257.622700 281966898.446216
257.733900 284230450.332819
257.845000 243278501.418955
257.956200 223175671.311220
258.067400 223391397.223624
258.178600 176117727.287413
258.289800 150169181.792805
258.401000 137925713.421164
258.512200 87806445.565706
258.734500 54469700.128905
258.845700 41244787.400195
258.956900 295171605.771658
259.068100 1466588.003480
259.179300 289858513.008283
259.290500 286743872.816878
259.401700 0.000000
259.512900 277235070.768484
259.624100 273638816.053126
259.735200 0.000000
259.846400 259937062.404198
259.957600 256632938.679157
260.068800 0.000000
260.180000 240875724.256823
260.291200 233178749.022951
260.402400 0.000000
260.513600 210032292.968595
260.624700 194420920.368304
260.735900 0.000000
260.847100 168614754.640121
260.958300 157933421.079757
261.069500 0.000000
261.180700 127438446.064702
261.291900 111550376.664903
261.403100 0.000000
261.514300 75513066.276510
261.625400 56377245.921893
261.736600 56396159.813741
261.847800 72595541.697940
261.959000 54524609.695230
262.070200 54290100.713202
262.181400 72825529.411346
262.292600 50612576.345890
262.403800 50709726.258836
262.514900 67853365.288110
262.626100 46086483.125018
262.737300 45629506.139430
262.848500 61496752.580007
262.959700 45332126.619306
263.070900 45237182.317851
263.182100 63107259.452296
263.293300 44279778.147828
263.404400 44218991.034366
263.515600 59160069.953038
263.626800 44921359.624087
263.738000 45304902.134436
263.849200 63478677.724124
263.960400 47395226.737040
264.071600 47804088.604986
264.182800 66451451.217307
264.294000 46171096.810913
264.405100 46433508.864119
264.516300 58297966.809209
264.627500 44639596.775805
264.738700 44799503.247723
264.849900 68222696.836994
264.961100 51499840.029833
265.072300 51230076.280141
265.183500 77012294.180119
265.294600 52212542.376214
265.405800 52725509.075966
265.517000 70855881.355875
265.628200 52919345.156113
265.739400 53693697.506984
265.850600 72474306.750663
265.961800 0.000000
266.073000 106319844.566217
266.184100 125124185.775598
266.295300 0.000000
266.406500 155936851.304810
266.517700 0.000000
266.628900 0.000000
266.740100 0.000000
266.851300 49730780.062582
266.962500 70117100.504341
267.073700 109154998.924629
267.184800 160605527.227089
267.296000 180746444.213972
267.407200 213412134.837515
267.518400 268030273.240978
267.629600 277374999.471757
267.740800 302547450.697064
267.852000 346150213.628107
267.963200 349964267.337017
268.074300 368978717.914430
268.185500 403987890.321854
268.296700 398362916.003125
268.407900 411923787.731052
268.519100 442796536.788078
268.630300 433541380.620524
268.852700 441014869.330161
268.963800 468381893.733783
269.075000 451995711.859540
269.186200 452962995.340498
269.297400 473077757.825184
269.519800 449773434.771538
269.742200 444665166.721685
269.853400 454724975.051527
269.964500 428642809.552763
270.075700 416565206.954472
270.186900 423329605.580724
270.298100 384573031.778457
270.409300 366759191.529184
270.520500 371673922.288644
270.631700 327634680.112570
270.742900 303301510.617758
270.854000 292210563.412313
270.965200 0.000000
271.076400 265947069.124680
271.187600 248648021.462284
271.298800 0.000000
271.410000 208455450.719258
271.521200 0.000000
271.632400 0.000000
271.743500 176406339.471490
271.854700 0.000000
271.965900 171469792.414370
272.077100 163474049.850646
272.188300 0.000000
272.299500 143393959.549734
272.410700 127895408.099006
272.521900 128803221.194991
272.633100 147397517.850912
272.744200 438714886.947820
272.855400 177292022.699175
272.966600 191201250.872146
273.077800 477388203.902870
273.189000 216610530.278886
273.300200 227299403.004633
273.411400 505068904.514378
273.522600 234807313.441381
273.633700 238315887.776982
273.856100 512960778.546257
273.967300 238771256.485467
274.078500 238233954.777192
274.189700 508861311.673750
274.412100 232874649.942328
274.523300 236020188.862895
274.634400 502369606.713427
274.745600 223711818.815187
274.856800 212296643.358479
274.968000 221690826.201537
275.079200 246526697.490160
275.190400 227231890.239682
275.301600 230824521.255211
275.412800 246753582.160122
275.523900 226944712.971965
275.635100 225179114.769983
275.746300 234681220.803967
275.857500 203532250.976072
275.968700 196451843.624525
276.079900 205857021.564537
276.191100 173700694.495379
276.302300 160855677.707514
276.413400 162978670.090344
276.524600 126860614.200186
276.635800 106338013.810686
276.747000 100406871.684869
276.858200 370188818.852577
276.969400 88026493.802765
277.080600 72978913.619807
277.191800 336895914.597300
277.303000 51089250.398022
277.414100 347729813.328344
277.525300 350407881.154396
277.747700 61289458.870287
277.858900 356610143.775463
277.970100 356131569.276823
278.081300 67335040.803692
278.192500 361334149.597965
278.303600 354591273.217018
278.414800 58850896.238856
278.526000 344021379.974440
278.637200 344350608.402575
278.748400 45573622.896798
278.859600 329827132.638125
278.970800 319937012.344562
279.082000 19636896.827204
279.193100 300891029.388860
279.304300 286841802.547298
279.415500 0.000000
279.526700 273381977.324286
279.637900 259520727.023456
279.749100 0.000000
279.860300 229352273.705070
279.971500 214279421.503461
280.082700 0.000000
280.193800 182349452.000982
280.305000 157805464.024828
280.416200 0.000000
280.527400 120206227.493759
280.638600 107831782.492762
280.749800 105849445.767361
280.861000 122368063.162127
280.972200 104099766.199299
281.083300 102165086.160597
281.194500 116912079.580462
281.305700 94215074.770704
281.416900 95156700.779652
281.528100 123374753.498281
281.639300 110093055.203082
281.750500 111546198.206410
281.861700 128171052.105484
281.972800 112863856.218037
282.084000 114903953.972915
282.195200 132414469.104151
282.306400 110656423.944076
282.417600 113228671.363212
282.528800 133729936.074290
282.640000 115269016.577578
282.751200 118382831.661958
282.862400 137441240.160065
282.973500 114902356.244683
283.084700 119632213.295046
283.195900 139875827.271919
283.307100 127368493.848048
283.418300 132292502.302725
283.529500 149831356.949430
283.640700 141175159.792690
283.751900 144791203.559231
283.863000 165621904.603043
283.974200 147771574.901278
284.085400 150956775.948474
284.196600 179805975.997062
284.307800 151818861.870219
284.419000 154935128.972885
284.530200 168946103.470836
284.641400 155347339.572587
284.752500 160508243.456695
284.863700 180470838.169499
284.974900 174329250.820539
285.086100 178514923.310158
285.197300 189524027.239788
285.308500 176300911.926731
285.419700 178654317.834527
285.530900 196589817.375354
285.642100 0.000000
285.753200 233130247.098364
285.864400 251243532.594169
285.975600 0.000000
286.086800 288431315.414054
286.198000 304743459.501358
286.309200 23395232.225180
286.420400 326825031.480329
286.531600 335361307.381045
286.642700 57636673.364128
286.753900 362280966.601961
286.865100 375588701.399647
286.976300 99018261.087136
287.087500 395514453.317151
287.198700 395628933.048913
287.309900 111472662.117012
287.421100 403492388.457375
287.532300 410212482.281342
287.643400 126431043.378807
287.754600 417551121.179318
287.865800 424747895.459792
287.977000 139140359.959344
288.088200 434404538.388137
288.199400 435009483.987971
288.421800 143551416.785000
288.532900 424936659.143242
288.644100 430144406.404169
288.755300 143477134.878215
288.866500 423559609.732618
288.977700 170141312.558866
289.088900 180895079.512945
289.200100 459467052.253711
289.311300 203659381.803089
289.422400 205819183.693056
289.533600 486639634.493730
289.644800 219972487.455686
289.756000 223270147.429244
289.867200 499824061.114433
289.978400 225646019.111728
290.089600 235941563.663406
290.200800 507516926.371872
290.312000 242393419.405877
290.423100 247758722.002275
290.534300 515345582.225698
290.645500 241855493.228165
290.756700 223903354.804232
290.867900 231352875.136508
290.979100 267417955.212025
291.090300 235538881.883807
291.201500 236802383.535246
291.312600 250205763.156523
291.423800 540725919.849005
291.535000 288423012.055935
291.646200 299269329.863667
291.868600 586753734.175485
291.979800 327446238.034957
292.091000 342966461.583931
292.202100 629114966.682626
292.313300 363884807.158559
292.424500 372923882.694117
292.535700 654282530.653645
292.646900 377024598.195377
292.758100 375357428.354630
292.869300 628095743.221453
292.980500 355817258.487313
293.091700 343459295.438406
293.202800 600470326.231200
293.314000 330439035.440262
293.425200 314061020.085631
293.536400 574600818.685985
293.758800 300611694.040515
293.870000 282232005.356521
293.981200 551055593.768710
294.092300 262107762.870784
294.203500 242648386.751091
294.314700 244422576.008990
294.425900 271674636.475252
294.537100 249278705.901347
294.648300 243392839.195973
294.759500 251868820.069324
294.870700 542276155.894127
294.981800 280235550.369654
295.093000 280089820.431526
295.204200 306321665.849438
295.315400 349685146.271875
295.426600 355993500.369934
295.537800 374790947.613088
295.649000 412133088.980082
295.760200 414743923.380508
295.871400 426613758.186816
295.982500 439469776.462011
296.093700 436844840.960125
296.204900 441189539.760305
296.316100 450062389.660913
296.427300 429482987.433686
296.538500 424747381.562303
296.649700 433214845.227783
296.760900 713702197.448696
296.872000 441931609.472899
296.983200 454169677.661944
297.205600 737647285.305925
297.316800 479149406.102157
297.428000 479750268.077262
297.539200 754136919.512663
297.650400 486876863.056499
297.761500 480295098.230235
297.872700 743851626.799184
297.983900 462961765.793523
298.206300 451553483.598347
298.317500 708227565.431782
298.428700 418829960.368875
298.539900 396512351.486717
298.651100 648430219.126552
298.762200 353570838.194545
298.873400 339799470.480960
298.984600 589179965.220097
299.095800 305303697.589188
299.207000 296634203.027200
299.318200 536718192.612641
299.429400 250750575.296799
299.540600 227894849.048319
299.651700 480159027.283628
299.762900 188561918.232594
299.874100 148742829.622459
299.985300 137435689.738383
300.096500 148229834.458859
300.207700 428380867.062481
300.318900 154939038.064604
300.430100 151505354.484286
300.541200 413410021.650940
300.652400 149133944.512989
300.763600 129755806.467433
300.874800 391453622.267998
300.986000 128726425.638422
301.097200 431457824.254226
301.208400 439261202.541112
301.319600 158395258.945823
301.430800 454586169.201415
301.541900 464880374.489076
301.653100 178496958.710347
301.764300 467941833.370078
301.875500 487581717.862899
301.986700 198531773.379030
302.097900 496125567.779481
302.209100 501616323.104266
302.320300 217004404.620981
302.431400 505187465.794026
302.542600 508188128.022105
302.653800 226341247.462371
302.876200 520682449.847687
302.987400 526037568.988791
303.098600 233703414.988381
303.209800 520166734.449419
303.321000 525411225.769863
303.432100 233641248.032074
303.543300 512944441.676816
303.654500 524667107.344354
303.765700 236894036.820455
303.876900 522068947.023650
303.988100 517264978.497472
304.099300 224650791.849801
304.210500 500045552.170460
304.321600 496161870.035332
304.432800 194388530.716032
304.544000 470753102.114205
304.655200 469216747.904840
304.766400 164368725.755198
304.877600 441237775.693965
304.988800 416951723.341336
305.100000 116720925.348820
305.211100 389214332.149306
305.322300 371222469.623291
305.433500 56535449.121332
305.544700 327526393.240461
305.655900 312589912.420392
305.767100 308115504.431761
305.878300 308819482.655663
305.989500 27772993.135827
306.100700 326803940.793947
306.211800 341534157.375500
306.323000 67803927.036648
306.434200 371684245.150200
306.545400 371149275.698597
306.656600 94972453.977245
306.767800 385940469.209824
306.879000 384463696.553643
306.990200 112526366.134788
307.101300 406617698.802046
307.212500 425130689.279201
307.323700 147602987.310432
307.434900 440127465.474491
307.546100 457009542.397773
307.657300 178945164.704255
307.768500 474721842.199825
307.879700 226793230.003922
307.990800 92733.541203
308.102000 342271950.757126
308.213200 149422144.069932
308.324400 232341114.489400
308.435600 562768372.834343
308.546800 353339865.173379
308.658000 416088434.919185
308.880400 732897670.566666
308.991500 521555540.219344
309.102700 552188799.745061
309.213900 858096368.176039
309.325100 643533229.834779
309.436300 679746938.741209
309.547500 967852133.863066
309.658700 734714864.954859
309.769900 744568915.994710
309.881000 792821136.265158
309.992200 858879562.871616
310.103400 860625695.517334
310.214600 896041730.012723
310.325800 934588455.214343
310.437000 944530952.146624
310.548200 964127328.437316
310.659400 996570080.929582
310.881700 986719187.428693
311.215300 990197765.961834
311.437700 989242830.374632
311.548900 965478036.905621
311.660100 957084154.878049
311.771200 946619144.233988
311.882400 911632828.370360
311.993600 887612202.606553
312.104800 883056636.419817
312.216000 888534219.068664
312.327200 909540966.563906
312.438400 876748516.734458
312.549600 866184366.550561
312.660700 845171904.968651
312.771900 831744836.877491
312.883100 808690908.148373
313.105500 801668799.147964
313.216700 759440453.692125
313.327900 724540594.362940
313.439100 709628629.765483
313.550200 635633446.214026
313.661400 585814493.782357
313.772600 563759214.400706
313.883800 473175244.054681
313.995000 408492737.341638
314.106200 348968968.147762
314.217400 559194165.475780
314.328600 538640514.329854
314.439800 521619611.916296
314.550900 784446208.707006
314.662100 497268094.939386
314.773300 479216480.302161
314.884500 734526778.349446
315.106900 448101267.904298
315.218100 435761597.092392
315.329300 682529940.726341
315.440400 408828877.950243
315.551600 394222051.594061
315.662800 655436072.904022
315.774000 355250748.186524
315.885200 348077010.654776
315.996400 599904935.078444
316.107600 319651021.259367
316.218800 603275632.246369
316.330000 594686681.735354
316.441100 304387439.638925
316.552300 578611356.990247
316.663500 568872860.769804
316.774700 258148798.770610
316.885900 532546771.355026
316.997100 511994711.491002
317.108300 204220434.131670
317.219500 472161719.845516
317.330600 465230655.840260
317.441800 160070799.314919
317.553000 412323634.898170
317.664200 400518287.634102
317.775400 87620320.422688
317.886600 352343748.767429
317.997800 338248823.774483
318.109000 333650033.243764
318.220100 344796139.415408
318.331300 326029267.585395
318.442500 319927658.991336
318.553700 347996951.859454
318.664900 322929300.189242
318.776100 316654609.130312
318.887300 333266649.028922
318.998500 312793975.245895
319.109700 307682257.205995
319.220800 326021151.468341
319.332000 300328469.834585
319.443200 295178795.096096
319.554400 304166409.419553
319.665600 285885999.493547
319.776800 278225984.433917
319.888000 291329615.537652
319.999200 276565032.712636
320.110300 271533255.378907
320.221500 291938251.082139
320.332700 273347329.033764
320.443900 273557353.203232
320.555100 304465764.885958
320.666300 283684477.751185
320.777500 287140580.891414
320.888700 312798646.899489
320.999800 293560468.312436
321.111000 299614095.356738
321.222200 323263328.998272
321.333400 306535552.502693
321.444600 312547133.696209
321.555800 337859423.016339
321.667000 318203191.486089
321.778200 321585357.857973
321.889400 333393104.369892
322.000500 319766589.893347
322.111700 320306697.484291
322.222900 339924218.960925
322.334100 337932236.112789
322.445300 337127521.388093
322.556500 362778934.913969
322.667700 338868140.135386
322.778900 333599689.601878
322.890000 337525724.931283
323.001200 317008681.681625
323.112400 311095698.543698
323.223600 342395130.460308
323.334800 323616392.654939
323.446000 319657546.106706
323.557200 321439232.253789
323.668400 48585412.816052
323.779500 352441564.637478
323.890700 363573568.723115
324.001900 90069259.310943
324.113100 385719628.419044
324.224300 410330999.184978
324.335500 130034797.019640
324.446700 426233630.228538
324.557900 438981643.089832
324.669100 163097312.885566
324.780200 457738412.919181
324.891400 455797912.923480
325.002600 184372877.238948
325.113800 483213915.282360
325.225000 489210299.786416
325.336200 207068014.234223
325.447400 497377730.531878
325.558600 255541229.109303
325.669700 272355556.473644
325.780900 556428613.046621
325.892100 314018377.401146
326.003300 331700228.429526
326.114500 617428414.967364
326.225700 360511110.045485
326.448100 381828719.378625
326.559200 657565737.035994
326.670400 399205458.474935
326.781600 413068462.935562
326.892800 692093880.168223
327.004000 444190904.097228
327.115200 454219734.415218
327.226400 725176921.304117
327.337600 463335760.445019
327.448800 471555060.621661
327.559900 736856149.595286
327.671100 472089036.819931
327.782300 461842138.658113
327.893500 723818639.104917
328.004700 451769003.192720
328.115900 437218908.734691
328.227100 708373288.771967
328.449400 415032608.436834
328.560600 399266592.062485
328.671800 653125762.222314
328.783000 371262888.352881
328.894200 343126755.090909
329.005400 581251946.198641
329.116600 285573646.531163
329.227800 258276367.012604
329.338900 493509054.965881
329.450100 215367715.990093
329.561300 498847693.600107
329.672500 486734923.914601
329.783700 199684467.901067
329.894900 473595964.632214
330.006100 471119355.834594
330.117300 172550148.699154
330.228500 443681984.055412
330.339600 446153069.432902
330.450800 151590218.745057
330.562000 435361323.022619
330.673200 425263622.750591
330.784400 132373378.493875
330.895600 402962660.120522
331.006800 392304791.411907
331.118000 82500875.644700
331.229100 357447154.486006
331.340300 336544502.297287
331.451500 338640800.797279
331.562700 365274630.699637
331.673900 342383152.215232
331.785100 343366330.251567
331.896300 362039227.180316
332.007500 339007231.728608
332.118700 339472021.287905
332.229800 351576324.541509
332.341000 347816494.772040
332.452200 347032150.115606
332.563400 364638162.285167
332.674600 347348828.054394
332.785800 348410129.176685
332.897000 359437436.640689
333.008200 345663848.224917
333.119300 344916598.769722
333.230500 358764975.248016
333.341700 336721501.411150
333.452900 334577131.139704
333.564100 352345623.356096
333.675300 340908250.141057
333.786500 340208622.807790
333.897700 353780329.344811
334.008800 318444541.317231
334.120000 316712329.753058
334.231200 333130072.331569
334.342400 296617502.384923
334.453600 293302742.644940
334.564800 301583207.522107
334.676000 295538612.689920
334.787200 295133362.158357
334.898400 308271315.805023
335.009500 303754893.300916
335.120700 304797557.034273
335.231900 323869807.128210
335.343100 306549954.725409
335.454300 306547132.892035
335.565500 331191341.072782
335.676700 317740551.680057
335.787900 319424105.899183
335.899000 357332419.544756
336.010200 327520052.116848
336.121400 328685302.365700
336.232600 341596250.646455
336.343800 326527082.760403
336.455000 326722892.804884
336.566200 342442646.517539
336.677400 325744653.876523
336.788500 327259444.347711
336.899700 339065123.394964
337.010900 324013465.311560
337.122100 326086950.412193
337.233300 327601590.248146
337.344500 323893810.701207
337.455700 324612695.081884
337.566900 351538389.842692
337.678100 336619621.644939
337.789200 335283317.387114
337.900400 350971658.771690
338.011600 328239910.744142
338.122800 324790974.445769
338.234000 344928149.598728
338.345200 323575442.530009
338.456400 320894441.187260
338.567600 335026565.736362
338.678700 310244086.454065
338.789900 307940206.492445
338.901100 318247677.843406
339.012300 305428508.047231
339.123500 301015786.278806
339.234700 317086722.069107
339.345900 288032867.513365
339.457100 283783722.725078
339.568200 299056857.055588
339.679400 279505361.502616
339.790600 277164193.820264
339.901800 283282832.332980
340.013000 276785723.865448
340.124200 275509141.302972
340.235400 310920876.097702
340.346600 284331051.071451
340.457800 282785345.220219
340.568900 303768664.751574
340.680100 284362440.836154
340.791300 282731972.453228
340.902500 300751360.095045
341.013700 285564513.842212
341.124900 282624709.215109
341.236100 303118229.987847
341.347300 284328526.483709
341.458400 279771617.088453
341.569600 283180149.905523
341.680800 255375217.677593
341.792000 252938848.177291
341.903200 265298887.018990
342.014400 233037506.089555
342.125600 233738703.668205
342.236800 261816180.238398
342.347900 238104060.970399
342.459100 240676945.629589
342.570300 255028311.069813
342.681500 243630796.515972
342.792700 249461403.878437
342.903900 270497217.356103
343.015100 4630226.787202
343.126300 301606701.334927
343.237500 310054642.974874
343.348600 48113450.252526
343.459800 339549772.643757
343.571000 121853576.202243
343.682200 153648624.275278
343.793400 458967764.800266
343.904600 230084154.360609
344.015800 259924077.289413
344.127000 545974318.174519
344.238100 317514342.306862
344.349300 354190386.999390
344.460500 652262649.040882
344.571700 415877116.599231
344.682900 423508927.903859
344.794100 724752970.116774
344.905300 484407187.680448
345.016500 511086061.769677
345.127700 782118350.841424
345.238800 542677334.676213
345.350000 554057674.623617
345.461200 595699097.234458
345.572400 651347964.574628
345.794800 661658005.297905
345.906000 695313789.488317
346.017200 735503632.639667
346.128300 494617783.825938
346.239500 827510333.920362
346.350700 852402901.691412
346.573100 592185924.669348
346.684300 906775252.031169
346.795500 669030039.251537
346.906700 676715022.146975
347.017800 974701101.493023
347.129000 723477054.948759
347.240200 740617407.861206
347.351400 767133887.207592
347.462600 806017341.794057
347.573800 807947953.936667
347.685000 820872354.280744
347.796200 847774038.777508
347.907400 595294094.784588
348.018500 900985849.148395
348.129700 909978159.768027
348.240900 630771678.902217
348.352100 908687100.928258
348.574500 908607586.524337
348.685700 609990572.907137
348.796900 874863054.998964
348.908000 862863925.485645
349.019200 851936576.871256
349.241600 879630903.942863
349.352800 851276178.623023
349.464000 826507001.748764
349.575200 833142929.145578
349.797500 1097515450.579896
349.908700 816749994.410508
350.019900 800748848.708480
350.131100 1045595032.210943
350.242300 758157059.888912
350.464700 741146245.588885
350.575900 978453598.067235
350.687100 679286895.907483
350.798200 649108762.589028
350.909400 866273212.424757
351.020600 575421081.897218
351.243000 527913209.951511
351.354200 750540260.343652
351.465400 431120369.385016
351.576600 397247298.619936
351.687700 605607060.873215
351.798900 295282001.815489
351.910100 536166985.578826
352.021300 494273875.579241
352.132500 167596043.977256
352.243700 402113353.654490
352.354900 350944447.776734
352.466100 314053917.803011
352.577200 284310572.953331
352.688400 228396983.861136
352.799600 185114744.699002
352.910800 148673576.786028
353.022000 387132165.253808
353.133200 112485627.839880
353.244400 79010460.077422
353.355600 319331343.506373
353.466800 15656205.401685
353.577900 290710015.322574
353.689100 270361246.186814
353.800300 0.000000
353.911500 241362767.316000
354.022700 231513884.841847
354.133900 235951299.480713
354.245100 254420562.701335
354.356300 234611956.648757
354.467400 237558517.084644
354.578600 259074599.122285
354.689800 247696380.581317
354.801000 252110418.723115
354.912200 275135316.725800
355.023400 254155585.492153
355.134600 260374363.726275
355.245800 273586490.700426
355.356900 253336078.041703
355.468100 257881788.924145
355.579300 274188902.052809
355.690500 249379390.478248
355.801700 254934917.400653
355.912900 273228699.709862
356.024100 257608277.080694
356.135300 261132048.788656
356.246500 290277272.813862
356.357600 266240561.478441
356.468800 271868736.537238
356.580000 284282789.064287
356.691200 275853572.682883
356.802400 282847699.991387
356.913600 301976085.486878
357.024800 282759877.519008
357.136000 287630580.695585
357.247100 307426307.269279
357.358300 294417621.819454
357.469500 297798529.895393
357.580700 324391264.658026
357.691900 306394363.350443
357.803100 308710077.000553
357.914300 326975091.433301
358.025500 302464981.603115
358.136700 304228689.823994
358.247800 312028617.007252
358.359000 303497272.539594
358.470200 305077441.926881
358.581400 329887740.701087
358.692600 309550160.531809
358.803800 310406500.203614
358.915000 333212995.121616
359.026200 304952553.714499
359.137300 305842471.695375
359.248500 319364246.401222
359.359700 300359694.242046
359.470900 299872227.652283
359.582100 327222551.444332
359.693300 301665734.577603
359.804500 301046375.582294
359.915700 308372010.938174
360.026800 289912635.943024
360.138000 288509678.024265
360.249200 305522468.588356
360.360400 280236275.441826
360.471600 278807365.139728
360.582800 295639040.435074
360.694000 279359045.064125
360.805200 277773460.399194
360.916400 291595253.585925
361.027500 269617153.264860
361.138700 267893038.935561
361.249900 290825170.560867
361.361100 278329528.258210
361.472300 278125304.063596
361.583500 292037945.229221
361.694700 275132846.802969
361.805900 273995730.274686
361.917000 289140380.500253
362.028200 278061027.122873
362.139400 277023137.869000
362.250600 299660594.488862
362.361800 282540291.619330
362.473000 282614120.758015
362.584200 297905586.203481
362.695400 280954655.544991
362.806500 281435071.040336
362.917700 300618225.448460
363.028900 279707764.852388
363.140100 279332436.256078
363.251300 289749134.601046
363.362500 273604106.067731
363.473700 271146129.740384
363.584900 288140750.108703
363.696100 266131421.189935
363.807200 265063195.710551
363.918400 287922542.649675
364.029600 265176743.615935
364.140800 264436593.659755
364.252000 276390107.642396
364.363200 252729906.163835
364.474400 252735718.752367
364.585600 266007711.504899
364.696700 252967101.448807
364.807900 253187456.624208
364.919100 269549342.010379
365.030300 254013451.550666
365.141500 253431115.901081
365.252700 270271703.879635
365.363900 248560893.102417
365.475100 247898929.436683
365.586200 266093538.606345
365.697400 250878322.311637
365.808600 250585021.413180
365.919800 266425625.872721
366.031000 252014551.497931
366.142200 252406025.257070
366.253400 268753529.612154
366.364600 250744045.395126
366.475800 250523059.856176
366.586900 267950412.893326
366.698100 253109202.778332
366.809300 253021125.030082
366.920500 275948625.878152
367.031700 246972475.339551
367.142900 247512915.632751
367.254100 273824775.266328
367.365300 248253466.741852
367.476400 248059432.505340
367.587600 264517460.943868
367.698800 241262321.379186
367.810000 240752432.242377
367.921200 255401140.144191
368.032400 238179327.212389
368.143600 237171270.751113
368.254800 257859645.145376
368.365900 236188597.044173
368.477100 235767096.312986
368.588300 255462913.495372
368.699500 234416092.127090
368.810700 233093832.203388
368.921900 248115594.358649
369.033100 223240792.127158
369.144300 221024279.613567
369.255500 233623824.630904
369.366600 212322992.141527
369.477800 212251229.575845
369.589000 234687839.399627
369.700200 213179088.613811
369.811400 212198646.765396
369.922600 227846646.439366
370.033800 210337646.239680
370.145000 211514597.871559
370.256100 230602817.162533
370.367300 210884269.921860
370.478500 212679437.336641
370.589700 230241032.673657
370.700900 208721737.896129
370.812100 210210783.509510
370.923300 222907155.327204
371.034500 208455245.611987
371.145600 210542323.870111
371.256800 234384138.708900
371.368000 212113111.427857
371.479200 213773516.212833
371.590400 228191932.727886
371.701600 213422219.681894
371.812800 215783087.924609
371.924000 234069481.483249
372.035200 217066722.769868
372.146300 218163016.854767
372.257500 231757003.724633
372.368700 214696902.635067
372.479900 215093859.362339
372.591100 230908975.974821
372.702300 216140605.291370
372.813500 216959393.080778
372.924700 232131561.663706
373.035800 215327576.832675
373.147000 214763595.541462
373.258200 226261575.712071
373.369400 210185095.771625
373.480600 210120422.303443
373.591800 226960290.158265
373.703000 208487998.919461
373.814200 207531286.200448
373.925400 224640562.128001
374.036500 207126757.364711
374.147700 205567742.857335
374.258900 217085594.343225
374.370100 193846756.085148
374.481300 191157519.035867
374.592500 204493207.949759
374.703700 181841898.730529
374.814900 179311767.321867
374.926000 195662957.529107
375.037200 181458306.243656
375.148400 179617467.175819
375.259600 193752643.190726
375.370800 172110871.592745
375.482000 167915773.007457
375.593200 184882470.462893
375.704400 162218855.408607
375.815500 159235141.150498
375.926700 169393748.440898
376.037900 151195580.769837
376.149100 149113772.935794
376.260300 161845788.056260
376.371500 143684185.350420
376.482700 142285016.230754
376.593900 162895453.884661
376.705100 139801763.607781
376.816200 139365469.076663
376.927400 155407976.637342
377.038600 136382438.715780
377.149800 135721883.622810
377.261000 158593821.366311
377.372200 137626191.643025
377.483400 137933045.587325
377.594600 150636825.393677
377.705700 137574089.021122
377.816900 136657714.682595
377.928100 162155178.996827
378.039300 140344238.608687
378.150500 138343560.646245
378.261700 152330064.605145
378.372900 136324570.471831
378.484100 134093226.393157
378.595200 146889077.070611
378.706400 128007710.179916
378.817600 124587024.997291
378.928800 144079953.449406
379.040000 121326529.036671
379.151200 119103397.501149
379.262400 137184012.120950
379.373600 113153307.962505
379.484800 110737601.416328
379.595900 124874441.005188
379.707100 101823370.834395
379.818300 99010867.631800
379.929500 111394428.961637
380.040700 93677941.269177
380.151900 91056109.754796
380.263100 108574172.325181
380.374300 90073871.089397
380.485400 87757329.971095
380.596600 104388027.646023
380.707800 79871268.428795
380.819000 77778588.835655
380.930200 86503140.983466
381.041400 63490308.462500
381.152600 60890234.751106
381.263800 73416025.402836
381.374900 55828003.012927
381.486100 53626458.110118
381.597300 69741538.496701
381.708500 51302310.338150
381.819700 50607677.259581
381.930900 70262757.592391
382.042100 51219482.205658
382.153300 51458127.869707
382.264500 63625580.950524
382.375600 50326606.012907
382.486800 51715323.022960
382.598000 67881920.951576
382.709200 53551586.129087
382.820400 55047682.371443
382.931600 75139879.566203
383.042800 57301307.671837
383.154000 59730331.453954
383.265100 81329848.055322
383.376300 60573676.144870
383.487500 62737398.653521
383.598700 77027791.333635
383.709900 59519499.383495
383.821100 59691684.171396
383.932300 79400059.656284
384.043500 59736560.486351
384.154600 58519274.394485
384.265800 73520085.402275
384.377000 50365515.885340
384.488200 48633136.911564
384.599400 65204683.068148
384.710600 42989349.382037
384.821800 41753829.068455
384.933000 57090276.485255
385.044200 40265156.953647
385.155300 37795948.661950
385.266500 55515673.089619
385.377700 28772061.367598
385.488900 26962672.110173
385.600100 43205042.802276
385.711300 20178521.434052
385.822500 18736550.091810
385.933700 33144924.225494
386.044800 11392612.100697
386.156000 8946863.011216
386.267200 18442184.857095
386.378400 2932604.787429
386.489600 759626.926828
386.600800 16006854.058525
386.712000 0.000000
386.823200 0.000000
386.934400 10913668.022807
387.045500 0.000000
387.156700 0.000000
387.267900 7415333.444433
387.379100 0.000000
387.490300 0.000000
387.601500 0.000000
387.712700 0.000000
387.823900 0.000000
387.935000 0.000000
388.046200 0.000000
388.157400 0.000000
388.268600 0.000000
388.379800 0.000000
388.491000 28790812.833237
388.602200 0.000000
388.713400 0.000000
388.824500 0.000000
388.935700 0.000000
389.046900 0.000000
389.158100 14036519.008665
389.269300 66389725.871545
389.380500 87363336.955098
389.491700 122528956.741708
389.602900 170998578.704175
389.714100 179388631.879930
389.825200 207218288.508072
389.936400 251173630.932177
390.047600 258410585.404043
390.158800 279401830.655915
390.270000 311844623.839103
390.381200 313210701.896429
390.492400 327974463.662130
390.603600 357036683.926478
390.714700 346232482.980733
390.825900 353421880.414470
390.937100 371131247.034908
391.048300 360358714.605731
391.270700 361930771.869120
391.493100 378848234.030659
391.604200 359922464.051642
391.715400 355379467.486082
391.937800 362262347.298606
392.049000 334937901.716261
392.160200 324308713.452527
392.271400 331056980.755040
392.382600 297131885.938937
392.493800 280086056.446206
392.604900 273979322.051966
392.716100 234677307.522574
392.827300 211964412.579152
392.938500 204487694.808284
393.049700 0.000000
393.160900 180316406.652632
393.272100 165102979.872169
393.383300 0.000000
393.494400 125756115.977232
393.605600 101350717.679719
393.716800 0.000000
393.828000 48273435.347361
393.939200 11477206.269550
394.050400 0.000000
394.161600 0.000000
394.272800 0.000000
394.383900 0.000000
394.495100 0.000000
394.606300 0.000000
394.717500 0.000000
394.828700 0.000000
394.939900 0.000000
395.051100 0.000000
395.162300 61989464.577962
395.273500 149035824.453800
395.384600 194482973.282104
395.495800 254386976.388340
395.607000 324254207.825293
395.829400 115037224.979583
395.940600 457304824.490903
396.051800 514574533.008014
396.163000 286661477.623229
396.274100 613044081.583100
396.385300 655795980.971157
396.496500 416014988.212506
396.607700 726577244.347158
396.718900 510177956.547455
396.830100 548223269.800911
396.941300 845170845.475438
397.163600 613164959.170800
397.274800 637169307.965436
397.386000 672498159.403358
397.608400 717836657.337565
397.719600 722595243.686805
397.942000 739131609.279254
398.275500 768394596.044819
398.386700 756459805.035830
398.497900 754444151.791405
398.609100 763414275.554424
398.720300 729478889.150588
398.831500 709175940.670277
398.942700 703180552.938655
399.165000 652867482.485342
399.276200 614813425.406935
399.387400 582690125.925972
399.498600 567723267.563350
399.609800 563797460.553591
399.721000 272888660.684620
399.832200 532285419.490200
399.943400 263393617.745585
400.165700 244337288.883462
400.276900 239342024.536640
400.388100 237048354.635708
400.499300 0.000000
400.610500 221841819.301837
400.721700 0.000000
400.944000 236932740.037970
401.055200 230633461.556143
401.166400 234336499.345050
401.277600 248809116.489482
401.388800 513853931.518565
401.500000 547486120.137043
401.611200 587968908.440325
401.722400 591202418.141232
401.833500 606355529.991438
401.944700 630676397.940788
402.055900 370384928.099788
402.167100 660363432.234906
402.278300 664296513.922535
402.389500 681246891.123024
402.611900 706245076.374539
402.834200 690321968.216853
402.945400 688678451.560883
403.056600 697934415.813399
403.279000 663814878.613589
403.501400 643243005.637329
403.612600 634250810.154915
403.723700 877881886.643769
403.946100 598401545.182067
404.168500 568613786.186681
404.279700 797206372.966763
404.390900 500635213.534945
404.502100 751632829.547157
404.613200 720918833.250611
404.724400 409291461.168893
404.835600 647005670.186762
404.946800 603152044.757150
405.058000 275382402.173032
405.169200 497137429.267960
405.280400 195239136.587770
405.502800 146947017.887447
405.613900 352266122.433774
405.725100 34229404.391557
405.836300 0.000000
405.947500 0.000000
406.058700 0.000000
406.169900 0.000000
406.281100 0.000000
406.392300 0.000000
406.503400 0.000000
406.614600 75657254.390195
406.725800 0.000000
406.837000 94169807.813424
406.948200 96556765.326565
407.059400 111267786.635107
407.170600 132542899.885082
407.281800 174678473.145449
407.392900 228596397.426850
407.504100 1058028.744464
407.615300 323660620.672487
407.726500 359597257.600418
407.837700 118638025.805233
407.948900 184039903.722560
408.060100 264192536.323083
408.282500 55877799.745395
408.393600 390138311.635902
408.504800 205650503.366500
408.616000 567465306.982934
408.727200 401750654.639599
408.949600 490483510.653504
409.060800 829960570.075132
409.283100 642794119.789215
409.505500 708249643.628119
409.616700 780628449.501771
409.727900 863280915.454997
409.839100 899670499.205174
409.950300 946935657.062354
410.061500 1003094504.595775
410.172600 1015652968.926171
410.283800 1038901042.881262
410.395000 1072212813.900749
410.617400 1063873695.972882
410.728600 1062149838.173256
410.951000 1068795072.259066
411.062200 792878736.992660
411.173300 1061183099.916007
411.284500 1045177285.394822
411.618100 739251716.582528
411.840500 978078361.074510
411.951700 691539017.662260
412.062800 948501943.888066
412.285200 921062348.360456
412.396400 607063256.789973
412.618800 839923432.615067
412.730000 785711318.306294
412.841200 738111180.543542
412.952300 699919083.452076
413.174700 670130729.905005
413.285900 652996667.494145
413.397100 886295664.715745
413.508300 589337522.177283
413.619500 546792974.496165
413.730700 755589381.608213
413.841900 437288942.651690
413.953000 371185326.054068
414.064200 553196534.201960
414.175400 219542549.994374
414.286600 425921230.192344
414.397800 350783911.500886
414.620200 288320595.595745
414.731400 233055292.423140
414.842500 145543217.362101
414.953700 65681981.967534
415.176100 293430156.093601
415.287300 237091721.255741
415.398500 195460549.630465
415.509700 173823459.807765
415.620900 404562709.628390
415.732100 110682581.938977
415.843200 364989059.662742
415.954400 342146956.365585
416.176800 38713940.402214
416.288000 283458752.649900
416.399200 256921646.539861
416.510400 241320200.602111
416.621600 240189652.126287
416.732700 205436757.229976
416.843900 183134064.296774
416.955100 178120746.901553
417.066300 136524556.003862
417.177500 108625876.703236
417.288700 98381939.242919
417.399900 44894335.636063
417.511100 10253298.322268
417.622200 0.000000
417.733400 234735497.246177
417.844600 0.000000
417.955800 0.000000
418.067000 164918158.563424
418.178200 0.000000
418.289400 143815015.267428
418.400600 136209679.777180
418.511800 0.000000
418.622900 117974512.249298
418.734100 98113473.823423
418.845300 0.000000
418.956500 71157913.598243
419.067700 56109642.003176
419.178900 60300310.965690
419.290100 85068568.263601
419.401300 65106661.005816
419.512400 67142175.220664
419.623600 83190605.482558
419.734800 69796970.104037
419.846000 71929468.376038
419.957200 95636817.835205
420.068400 77941838.434233
420.179600 81754272.216219
420.290800 105841382.938172
420.401900 94510368.260363
420.513100 99294167.246735
420.624300 127910949.784067
420.735500 113978944.103757
420.846700 119522102.318891
420.957900 139968459.937603
421.069100 127758451.349183
421.180300 133630666.798131
421.291500 156088493.763824
421.402600 141885145.639208
421.513800 147530465.806623
421.625000 174173467.293144
421.736200 163752165.082154
421.847400 169400847.522789
421.958600 199104898.805128
422.069800 185094396.901424
422.181000 189986290.324887
422.292100 215997447.663656
422.403300 197145227.266242
422.514500 200875230.929974
422.625700 219872092.898427
422.736900 205674265.638542
422.848100 209252365.410726
422.959300 228076455.835290
423.070500 209870275.158319
423.181600 214729946.877440
423.292800 235364583.245502
423.404000 218275166.675377
423.515200 224040209.627165
423.626400 240684627.238180
423.737600 233242437.518731
423.848800 237991339.369956
423.960000 260316033.999609
424.071200 249091702.053176
424.182300 255902009.387658
424.293500 278575261.471020
424.404700 270448024.517676
424.515900 277420078.670611
424.627100 296369120.494635
424.738300 288188453.782644
424.849500 296109485.385610
424.960700 315522658.532145
425.071800 302588935.718768
425.183000 309533745.865376
425.294200 334659765.822453
425.405400 330069127.943548
425.516600 335724314.481455
425.627800 357145421.408774
425.739000 352578703.837420
425.850200 357989648.961018
425.961300 378212913.817117
426.072500 366360358.150259
426.183700 372451064.945864
426.294900 394606359.884730
426.406100 380348044.661738
426.517300 385935797.493755
426.628500 407426771.534634
426.739700 398482357.810725
426.850900 404685089.035162
426.962000 427774706.198044
427.073200 418738621.451406
427.184400 424372643.566812
427.295600 448411266.159548
427.406800 429242157.150980
427.518000 435152028.624925
427.629200 454782363.770582
427.740400 444005078.093960
427.851500 447695086.663808
427.962700 457916689.893338
428.073900 451118986.475665
428.185100 453121454.290685
428.296300 472028893.514385
428.407500 454884644.606550
428.518700 457246475.792253
428.629900 477884607.247565
428.741100 462411341.714024
428.852200 466823943.938542
428.963400 486861264.208422
429.074600 479966989.853542
429.185800 485451080.273499
429.297000 504036598.241531
429.408200 489266825.578061
429.519400 494893772.496035
429.630600 526627959.559503
429.741700 518418920.922712
429.852900 524009985.391935
429.964100 541386695.684181
430.075300 526033356.574070
430.186500 532736427.572607
430.297700 558453580.275819
430.408900 553464119.847914
430.520100 561067105.377405
430.631200 586366583.426182
430.742400 578268076.763850
430.853600 585577025.556885
430.964800 610097773.692975
431.076000 585882934.104336
431.187200 593845039.803177
431.298400 623373060.637774
431.409600 606641084.434929
431.520800 612557172.001343
431.631900 629863985.577035
431.743100 624781707.735000
431.854300 631176389.152173
431.965500 658724808.504610
432.076700 650534136.743940
432.187900 655041696.656955
432.299100 674873639.037666
432.410300 655534311.533582
432.521400 662061098.640997
432.632600 687674332.370971
432.743800 667140658.844515
432.855000 673929993.786743
432.966200 692602525.059216
433.077400 686704140.139868
433.188600 694081037.223275
433.299800 723869348.368890
433.410900 708212064.120546
433.522100 712690882.327220
433.633300 738243952.546973
433.744500 720412158.070834
433.855700 723264944.232419
433.966900 744396570.218089
434.078100 728708624.678798
434.189300 732022960.946081
434.300500 750231611.800577
434.411600 739619749.816553
434.522800 744147503.662402
434.634000 761418987.286198
434.745200 753381465.423613
434.856400 757224280.886860
434.967600 785755020.813982
435.078800 767936878.377327
435.190000 774117541.656120
435.301100 789402138.416245
435.412300 773575001.714943
435.523500 778376131.181796
435.634700 799465975.278157
435.745900 797517827.744946
435.857100 803616434.133433
435.968300 836263506.176296
436.079500 812716101.807740
436.190600 818802978.811262
436.301800 836930309.625666
436.413000 833157328.596161
436.524200 836845795.079148
436.635400 864622206.152059
436.746600 858355959.769996
436.857800 862337649.758877
436.969000 870845000.922576
437.080200 870254711.902078
437.191300 871477780.461850
437.302500 903640884.465327
437.413700 881724443.061972
437.524900 882278228.000147
437.636100 899529565.579039
437.747300 878048921.233578
437.858500 876217948.614559
437.969700 892841885.971742
438.080800 873569560.758574
438.192000 875649303.630885
438.303200 884346146.003622
438.414400 883672330.045526
438.525600 887277189.646428
438.636800 907285903.252472
438.748000 895290711.159764
438.859200 900729608.428534
438.970300 922745277.677526
439.081500 905824693.294395
439.192700 908377163.547548
439.303900 932215643.550935
439.415100 906159864.249246
439.526300 909007148.683984
439.637500 927361014.717953
439.748700 911775813.243066
439.859900 915798420.337912
439.971000 935094673.290120
440.082200 922690091.668239
440.193400 928189540.354550
440.304600 944876010.086580
440.415800 936993457.216703
440.527000 943801824.439692
440.638200 974265878.185846
440.749400 959495581.060960
440.860500 965910534.287091
440.971700 996547704.669269
441.082900 980143339.432831
441.194100 989366385.515403
441.305300 1010669964.720276
441.416500 1004466309.938303
441.527700 1014067859.762046
441.638900 1038992196.328739
441.750000 1028106935.224637
441.861200 1039908415.762462
441.972400 1075916001.283389
442.083600 1070402096.399179
442.194800 1076233493.485676
442.306000 1096026744.025928
442.417200 1073940769.286656
442.528400 1079021090.994689
442.639600 1112678987.272086
442.750700 1080867689.109904
442.861900 1084015165.174431
442.973100 1095679136.627511
443.084300 1085896890.210930
443.195500 1086259537.841243
443.306700 1096882590.582020
443.417900 1077213268.241431
443.529100 1075173650.550026
443.640200 1101698039.609026
443.751400 1090783758.549720
443.862600 1088364795.790408
443.973800 1102213713.735758
444.085000 1084157796.836802
444.196200 1083644013.796418
444.307400 1104633472.019676
444.418600 1099685357.261541
444.529800 1097049195.706260
444.640900 1094789176.786476
444.752100 1071404646.560310
444.863300 1069736638.138649
444.974500 1087359983.609903
445.085700 1079738068.971941
445.196900 1073806780.139542
445.308100 1104661617.409739
445.419300 1060732091.200979
445.530400 1055288938.040856
445.641600 1067662659.959347
445.752800 1054586117.611245
445.864000 1050449989.100952
445.975200 1085354578.703108
446.086400 1056957042.110120
446.197600 1054070327.512178
446.308800 1065363363.156053
446.419900 1058216522.666644
446.531100 1055036812.014456
446.642300 1082351711.485054
446.753500 1068235487.202003
446.864700 1063474183.896749
446.975900 1092037504.523714
447.087100 1067923496.437444
447.198300 1063622256.770629
447.309500 1073130157.777352
447.420600 1049304928.172896
447.531800 1050730308.099535
447.643000 1044369266.817157
447.754200 1009134360.361528
447.865400 1013971513.724312
447.976600 1032976831.999300
448.087800 1025296193.786866
448.199000 1032768016.583814
448.310100 1050588758.931752
448.421300 1038311215.182334
448.532500 1048015491.496256
448.643700 1082497391.353800
448.754900 1071665014.210389
448.866100 1079979205.835014
448.977300 1089813485.048496
449.088500 1090598610.236219
449.199600 1102301483.017137
449.310800 1118739166.403567
449.422000 1130152613.684896
449.533200 1132506106.631078
449.644400 1180352831.291434
449.755600 1134349255.158164
449.866800 1140797366.615443
449.978000 1186265158.317991
450.089200 1158608789.593455
450.200300 1156042519.948227
450.311500 1178811480.581974
450.422700 1152459803.114329
450.533900 1156728141.103029
450.645100 1139517501.216580
450.756300 1131096087.961715
450.867500 1135099481.677318
450.978700 1129193378.371521
451.089800 1136803634.555211
451.201000 1143419626.457159
451.312200 1185508816.917539
451.423400 1138957369.523261
451.534600 1154297478.051107
451.645800 1193814471.389380
451.757000 1152293803.982505
451.868200 1163468692.903784
451.979300 1172688072.855977
452.090500 1148553915.549207
452.201700 1149555510.937653
452.312900 1158179643.821154
452.424100 1128410224.248910
452.535300 1129105370.558111
452.646500 1125249529.169023
452.757700 1084469352.071867
452.868900 1085400433.688437
452.980000 1084175570.427367
453.091200 1088923045.073201
453.202400 1091463508.756351
453.313600 1122474213.782924
453.424800 883535209.761104
453.536000 1169067260.159409
453.647200 962560019.579807
453.758400 952308875.552950
453.869500 1019082440.717877
453.980700 1088927404.755831
454.091900 910034847.353426
454.203100 1213441594.277506
454.314300 1047021140.170330
454.425500 1136737399.086973
454.536700 1489180544.354001
454.647900 1329034695.335621
454.759000 1407269242.587426
454.870200 1719834550.088430
454.981400 1530748930.568593
455.092600 1575994062.254239
455.203800 1869507988.193986
455.315000 1640215319.978055
455.426200 1711430772.082338
455.537400 1975584556.909688
455.648600 1714570813.150557
455.759700 1739605834.390141
455.870900 2012284337.342236
455.982100 1760597772.850844
456.093300 1790847670.535324
456.315700 1982784225.715401
456.538100 1758746317.649384
456.649200 1723922778.219200
456.871600 1994011356.322766
456.982800 1737171896.886914
457.094000 1667273422.695952
457.316400 1945949739.212440
457.538800 1653450208.710317
457.649900 1673589628.833096
457.761100 1894458294.760758
457.872300 1577138899.903649
457.983500 1577585762.961831
458.094700 1797116184.818624
458.205900 1495488488.141865
458.317100 1420487331.605350
458.428300 1608479186.732594
458.539400 1284987683.522139
458.650600 1202492837.915259
458.761800 1154647578.229517
458.873000 1149667278.206955
458.984200 1105960463.532848
459.095400 1044092119.209674
459.206600 1035333519.605669
459.317800 957361892.145643
459.428900 880184748.479096
459.540100 863853233.960163
459.651300 1025328002.006765
459.762500 716960530.593426
459.873700 927269750.853105
459.984900 937836073.118666
460.096100 912484531.389426
460.207300 916033132.697461
460.318500 1143142034.869030
460.429600 927931527.707975
460.540800 1190632524.360531
460.652000 1222345771.199855
460.763200 947277446.837770
460.874400 1234660096.026076
460.985600 1233216758.087867
461.096800 975986259.920028
461.208000 1240892940.940803
461.319100 1190660928.221981
461.430300 925102244.902934
461.652700 1149431597.823289
461.763900 1134576873.729753
461.875100 892681646.727561
461.986300 1194709022.665453
462.097500 1173572302.681399
462.208600 894889849.941372
462.319800 1154992034.932644
462.431000 1133898717.712584
462.542200 924742580.506806
462.653400 1203117741.965919
462.764600 1258982910.900321
462.875800 971722894.713013
462.987000 1226856178.855829
463.098200 1309260444.000565
463.209300 1010096046.598032
463.320500 1292191252.764366
463.431700 1297095732.214501
463.542900 1011886781.513924
463.654100 1277264893.449866
463.765300 1224675196.106715
463.876500 917801648.008225
463.987700 1193153518.566264
464.098800 1183912374.422645
464.210000 905085593.358399
464.321200 1146613142.176342
464.432400 1184311090.027034
464.543600 1186440202.479953
464.654800 1199814139.289356
464.766000 1173618423.862376
464.877200 1171911449.707857
464.988300 1166792420.492262
465.099500 1119380998.267126
465.210700 1114204833.285511
465.321900 1062702331.947679
465.433100 1071355501.543691
465.544300 1062239427.765715
465.655500 1086380407.310800
465.766700 1059167152.272779
465.877900 1047268124.956308
465.989000 1060833527.645950
466.100200 1033252437.583302
466.211400 1021741246.137312
466.322600 1084466477.844624
466.433800 1024619601.075635
466.545000 1011734960.635827
466.656200 1008299578.515371
466.767400 961901453.066748
466.878500 938198978.307969
466.989700 927210439.927659
467.100900 942924208.638750
467.212100 935874116.236611
467.323300 1015155201.858034
467.434500 1006744585.694253
467.545700 1007509527.997422
467.656900 1001373099.055449
467.768000 995798561.189380
467.879200 998407000.185966
467.990400 1041305204.026698
468.101600 1030727893.839743
468.212800 1040985143.993845
468.324000 1067721562.536323
468.435200 1011769832.186214
468.546400 1024318359.988226
468.657600 1063954602.942037
468.768700 1026274234.440488
468.879900 1043087748.479342
468.991100 1054894246.401091
469.102300 1040967458.028797
469.213500 1050377034.060622
469.324700 1070730124.632477
469.435900 1082258049.345651
469.547100 1095875569.932145
469.658200 1089423449.207134
469.769400 1098502172.833678
469.880600 1109614468.309385
469.991800 1147112425.314379
470.103000 1128587990.619551
470.214200 1136402899.578381
470.325400 1151426662.383106
470.436600 1130480185.168199
470.547800 1132452332.286389
470.658900 1152491590.534463
470.770100 1156167338.364488
470.881300 1157785471.713917
470.992500 1204300990.628183
471.103700 1182194090.207261
471.214900 1185497436.135182
471.326100 1186595564.356357
471.437300 1161727821.169262
471.548400 1165800261.683198
471.659600 1168119984.286420
471.770800 1152953870.420616
471.882000 1155691444.460569
471.993200 1138485748.301960
472.104400 1123561276.925197
472.215600 1119699233.179584
472.326800 1119136313.958138
472.437900 1098663433.866837
472.549100 1099183446.712567
472.660300 1124298485.707395
472.771500 1104244533.572971
472.882700 1104946542.255115
472.993900 1099742201.292425
473.105100 1076933331.525911
473.216300 1072764093.549901
473.327500 1095688902.216241
473.438600 1080869879.213317
473.549800 1076105499.867776
473.661000 1083547291.339749
473.772200 1061844915.202530
473.883400 1054806823.381178
473.994600 1071390766.733326
474.105800 1085515271.110977
474.217000 1077884962.836449
474.328100 1101681396.386505
474.439300 1104012295.178752
474.550500 1098317044.340622
474.661700 1119629872.663343
474.772900 1078259283.241613
474.884100 1074462044.033629
474.995300 1088451490.958426
475.106500 1060923804.827191
475.217600 1058010082.595899
475.328800 1085764621.654956
475.440000 1057500072.474751
475.551200 1052632764.378318
475.662400 1069049081.274686
475.773600 1041563598.867081
475.884800 1035108761.026149
475.996000 1030687509.551282
476.107200 1006213104.230457
476.218300 1001570274.804293
476.329500 1013178747.177073
476.440700 975632874.328158
476.551900 968286278.153142
476.663100 974304379.103312
476.774300 943740056.303945
476.885500 934844459.162618
476.996700 940811446.220022
477.107800 933525259.682607
477.219000 928966056.454166
477.330200 937138197.418115
477.441400 924659432.115993
477.552600 920723605.242121
477.663800 934462649.624401
477.775000 918889377.314633
477.886200 915804516.290204
477.997300 948478009.306634
478.108500 939996732.337450
478.219700 939033856.511172
478.330900 975790867.332243
478.442100 942276025.377664
478.553300 942529625.465826
478.664500 962306090.359928
478.775700 944119556.409472
478.886900 946791193.140495
478.998000 969132040.346824
479.109200 947345130.511919
479.220400 948792346.457015
479.331600 968189894.301695
479.442800 953996112.957239
479.554000 954252917.045068
479.665200 971041321.585755
479.776400 930162768.228837
479.887500 925575712.592601
479.998700 922340878.104745
480.109900 887385983.112528
480.221100 882180729.217260
480.332300 898597326.665243
480.443500 878838255.472926
480.554700 875171164.730260
480.665900 878282484.763319
480.777000 866121980.469211
480.888200 865130014.929873
480.999400 871837167.355134
481.110600 847859556.486940
481.221800 844708920.843118
481.333000 860423025.746644
481.444200 834691497.860134
481.555400 830140036.415788
481.666600 852669685.172912
481.777700 842968754.182709
481.888900 839730218.872241
482.000100 849284553.274564
482.111300 829250511.868685
482.222500 826229740.269578
482.333700 837537672.335006
482.444900 813819030.629244
482.556100 812552242.351331
482.667200 835649292.049459
482.778400 813399588.457860
482.889600 813904509.283213
483.000800 838754908.082201
483.112000 816740722.456453
483.223200 816938811.864744
483.334400 826085251.630786
483.445600 816579172.359478
483.556700 816221323.137794
483.667900 826204076.051602
483.779100 798501535.404810
483.890300 796307259.869047
484.001500 798645054.266395
484.112700 783624097.387974
484.223900 781619237.658176
484.335100 790369715.645150
484.446300 786325226.576790
484.557400 783156801.839594
484.668600 797031464.740497
484.779800 772377616.409777
484.891000 766365445.529150
485.002200 771331697.244240
485.113400 744075358.056923
485.224600 737608591.942090
485.335800 736054974.350353
485.446900 716555653.210500
485.558100 708951250.279813
485.669300 723363083.242594
485.780500 707472050.076725
485.891700 701459196.367067
486.002900 714165253.924109
486.114100 697367565.124195
486.225300 689362657.573558
486.336500 709927858.854561
486.447600 690823586.085332
486.558800 681585285.003628
486.670000 701743431.016120
486.781200 671693344.307194
486.892400 662015834.237976
487.003600 676042696.925440
487.114800 636688638.694531
487.226000 628815424.873565
487.337100 638566527.805285
487.448300 603008527.029662
487.559500 594732775.705598
487.670700 597251095.418091
487.781900 562474349.247243
487.893100 558614377.981864
488.004300 557841119.201560
488.115500 558244286.426216
488.226600 555449720.410484
488.337800 578532376.274024
488.449000 558271998.303606
488.560200 555196822.770555
488.671400 565372151.131421
488.782600 567843948.370538
488.893800 561415154.599106
489.005000 582084930.236820
489.116200 543951065.614499
489.227300 537931873.128603
489.338500 547026695.169081
489.449700 531062854.926634
489.560900 526800913.373706
489.672100 531901067.073804
489.783300 512380483.147805
489.894500 510539994.593986
490.005700 524217377.516789
490.116800 503179877.104539
490.228000 501687644.295506
490.339200 515257490.508183
490.450400 500294983.594142
490.561600 495961102.853240
490.672800 504656330.134077
490.784000 496085117.965488
490.895200 491759720.588382
491.006300 496687449.987650
491.117500 240186537.889608
491.228700 519122476.946404
491.339900 539127404.436653
491.451100 279728946.441938
491.562300 565117429.795122
491.673500 587914414.272909
491.784700 317422977.373174
491.895900 595938502.733557
492.007000 573111227.091429
492.118200 303284980.087022
492.229400 586850860.171947
492.340600 569231911.255270
492.451800 303865479.230342
492.563000 570951960.385434
492.674200 549936256.419030
492.785400 294424096.972687
492.896500 568603856.504532
493.007700 579493345.109324
493.118900 310811635.136473
493.230100 574261420.840088
493.341300 590062999.856366
493.452500 332201662.992188
493.563700 604280849.447223
493.674900 629474507.799837
493.897200 344714091.434501
494.008400 602621348.163754
494.119600 359912524.837288
494.230800 370332971.945230
494.342000 637246719.523429
494.453200 397683647.860343
494.564400 378163500.701878
494.675600 627979124.037019
494.786700 378005300.051715
494.897900 386039566.912646
495.009100 639058449.449798
495.120300 387471696.095488
495.231500 368235179.161721
495.342700 620578879.276683
495.453900 374055805.285155
495.565100 380111166.211717
495.676200 621468365.110360
495.787400 374130391.185572
495.898600 348003685.905108
496.009800 598476616.057784
496.121000 331172401.870839
496.232200 305633489.758915
496.343400 558141599.016646
496.454600 298780801.484117
496.565700 277539001.288445
496.676900 502240267.608080
496.899300 242348138.977260
497.010500 503964481.151365
497.121700 508736613.526271
497.232900 230666085.827111
497.344100 492151424.495682
497.455300 478588804.681606
497.566400 186853407.218335
497.677600 438692305.872847
497.788800 435902176.543013
497.900000 178638293.033219
498.011200 447673313.411266
498.122400 423780461.048877
498.233600 148505540.202160
498.344800 413003041.462695
498.455900 385349553.276618
498.567100 123019483.902868
498.678300 375091088.573145
498.789500 377090514.738980
498.900700 82092023.129311
499.011900 334837135.316689
499.123100 320636784.891099
499.234300 24880987.149818
499.345500 268772465.182372
499.456600 11125332.580681
499.567800 2845520.480313
499.679000 246961403.068717
499.790200 0.000000
499.901400 270687973.469522
500.012600 275159021.604546
500.123800 8692686.556475
500.235000 272060048.936866
500.346100 275665738.278275
500.457300 17894571.707221
500.568500 290760733.866143
500.679700 290927055.582359
500.790900 25793792.368717
500.902100 297855737.627199
501.013300 326562099.128800
501.124500 57332085.096073
501.235600 329177558.721566
501.346800 328050875.335828
501.458000 62551973.151046
501.569200 334112878.315382
501.680400 338170066.561247
501.791600 63053070.220363
501.902800 324083267.725482
502.014000 332866884.727580
502.125200 48494044.077323
502.347500 310926443.522238
502.458700 305856018.553638
502.569900 36230270.411644
502.681100 307398991.014220
502.792300 301635753.127700
502.903500 22160859.020170
503.014700 281013271.845617
503.125800 278778253.853494
503.237000 4083554.133846
503.348200 257703247.931653
503.459400 253712705.478354
503.570600 0.000000
503.681800 218523677.764183
503.793000 202236270.231417
503.904200 0.000000
504.015300 167410128.606193
504.126500 0.000000
504.237700 0.000000
504.348900 0.000000
504.460100 0.000000
504.571300 0.000000
504.682500 0.000000
504.793700 5862409.272338
504.904900 0.000000
505.016000 0.000000
505.127200 18896415.877357
505.238400 289777270.758123
505.349600 47516033.056467
505.460800 59589386.299777
505.572000 325073108.046917
505.683200 85183208.573820
505.794400 97731341.923329
505.905500 363862720.680368
506.016700 132354631.396270
506.127900 136664715.640772
506.239100 398373751.183698
506.350300 157951288.494874
506.461500 162734503.950347
506.572700 187200531.053623
506.683900 234804758.023766
506.795000 220257286.746420
507.017400 235336385.202209
507.239800 261755827.589625
507.351000 11011138.173524
507.462200 305267916.397043
507.573400 316555962.082042
507.684600 69495867.434915
507.795700 353639739.844037
507.906900 374692589.540709
508.018100 113562740.464160
508.129300 389996498.968644
508.240500 392353628.988386
508.351700 114079176.685528
508.462900 371654014.473528
508.574100 351460623.663513
508.685200 75975574.581357
508.796400 327686014.227448
508.907600 314116216.646090
509.018800 25341127.167196
509.130000 273699772.067806
509.241200 264723428.045479
509.352400 0.000000
509.463600 222129028.242190
509.685900 200608228.617583
509.797100 0.000000
509.908300 129449692.452590
510.019500 99329863.338296
510.130700 76764875.931916
510.353100 58715770.268305
510.464300 310211888.161922
510.575400 48442969.021041
510.686600 45656582.740856
510.797800 285722029.332904
510.909000 11697298.194833
511.020200 641500.851124
511.131400 243031274.546474
511.242600 0.000000
511.353800 0.000000
511.464900 0.000000
511.576100 0.000000
511.687300 0.000000
511.798500 0.000000
511.909700 0.000000
512.020900 0.000000
512.132100 0.000000
512.243300 0.000000
512.354500 0.000000
512.465600 0.000000
512.576800 0.000000
512.688000 0.000000
512.799200 0.000000
512.910400 0.000000
513.021600 0.000000
513.132800 0.000000
513.244000 245133576.896808
513.355100 1116422.614572
513.466300 16081199.264025
513.577500 275585601.197993
513.688700 27909578.095466
513.799900 30117049.269886
513.911100 278864324.479682
514.022300 26226229.644706
514.244600 27629611.565021
514.355800 283471215.122498
514.467000 39483777.820367
514.689400 44540535.268884
514.800600 297165519.619015
514.911800 48273099.965033
515.023000 49532312.042205
515.134200 289976978.562742
515.245300 34795724.649039
515.356500 11872276.548724
515.467700 261936067.996630
515.578900 0.000000
515.690100 0.000000
515.801300 220934594.166894
515.912500 0.000000
516.023700 0.000000
516.134800 164090474.397535
516.246000 0.000000
516.357200 0.000000
516.468400 104474216.837523
516.579600 0.000000
516.690800 0.000000
516.802000 25571324.985107
516.913200 0.000000
517.024300 0.000000
517.135500 0.000000
517.246700 0.000000
517.357900 0.000000
517.469100 0.000000
517.580300 0.000000
517.691500 0.000000
517.802700 0.000000
517.913900 0.000000
518.025000 0.000000
518.136200 0.000000
518.247400 0.000000
518.358600 0.000000
518.469800 0.000000
518.581000 0.000000
518.692200 0.000000
518.803400 0.000000
518.914500 0.000000
519.025700 10205671.639462
519.136900 0.000000
519.248100 7658927.559210
519.359300 15802749.192837
519.470500 7017076.920790
519.581700 15351144.470186
519.692900 43911057.381544
519.804000 35443633.743660
519.915200 42495433.836493
520.026400 66990088.055629
520.137600 60536245.599003
520.248800 64797153.575914
520.360000 77184565.808374
520.471200 67875372.053510
520.582400 69971584.600964
520.693600 77990652.933722
520.804700 78097286.722664
520.915900 78479897.494282
521.027100 107792779.675007
521.138300 77595327.061050
521.249500 79093582.903901
521.360700 92641392.428182
521.471900 80435049.215331
521.583100 80088070.642959
521.694200 107668993.887715
521.805400 90499789.360454
521.916600 90484457.046060
522.027800 103082325.078316
522.139000 99328887.484558
522.250200 101411082.596523
522.361400 137179203.930375
522.472600 124489691.885755
522.583700 126860396.424983
522.694900 153076088.797540
522.806100 131071855.237016
522.917300 132277532.861195
523.028500 149255163.080035
523.139700 138514586.057211
523.250900 132066352.541504
523.362100 153002798.331652
523.473300 139092239.292540
523.584400 134543428.159477
523.695600 150949864.025242
523.806800 116467182.363665
523.918000 112304975.121109
524.029200 138029565.325004
524.140400 125420198.229004
524.251600 124769939.906978
524.362800 152230715.801979
524.473900 128888804.685431
524.585100 129331770.854759
524.696300 143896780.406528
524.807500 130282300.502194
524.918700 134848829.915141
525.029900 157675736.997941
525.141100 143409838.418369
525.252300 153168368.426632
525.363400 168338463.117165
525.474600 164370854.746396
525.585800 175119571.086486
525.697000 207069174.116284
525.808200 190040152.029649
525.919400 200239781.276102
526.030600 235540860.896445
526.141800 218018202.969747
526.253000 228464338.405902
526.364100 264593097.864785
526.475300 238758441.084081
526.586500 250104429.121554
526.697700 287346015.048571
526.808900 279838014.070860
526.920100 292296323.541848
527.031300 315974104.563818
527.142500 305491488.767910
527.253600 319187491.686335
527.364800 358549372.404484
527.476000 350550106.522396
527.587200 362516570.051824
527.698400 391234922.904305
527.809600 376104954.458656
527.920800 390036467.678139
528.032000 412979644.365494
528.143200 399482749.927483
528.254300 412966489.835172
528.365500 434697288.413240
528.476700 440082761.655566
528.587900 451391551.889356
528.699100 473536175.422681
528.810300 444198919.764708
528.921500 450249250.143010
529.032700 468390694.646542
529.143800 448165403.941467
529.255000 454285474.649365
529.366200 472927263.067199
529.477400 465221713.645308
529.588600 471168077.296141
529.699800 502002635.950582
529.811000 484696710.663586
529.922200 487285118.281630
530.033300 497853959.792689
530.144500 484884711.581578
530.255700 486925030.052441
530.366900 513920910.235028
530.478100 487734152.259496
530.589300 490413184.028435
530.700500 520276992.801542
530.811700 505022065.292717
530.922900 515095677.162453
531.034000 541939711.460337
531.145200 530159334.777466
531.256400 542288036.990808
531.367600 554514221.209517
531.478800 558871901.838167
531.590000 571049199.921235
531.701200 593881040.402380
531.812400 594044868.675487
531.923500 605364333.904932
532.034700 637254087.063048
532.145900 632835578.447093
532.257100 643742137.775338
532.368300 659611226.720686
532.479500 661064584.733199
532.590700 668683472.067233
532.701900 691522236.082038
532.813000 684082380.982169
532.924200 693576131.343375
533.035400 698082997.506216
533.146600 690884983.637712
533.257800 696762216.729452
533.369000 726253553.997983
533.480200 720501267.130939
533.591400 730225762.101546
533.702600 752905372.167308
533.813700 754809652.377643
533.924900 763811684.869736
534.036100 784632229.428730
534.147300 772011416.211355
534.258500 778596296.401270
534.369700 782130876.199759
534.480900 771483660.510910
534.592100 780284662.954859
534.703200 814721439.967436
534.814400 817044596.627088
534.925600 822577425.105430
535.036800 839713600.956501
535.148000 837919186.341520
535.259200 840803260.571216
535.370400 839653355.814567
535.481600 839813895.098099
535.592700 837168105.400443
535.703900 864180223.222834
535.815100 840046991.559215
535.926300 835103139.840080
536.037500 848274121.263185
536.148700 822925676.435334
536.259900 822312412.536891
536.371100 836430044.043350
536.482300 847238600.238266
536.593400 847360340.296940
536.704600 873347380.546672
536.815800 862425887.984654
536.927000 863665978.028611
537.038200 904531316.614836
537.149400 876557373.113316
537.260600 879517546.144673
537.371800 905449394.357273
537.482900 884780158.319290
537.594100 888908835.972999
537.705300 891686588.577001
537.816500 878589424.109241
537.927700 885329044.759110
538.038900 896622569.460562
538.150100 892519971.472073
538.261300 897324417.481661
538.372400 935960068.749248
538.483600 927714508.674222
538.594800 932736872.001576
538.706000 961691546.739685
538.817200 947134838.654985
538.928400 954474629.614817
539.039600 974039859.240423
539.150800 968483907.447289
539.262000 977374562.321669
539.373100 997726548.411458
539.484300 985984901.918355
539.595500 996215209.561948
539.706700 1029316642.198962
539.817900 1005529606.118748
539.929100 1018347217.463768
540.040300 1042695605.241926
540.151500 1057358623.533359
540.262600 1075600430.929497
540.373800 1091953211.996354
540.485000 1084263879.796920
540.596200 1101927015.340825
540.707400 1127583851.661994
540.818600 1129405722.007329
540.929800 1143375432.036199
541.041000 1179241136.615412
541.152200 1158899189.360420
541.263300 1170880744.649946
541.374500 1171462196.083987
541.485700 1178912690.469705
541.596900 1188224952.440467
541.708100 1203738350.478817
541.819300 1222712856.835795
541.930500 1231945862.521671
542.041700 1261454670.037479
542.152800 1240573672.356893
542.264000 1247726065.123452
542.375200 1270718716.514328
542.486400 1255478879.002682
542.597600 1259005780.150292
542.708800 1273816379.650537
542.820000 1268178711.039327
542.931200 1268268543.834716
543.042300 1280774567.175272
543.153500 1271917506.650720
543.264700 1270752807.958693
543.375900 1300877371.036254
543.487100 1282680440.318897
543.598300 1285240487.036868
543.709500 1316947300.096281
543.820700 1299200090.107776
543.931900 1298610145.716581
544.043000 1311363534.027123
544.154200 1289486758.062578
544.265400 1284368273.160602
544.376600 1298838183.793356
544.487800 1277082469.188704
544.599000 1273430941.565003
544.710200 1288998860.523488
544.821400 1273174258.706712
544.932500 1268730840.739692
545.043700 1282579607.554542
545.154900 1274954480.497940
545.266100 1269335841.072890
545.377300 1283891599.854842
545.488500 1270675264.397715
545.599700 1267965360.718283
545.710900 1306019285.596326
545.822000 1278796909.603583
545.933200 1280352126.982570
546.044400 1301187370.656389
546.155600 1292726311.267130
546.266800 1297396514.885975
546.378000 1321756949.412631
546.489200 1309028762.627982
546.600400 1314532279.258175
546.711600 1331654195.982509
546.822700 1314486844.059915
546.933900 1324827744.250464
547.045100 1359137755.048764
547.156300 1342114973.677674
547.267500 1355825425.706785
547.378700 1396757933.505528
547.489900 1384812589.334233
547.601100 1395095627.011316
547.712200 1422453124.470941
547.823400 1419821381.887718
547.934600 1429107653.369825
548.045800 1453766865.937407
548.157000 1439298413.776172
548.268200 1448367805.508360
548.379400 1460681572.166351
548.490600 1448193587.114407
548.601700 1459479470.574379
548.712900 1498931066.617970
548.824100 1492886153.968569
548.935300 1498986857.585048
549.046500 1521023950.054884
549.157700 1508720758.013358
549.268900 1516960005.252468
549.380100 1535163045.019822
549.491300 1516766105.339863
549.602400 1523697131.919489
549.713600 1534954029.202009
549.824800 1517609000.597980
549.936000 1523160188.722425
550.047200 1532908140.957185
550.158400 1531706690.563735
550.269600 1539061004.547951
550.380800 1564025782.467950
550.491900 1562697989.339803
550.603100 1563179813.321325
550.714300 1585198421.839184
550.825500 1564964409.370970
550.936700 1560828552.799729
551.047900 1583278313.887776
551.159100 1565630363.105914
551.270300 1558479435.906001
551.381400 1562799986.718019
551.492600 1524334559.014617
551.603800 1521228602.249613
551.715000 1540971103.504722
551.826200 1525093327.214280
551.937400 1523710331.025109
552.048600 1563871467.655488
552.159800 1527828503.302707
552.271000 1523820877.389644
552.382100 1561021063.721956
552.493300 1539080892.533413
552.604500 1538412268.201336
552.715700 1528931507.359330
552.826900 1518776449.380800
552.938100 1526744154.541560
553.049300 1537451159.485556
553.160500 1511493406.605638
553.271600 1520941567.220656
553.382800 1533330716.829793
553.494000 1514452196.160587
553.605200 1527833311.076205
553.716400 1565951503.019298
553.827600 1548013833.612536
553.938800 1559821929.266825
554.050000 1585743657.809888
554.161200 1589753021.139278
554.272300 1604776618.624497
554.383500 1619945158.193712
554.494700 1605185618.521596
554.605900 1616004356.523120
554.717100 1606932362.354044
554.828300 1621303669.964451
554.939500 1637415668.873105
555.050700 1638735243.568487
555.161800 1656842705.768157
555.273000 1671965593.521495
555.384200 1706769324.769739
555.495400 1655352934.210948
555.606600 1687431992.592565
555.717800 1720749152.049036
555.829000 1494995465.288159
555.940200 1820711588.548249
556.051300 1882547866.900483
556.162500 1627433639.955696
556.273700 1862375203.865034
556.384900 1902012837.135755
556.496100 1652495827.079692
556.607300 1955638474.686215
556.718500 1975098907.168177
556.829700 1711382553.539746
556.940900 1982615947.903153
557.052000 1981481793.401243
557.163200 1741377384.309134
557.274400 2010599731.281714
557.385600 2050133528.973533
557.496800 1779396692.813682
557.608000 2000530419.473026
557.719200 1736352023.294918
557.830400 1505430674.746449
557.941500 1821661841.540494
558.052700 1583696987.340145
558.163900 1561607906.512877
558.275100 1609741437.636651
558.386300 1748830869.886462
558.497500 1721367481.938648
558.719900 1759477324.321860
558.831000 1779781874.976699
558.942200 1590259136.651578
559.053400 1914653020.833987
559.164600 1978885098.158950
559.275800 1771274416.637417
559.387000 2093559701.027107
559.498200 2109771060.433539
559.609400 1883363144.388920
559.720600 2207745946.595272
559.831700 2246299408.661347
559.942900 1981523561.432805
560.054100 2282716168.715102
560.165300 2280071583.243890
560.276500 1998635217.899247
560.387700 2231676656.932957
560.498900 2243073684.021902
560.721200 1952227700.853170
561.054800 2211874304.986983
561.166000 2203644457.764448
561.388400 1896453422.211718
561.610700 2104882344.147472
561.721900 2052742793.696985
561.833100 1825210372.979659
561.944300 2058702424.529289
562.055500 2066177286.533438
562.166700 2057338629.961193
562.389100 2047865547.229302
562.500300 1960141509.920018
562.611400 1936185413.313292
562.722600 1989947145.794485
562.833800 1942716457.646571
562.945000 1914736184.705743
563.056200 1900422970.405301
563.167400 1800754675.469478
563.278600 1756844054.220003
563.389800 1708086263.266588
563.500900 1647751675.669578
563.612100 1588224973.171855
563.723300 1546644010.890509
563.834500 1408974230.400016
563.945700 1318872207.241400
564.056900 1287485613.748153
564.168100 1466097885.400628
564.279300 1431674109.736012
564.390400 1384140367.991153
564.501600 1619214381.347088
564.612800 1405484782.560699
564.724000 1666178601.027129
564.835200 1614099591.599677
564.946400 1392443824.332959
565.057600 1666605299.825849
565.168800 1701157859.976420
565.280000 1714714434.684447
565.391100 1740210387.369266
565.502300 1737238142.114872
565.613500 1752464263.475803
565.724700 1759062081.477643
565.835900 1754278776.320089
565.947100 1775109269.692419
566.058300 1771700462.328183
566.169500 1748859174.540981
566.280600 1753556256.225858
566.391800 1739416092.175250
566.503000 1707520474.566384
566.614200 1700060068.080442
566.725400 1717874742.111573
566.836600 1695116694.968275
566.947800 1690155963.082381
567.059000 1682017239.527607
567.170100 1661323487.383074
567.281300 1653705708.833323
567.392500 1693966709.618210
567.503700 1696413422.051782
567.614900 1699214560.172158
567.726100 1708644540.652380
567.837300 1694902514.176336
567.948500 1701463145.983884
568.059700 1716102085.238999
568.170800 1712189414.996795
568.282000 1719848888.306616
568.393200 1732649699.693474
568.504400 1720532550.366210
568.615600 1730655032.899983
568.726800 1742089369.133366
568.838000 1743753248.722879
568.949200 1750473010.647658
569.060300 1787434582.256938
569.171500 1777183001.929662
569.282700 1785313690.805466
569.393900 1802818865.713176
569.505100 1812593203.065440
569.616300 1818572109.265172
569.727500 1843465360.247577
569.838700 1823544558.143646
569.949900 1829491258.386652
570.061000 1847767137.723101
570.172200 1815848981.405874
570.283400 1817221287.019979
570.394600 1827370139.283417
570.505800 1812285318.897188
570.617000 1810503803.825142
570.728200 1812148126.860680
570.839400 1793882281.267605
570.950500 1789860312.540223
571.061700 1808372299.439976
571.172900 1795299362.581480
571.284100 1791372530.726297
571.395300 1818011941.029746
571.506500 1799641110.252255
571.617700 1795929685.524642
571.728900 1803212369.373668
571.840000 1784673351.302758
571.951200 1775754770.892738
572.062400 1774889418.897760
572.173600 1751081020.388370
572.284800 1738747765.949236
572.396000 1756318358.042898
572.507200 1728971387.406792
572.618400 1716795828.443133
572.729600 1713579627.774283
572.840700 1698219185.262192
572.951900 1686254874.441220
573.063100 1696969374.118604
573.174300 1672894283.776516
573.285500 1661344329.779156
573.396700 1687008086.286013
573.507900 1657653251.981308
573.619100 1649529672.908485
573.730200 1654379707.006116
573.841400 1646067735.875422
573.952600 1640311242.028173
574.063800 1667510835.883258
574.175000 1639655468.397629
574.286200 1638364728.542326
574.397400 1632264151.536644
574.508600 1623719301.276855
574.619700 1623168655.373084
574.730900 1642766948.872280
574.842100 1616488543.095537
574.953300 1618223119.709606
575.064500 1632959888.721927
575.175700 1612679326.998765
575.286900 1612367220.377088
575.398100 1626103649.902537
575.509300 1617692224.789499
575.620400 1617998477.624036
575.731600 1635693466.698736
575.842800 1620933978.836687
575.954000 1621290936.741211
576.065200 1645943818.796080
576.176400 1625384114.178513
576.287600 1625529186.058816
576.398800 1636004392.862420
576.509900 1623889317.862719
576.621100 1625078107.739744
576.732300 1643352341.407279
576.843500 1622547513.515832
576.954700 1623148130.673860
577.065900 1636285044.322408
577.177100 1614239369.090238
577.288300 1615133768.687780
577.399400 1630409096.098356
577.510600 1599767540.489604
577.621800 1599646952.590770
577.733000 1610618839.523925
577.844200 1585519449.632863
577.955400 1585270981.608416
578.066600 1581137502.518639
578.177800 1560660810.338341
578.289000 1561399577.570902
578.400100 1579136710.394822
578.511300 1557785580.630304
578.622500 1557854261.435296
578.733700 1565979271.266593
578.844900 1546418982.932143
578.956100 1545229268.082366
579.067300 1564414866.018337
579.178500 1538151019.281790
579.289600 1535444208.932508
579.400800 1554282860.855305
579.512000 1520488567.241861
579.623200 1517783260.299364
579.734400 1523353492.996204
579.845600 1506801159.208373
579.956800 1506361601.167654
580.068000 1539412750.125091
580.179100 1513514915.215778
580.290300 1513606640.167144
580.401500 1522830981.650815
580.512700 1509018543.752889
580.623900 1510751089.358496
580.735100 1525038663.100630
580.846300 1510599040.303196
580.957500 1511960887.882571
581.068700 1531267725.047181
581.179800 1507145932.196100
581.291000 1505856009.012578
581.402200 1512506003.625602
581.513400 1486656270.157953
581.624600 1484661220.578198
581.735800 1489435706.924977
581.847000 1478057504.521905
581.958200 1472563562.865733
582.069300 1487619871.051800
582.180500 1463456972.742150
582.291700 1456725223.190090
582.402900 1467583954.754835
582.514100 1440545672.267512
582.625300 1430580192.441246
582.736500 1435415387.130227
582.847700 1412573032.697678
582.958900 1401680518.098441
583.070000 1399220349.170249
583.181200 1383806153.327003
583.292400 1371172116.009534
583.403600 1380743383.902664
583.514800 1352860162.094203
583.626000 1339883163.450615
583.737200 1355316200.915359
583.848400 1330097256.034572
583.959500 1319789919.270986
584.070700 1330507871.968961
584.181900 1308070232.568632
584.293100 1295489158.712671
584.404300 1301923371.754220
584.515500 1278085861.680486
584.626700 1264644161.819714
584.737900 1259521153.122967
584.849000 1236155937.474699
584.960200 1221846511.536444
585.071400 1227018470.470439
585.182600 1199859589.578464
585.293800 1187399620.562873
585.405000 1194564573.420230
585.516200 1175377315.108345
585.627400 1165340622.458080
585.738600 1163185115.016500
585.849700 1141131624.032177
585.960900 1131792582.280234
586.072100 1142028671.204906
586.183300 1120301119.223249
586.294500 1114411928.098129
586.405700 1129709706.708945
586.516900 1099489682.354467
586.628100 1096323956.615179
586.739200 1098927126.710947
586.850400 1089317662.682231
586.961600 1084553955.619651
587.072800 1103495841.943158
587.184000 1086100619.919127
587.295200 1083644758.589283
587.406400 1101639054.344799
587.517600 1071375306.267557
587.628700 1069449578.987113
587.739900 1080792980.959915
587.851100 1062901470.182302
587.962300 1061303351.007975
588.073500 1069131097.387602
588.184700 1046373834.773505
588.295900 1043912933.862976
588.407100 1059690671.855705
588.518300 1046290334.670732
588.629400 1041645032.786560
588.740600 1057681793.346339
588.851800 1032781007.380684
588.963000 1027212399.000918
589.074200 1037442155.756698
589.185400 1017287194.625117
589.296600 1009919918.172480
589.407800 1020986555.084231
589.518900 996081517.200948
589.630100 989210441.215913
589.741300 989813579.866124
589.852500 961172983.387882
589.963700 952927023.429628
590.074900 963444734.647854
590.186100 934994279.246238
590.297300 924734886.476239
590.408400 935289081.638359
590.519600 904474645.886194
590.630800 892733160.087989
590.742000 889159263.938231
590.853200 861307441.897388
590.964400 851133365.732749
591.075600 853542083.122054
591.186800 832122530.197361
591.298000 822257157.551244
591.409100 837015251.883901
591.520300 811681596.722925
591.631500 801617401.917439
591.742700 813331690.920043
591.853900 784831843.032928
591.965100 777288788.806414
592.076300 786717609.246110
592.187500 770763827.511681
592.298600 765611334.146995
592.409800 780975467.446213
592.521000 746804024.494263
592.632200 741736008.500690
592.743400 745862471.958113
592.854600 728714570.865921
592.965800 724615342.458056
593.077000 740471653.948209
593.188100 726034994.168784
593.299300 722526332.095220
593.410500 737166484.754549
593.521700 712331455.847381
593.632900 710168954.849193
593.744100 716803182.964111
593.855300 707106059.161286
593.966500 705517269.881594
594.077700 721991748.278919
594.188800 692616730.320539
594.300000 689034639.857622
594.411200 705174620.711600
594.522400 679809995.660312
594.633600 674710435.645512
594.744800 693541986.364450
594.856000 666755519.138298
594.967200 657242867.638374
595.078300 662931449.113091
595.189500 631221109.053419
595.300700 623289358.120507
595.411900 632287195.144593
595.523100 603482658.221158
595.634300 597634996.836848
595.745500 600653762.930129
595.856700 574462504.499209
595.967800 567908498.580249
596.079000 572666768.147680
596.190200 547896294.148428
596.301400 540101253.063701
596.412600 553044181.124874
596.523800 528214632.413568
596.635000 523033173.199338
596.746200 540708089.989037
596.857400 508630444.328727
596.968500 505324154.599464
597.079700 511891854.602403
597.190900 491420967.580663
597.302100 486043910.744851
597.413300 489705503.513343
597.524500 481253535.654923
597.635700 475771038.970578
597.746900 495497208.987994
597.858000 465870276.124537
597.969200 461452354.557373
598.080400 466872625.985074
598.191600 457271325.056283
598.302800 452088275.555052
598.414000 471607751.158652
598.525200 443050354.339692
598.636400 439068772.603955
598.747600 450685935.800190
598.858700 426813338.187737
598.969900 422271223.641702
599.081100 431434273.323604
599.192300 185910793.710394
599.303500 453781636.950648
599.414700 475622942.171835
599.525900 221409484.718776
599.637100 499183001.298232
599.748200 503326341.627848
599.859400 249772251.256837
599.970600 511808803.911783
600.081800 516398570.160483
600.193000 259614820.853347
600.304200 525979244.667051
600.415400 515787509.684124
600.526600 252775515.229035
600.637700 520012336.414245
600.748900 521510599.401707
600.860100 263559399.738119
600.971300 524532804.424827
601.082500 523360691.363231
601.193700 260436938.488637
601.304900 519483279.169641
601.416100 520932776.081709
601.527300 252003209.127391
601.638400 510685927.168937
601.749600 491231661.013550
601.860800 221400962.660140
602.083200 477294524.304605
602.194400 461130758.964207
602.305600 196415688.203491
602.416800 443950522.134042
602.527900 438340514.621614
602.639100 173268788.195077
602.750300 432186662.232225
602.861500 423490494.546956
602.972700 148591973.924532
603.083900 405238232.360601
603.195100 401231613.083488
603.306300 119471837.719007
603.417400 361824668.444931
603.528600 339075694.179395
603.639800 69519314.302369
603.751000 310043734.140667
603.862200 296380124.303043
603.973400 15542308.463799
604.084600 261680866.998300
604.195800 14614114.508004
604.307000 20893335.087943
604.418100 37833400.395485
604.529300 72255835.368411
604.640500 57002764.538659
604.751700 68248853.740946
604.862900 96720790.763396
604.974100 360225151.870319
605.085300 147096475.104583
605.196500 158636527.615282
605.307600 428030105.247447
605.418800 198871874.746891
605.530000 213009213.463608
605.641200 248558441.133836
605.752400 309428665.134820
605.863600 321107084.498536
605.974800 351764241.313554
606.086000 400631311.369455
606.197100 408006281.518454
606.308300 431258329.773855
606.419500 458939346.754963
606.530700 453020732.559731
606.641900 467598539.140231
606.753100 491001587.170532
606.975500 472139405.606319
607.086700 483899750.163990
607.197800 277160986.896638
607.420200 309338587.406995
607.531400 586886746.144324
607.642600 363447761.455194
607.753800 382041686.519830
607.865000 422465581.151572
607.976200 461262825.531242
608.087300 253462405.547824
608.198500 550686621.601163
608.309700 368562735.040310
608.420900 392294172.843053
608.532100 460322249.636024
608.754500 533626647.947877
608.865700 569980793.289366
608.976800 616627862.611317
609.088000 655406907.466827
609.199200 669035902.710938
609.310400 696094669.475106
609.421600 727727237.909457
609.532800 504503334.996569
609.644000 794671857.644051
609.755200 593315628.790501
609.866400 629179791.275295
609.977500 665698778.249349
610.088700 715260701.243737
610.422300 997504403.096568
610.533500 781387186.614944
610.644700 1079148884.989123
610.755900 877843781.375531
610.978200 923644296.081703
611.089400 1203586767.695322
611.311800 982697068.336678
611.423000 1009530363.310050
611.534200 1253751393.379180
611.756600 1020786516.455657
611.978900 1017790142.561453
612.090100 1244122002.115245
612.201300 988014586.781257
612.312500 1232472308.532867
612.423700 1217267812.184342
612.534900 938641400.095321
612.646100 1169957071.157408
612.757200 1132706559.655753
612.979600 829606765.116101
613.090800 1029985524.600352
613.313200 981430894.681857
613.424400 659169361.116575
613.535600 838686967.918002
613.757900 771593715.359427
613.869100 444201477.646966
613.980300 612991322.291063
614.091500 570465729.537226
614.313900 535687004.366337
614.425100 462234387.316100
614.536300 398854052.620505
614.647400 361528256.666411
614.758600 550098826.092778
614.869800 253714517.195124
614.981000 466129908.761360
615.092200 423107300.443845
615.203400 381048531.358593
615.314600 383845253.125469
615.425800 604006395.293795
615.536900 323896426.489394
615.648100 287183592.979184
615.759300 495494188.492797
615.870500 220422862.192595
615.981700 174803074.824522
616.092900 371952845.262895
616.204100 89064472.569015
616.315300 305670606.280674
616.426400 264053268.284995
616.537600 239289136.012630
616.648800 222182180.280420
616.760000 457730099.585534
616.871200 196595689.488717
617.093600 178650573.518692
617.204800 406364305.675209
617.316000 142436522.802874
617.427100 401107336.327780
617.538300 396052285.561992
617.649500 124232067.141295
617.760700 375892167.693535
617.871900 364906268.703694
617.983100 102987779.678698
618.094300 356364339.890646
618.205500 340318671.401614
618.316600 73738419.545325
618.427800 321843788.131291
618.539000 316625848.173705
618.650200 41142914.611372
618.761400 288735650.205300
618.872600 275539838.959690
618.983800 0.000000
619.095000 243720618.011119
619.206100 236635865.177292
619.317300 0.000000
619.428500 201454207.873378
619.539700 199667933.142416
619.650900 0.000000
619.762100 167268074.362526
619.873300 161927879.213614
619.984500 163855729.927221
620.095700 183994948.392799
620.206800 163543798.118347
620.318000 165885144.142636
620.429200 183435793.356888
620.540400 162174070.099772
620.651600 165203539.811411
620.762800 179547373.325050
620.874000 161819111.460972
620.985200 164754868.389382
621.096300 181870617.919664
621.207500 159931023.614331
621.318700 162230998.228713
621.429900 177743830.595447
621.541100 160292550.138229
621.652300 162419674.842788
621.763500 183820523.709391
621.874700 167372492.336971
621.985800 167999592.561239
622.097000 192574964.636320
622.208200 182166964.427531
622.319400 183080421.077952
622.430600 207024522.722147
622.541800 185350954.372470
622.653000 186733489.482828
622.764200 206439225.150823
622.875400 188577425.799697
622.986500 189395956.153908
623.097700 205308853.146499
623.208900 189882232.783618
623.320100 189617315.431932
623.431300 211478255.114829
623.542500 185639175.598654
623.653700 184265688.405028
623.764900 189123798.066403
623.876000 172109745.094471
623.987200 170754603.756539
624.098400 184619213.929511
624.209600 169060335.197303
624.320800 167136137.332935
624.432000 178431459.864490
624.543200 157981850.878961
624.654400 156332943.145483
624.765600 165195541.493518
624.876700 151273552.714291
624.987900 150480355.719205
625.099100 166925108.023928
625.210300 151865139.191063
625.321500 151689105.027413
625.432700 163674121.930976
625.543900 139306626.764804
625.655100 139664543.826545
625.766200 150437639.135862
625.877400 137537741.767047
625.988600 138078784.478132
626.099800 154573937.104526
626.211000 145546962.617211
626.322200 146635363.934043
626.433400 168306685.141562
626.544600 149501943.382656
626.655700 151219016.738379
626.766900 168968246.273765
626.878100 157889063.683881
626.989300 160399222.238465
627.100500 185112880.318455
627.211700 171753396.251471
627.322900 174068640.944501
627.434100 191317243.629246
627.545300 171716668.891435
627.656400 172949168.495395
627.767600 188932923.942811
627.878800 166710833.687036
627.990000 167130234.732940
628.101200 181504688.343429
628.212400 168582246.787935
628.323600 168775410.617620
628.434800 180372060.013954
628.545900 162163405.448958
628.657100 162339305.688107
628.768300 173848492.773914
628.879500 152355646.629163
628.990700 152303737.365706
629.101900 161211158.016648
629.213100 144927316.575376
629.324300 143988586.295844
629.435400 162712169.596630
629.546600 140657710.668478
629.657800 141322336.761144
629.769000 155525414.640821
629.880200 133875812.095539
629.991400 134010110.240277
630.102600 149965457.129438
630.213800 137422764.033693
630.325000 136901768.514896
630.436100 157521720.402842
630.547300 139036792.350552
630.658500 138519611.820614
630.769700 153207206.685833
630.880900 136592522.900505
630.992100 135746085.787120
631.103300 155722947.745739
631.214500 143126137.104929
631.325600 142876335.430000
631.436800 159479154.481470
631.548000 142655055.619739
631.659200 142816185.824197
631.770400 159746475.351334
631.881600 142483664.291961
631.992800 141382599.462968
632.104000 155650480.491172
632.215100 138146523.141842
632.326300 137445890.046247
632.437500 151395226.181100
632.548700 132040611.125389
632.659900 131948568.831152
632.771100 144545784.466304
632.882300 127669680.871706
632.993500 126097009.682104
633.104700 138864102.740374
633.215800 120061777.025331
633.327000 117891112.939036
633.438200 130016918.177351
633.549400 110611054.334438
633.660600 109058802.273175
633.771800 123363982.930218
633.883000 103485182.097673
633.994200 100798446.921611
634.105300 117645876.440260
634.216500 102601281.127542
634.327700 99147454.904222
634.438900 112661595.742049
634.550100 97448944.053860
634.661300 94643850.349980
634.772500 104597158.336037
634.883700 89981787.507341
634.994800 87150193.894467
635.106000 99848760.066267
635.217200 89413891.469753
635.328400 87284081.010389
635.439600 103271458.782692
635.550800 86588859.837764
635.662000 85402866.647713
635.773200 103415948.390294
635.884400 83915519.565994
635.995500 81617471.222946
636.106700 97780217.834615
636.217900 80457110.233306
636.329100 77182900.601702
636.440300 91523167.269657
636.551500 69599694.536223
636.662700 67020197.439383
636.773900 81653465.318318
636.885000 60418193.980618
636.996200 57340334.280396
637.107400 71743773.767929
637.218600 51398391.499208
637.329800 49417617.868102
637.441000 64549860.951076
637.552200 43771086.656921
637.663400 41188324.102036
637.774500 56381282.728133
637.885700 39645315.293147
637.996900 37015815.379573
638.108100 52288379.032266
638.219300 32921177.427938
638.330500 32307180.187285
638.441700 47648655.774024
638.552900 29988946.092345
638.664100 29256756.781438
638.775200 41674561.967969
638.886400 25744102.166447
638.997600 25466688.115409
639.108800 43307198.603899
639.220000 31893061.139803
639.331200 32506855.667500
639.442400 49045407.743255
639.553600 32859503.692050
639.664700 33503763.099622
639.775900 48225638.806932
639.887100 28356293.003126
639.998300 28386132.101153
640.109500 47013507.971858
640.220700 28712517.070427
640.331900 28667791.871230
640.443100 49086452.462802
640.554300 27939971.565963
640.665400 28329978.288448
640.776600 48438034.898483
640.887800 31556163.375278
640.999000 31385333.997802
641.110200 47459605.041878
641.221400 30624302.998140
641.332600 30959474.724417
641.443800 42885390.286279
641.554900 22960197.814595
641.666100 23229681.513691
641.777300 34482168.906973
641.888500 17021515.980170
641.999700 16261275.879246
642.110900 32533833.219789
642.222100 15482540.902112
642.333300 15297838.303347
642.444400 29313420.092834
642.555600 12429897.285434
642.666800 11607389.185892
642.778000 28459996.768074
642.889200 10837700.742507
643.000400 10737573.782285
643.111600 25597875.040261
643.222800 5443987.690727
643.334000 5445954.621633
643.445100 16874186.517276
643.556300 0.000000
643.667500 0.000000
643.778700 8835731.473712
643.889900 0.000000
644.001100 0.000000
644.112300 17752226.301075
644.223500 2193834.841353
644.334600 2958889.356626
644.445800 18557880.120380
644.557000 0.000000
644.668200 48859943.900920
644.779400 0.000000
644.890600 0.000000
645.001800 137150788.305006
645.113000 0.000000
645.224100 0.000000
645.335300 213693501.918336
645.446500 0.000000
645.557700 18755097.464026
645.668900 282088552.524624
645.780100 58293460.967010
645.891300 76076078.173342
646.002500 332060882.282939
646.113700 104702924.177667
646.224800 120331325.227649
646.336000 372178253.938255
646.447200 140794033.977653
646.558400 147067700.201671
646.669600 396122324.708864
646.780800 159725718.889297
646.892000 164912808.717444
647.003200 409195477.176629
647.114300 172058802.833497
647.336700 176622903.416034
647.447900 414320674.802431
647.559100 173166725.821455
647.781500 169824182.644508
647.892700 405572495.942286
648.003800 158352988.984746
648.115000 149707712.608556
648.226200 384674364.470376
648.337400 133155988.386490
648.448600 122003658.326707
648.559800 349644669.678827
648.671000 94047156.419725
648.782200 80916156.183499
648.893400 305217709.708069
649.004500 46088794.903450
649.115700 28918870.072261
649.226900 25567309.462459
649.338100 34219617.064745
649.449300 12688666.184583
649.560500 3888007.121617
649.671700 14852250.117800
649.782900 0.000000
649.894000 0.000000
650.005200 0.000000
650.116400 0.000000
650.227600 0.000000
650.338800 0.000000
650.450000 0.000000
650.561200 0.000000
650.672400 0.000000
650.783500 34323506.946792
650.894700 0.000000
651.005900 130008592.366549
651.117100 0.000000
651.228300 6127799.092709
651.339500 299928574.266735
651.450700 108096532.795072
651.561900 153998151.228724
651.673100 213080311.216168
651.784200 281303413.756292
651.895400 92841973.057924
652.117800 411397164.416178
652.229000 468338750.943215
652.340200 266805789.900862
652.451400 571672435.330481
652.562600 616374080.748482
652.673700 398985099.116557
652.784900 691563567.474167
652.896100 497185398.768638
653.007300 539892854.265507
653.118500 813638662.532687
653.229700 601090227.821072
653.452100 631166499.919361
653.674400 891907613.490438
653.785600 665046059.836099
654.008000 676696904.248250
654.119200 697452151.798836
654.230400 731790682.461982
654.452800 721368007.295396
654.563900 725506357.962822
654.675100 738722258.866039
654.786300 491662540.184391
654.897500 750602158.226426
655.119900 743858995.869228
655.342300 477360154.150819
655.453400 715004149.260770
655.564600 467553939.291083
655.675800 727693829.367555
655.787000 723898836.576456
655.898200 456356999.009859
656.009400 693841637.805995
656.120600 445568749.149974
656.343000 431987582.815774
656.454100 426319349.368551
656.565300 432099848.528685
656.676500 393115603.614395
656.787700 364800437.360343
656.898900 346281308.675986
657.010100 560094280.598451
657.121300 284891857.633286
657.343600 515774955.553497
657.454800 262540453.001230
657.566000 512865644.626235
657.677200 277027873.785004
657.788400 547570438.029055
658.010800 551863699.367426
658.122000 298948692.463562
658.233100 552337654.256308
658.344300 540212898.895984
658.455500 540937616.583338
658.566700 555059748.865693
658.789100 799040884.731183
658.900300 560602822.182144
659.011500 554659756.665835
659.122700 560947316.299799
659.233800 578590151.322083
659.456200 554254473.386374
659.678600 543063520.444201
659.789800 540192173.820271
659.901000 773271511.880009
660.012200 519903316.151936
660.123300 506864147.243216
660.234500 500765321.818663
660.345700 504712894.505961
660.456900 471393383.735688
660.679300 446830189.964895
660.790500 428038133.584020
661.012800 425053731.991002
661.124000 206986903.671803
661.235200 224383003.785109
661.346400 248941757.613701
661.457600 282144813.354901
661.568800 323605361.682895
661.680000 372956982.865779
661.791200 384534563.253187
661.902400 402660254.032666
662.013500 429068889.928887
662.124700 690371329.500424
662.235900 461620640.248933
662.458300 468049505.496027
662.569500 482297299.268700
662.680700 507153898.171412
662.791900 538836223.940294
662.903000 576627303.153326
663.014200 851298182.853960
663.125400 636471618.478857
663.236600 653731325.073998
663.459000 905653430.154307
663.570200 672195047.755323
663.681400 672386310.518508
663.792500 904441441.692523
663.903700 649890155.040487
664.126100 898156463.282335
664.459700 888815382.055267
664.682100 886705074.573895
664.793200 895807299.061871
664.904400 646492296.785597
665.126800 899136423.028431
665.238000 664407267.876626
665.349200 665313253.867994
665.460400 898242139.648391
665.571600 640390665.610821
665.682700 617153895.104508
665.793900 827745052.400463
666.016300 552200250.283366
666.127500 780644453.579209
666.238700 523312724.375740
666.461100 498832537.242441
666.572300 483844741.389427
666.683400 474403189.206406
666.794600 205319890.084062
666.905800 439970470.283665
667.017000 404420656.591160
667.128200 383110475.672739
667.239400 366546696.817025
667.350600 308896003.024882
667.461800 264773516.148137
667.572900 232027643.778280
667.684100 205929314.050321
667.795300 461263900.928007
668.017700 453229573.580862
668.128900 456713770.998976
668.240100 471143370.403513
668.462400 495185966.195500
668.573600 526837421.602304
668.684800 523333368.296636
668.796000 529824316.682083
668.907200 550798854.553400
669.018400 527504377.229645
669.129600 516388428.939049
669.352000 516424814.877285
669.463100 747863640.036437
669.574300 497719442.321229
669.796700 755100544.452848
670.019100 753696401.085646
670.130300 487657231.835214
670.241500 731640495.797269
670.352600 712370953.591050
670.463800 435537166.961943
670.575000 666112584.445504
670.686200 629477103.042248
670.797400 337188220.700568
671.019800 549991983.883150
671.131000 284147772.235072
671.242100 248930650.005733
671.353300 450402400.120547
671.464500 167429993.471168
671.686900 388179763.906773
671.798100 352309503.619816
671.909300 329069716.624378
672.020500 318161144.626868
672.131700 265025580.740722
672.242800 228781815.652952
672.354000 207008345.807156
672.465200 146740028.271915
672.576400 98381569.083760
672.687600 63601439.872491
672.798800 261563463.257704
672.910000 0.000000
673.021200 207398476.557897
673.132300 0.000000
673.243500 208555587.340340
673.354700 0.000000
673.465900 0.000000
673.577100 12595622.305478
673.688300 47033225.031257
673.799500 48527743.822464
673.910700 58691525.383959
674.133000 84316919.500264
674.244200 343167919.380916
674.355400 118986927.322028
674.466600 132647057.741949
674.577800 377557405.392070
674.689000 143282663.155109
674.800200 415873588.722394
674.911400 437293184.956731
675.022500 195289504.012889
675.133700 463263589.958712
675.244900 471755069.665560
675.356100 222682496.984563
675.467300 480518159.931079
675.578500 476872245.120971
675.689700 222550521.930015
675.800900 472626478.655694
675.912000 468038432.847056
676.134400 202545685.206223
676.245600 444502134.781156
676.468000 428141327.370778
676.690400 160218588.557983
676.801500 396835803.010502
676.912700 376931121.647343
677.023900 101192566.589295
677.135100 329623204.055216
677.246300 81135927.131428
677.357500 336029148.555504
677.468700 331860302.008003
677.579900 72864217.416149
677.691100 321911025.372031
677.802200 316978657.454453
677.913400 50932920.172757
678.024600 293665706.874786
678.135800 275350388.573934
678.247000 3562692.185590
678.358200 232228605.629613
678.469400 0.000000
678.580600 0.000000
678.691700 196357453.013486
678.802900 0.000000
678.914100 0.000000
679.025300 136212639.797172
679.136500 0.000000
679.247700 110345389.988702
679.358900 99124108.486965
679.470100 98647649.895215
679.581200 108393046.630080
679.692400 360223646.214136
679.803600 133293824.055772
680.026000 143107437.460680
680.137200 390536863.952001
680.248400 156177027.578180
680.359600 160899819.415316
680.470800 403269301.664713
680.581900 165474789.246601
680.693100 172018327.408147
680.804300 404706441.779760
680.915500 168000862.812925
681.026700 166784346.020470
681.137900 399281001.768890
681.360300 154931493.638494
681.471400 146771969.748286
681.582600 374983918.366944
681.693800 128295820.188626
681.805000 119414287.491895
681.916200 349146312.288165
682.027400 100269795.912476
682.138600 78626089.738771
682.249800 305966138.419518
682.361000 52776960.095570
682.472100 41000508.829011
682.583300 253504220.831288
682.694500 0.000000
682.805700 0.000000
682.916900 182893543.864789
683.028100 0.000000
683.139300 162485767.008079
683.250500 159716276.082975
683.361600 0.000000
683.472800 144928442.607970
683.584000 137589438.711519
683.695200 0.000000
683.806400 107706703.357216
683.917600 0.000000
684.028800 0.000000
684.140000 111030541.198044
684.251100 0.000000
684.362300 144529304.599395
684.473500 157850430.438584
684.584700 0.000000
684.695900 183056465.955895
684.807100 188929076.782816
684.918300 0.000000
685.029500 209512782.266938
685.140700 219719352.428084
685.251800 0.000000
685.363000 237615880.020990
685.474200 241029544.827874
685.585400 0.000000
685.696600 255286355.731465
685.807800 256406265.770245
685.919000 4876600.721927
686.030200 262876943.733716
686.141300 262032953.353489
686.252500 8899679.771784
686.363700 264980650.827684
686.474900 264195189.087186
686.586100 15009374.531672
686.808500 274417164.811454
686.919700 264492925.093037
687.030800 10410277.470195
687.142000 263702642.702742
687.253200 259788290.823281
687.364400 3863616.398933
687.475600 253084821.371392
687.586800 252336851.912610
687.698000 0.000000
687.809200 236844025.645735
687.920400 240163733.853220
688.031500 0.000000
688.142700 225785496.174556
688.253900 213418043.435596
688.365100 0.000000
688.476300 200080163.793366
688.587500 0.000000
688.698700 0.000000
688.809900 228789831.343559
688.921000 0.000000
689.032200 1688813.660229
689.143400 237818507.248227
689.254600 0.000000
689.365800 0.000000
689.477000 222035611.407045
689.588200 0.000000
689.699400 257948555.765810
689.810500 260633858.671481
689.921700 15042431.192886
690.032900 277248962.547440
690.144100 285978932.851944
690.255300 38347776.876527
690.366500 299771158.961563
690.477700 301755298.469635
690.588900 54302650.294457
690.700100 314323130.394711
690.811200 314346401.591305
690.922400 66770229.508975
691.033600 321256407.618081
691.144800 320079715.024954
691.256000 76770761.019212
691.478400 336865767.952179
691.589600 333289392.744836
691.700700 84049686.038443
691.811900 342267824.879396
691.923100 343617780.941389
692.034300 92734985.303387
692.145500 348646812.548587
692.256700 343495618.769797
692.367900 87494460.272592
692.479100 346716900.741902
692.590200 336050313.088295
692.701400 82683249.864823
692.812600 332020850.608580
692.923800 322536316.706041
693.035000 63166833.209284
693.146200 313118454.540012
693.257400 305122474.396211
693.368600 42052209.242275
693.479800 288788348.270223
693.590900 283033653.744664
693.702100 16424292.520528
693.813300 256087232.711975
693.924500 241431553.604857
694.035700 0.000000
694.146900 209468692.665141
694.258100 208382401.724741
694.369300 212243589.697567
694.480400 219819838.958589
694.591600 215304509.227554
694.702800 216168197.032515
694.814000 226706947.417729
694.925200 214286984.275989
695.036400 213641144.747352
695.147600 225304521.671882
695.258800 215146956.931599
695.370000 215851029.320757
695.481100 222961374.204196
695.592300 220224085.704367
695.703500 218384283.090901
695.814700 237484077.298734
695.925900 217627154.785681
696.037100 214728168.308604
696.148300 229411305.790890
696.259500 215694155.769500
696.370600 212909581.823152
696.481800 230667276.478411
696.593000 216680960.674314
696.704200 214591268.537861
696.815400 229815143.349214
696.926600 219598305.061278
697.037800 218597063.044203
697.149000 236535496.220594
697.260100 222069800.600861
697.371300 221284432.033792
697.482500 231014424.300440
697.593700 217263717.323811
697.704900 217085133.585319
697.816100 228523047.462474
697.927300 224555055.686938
698.038500 224739025.133556
698.149700 233424187.121922
698.260800 220012557.805154
698.372000 219577708.179709
698.483200 233443310.601291
698.594400 222999615.069646
698.705600 223630556.915852
698.816800 239391682.949153
698.928000 225017053.055482
699.039200 226400180.492714
699.150300 253432144.428643
699.261500 227226565.714692
699.372700 228421331.195446
699.483900 250166987.076906
699.595100 236399441.266541
699.706300 240774252.963603
699.817500 269426941.305015
699.928700 245688286.482281
700.039800 251239261.443710
700.151000 288801545.565239
700.262200 260545077.082714
700.373400 265139065.658329
700.484600 282508680.693111
700.595800 268557605.647813
700.707000 273904733.544936
700.818200 312250436.363327
700.929400 294816456.012563
701.040500 300792350.309424
701.151700 321386828.970681
701.262900 300939544.196403
701.374100 306113299.035805
701.485300 323088873.591217
701.596500 309991272.858158
701.707700 315428396.320578
701.818900 339523895.529581
701.930000 326068028.716413
702.041200 330396651.925809
702.152400 344240760.604785
702.263600 331284336.352163
702.374800 335008416.333130
702.486000 357217106.568920
702.597200 338095522.919021
702.708400 343166536.588145
702.819500 365616618.758552
702.930700 345752339.583495
703.041900 350199008.549115
703.153100 368966811.013815
703.264300 348484162.381985
703.375500 356085201.559209
703.486700 379090005.089991
703.597900 364911242.939203
703.709100 372005086.988435
703.820200 396781951.486713
703.931400 383463126.024274
704.042600 389564115.528203
704.153800 414288281.431337
704.265000 401226954.324291
704.376200 406609561.115451
704.487400 425805411.836578
704.598600 422001538.040923
704.709700 425197125.225754
704.820900 428989941.160537
704.932100 425062524.919757
705.043300 428107336.514735
705.154500 443659530.613161
705.265700 445418078.618758
705.376900 446481957.262790
705.488100 466681555.893114
705.599200 455182231.112147
705.710400 456828354.169094
705.821600 459008831.358227
705.932800 454944939.875218
706.044000 454721825.980560
706.155200 464866097.362577
706.266400 456643557.357447
706.377600 458417199.027433
706.488800 470144323.114261
706.599900 458230551.402193
706.711100 457021816.527551
706.822300 463634370.356634
706.933500 455736641.045343
707.044700 456117972.695157
707.155900 468962699.047769
707.267100 463605217.875986
707.378300 463949541.253512
707.489400 472343869.151440
707.600600 452258478.508850
707.711800 452054321.689764
707.823000 460861517.700862
707.934200 455107238.761003
708.045400 454926774.285911
708.156600 477181588.854708
708.267800 470012343.382097
708.379000 468906908.783815
708.490100 474790542.251104
708.601300 470483779.841948
708.712500 468888554.074249
708.823700 487479109.388749
708.934900 482333759.703549
709.046100 484173188.237773
709.157300 509500311.455293
709.268500 492712975.406507
709.379600 495826411.183259
709.490800 513214905.281767
709.602000 510884349.103000
709.713200 512716868.519616
709.824400 532687440.943568
709.935600 524407762.987768
710.046800 525561375.553779
710.158000 550467569.779867
710.269100 514570896.032045
710.380300 515738027.506829
710.491500 519525927.653412
710.602700 513749498.328945
710.713900 518297499.016211
710.825100 544526907.745736
710.936300 525350460.949621
711.047500 527808990.285951
711.158700 533739071.912065
711.269800 515397127.329708
711.381000 519847032.986954
711.492200 530811318.812452
711.603400 522447508.444829
711.714600 528246504.431052
711.825800 563185618.241293
711.937000 542942488.366676
712.048200 550334223.211455
712.159300 572628980.266918
712.270500 552216255.648297
712.381700 558162633.866195
712.492900 595613058.382000
712.604100 562945727.411659
712.715300 572597068.818188
712.826500 595831192.842584
712.937700 581151369.267373
713.048800 590708843.622871
713.160000 629809347.525373
713.271200 624925667.825432
713.382400 632043390.157324
713.493600 675576755.429924
713.604800 646902594.719784
713.716000 654510393.063139
713.827200 671159930.940268
713.938400 654746875.309887
714.049500 662076123.096065
714.160700 678216500.915103
714.271900 660614747.422802
714.383100 667173567.314224
714.494300 697077637.125601
714.605500 678262744.259255
714.716700 684550128.481194
714.827900 693761511.051373
714.939000 677747470.623923
715.050200 687424027.660750
715.161400 686939505.085831
715.272600 452230159.057288
715.383800 735436037.971466
715.495000 757291376.168324
715.606200 517496818.917104
715.717400 769395006.948866
715.828500 764128937.596818
715.939700 545734834.499527
716.050900 798960714.611532
716.162100 620176782.399448
716.273300 666591324.154022
716.384500 926085753.041448
716.495700 719428309.941353
716.606900 747671977.436265
716.718100 998039392.454889
716.829200 797706510.329491
716.940400 823015078.647231
717.051600 1087111530.155341
717.162800 889613613.564930
717.274000 909829377.070136
717.385200 1170316221.850316
717.496400 944251155.215179
717.607600 964346345.312039
717.718700 1210520193.595951
717.829900 975346019.333440
717.941100 984277584.796003
718.163500 1205924265.132369
718.274700 972485759.561859
718.385900 1003781382.473895
718.497100 1231934278.240901
718.608200 1006630802.536839
718.719400 995045958.312988
718.830600 1237894303.805219
718.941800 987869139.421475
719.164200 971303513.062110
719.275400 1217750440.149614
719.386600 958558938.418296
719.497800 957473102.937459
719.608900 1179655367.066173
719.720100 930097361.976584
719.831300 907459662.235282
719.942500 1117561858.187952
720.053700 865646532.673733
720.164900 843340557.327477
720.276100 1062293259.475906
720.387300 790492743.811156
720.498400 751513888.689974
720.609600 977673233.956701
720.720800 715268791.966906
720.832000 690894889.484502
720.943200 887556920.840486
721.054400 642945552.857579
721.165600 869311270.043750
721.276800 857071869.338403
721.387900 577806262.543498
721.499100 798504654.314334
721.610300 819669310.855384
721.721500 559907202.533083
721.832700 784663097.438008
721.943900 792646852.714871
722.055100 787311556.324968
722.166300 773437582.225746
722.277500 773495681.363975
722.388600 768216260.360452
722.499800 770804077.528017
722.611000 763578924.448356
722.722200 756912370.262756
722.833400 785709506.540936
722.944600 763306998.371814
723.055800 756395216.751939
723.167000 748559420.014977
723.278100 720976601.604765
723.389300 715603699.678127
723.500500 728489953.800622
723.611700 728602561.325737
723.722900 716450311.919994
723.834100 723797902.652881
723.945300 712798450.277984
724.056500 710806131.131538
724.167700 723822727.139190
724.278800 709019839.067402
724.390000 706279121.104131
724.501200 748280899.591975
724.612400 732920635.589826
724.723600 729869097.738833
724.834800 746146536.272866
724.946000 705869575.514149
725.057200 703008655.013777
725.168300 719465119.057923
725.279500 686821285.137786
725.390700 686369688.201756
725.501900 682812095.887388
725.613100 695903867.827541
725.724300 702085710.540770
725.835500 708225366.339251
725.946700 471693943.085662
726.057800 741880488.157303
726.169000 771480586.943255
726.280200 522132475.932530
726.391400 799907044.917899
726.502600 816430050.285905
726.613800 590573957.404876
726.725000 884082182.823384
726.836200 904824456.630591
726.947400 656068221.476213
727.058500 927253496.356088
727.169700 933782620.690107
727.280900 670789522.420588
727.392100 926286237.416508
727.503300 922970999.971831
727.614500 682561670.017365
727.725700 954806918.929255
727.836900 996509556.314485
727.948000 745616044.885982
728.059200 1013072600.776261
728.170400 1003513679.259633
728.281600 764464964.068859
728.392800 1020973343.289863
728.504000 1035547159.289509
728.726400 790849791.978693
728.837500 1055455746.532814
728.948700 1059804944.942379
729.059900 818793380.388701
729.171100 1087092683.880098
729.282300 1082373625.953128
729.393500 811609002.874118
729.504700 1057404327.762136
729.615900 1059314461.256355
729.727100 820160567.501329
729.838200 1080437992.165279
729.949400 1057715666.706523
730.060600 812700768.506405
730.171800 1055039449.712781
730.283000 1057324458.297778
730.394200 786586742.138113
730.505400 1012920868.552205
730.616600 1004308183.673562
730.727700 749364099.358157
730.838900 997342609.393172
730.950100 990184691.170642
731.061300 736400971.883529
731.172500 974774052.130656
731.283700 967559714.995603
731.394900 683754104.129246
731.506100 929430084.976540
731.617200 914613172.320331
731.728400 913815741.038419
731.839600 927073832.123668
731.950800 923220577.400987
732.062000 927682623.388995
732.173200 926916509.971481
732.284400 929956751.794770
732.395600 930570428.111474
732.506800 909435229.620213
732.617900 907050431.399019
732.729100 904654379.215431
732.840300 906565829.794800
732.951500 904699273.973812
733.062700 905698443.435227
733.173900 953431648.679753
733.285100 955428057.749660
733.396300 955372955.467730
733.507400 966021926.965489
733.618600 930114111.819505
733.729800 927057764.822146
733.841000 941772513.301836
733.952200 941740647.133907
734.063400 936506117.510383
734.174600 966247735.250867
734.285800 914906458.506336
734.396900 911803644.800140
734.508100 906888435.197174
734.619300 905334646.056602
734.730500 905581772.263796
734.841700 917303475.673679
734.952900 896708682.151566
735.064100 897978174.565248
735.175300 918763151.877686
735.286500 923513531.773155
735.397600 924626007.452260
735.508800 949046051.953104
735.620000 932358868.777249
735.731200 930924041.592881
735.842400 959298971.943156
735.953600 918417661.077681
736.064800 914258487.392304
736.176000 935201570.254779
736.287100 913985240.220363
736.398300 916578039.037680
736.509500 919399973.671144
736.620700 902156846.489081
736.731900 896050509.161312
736.843100 899115543.511350
736.954300 903172563.701101
737.065500 900605384.295578
737.176700 909071073.800706
737.287800 906253628.549942
737.399000 903110824.410667
737.510200 929023566.889105
737.621400 910707052.613112
737.732600 905906193.303045
737.843800 925480476.970543
737.955000 906418810.526808
738.066200 904619826.408727
738.177300 933904516.902037
738.288500 919720729.043553
738.399700 916437683.139053
738.510900 935104445.958862
738.622100 929113780.423389
738.733300 926695542.207807
738.844500 922403474.928506
738.955700 889273447.894376
739.066800 885289216.783053
739.178000 889614864.243776
739.289200 867107144.451249
739.400400 866257742.088037
739.511600 822804789.747818
739.622800 595205409.206048
739.734000 842273783.013416
739.845200 870990441.615952
739.956400 662440295.115691
740.067500 917085689.954972
740.178700 736348664.612288
740.289900 747051277.391288
740.401100 1044578581.612883
740.512300 844134979.904961
740.623500 896084075.848224
740.734700 1159580685.013836
740.845900 969038648.856942
740.957000 981470687.049611
741.068200 1267386277.773935
741.179400 1039115842.096015
741.290600 1040072559.531617
741.401800 1328991729.310457
741.513000 1106746436.596668
741.624200 1116732603.279270
741.735400 1389526388.664669
741.846500 1167721474.155898
741.957700 1162228317.990928
742.068900 1190656739.131045
742.180100 1212409666.962879
742.291300 1232819245.318629
742.513700 1254524586.428711
742.624900 1273317957.551369
742.736100 1274631198.257509
742.847200 1291666074.705591
742.958400 1277256936.161696
743.180800 1297222220.903048
743.292000 1299348077.316907
743.403200 1295795185.456832
743.514400 1275536005.944925
743.625600 1272977593.596246
743.736700 1284956992.504618
743.847900 1275268047.173891
743.959100 1264058500.134780
744.070300 1242022499.714314
744.181500 1214971200.097470
744.292700 1193065859.559165
744.403900 1167557619.959863
744.515100 1118066365.647670
744.626200 1092785380.776310
744.737400 1049460080.095942
744.848600 799748628.812455
744.959800 1026458748.693000
745.182200 1029302569.556128
745.293400 759804483.643973
745.404600 990184135.068273
745.515800 1023771821.968874
745.626900 1015165702.900783
745.738100 1042295734.792397
745.849300 1014608812.557459
745.960500 996575333.876198
746.071700 987419822.271499
746.182900 1237973760.693405
746.294100 1037719694.775444
746.405300 1025617863.255848
746.516400 1261948282.379586
746.627600 1017318093.372890
746.738800 1014592670.748267
746.850000 1264888709.788785
746.961200 1021316449.865212
747.072400 995309726.140520
747.183600 1181766633.570862
747.294800 963207551.548996
747.405900 885273347.179607
747.517100 886312451.756006
747.628300 883778604.137565
747.850700 844461219.854572
747.961900 836027038.354049
748.073100 873197831.774871
748.184300 1113091153.149767
748.295500 917414695.180470
748.406600 922012579.450031
748.517800 1154204045.191624
748.629000 940416569.460413
748.740200 941443007.161664
748.851400 1171200467.488864
748.962600 967122914.757098
749.073800 949399008.137698
749.185000 1150846795.889393
749.296100 923429726.065056
749.407300 936463205.391877
749.518500 1151061466.742033
749.629700 919461355.820798
749.740900 869156417.748075
749.852100 1116542942.643591
749.963300 891227378.277634
750.074500 862814291.588382
750.185600 1066294124.152442
750.408000 834641009.615059
750.519200 831372832.967065
750.630400 1032586743.048014
750.741600 800221837.633090
750.852800 1056619350.862152
750.964000 1065954622.469176
751.075200 797835589.778994
751.186300 1058106896.874852
751.297500 1016312206.433669
751.408700 749720078.110656
751.519900 1001122790.695640
751.631100 986324623.239212
751.742300 712293999.670002
751.853500 944644599.297983
751.964700 989823616.935105
752.075800 712494523.522832
752.187000 948202818.020340
752.298200 931116351.487095
752.409400 659799564.285954
752.520600 904518635.940063
752.631800 889876961.733892
752.743000 592295389.736759
752.854200 803122576.400093
752.965400 762086794.455065
753.076500 518897395.185700
753.187700 743967878.673395
753.298900 762127495.767553
753.410100 767960151.310230
753.521300 828910265.225276
753.632500 809139669.692599
753.743700 819030811.205934
753.854900 849502934.477714
753.966000 848130076.789856
754.077200 857892723.137311
754.188400 866284433.927655
754.299600 853475891.802487
754.410800 855370193.737498
754.522000 878535624.390113
754.633200 844028530.569746
754.744400 846530883.780612
754.855500 832276211.711028
754.966700 840984482.078240
755.077900 847460477.260624
755.189100 835334966.020030
755.300300 843395693.424228
755.411500 848659751.600214
755.522700 895468224.056373
755.633900 850079225.480848
755.745100 854560532.582644
755.856200 867854303.359481
755.967400 864956260.056265
756.078600 870694617.794596
756.189800 865438204.389177
756.301000 858351663.002557
756.412200 866287296.691619
756.523400 883286714.615005
756.634600 858717077.422333
756.745700 865203836.551379
756.856900 861624003.002199
756.968100 873394321.263895
757.079300 882097361.227518
757.190500 887277420.262466
757.301700 888343025.267642
757.412900 899323841.488675
757.524100 933014404.180743
757.635200 895886283.054280
757.746400 902206185.198314
757.857600 929499611.099196
757.968800 919113436.974161
758.080000 922644132.691917
758.191200 929222350.434664
758.302400 903989279.407246
758.413600 903832997.594652
758.524800 938733002.623065
758.635900 934741009.334503
758.747100 938397628.144234
758.858300 967132491.760784
758.969500 958694731.918581
759.080700 959660445.037550
759.191900 965683400.962163
759.303100 953615240.723445
759.414300 954973817.276813
759.525400 960359714.300653
759.636600 935230678.378045
759.747800 933062762.040864
759.859000 934943289.644012
759.970200 910710638.858760
760.081400 905816524.958788
760.192600 894938473.634914
760.303800 896421647.984558
760.414900 889878097.512026
760.526100 902380057.907413
760.637300 887187934.613086
760.748500 883483205.500089
760.859700 910082251.918753
760.970900 887479622.152571
761.082100 882938775.819645
761.193300 903222589.201949
761.304500 876237972.695430
761.415600 868336516.486389
761.526800 874289552.517711
761.638000 842853265.379630
761.749200 835619253.914397
761.860400 853359643.417819
761.971600 844673645.153845
762.082800 838642392.124979
762.194000 844486326.060623
762.305100 831397507.966820
762.416300 824906581.856366
762.527500 837203377.055317
762.638700 825619522.507188
762.749900 821582688.589517
762.861100 836366682.206356
762.972300 828016401.485187
763.083500 825476076.287711
763.194600 836581444.589729
763.305800 818546301.741742
763.417000 817459807.012871
763.528200 833728135.130371
763.639400 810053294.810641
763.750600 805779178.836095
763.861800 817335903.054877
763.973000 807723351.468363
764.084200 804349656.828104
764.195300 815433807.177628
764.306500 800231995.013898
764.417700 795167184.665766
764.528900 803520860.406384
764.640100 775792329.729398
764.751300 771004815.999702
764.862500 770590862.532860
764.973700 762085091.818786
765.084800 758393347.661827
765.196000 771644561.355783
765.307200 754065238.230524
765.418400 752592382.322904
765.529600 771313678.754248
765.640800 755619662.016975
765.752000 752483525.871502
765.863200 769211817.112509
765.974400 744096474.574563
766.085500 741529470.995398
766.196700 766268096.042651
766.307900 748429597.931318
766.419100 748484932.256537
766.530300 764264623.963108
766.641500 744109378.888469
766.752700 742530752.196207
766.863900 730492044.719420
766.975000 729913457.591394
767.086200 725758077.986887
767.197400 733945220.185019
767.308600 729653481.175865
767.419800 726542597.694604
767.531000 743512600.362215
767.642200 721553629.706565
767.753400 717482442.896119
767.864500 721343911.028955
767.975700 705289666.120612
768.086900 702147957.307581
768.198100 722165563.617031
768.309300 699552220.635593
768.420500 696232185.661157
768.531700 710655626.406092
768.642900 687593484.959076
768.754100 684208120.819643
768.865200 695413953.673551
768.976400 679680006.701771
769.087600 678273448.828623
769.198800 686927778.194438
769.310000 670567784.659621
769.421200 667952998.035533
769.532400 677612015.809595
769.643600 658238360.365640
769.754700 655249244.341080
769.865900 666387449.110868
769.977100 641348561.034071
770.088300 637680019.141415
770.199500 648298703.192218
770.310700 633293889.781213
770.421900 630869193.694880
770.533100 652104863.062552
770.644200 630088566.322135
770.755400 628373029.689559
770.866600 640790273.067001
770.977800 634689554.604165
771.089000 633044485.510380
771.200200 636037161.402404
771.311400 626371004.987700
771.422600 623109321.054488
771.533800 645834418.869469
771.644900 620257764.248077
771.756100 617323993.463942
771.867300 623363392.582619
771.978500 616961115.948007
772.089700 613705382.942949
772.200900 636072815.367833
772.312100 617352767.548058
772.423300 612028811.634717
772.534400 633519088.816328
772.645600 593444675.553174
772.756800 588574355.789188
772.868000 599679852.126161
772.979200 577185812.150011
773.090400 572407486.190424
773.201600 578913638.200674
773.312800 552324023.307677
773.423900 547416211.521689
773.535100 561715683.563223
773.646300 540657905.345770
773.757500 537916297.396553
773.868700 544921433.657208
773.979900 531675125.357303
774.091100 527345773.407413
774.202300 539407818.348707
774.313500 517577421.090707
774.424600 514240587.600436
774.535800 532033542.459092
774.647000 514414199.761597
774.758200 511707371.991530
774.869400 520697592.052816
774.980600 499859263.631907
775.091800 497147452.032300
775.203000 515538052.000782
775.314100 494625519.028121
775.425300 492183623.717321
775.536500 510586533.229612
775.647700 487239980.430063
775.758900 486220724.396571
775.870100 504077769.304832
775.981300 492981237.899910
776.092500 491664632.048552
776.203600 511412769.874185
776.314800 486774985.383180
776.426000 486776094.490668
776.537200 505472185.076313
776.648400 478278564.927226
776.759600 478849072.909998
776.870800 503512984.937174
776.982000 472059888.257443
777.093200 472424245.488894
777.204300 479921636.689260
777.315500 464951885.422229
777.426700 465809245.874466
777.537900 490172035.996140
777.649100 464734987.757689
777.760300 464766384.226797
777.871500 470109561.571075
777.982700 446035990.924538
778.093800 443219216.251218
778.205000 446674494.142416
778.316200 434128179.217679
778.427400 432805557.942684
778.538600 450933201.508586
778.649800 426103320.021608
778.761000 424518972.794925
778.872200 436771066.833503
778.983400 423716149.692186
779.094500 423318557.176554
779.205700 447301245.166416
779.316900 430463375.776639
779.428100 429172525.668104
779.539300 445494597.786819
779.650500 421642305.755867
779.761700 419270078.025095
779.872900 430535881.831459
779.984000 413738866.912616
780.095200 412346118.372094
780.206400 422447836.719499
780.317600 400609092.961168
780.428800 398798268.105200
780.540000 417933780.028211
780.651200 395589089.747200
780.762400 394263193.394453
780.873500 401488871.720952
780.984700 381943008.710844
781.095900 380448615.458255
781.207100 391302919.718886
781.318300 374070418.380149
781.429500 373597298.297863
781.540700 380211100.861996
781.651900 357103978.081278
781.763100 355711130.184706
781.874200 361304675.968031
781.985400 350133239.001236
782.096600 349202812.462574
782.207800 364020643.015702
782.319000 350089812.125380
782.430200 349344461.638842
782.541400 353996863.914524
782.652600 345497628.307964
782.763700 344957010.390076
782.874900 362785589.543207
782.986100 343340080.915804
783.097300 342752282.407945
783.208500 358384819.023763
783.319700 336124903.522037
783.430900 335095494.869294
783.542100 347967477.766268
783.653200 327687570.576557
783.764400 326326335.645647
783.875600 344739049.609396
783.986800 328525823.525130
784.098000 327411860.681154
784.209200 337577640.713529
784.320400 324874192.790473
784.431600 323383362.720500
784.542800 339417111.124640
784.653900 318291438.650046
784.765100 316691577.668239
784.876300 327929398.807119
784.987500 304469733.408600
785.098700 301076860.725788
785.209900 306985070.982818
785.321100 284573628.758502
785.432300 281645350.429397
785.543400 293925202.728292
785.654600 277742081.709865
785.765800 274463006.886782
785.877000 287218304.037280
785.988200 269483699.213664
786.099400 265392203.454996
786.210600 273922261.604364
786.321800 260701934.720721
786.432900 254312162.930624
786.544100 262623389.527097
786.655300 245512990.389399
786.766500 239223938.295190
786.877700 250349456.708731
786.988900 230612478.105772
787.100100 224842502.074365
787.211300 243096102.946715
787.322500 220786363.303022
787.433600 215885285.239170
787.544800 236105663.464181
787.656000 211371248.174515
787.767200 206256802.429273
787.878400 223446094.932549
787.989600 194312454.015037
788.100800 189029939.467522
788.212000 202471075.458058
788.323100 180861059.857945
788.434300 176409069.553915
788.545500 181143665.547609
788.656700 165248448.212192
788.767900 161243031.737963
788.879100 175542155.323056
788.990300 155601853.570332
789.101500 151513198.840961
789.212600 161141398.435030
789.323800 0.000000
789.435000 185924649.063449
789.546200 194138973.720551
789.657400 0.000000
789.768600 219385068.729653
789.879800 223338381.431568
789.991000 0.000000
790.102200 238076787.983131
790.213300 249463987.536077
790.324500 10614395.364135
790.435700 261976150.616096
790.546900 268331646.288571
790.658100 27098584.315440
790.769300 273958760.939041
790.880500 68543425.991345
790.991700 92608571.677038
791.102800 342761929.624104
791.214000 131755224.386333
791.325200 148316637.330223
791.436400 393464721.796541
791.547600 171640171.554298
791.658800 188186139.555263
791.770000 430275695.464314
791.881200 205978788.601547
791.992300 206505680.475070
792.214700 447312965.140825
792.325900 221668186.932657
792.437100 219685649.361202
792.548300 453892043.838072
792.659500 220919899.152233
792.770700 222683253.916516
792.881900 446625319.850142
792.993000 210486407.326773
793.104200 205015442.010971
793.215400 434721113.705870
793.326600 189445332.176455
793.437800 180150117.708279
793.549000 403614808.221609
793.771400 152732795.903666
793.882500 145467670.522104
793.993700 361952173.774595
794.104900 120397495.678204
794.216100 108616084.677680
794.327300 324478090.285231
794.438500 76175405.573424
794.549700 57579654.797774
794.660900 271079897.011075
794.772100 13208411.295475
794.883200 0.000000
794.994400 200370432.584805
795.105600 0.000000
795.216800 187487303.739484
795.328000 173495671.112261
795.439200 0.000000
795.550400 156710408.481271
795.661600 143227848.776014
795.772700 0.000000
795.883900 129134116.823026
795.995100 120414953.373122
796.106300 0.000000
796.217500 83811692.334819
796.328700 0.000000
796.439900 0.000000
796.551100 79717469.070895
796.662200 0.000000
796.773400 106531070.100734
796.884600 118615817.962983
796.995800 0.000000
797.107000 144206788.741535
797.218200 146958864.435658
797.329400 0.000000
797.440600 168750452.767555
797.551800 171075897.916898
797.662900 0.000000
797.774100 176595860.954177
797.885300 0.000000
797.996500 0.000000
798.107700 230427309.404066
798.218900 18007641.625657
798.330100 32536799.897182
798.441300 282786842.986405
798.552400 61420145.003140
798.663600 78330996.953808
798.774800 322912785.432878
798.886000 103117077.898366
798.997200 105598364.662086
799.219600 344521669.516555
799.330800 122833640.559137
799.441900 130236357.175849
799.553100 361963369.620079
799.664300 135500625.379634
799.775500 140554549.669402
799.886700 371952019.605572
799.997900 136494312.051793
800.109100 134368275.994008
800.220300 361271555.402712
800.331500 127500549.281518
800.442600 122020800.294239
800.553800 348039120.069002
800.776200 108437320.100162
800.887400 99103227.205725
800.998600 322916165.496199
801.109800 77704530.517950
801.221000 65319780.062302
801.332100 69072400.899458
801.443300 88456151.006534
801.554500 0.000000
801.665700 106941318.730019
801.776900 0.000000
801.888100 0.000000
801.999300 159276224.923257
802.110500 0.000000
802.221600 217092351.969813
802.332800 28960050.458879
802.444000 61354274.490407
802.555200 109292290.039036
802.666400 175217890.135669
802.777600 198071930.618968
802.888800 234478326.498692
803.000000 278819573.852772
803.111200 296543866.935496
803.222300 321329510.515035
803.333500 353881643.661939
803.444700 356673545.485444
803.555900 369491932.545750
803.667100 400719236.445220
803.778300 438497365.435300
803.889500 484724351.186183
804.111800 287726997.977710
804.223000 574291930.070354
804.334200 612033927.692900
804.556600 394638756.762140
804.779000 672314141.345455
804.890200 692063132.253386
805.001300 463349197.045529
805.112500 723926286.546525
805.223700 734589155.789004
805.334900 495670247.445100
805.557300 746792142.666933
805.668500 740821576.809609
805.890900 492590451.259581
806.002000 729851136.777350
806.113200 500094562.740175
806.224400 491990772.981663
806.335600 500240678.798293
806.446800 517484236.057542
806.558000 501574162.135616
806.669200 493317447.757266
806.780400 488643923.119786
806.891500 237360015.657316
807.002700 474528160.668926
807.225100 459336402.210384
807.447500 188519302.458353
807.558700 407924778.406342
807.669900 376412788.873950
807.781100 352467940.332535
807.892200 328906419.164132
808.003400 325616756.909747
808.114600 337491539.654387
808.225800 565871303.867109
808.337000 331791578.143605
808.448200 325711796.699023
808.559400 539451356.398538
808.670600 290476269.792045
808.781700 529252681.019234
808.892900 302179737.372508
809.115300 558880657.027880
809.226500 569738243.642829
809.337700 327916523.907022
809.560100 576113811.313319
809.671200 567649086.178452
809.782400 311213016.800655
809.893600 545484934.582552
810.004800 526529920.362515
810.227200 256610897.699808
810.338400 475937971.175676
810.449600 447151758.793283
810.560800 427668126.489121
810.671900 419531972.220175
810.783100 636366521.141900
810.894300 393928227.542593
811.116700 374240194.483093
811.227900 587859627.653672
811.339100 330389969.926438
811.450300 305407812.190465
811.561400 504878205.524210
811.672600 243189749.249909
811.783800 211575248.541290
811.895000 188327302.760171
812.006200 170748229.933704
812.228600 128157089.468319
812.339800 93282831.190523
812.450900 68338388.978256
812.562100 269632987.897012
812.673300 17191398.668487
812.784500 246644020.014209
812.895700 14507342.765123
813.006900 8596204.927705
813.118100 231091692.034575
813.229300 0.000000
813.340500 239062738.946100
813.451600 21482930.859502
813.562800 28481153.913402
813.674000 52336352.259058
813.785200 85854865.458470
813.896400 90628622.902328
814.007600 102275384.174603
814.118800 130752616.287628
814.230000 384691266.008678
814.341100 168679678.469928
814.452300 182375311.100842
814.563500 427211100.062074
814.785900 201175892.922666
814.897100 208697093.091615
815.008300 443465286.067238
815.119500 211883380.844800
815.230600 466080122.894055
815.341800 480898431.078771
815.453000 239260817.164018
815.564200 483804962.436925
815.786600 270345779.013008
815.897800 285797935.325960
816.009000 529875064.777400
816.120200 307985462.231380
816.231300 314077391.659974
816.342500 549954704.469830
816.564900 320304096.536557
816.676100 310222521.718943
816.898500 532689180.456789
817.009700 293982606.183364
817.120800 284989628.208200
817.232000 501040417.239459
817.343200 255673544.210559
817.454400 231471631.729303
817.565600 221758354.529221
817.676800 224826949.468782
817.788000 194346885.446306
817.899200 173546729.286970
818.010300 160893786.716206
818.121500 163849369.619591
818.232700 185747513.267377
818.343900 162734839.827482
818.455100 154232906.243196
818.566300 152005632.681407
818.788700 0.000000
818.899900 153365567.843583
819.011000 0.000000
819.122200 196810468.740666
819.233400 207028360.787147
819.344600 0.000000
819.455800 220039870.193499
819.567000 221363480.716508
819.678200 234756843.310865
819.789400 265202467.043455
819.900500 303129509.001904
820.011700 353931245.137984
820.122900 363333208.937357
820.234100 388506173.138773
820.345300 427799467.189941
820.567700 211116200.082889
820.678900 486311726.266923
820.790100 511113302.265901
820.901200 281711509.928041
821.123600 540554834.915039
821.234800 336099910.090207
821.346000 354402572.785791
821.457200 597693044.979365
821.568400 380460745.906915
821.790700 383858742.098287
821.901900 613280267.403410
822.124300 385512966.970196
822.235500 638478784.591995
822.346700 646389187.362681
822.457900 399240461.341810
822.569100 639678932.671069
822.680200 633037621.626618
822.791400 371578784.709193
822.902600 599928483.960699
823.125000 582347154.880803
823.236200 312460741.290614
823.347400 528775863.713970
823.458600 495898884.362297
823.569800 209832088.066091
823.680900 413530322.720459
823.903300 366551755.106095
824.014500 329460296.071504
824.125700 302863117.384069
824.236900 26968540.883520
824.459300 238856740.670965
824.570400 205375598.373057
824.681600 179650495.350307
824.792800 161835710.589175
824.904000 115647257.830282
825.015200 78370289.436548
825.126400 58662672.686894
825.237600 47213507.404662
825.348800 46488707.850369
825.459900 273482610.092982
825.571100 37091626.690470
825.682300 30852608.217700
825.793500 249689294.710884
825.904700 5463214.592282
826.015900 0.000000
826.127100 199855199.444252
826.238300 0.000000
826.349500 182693319.833420
826.460600 166604311.670403
826.571800 0.000000
826.683000 136538329.203303
826.794200 116045580.622710
826.905400 110590000.181933
827.127800 115472299.095373
827.239000 94562384.817226
827.350100 83465771.101476
827.461300 83331388.877092
827.572500 313834947.860287
827.683700 83964944.660922
827.794900 83850308.270112
827.906100 314137438.139424
828.128500 83767395.220306
828.239600 79938943.451967
828.350800 305530181.354865
828.462000 71389615.570172
828.573200 66462833.255977
828.684400 284326416.206956
828.795600 46808430.221087
828.906800 37502893.138703
829.018000 255838310.130821
829.129200 13347403.253479
829.240300 0.000000
829.351500 212332330.646239
829.462700 0.000000
829.573900 0.000000
829.685100 157495940.106561
829.796300 0.000000
829.907500 0.000000
830.018700 88113731.736141
830.129800 0.000000
830.241000 69666206.037454
830.352200 63428091.631152
830.463400 0.000000
830.574600 37706259.132874
830.685800 26883617.014212
830.797000 0.000000
830.908200 0.000000
831.019300 0.000000
831.130500 0.000000
831.241700 5479734.293040
831.352900 0.000000
831.464100 0.000000
831.575300 5798977.067293
831.686500 0.000000
831.797700 0.000000
831.908900 2249802.534378
832.020000 0.000000
832.131200 0.000000
832.242400 7683111.126526
832.353600 0.000000
832.464800 61602.283651
832.576000 19161495.810621
832.687200 4375055.320621
832.798400 4519660.475514
832.909500 19775554.393134
833.020700 887041.665622
833.131900 393156.871733
833.243100 23387018.685010
833.354300 10595148.134151
833.465500 9903385.419710
833.576700 28296025.620642
833.687900 5556818.433952
833.799000 4749698.042065
833.910200 18792829.019866
834.021400 2495035.460310
834.132600 2407538.280765
834.243800 13759337.426110
834.355000 655445.128129
834.466200 1604444.337398
834.577400 15277776.146648
834.688600 0.000000
834.799700 0.000000
834.910900 19374421.504768
835.022100 4126680.953948
835.133300 6607421.356291
835.244500 22263417.309976
835.355700 10573526.940058
835.466900 12932446.893603
835.578100 26706508.636930
835.689200 13013040.319897
835.800400 15789035.806808
835.911600 35050339.079016
836.022800 20430196.367680
836.134000 22867094.356787
836.245200 42264825.200596
836.356400 29647347.296066
836.467600 32301533.230530
836.578800 49133678.746259
836.689900 33375802.430006
836.801100 35385035.161252
836.912300 54051364.547679
837.023500 40653796.658051
837.134700 42629294.148027
837.245900 62776729.945322
837.357100 52017105.525162
837.468300 54428069.147861
837.579400 70829517.435445
837.690600 55063972.932756
837.801800 58600954.440793
837.913000 76264363.027961
838.024200 62810146.972289
838.135400 66663765.216362
838.246600 82485083.920449
838.357800 68009719.363075
838.468900 70283139.627224
838.580100 88841424.107391
838.691300 73240476.113548
838.802500 75419282.981465
838.913700 89235457.670156
839.024900 69928839.799674
839.136100 70010843.703373
839.247300 84236835.688481
839.358500 71825006.640389
839.469600 71125238.841030
839.580800 88189611.334348
839.692000 72971994.600376
839.803200 72119405.582739
839.914400 84135925.390996
840.025600 73425091.641136
840.136800 72772404.818166
840.248000 89377457.085866
840.359100 77048459.484015
840.470300 77254613.070384
840.581500 89253665.472574
840.692700 73719539.529606
840.803900 75273601.107813
840.915100 98339752.833213
841.026300 76420540.095775
841.137500 77892965.868037
841.248600 99360172.058517
841.359800 85425299.356003
841.471000 86752353.363939
841.582200 100415920.620869
841.693400 84559978.493992
841.804600 86998266.519664
841.915800 107157576.506742
842.027000 89869904.386542
842.138200 92389517.977498
842.249300 106952448.216276
842.360500 96439598.640482
842.471700 99103731.910914
842.582900 112547009.982309
842.694100 96775088.884782
842.805300 99840651.805441
842.916500 121408548.540299
843.027700 103968041.916777
843.138800 105600280.038380
843.250000 127298682.003146
843.361200 115814271.433629
843.472400 118028458.399565
843.583600 140534505.192485
843.694800 121464665.547484
843.806000 124936706.741421
843.917200 144714634.541514
844.028300 132985499.933692
844.139500 135314150.899280
844.250700 143265383.547039
844.361900 0.000000
844.473100 181382652.830609
844.584300 197658275.505516
844.695500 0.000000
844.806700 231790680.805591
844.917900 246410276.607941
845.029000 14526351.787485
845.140200 273785102.090519
845.251400 278951163.961003
845.362600 43898148.510736
845.473800 290232913.050505
845.585000 90094927.375581
845.696200 109064048.756804
845.807400 359115931.987329
845.918500 150090444.220370
846.029700 172140139.164695
846.140900 415147581.045664
846.252100 207135569.164655
846.363300 228145127.618841
846.474500 467280270.447465
846.585700 244692766.256067
846.696900 259979536.828815
846.808000 498197334.516667
846.919200 275640666.950853
847.030400 285450916.389867
847.252800 518598577.401565
847.364000 301916016.721635
847.475200 308378799.581861
847.586400 539248631.972266
847.697600 311117357.481053
847.808700 320229733.856359
847.919900 544287130.648455
848.031100 316818536.495729
848.142300 318395448.607955
848.253500 541299076.119940
848.475900 309468253.737012
848.587100 304361693.243457
848.698200 528494810.923890
848.809400 284732808.724982
848.920600 281778087.690727
849.031800 492595156.151531
849.143000 251313022.229808
849.254200 234178003.666944
849.365400 450057863.736549
849.476600 205925605.088324
849.587800 187744396.778876
849.698900 397712105.129697
849.810100 149765429.361773
849.921300 127296401.290994
850.032500 332035226.806015
850.143700 90978036.943134
850.254900 328225631.496355
850.366100 322947053.309121
850.477300 70257796.879979
850.588400 307903361.294737
850.699600 290674984.484721
850.810800 33013924.160977
850.922000 269840595.065681
851.033200 253363305.606406
851.144400 0.000000
851.255600 229467509.965529
851.366800 224308968.975126
851.477900 225219714.238222
851.589100 241491993.800152
851.700300 221034641.736409
851.811500 222826702.037741
851.922700 227444036.260402
852.033900 222229070.969800
852.145100 224167468.171895
852.256300 241737193.058647
852.367500 229396261.568635
852.478600 230114978.756218
852.589800 251273420.907486
852.701000 231167536.028206
852.812200 232980550.471333
852.923400 248138337.776117
853.034600 233139830.849047
853.145800 235664836.537882
853.257000 257066070.898025
853.368100 240741856.124172
853.479300 243098615.348838
853.590500 253434126.666063
853.701700 240794639.909333
853.812900 243523324.032907
853.924100 256981485.922701
854.035300 242500705.993641
854.146500 243951086.968538
854.257600 256773806.153904
854.368800 240981576.505730
854.480000 243396240.804184
854.591200 246182864.808553
854.702400 237037643.068274
854.813600 241478420.144429
854.924800 268080818.099897
855.036000 247133480.214990
855.147200 251227754.742747
855.258300 273498328.982892
855.369500 264666646.022916
855.480700 269598751.229835
855.591900 287667853.276477
855.703100 277903293.103080
855.814300 283889088.502667
855.925500 310444513.145922
856.036700 298189310.940910
856.147800 301939357.785071
856.259000 310101848.258761
856.370200 304874597.904603
856.481400 309916519.251442
856.592600 322374265.110149
856.703800 306337950.048213
856.815000 310197399.172993
856.926200 319944887.402029
857.037300 311753190.901293
857.148500 313750901.135072
857.259700 320929649.758210
857.370900 319296094.186446
857.482100 321621497.473680
857.593300 352452129.980188
857.704500 326716471.909862
857.815700 329479656.309474
857.926900 342251567.109479
858.038000 330941767.263242
858.149200 329176427.145928
858.260400 339172388.443250
858.371600 324636338.821017
858.482800 323216012.007762
858.594000 339962774.080411
858.705200 321753612.301416
858.816400 320170513.195653
858.927500 326523505.515954
859.038700 99481791.402731
859.149900 358796521.946691
859.261100 375603546.286487
859.372300 143865479.711987
859.483500 390101848.814344
859.594700 401641608.558022
859.705900 165117532.191502
859.817000 415926135.791392
859.928200 431333718.368618
860.039400 191805767.252017
860.150600 433667226.424673
860.261800 436499310.944207
860.373000 202168329.413995
860.484200 436288522.299434
860.595400 449360234.857157
860.706600 217831262.861748
860.817700 471135448.398680
860.928900 473171620.670909
861.040100 232738720.143291
861.151300 475095556.242537
861.262500 468960755.665514
861.373700 232840957.593412
861.484900 485619203.676234
861.596100 477732537.000360
861.707200 234528130.310810
861.929600 462446853.471881
862.040800 259807431.199618
862.152000 274157646.056592
862.263200 515441041.595337
862.374400 303876941.531829
862.485600 321333506.072536
862.596800 559466861.827875
862.707900 351650475.963407
862.819100 352903804.070532
862.930300 589449734.456479
863.041500 377789738.311239
863.152700 364303387.418683
863.263900 385164492.871077
863.375100 411998863.251760
863.486300 429633981.970777
863.597400 442861135.014205
863.708600 467840196.889904
863.819800 457331368.759969
863.931000 464207496.955637
864.042200 491480639.979436
864.153400 461339810.437216
864.264600 465580258.531028
864.375800 482670351.443656
864.486900 471794464.119151
864.598100 466237905.947609
864.820500 466190113.805799
864.931700 705716337.114757
865.042900 478458996.938658
865.154100 484531790.794414
865.265300 707865630.473782
865.376500 484837426.963962
865.487600 477327538.011162
865.598800 488294940.242335
865.710000 499264201.741226
865.821200 491429007.363508
865.932400 494524119.419617
866.043600 511904845.661882
866.266000 512759974.591120
866.377100 512554400.083164
866.488300 534857837.013100
866.599500 504037111.019896
866.710700 500676375.873842
866.821900 484347156.850347
866.933100 473843240.930453
867.044300 463891812.135320
867.155500 457041846.376924
867.266600 438002201.100370
867.377800 428866119.866817
867.489000 417773885.719502
867.600200 388715995.819900
867.711400 373472590.450340
867.822600 382733117.198494
867.933800 395176168.392626
868.045000 431278434.295234
868.156200 420387646.989660
868.267300 427335714.123061
868.378500 448700829.839788
868.600900 428594675.572725
868.712100 428769748.704257
868.823300 446607495.616916
868.934500 211336346.624545
869.045700 448085696.514330
869.156800 259351822.996398
869.268000 536102478.860780
869.379200 577993339.448632
869.490400 355727019.738660
869.601600 615043568.573979
869.712800 428550383.874158
869.824000 452013179.298291
869.935200 724335213.955969
870.046300 517289750.639390
870.157500 554279364.760921
870.268700 595034425.339170
870.379900 639200201.775559
870.491100 440206880.864482
870.602300 731816797.030566
870.824700 773932649.729124
870.935900 562679180.694157
871.047000 835127851.374477
871.158200 849446420.625378
871.269400 630562275.362969
871.380600 891517271.402272
871.491800 896515829.039155
871.603000 917669564.776024
871.825400 954118511.457056
871.936500 958787462.971334
872.047700 966249567.705187
872.270100 978703505.574149
872.381300 748295743.651857
872.492500 990177115.029956
872.603700 1017319456.231404
872.714900 780160131.204242
872.937200 1010351550.978867
873.048400 1034103214.251189
873.159600 774018554.554661
873.270800 998748377.975307
873.382000 1005809190.341413
873.604400 746955441.059947
873.826700 963986903.212317
873.937900 940163258.694739
874.049100 664439512.900939
874.160300 863831690.320575
874.271500 825424283.142703
874.382700 793935137.885418
874.493900 762821109.009449
874.605100 711345131.545693
874.716200 667703801.116385
874.827400 630299467.447896
874.938600 574764868.611530
875.049800 518002572.813076
875.161000 472418880.290334
875.272200 652478132.687689
875.383400 387362313.053203
875.605700 591586282.200229
875.716900 553762883.007625
875.828100 263587454.955869
875.939300 460650548.039450
876.050500 422685038.122058
876.161700 388624763.101585
876.272900 381400060.878755
876.384100 317799228.720284
876.495300 280665217.917506
876.606400 272183648.190057
876.717600 476237420.125728
876.828800 229757064.574725
876.940000 463373503.815383
877.051200 446501742.036222
877.162400 200169185.114919
877.273600 426775046.069247
877.384800 418365849.479335
877.495900 166092620.393766
877.607100 395696820.843927
877.718300 379428342.647807
877.829500 129542852.549178
877.940700 354302385.267581
878.051900 353409279.259644
878.163100 87345329.677634
878.274300 317922487.450979
878.385500 315797214.249689
878.496600 319136624.685061
878.607800 354933646.347294
878.719000 326120171.251677
878.830200 330545702.257781
878.941400 366647363.606313
879.052600 344108313.037096
879.163800 347779381.673526
879.275000 373633299.060219
879.386100 357791983.249988
879.497300 358453118.648945
879.608500 378012707.627483
879.719700 349839499.369916
879.830900 350695548.126600
879.942100 364514906.708985
880.053300 346899868.845983
880.164500 349818386.745439
880.275600 359408307.653516
880.386800 350604323.271489
880.498000 355320112.631154
880.609200 362701255.184170
880.720400 354889479.810768
880.831600 359995941.210679
880.942800 369929214.092633
881.054000 353576028.518715
881.165200 358068783.672837
881.276300 377948478.043559
881.387500 360143200.254141
881.498700 363757122.200939
881.609900 382833866.061785
881.721100 361009315.521433
881.832300 365841979.682343
881.943500 374874861.124505
882.054700 156838661.262152
882.165800 424854281.547226
882.277000 440582883.200917
882.388200 215353975.907117
882.499400 474080801.416343
882.610600 484403761.455211
882.721800 256330183.325305
882.833000 508415539.718630
882.944200 530542695.196370
883.055300 299960490.755400
883.166500 551654703.410920
883.277700 565740042.350296
883.388900 335789202.294638
883.500100 588849470.034882
883.611300 598973660.904599
883.722500 363803068.636579
883.833700 606292656.124815
883.944900 612848343.659242
884.056000 377483121.506229
884.167200 628843504.724966
884.278400 620702684.220174
884.389600 390324840.890130
884.500800 640090961.796623
884.612000 627997671.605506
884.723200 390157247.437045
884.945500 629963731.082208
885.056700 628030717.136542
885.167900 374809147.306695
885.279100 610117008.739011
885.390300 598855046.447898
885.501500 360703792.458719
885.612700 594681529.240230
885.723900 583712287.599609
885.835000 337697302.020164
885.946200 566475522.884145
886.057400 565822572.823127
886.168600 315869649.159137
886.279800 551626529.924193
886.391000 556248541.071218
886.502200 298799400.115674
886.613400 525892930.043834
886.724600 516840625.131304
886.835700 266978122.126472
886.946900 496406895.453902
887.058100 477296983.843287
887.169300 228788962.148318
887.280500 451237272.391745
887.391700 435871437.112987
887.502900 191148043.678819
887.614100 413317423.726904
887.725200 415563878.179146
887.836400 419947776.314309
887.947600 432977479.175467
888.058800 419491327.892703
888.170000 420627877.306616
888.281200 433821981.106937
888.392400 418509421.089965
888.503600 419058691.476107
888.614700 433297981.666241
888.725900 417979583.616455
888.837100 417170018.629618
888.948300 435181631.815721
889.059500 412775286.379684
889.170700 410490242.123328
889.281900 413749409.552733
889.393100 403853826.131761
889.504300 401870949.355397
889.615400 418099905.371678
889.726600 403960804.363984
889.837800 402835068.606367
889.949000 413172452.020873
890.060200 402640860.652320
890.171400 400919847.706046
890.282600 405472700.258115
890.393800 397591421.246679
890.504900 395593521.131314
890.616100 410529989.757061
890.727300 392154506.782650
890.838500 389406205.633894
890.949700 404231523.774589
891.060900 380200478.825334
891.172100 376096067.171210
891.283300 381305592.364987
891.394500 372099832.989179
891.505600 368811952.977474
891.616800 386304767.812071
891.728000 368966165.696270
891.839200 366875404.915017
891.950400 380816673.801904
892.061600 358072575.823204
892.172800 354028739.809981
892.284000 370849201.002767
892.395100 354633708.630363
892.506300 351086718.616063
892.617500 359763574.327717
892.728700 350104155.203454
892.839900 346628780.915258
892.951100 361707642.732581
893.062300 346172545.967192
893.173500 343598816.075095
893.284600 359628322.281320
893.395800 342639416.991686
893.507000 341083268.412514
893.618200 354756569.570946
893.729400 332248199.418591
893.840600 329876081.632353
893.951800 341384010.831407
894.063000 327598736.663312
894.174200 325614134.410321
894.285300 344276649.541765
894.396500 325191273.587660
894.507700 322212799.452157
894.618900 331302555.690212
894.730100 316304284.824873
894.841300 312944536.264092
894.952500 337277506.559865
895.063700 314585385.402717
895.174800 311482419.430017
895.286000 334542062.625225
895.397200 313053019.938724
895.508400 309643573.115954
895.619600 318380774.806945
895.730800 299246279.500529
895.842000 296347898.614688
895.953200 314201545.062847
896.064300 290391645.339267
896.175500 288006694.172227
896.286700 303533678.994953
896.397900 280870502.697625
896.509100 279098432.116142
896.620300 291349458.328460
896.731500 275431592.079521
896.842700 273644351.732366
896.953900 289722779.923100
897.065000 273036449.841551
897.176200 272522296.110501
897.287400 285524004.754660
897.398600 273234507.472738
897.509800 273131628.310618
897.621000 283498636.589081
897.732200 267894419.052716
897.843400 267725578.604773
897.954500 281246809.007528
898.065700 267033453.215619
898.176900 265998253.820140
898.288100 288791747.138586
898.399300 262661469.071613
898.510500 261535438.152391
898.621700 280433816.208754
898.732900 259340049.713345
898.844000 258787788.155038
898.955200 273813440.426644
899.066400 256186463.590345
899.177600 256987792.433125
899.288800 269678521.555228
899.400000 257884540.107037
899.511200 259223324.967299
899.622400 272161708.797867
899.733600 255719037.898955
899.844700 258461236.508270
899.955900 274247728.843927
900.067100 257162390.938635
900.178300 259167460.573657
900.289500 276445393.702235
900.400700 261871545.999536
900.511900 263125692.124640
900.623100 269555688.365070
900.734200 259958183.211338
900.845400 260058035.492048
900.956600 267633735.693948
901.067800 254861378.832658
901.179000 253000152.850863
901.290200 272375937.614129
901.401400 252403988.087919
901.512600 250161445.787533
901.623700 259946851.552897
901.734900 243994633.656550
901.846100 242120874.290030
901.957300 249753575.660338
902.068500 234763326.182888
902.179700 234280893.137743
902.290900 251955559.530735
902.402100 229641838.398595
902.513300 229008508.788685
902.624400 243031012.120536
902.735600 226087453.857442
902.846800 226165346.897175
902.958000 240308511.151820
903.069200 224833217.635859
903.180400 224610557.694922
903.291600 239997411.750334
903.402800 224168228.350276
903.513900 223569259.145028
903.625100 237093962.648222
903.736300 216631532.997448
903.847500 215360080.081384
903.958700 223228950.879852
904.069900 208543931.979868
904.181100 206545705.124873
904.292300 218592685.985646
904.403400 199331938.419669
904.514600 197481457.441345
904.625800 213487265.220207
904.737000 198789901.367933
904.848200 197216509.585078
904.959400 209819928.290394
905.070600 195057450.907338
905.181800 193054162.273256
905.293000 208062323.878666
905.404100 196440771.079002
905.515300 195517698.426809
905.626500 214588981.837359
905.737700 197437293.685651
905.848900 195828940.291809
905.960100 205163343.274100
906.071300 189344916.656833
906.182500 187291713.776253
906.293600 205061400.592379
906.404800 180019593.367649
906.516000 178770762.651268
906.627200 197244578.835054
906.738400 168913056.041783
906.849600 167390276.144459
906.960800 171899583.196791
907.072000 159376153.130871
907.183200 156680212.487636
907.294300 167648647.040650
907.405500 152953078.283648
907.516700 150295887.038743
907.627900 165005458.779582
907.739100 0.000000
907.850300 192948016.095911
907.961500 199053704.816007
908.072700 0.000000
908.183800 225701342.699879
908.295000 237617694.969444
908.406200 8454527.811487
908.517400 260414187.782533
908.628600 267093555.392343
908.739800 35404082.388064
908.851000 284052988.528193
908.962200 284666959.522531
909.073300 53204565.106336
909.184500 295887071.971454
909.295700 300989769.870486
909.406900 68222987.174373
909.518100 311330990.094471
909.629300 317646651.442225
909.740500 81831934.550713
909.851700 323335540.771904
909.962900 324700838.016428
910.074000 89335123.579246
910.185200 326766416.061401
910.296400 329727665.519081
910.407600 88419798.118236
910.630000 326259550.581782
910.741200 326537946.763881
910.852400 81354993.649241
910.963500 317909240.517050
911.074700 315686076.153820
911.185900 68862272.999815
911.297100 304367095.155054
911.408300 291363433.558980
911.519500 43604884.678223
911.630700 275242132.964921
911.741900 267513815.679122
911.853000 15212408.890370
911.964200 240259906.653121
912.075400 228216366.095493
912.186600 0.000000
912.297800 206014271.373072
912.409000 189375653.124481
912.520200 0.000000
912.631400 170676815.178546
912.742600 158843540.128342
912.853700 0.000000
912.964900 129028510.138273
913.076100 112666559.244491
913.187300 0.000000
913.298500 79219004.449166
913.409700 62088096.322926
913.520900 60837829.443680
913.632100 72246561.541593
913.743200 56796982.870273
913.854400 55762916.610151
913.965600 70227877.810711
914.076800 56647255.269781
914.188000 55878660.681055
914.299200 62444033.384668
914.410400 0.000000
914.521600 92638231.688557
914.632700 105123618.841475
914.743900 0.000000
914.855100 132618587.592265
914.966300 149253417.401708
915.077500 0.000000
915.188700 172754681.973094
915.299900 183419105.404335
915.411100 0.000000
915.522300 198710110.345024
915.633400 207332804.780268
915.744600 0.000000
915.855800 222684247.199393
915.967000 228602223.858567
916.078200 0.000000
916.189400 235305270.913106
916.300600 31421034.249614
916.411800 45468230.818971
916.522900 78607555.636601
916.634100 124719848.157120
916.745300 132324920.285914
916.856500 159845688.689148
916.967700 197645678.023540
917.078900 203530670.150724
917.301300 224989739.901934
917.412400 256868837.644063
917.523600 258096943.017803
917.634800 273300348.206853
917.746000 303472406.693603
917.857200 298833266.411794
917.968400 308999899.700276
918.079600 331553871.856047
918.190800 324605357.994110
918.302000 329582771.931466
918.413100 346014246.335422
918.524300 329552702.447952
918.635500 329319647.295538
918.746700 339406711.296045
918.857900 320465306.790709
918.969100 314576724.591279
919.191500 321725573.837698
919.302600 298062775.802714
919.525000 286242242.308125
919.636200 287681557.060953
919.747400 47147049.881623
919.858600 281913154.067142
919.969800 272137958.407128
920.081000 24242084.200255
920.192200 248879335.386023
920.303300 238892108.090795
920.414500 240681019.737753
920.525700 255632174.047874
920.636900 236204685.200382
920.748100 232138085.268127
920.859300 239666922.532974
920.970500 216718760.964244
921.081700 206488686.290504
921.192800 207736155.443920
921.304000 178127248.336122
921.415200 162589930.077844
921.526400 160655935.476596
921.637600 125693175.038531
921.748800 104082832.277602
921.860000 91800982.274342
921.971200 54520539.034523
922.082300 27805463.975211
922.193500 15386536.006886
922.304700 225067997.336880
922.527100 0.000000
922.638300 225853405.581166
922.749500 222696413.096803
922.860700 0.000000
922.971900 223443377.463949
923.083000 218025189.605414
923.194200 0.000000
923.305400 210748642.698403
923.416600 203873889.796829
923.527800 0.000000
923.639000 192488305.785526
923.750200 186811319.327853
923.861400 0.000000
923.972500 168782959.673217
924.083700 163506238.549603
924.194900 0.000000
924.306100 143703705.266728
924.417300 130926700.851423
924.528500 0.000000
924.639700 112266657.955013
924.750900 101284158.151975
924.862000 0.000000
924.973200 74897163.292930
925.084400 58762053.685251
925.195600 0.000000
925.306800 24238266.842303
925.418000 9169358.016346
925.529200 7420307.876957
925.640400 20817162.268899
925.751600 6279162.492253
925.862700 4791187.348626
925.973900 19297436.107358
926.085100 6522138.887530
926.196300 5891013.724945
926.307500 20774167.472381
926.418700 3163683.076704
926.529900 2957049.392803
926.641100 21559756.459478
926.752200 474802.959525
926.863400 736835.420509
926.974600 17995034.460127
927.085800 491988.085098
927.197000 1112949.009919
927.308200 17395999.848860
927.419400 0.000000
927.530600 44121226.595993
927.641700 0.000000
927.752900 0.000000
927.864100 0.000000
927.975300 0.000000
928.086500 0.000000
928.197700 25857615.915125
928.308900 75825195.019190
928.420100 92419407.047556
928.531300 122100913.528209
928.642400 162327466.901227
928.753600 176943103.370154
928.864800 201406258.358248
928.976000 240988846.451878
929.087200 247055433.176906
929.198400 266222364.676627
929.309600 298690110.074866
929.420800 298439265.995800
929.531900 311577676.369348
929.643100 340078077.089328
929.754300 334511881.808541
929.865500 342839183.301238
929.976700 362949686.119237
930.087900 146117755.047190
930.310300 399929488.153484
930.421400 204057472.850082
930.643800 224809135.337374
930.755000 261963480.888591
930.977400 310732042.963093
931.088600 323136740.948342
931.199800 349496655.129369
931.311000 388772150.956193
931.422100 183757639.818266
931.533300 448689630.158273
931.644500 475662570.940078
931.755700 258759897.372019
931.866900 513527170.093598
931.978100 529514665.348580
932.089300 298794673.378399
932.200500 541674168.934336
932.311600 539597372.135987
932.422800 300032236.888552
932.534000 528813539.873621
932.645200 515415478.734132
932.756400 265025952.667421
932.867600 481690656.310236
932.978800 247153410.856823
933.090000 232843710.026751
933.312300 228882081.049931
933.423500 232271147.390490
933.645900 247363100.137825
933.868300 269922694.928135
933.979500 305104459.176367
934.090700 349168438.235648
934.201800 404477921.507088
934.313000 469237142.050508
934.424200 291311776.899580
934.646600 582614561.817178
934.757800 631201298.282246
934.869000 433696156.929566
934.980200 705304642.245754
935.091300 529463650.276169
935.202500 565054487.478445
935.313700 610754110.163489
935.424900 657837382.801289
935.536100 467131179.607113
935.647300 741030352.363236
935.758500 562480071.274238
935.869700 594765352.298732
935.980900 638012628.625559
936.092000 684749092.852303
936.314400 487703604.908025
936.425600 754668719.366418
936.648000 775199736.658134
936.759200 802100528.007758
936.981500 835628528.381089
937.203900 1082990597.259107
937.315100 879078769.906469
937.537500 1140416701.232460
937.648700 1153906521.932292
937.871000 926018321.755460
937.982200 1163478131.369914
938.093400 1154539119.700978
938.204600 1155356146.986534
938.315800 1165369450.231555
938.427000 1135065144.049569
938.649400 1114364374.390881
938.760600 1098263219.096385
938.982900 839022114.080219
939.094100 1047677092.182408
939.316500 1008964341.949542
939.538900 727918273.797947
939.650100 912982863.365671
939.872400 645707414.163361
939.983600 587968567.990988
940.206000 540281299.464231
940.317200 497253731.564616
940.428400 461949165.331454
940.539600 435911158.595027
940.650700 619316866.361568
940.761900 351128094.735415
940.873100 547731795.614674
940.984300 296999854.311444
941.095500 508700736.160381
941.206700 272018718.460246
941.317900 499043222.945414
941.429100 485077662.028752
941.540300 475781712.321838
941.651400 472759312.709258
941.762600 224955196.659606
941.873800 444055111.893502
941.985000 212754599.151695
942.096200 445265964.578014
942.318600 226503872.537072
942.429800 474864662.604384
942.540900 480525464.823501
942.652100 492030275.034137
942.763300 512139975.977530
942.985700 748153456.588845
943.096900 536117059.291881
943.319300 787381335.667117
943.430400 800510652.485662
943.652800 820980174.965276
943.764000 850452781.391315
943.875200 843688855.945638
943.986400 848383270.787953
944.208800 862437271.958590
944.320000 839438991.195366
944.542300 827468993.759918
944.653500 824727741.686801
944.764700 785957601.132003
944.875900 758054669.372228
944.987100 739423120.875154
945.098300 479590704.136888
945.320600 686698575.524002
945.431800 651324238.103137
945.654200 371744168.874673
945.876600 560875273.477601
945.987800 509867713.214792
946.099000 465412954.412650
946.210100 427946381.599867
946.321300 151133385.853734
946.432500 341738480.168202
946.543700 288518249.996662
946.654900 245757986.441367
946.766100 215880358.020204
946.877300 399978159.493012
946.988500 137480849.676694
947.099700 341963127.612437
947.210800 98284058.639784
947.322000 74198815.959902
947.433200 265303315.075584
947.544400 10130243.085993
947.655600 221881833.378542
947.766800 0.000000
947.878000 220048903.481335
947.989200 212930550.012061
948.211500 0.000000
948.322700 185908789.594006
948.433900 166307791.919045
948.545100 159305679.937922
948.656300 163090257.158868
948.767500 179218799.004137
948.878700 207447073.505248
948.989900 453839814.220666
949.101000 252787547.451314
949.323400 271489285.696662
949.434600 301768727.809254
949.545800 344252941.919196
949.657000 144004775.525890
949.768200 412605125.918148
949.879400 444082741.821602
949.990500 232631582.445151
950.212900 490069220.855745
950.324100 508661213.167333
950.435300 285672485.624320
950.546500 528858722.400592
950.657700 325876902.181806
950.880000 340058893.471149
950.991200 364684385.855511
951.102400 397507124.298063
951.213600 397992543.494191
951.324800 406593797.701063
951.436000 422832126.641549
951.547200 451184089.648212
951.658400 486861007.419517
951.769600 281796922.983417
951.991900 544351207.377611
952.103100 356071286.649907
952.214300 380602379.747107
952.325500 416160019.256870
952.436700 461755487.774090
952.659100 719903647.804629
952.770200 528574874.649022
952.992600 553172487.269372
953.103800 791788674.661095
953.215000 579943275.396243
953.326200 583306358.043494
953.437400 595167546.394630
953.548600 615435966.568216
953.659700 850628714.526097
953.770900 634667221.605791
953.993300 634538260.123423
954.104500 847655872.644081
954.326900 613908892.947887
954.438100 639409310.208665
954.549300 673034833.118944
954.660400 463616883.449004
954.882800 718506795.622967
954.994000 522282284.192706
955.105200 539409435.840521
955.327600 562956479.414315
955.438800 592421563.707750
955.661100 628568513.022673
955.883500 670118684.008834
955.994700 671759083.773161
956.105900 681649625.173002
956.217100 698190397.991959
956.328300 926615824.518779
956.439400 704760879.859403
956.550600 948144318.098090
956.661800 947563672.438403
956.773000 701958224.710713
956.995400 921010733.408897
957.106600 897328060.089093
957.217800 628812731.311324
957.329000 825160416.773115
957.440100 573509077.153911
957.551300 784743603.770997
957.662500 750677751.052368
957.996100 726088561.705759
958.218500 708817899.412993
958.329600 447975604.869517
958.552000 651027297.537149
958.663200 613584448.551462
958.885600 581945012.462280
958.996800 558387921.698411
959.108000 542954614.725121
959.330300 534126668.812128
959.441500 534288732.138870
959.552700 544053391.611587
959.663900 766715993.194819
959.775100 540424018.450225
959.886300 528549401.650564
959.997500 731237444.666230
960.108700 485048537.964976
960.219800 453950014.072133
960.331000 430942322.223087
960.442200 415548211.262163
960.553400 408295576.067561
960.664600 408870781.199555
960.887000 370484809.400899
960.998200 341758739.926547
961.109300 319966384.496078
961.220500 261913933.439548
961.331700 212277086.305745
961.442900 420817039.038699
961.665300 389238799.722027
961.776500 367107973.978273
961.887700 147441129.413869
961.998900 187452999.819033
962.110000 236173224.121693
962.332400 292123577.773947
962.443600 355226201.748811
962.666000 633321425.049472
962.777200 464220434.929626
962.888400 508985989.213050
962.999500 562198947.846585
963.110700 621932665.575826
963.221900 645822853.395679
963.333100 678048563.422389
963.444300 715838393.143290
963.666700 512795703.242541
963.777900 772857941.989614
964.000200 584046045.859696
964.111400 605198324.476041
964.222600 634644895.834187
964.333800 669264958.693223
964.445000 711010509.415572
964.556200 551627124.519581
964.667400 604875947.277867
964.778600 661424908.556459
964.889700 721718690.764797
965.000900 786975482.218261
965.334500 650904669.957895
965.668100 721190858.675039
965.779200 796110263.082446
966.001600 872507993.216894
966.112800 952911146.581496
966.224000 1034789559.728456
966.335200 1120514873.458726
966.446400 1207267375.251904
966.668700 1046637362.001844
966.779900 1344307817.825953
966.891100 1187513431.448688
967.002300 1031648461.853361
967.224700 1330880237.893300
967.335900 1174263838.225267
967.447100 1267978188.647896
967.669400 1358639247.094778
967.780600 1450704504.382610
968.003000 1539632798.336612
968.114200 1379254843.790890
968.336600 1672226810.435380
968.670100 1507476243.325064
968.892500 1546958644.456819
969.003700 1583493551.447639
969.114900 1411812391.664148
969.337300 1440047003.811089
969.670800 1465292277.902034
969.782000 1736335679.279058
970.004400 1799079319.683414
970.226800 1856432748.936119
970.338000 1914174325.119408
970.449100 1970190609.556210
970.671500 1771797945.573375
970.782700 2023782472.973217
971.005100 1819723880.845612
971.116300 2066924567.628433
971.338600 1855228101.143253
971.672200 1843963756.040916
971.783400 1828990322.763968
972.005800 1809478316.170066
972.339300 1785827981.727338
972.561700 1756938858.382734
972.672900 1724415805.084934
972.784100 1687640479.522140
973.006500 1646469962.099713
973.228800 1600061069.507399
973.340000 1550091457.772164
973.451200 1745486229.538943
973.673600 1482258878.605620
974.007200 1670216619.897608
974.118300 1400490260.401746
974.340700 1581636302.007578
974.563100 1555032059.476516
974.674300 1525822769.467612
974.896700 1493939270.012694
975.007900 1459799570.229359
975.119000 1422817527.144602
975.341400 1383702957.456748
975.452600 1341366418.594714
975.675000 1090947886.525823
975.897400 1290972527.609013
976.008500 1032645827.889328
976.230900 1020741283.973970
976.342100 1048882177.875538
976.453300 867199630.691319
976.675700 1134612403.443782
976.898000 1192322673.313393
977.009200 1246638900.003494
977.231600 1295706974.541054
977.342800 1340732295.561030
977.454000 1381031738.713480
977.676400 1416847855.861738
977.787600 1448194008.189401
978.009900 1269681261.216598
978.121100 1335065403.733847
978.343500 1643451233.216421
978.454700 1493841876.320371
978.677100 1791870540.831552
978.899400 1630879856.238186
979.010600 1713929200.217251
979.121800 1587541033.811950
979.344200 1701363695.254071
979.566600 1601255951.605384
979.677700 1741952920.589725
980.011300 1873925821.063201
980.122500 1995779349.071007
980.344900 1901765024.318693
980.678400 2046933706.545709
981.012000 2180510522.313683
981.345600 2302943230.999740
981.567900 2209067135.115827
981.679100 2555152744.993444
981.901500 2436822559.063627
982.012700 2555178522.269361
982.235100 2658567553.283929
982.346300 2751011896.786235
982.568600 2830592049.269173
982.679800 2896848814.479576
983.013400 2949700341.855212
983.347000 2989819407.507519
983.458100 2811958898.106101
983.680500 3072820837.972988
983.791700 2867012599.888491
984.014100 2895938863.808398
984.347600 2704647694.103854
984.681200 2950219543.354132
985.014800 2728169800.469936
985.348300 2942537738.634973
985.681900 2688454761.231004
985.904300 2667904447.952677
986.015500 2675154703.023092
986.349000 2665793592.803967
986.682600 2639983981.568778
986.793800 2846129920.279870
987.016200 2833365475.567753
987.349700 3055017127.762681
987.460900 2808924690.563422
987.683300 2797717257.239984
988.016800 2566334515.624330
988.128000 2772478383.411254
988.350400 2509511099.964422
988.461600 2683982510.437638
988.684000 2389358311.425047
988.906400 2328150374.625298
989.017500 2498070879.400277
989.351100 2450007861.081665
989.573500 2386771225.566905
989.684700 2309122504.355513
990.018200 2012079149.916638
990.351800 2150408345.754598
990.463000 2273934335.430084
990.685400 2181944233.050138
990.796600 2325536839.921410
991.018900 2253450701.884068
991.352500 2417995900.193985
991.686100 2120312017.196359
991.797200 2264175672.616085
992.019600 2398583108.517561
992.242000 2321222354.117865
992.353200 2235118995.840082
992.464400 2141929514.760384
992.686700 2085142084.655898
993.020300 2019805887.422869
993.353900 1947780726.863004
993.576300 1912205920.201997
993.687400 1665575653.004035
993.798600 1861067024.637000
994.021000 1595186949.989223
994.354600 1773513138.175168
994.465800 1490239395.662286
994.688100 1649788933.474832
994.799300 1598441282.162119
995.021700 1335064464.734867
995.355300 1310541157.880467
995.466400 1320700163.246711
995.577600 1569900011.704639
995.688800 1359011812.438696
995.800000 1386534595.357174
996.022400 1200966884.882279
996.133600 1456113622.748698
996.356000 1497690655.889465
996.467100 1573917801.755956
996.578300 1435707664.685776
996.689500 1535188655.986782
996.800700 1623384245.479772
997.023100 1700329993.567745
997.356600 1765590543.327202
997.467800 1819855682.922668
997.690200 1906994273.510011
998.023800 2231441214.119199
998.357300 2093172644.486521
998.579700 2396452194.921306
998.690900 2442274292.060748
998.802100 2478032227.431594
999.024500 2548491250.659166
999.135700 2610900169.362943
999.358000 2866865378.043920
999.691600 2661748130.125824
1000.025200 2899704119.556958
1000.358700 2925828357.862525
1000.469900 2741310358.903329
1000.692300 2750101208.371740
1001.025800 2955012570.921553
1001.359400 2698594887.174954
1001.470600 2884608280.715406
1001.693000 2611842206.844115
1002.026500 2577387680.171750
1002.360100 2534242971.115350
1002.693700 2437241984.371200
1002.804900 2329865233.035779
1003.027200 2212084568.790701
1003.138400 2290767082.522484
1003.360800 2156453451.183740
1003.694400 2015377700.904749
1003.916700 1865922912.126253
1004.027900 1957633651.193493
1004.139100 2042321558.903200
1004.250300 1670565767.989039
1004.361500 1745957160.261539
1004.695100 1567838275.734634
1004.806200 1385085580.289243
1004.917400 1199783033.201941
1005.028600 1211413286.859312
1005.251000 1017737212.931970
1005.362200 1070833939.071160
1005.695700 1121400288.605054
1005.806900 720715728.662759
1005.918100 770641452.708797
1006.029300 824124229.882425
1006.140500 674711221.277978
1006.362900 528050238.629117
1006.696400 588300750.045506
1006.807600 448500633.030992
1006.918800 562505604.191000
1007.030000 681313079.968141
1007.141200 355468546.738443
1007.252400 486470452.730477
1007.363600 380055548.991267
1007.474800 280134824.380576
1007.697100 435181197.269804
1007.808300 351426528.342712
1007.919500 278952152.657298
1008.030700 215739915.955963
1008.141900 117381704.958012
1008.253100 29279402.175475
1008.364300 197048056.403202
1008.475400 129800515.198613
1008.586600 0.000000
1008.697800 0.000000
1008.809000 0.000000
1008.920200 0.000000
1009.031400 27564610.968176
1009.142600 0.000000
1009.253800 0.000000
1009.365000 0.000000
1009.476100 0.000000
1009.587300 0.000000
1009.698500 27978738.596332
1009.809700 17049542.550421
1009.920900 0.000000
1010.032100 0.000000
1010.143300 0.000000
1010.254500 0.000000
1010.365600 0.000000
1010.476800 0.000000
1010.588000 0.000000
1010.699200 0.000000
1010.810400 0.000000
1010.921600 0.000000
1011.032800 5603962.275081
1011.144000 0.000000
1011.255100 32176435.906198
1011.366300 43542079.831844
1011.477500 0.000000
1011.588700 67533493.687253
1011.699900 78887692.311746
1011.811100 0.000000
1011.922300 98636122.146957
1012.033500 110881329.177709
1012.144700 0.000000
1012.255800 124544825.367863
1012.367000 133956168.382674
1012.478200 0.000000
1012.589400 146412459.023524
1012.700600 150867411.895276
1012.811800 0.000000
1012.923000 161569107.402640
1013.034200 168288856.636026
1013.145300 0.000000
1013.256500 170945662.946339
1013.367700 174144901.725311
1013.478900 0.000000
1013.701300 178321921.461431
1013.812500 177763732.534778
1013.923700 0.000000
1014.034800 175361478.417359
1014.146000 176231385.496715
1014.257200 0.000000
1014.368400 170785007.656873
1014.479600 167767168.746181
1014.590800 0.000000
1014.702000 158252815.755512
1014.813200 152989388.922019
1014.924400 0.000000
1015.035500 141323696.660721
1015.146700 137293481.228027
1015.257900 0.000000
1015.369100 121753117.647927
1015.480300 109830730.844543
1015.591500 0.000000
1015.702700 87806467.110443
1015.813900 81442704.413150
1015.925000 0.000000
1016.036200 55525084.894197
1016.147400 47410018.832911
1016.258600 0.000000
1016.369800 19901596.039196
1016.481000 8218537.797608
1016.592200 8572981.261624
1016.703400 25521873.903790
1016.814500 11559665.511748
1016.925700 11667345.320433
1017.036900 24564834.710976
1017.148100 12918383.816723
1017.259300 13399010.098470
1017.370500 31000988.444246
1017.481700 16847228.601987
1017.592900 17339491.000527
1017.704100 35417808.329130
1017.815200 20178938.891890
1017.926400 20758955.031074
1018.037600 36847231.127157
1018.148800 24010461.842830
1018.260000 24939243.683003
1018.371200 38663353.138220
1018.482400 30093202.705827
1018.593600 31018254.304019
1018.704700 46604992.269734
1018.815900 31297816.695269
1018.927100 31660389.964012
1019.038300 45930733.272064
1019.149500 31522529.192456
1019.260700 32661805.179717
1019.371900 46884651.450456
1019.483100 35618677.541757
1019.594300 36467229.226155
1019.705400 53936429.512177
1019.816600 40310257.582194
1019.927800 41443769.511048
1020.039000 56357623.319098
1020.150200 46036109.862423
1020.261400 47077033.713597
1020.372600 65652060.310090
1020.483800 50828030.152971
1020.594900 51829842.037971
1020.706100 66953122.712389
1020.817300 53026192.088314
1020.928500 54214852.728389
1021.039700 68233510.505757
1021.150900 57004346.855276
1021.262100 58226871.593688
1021.373300 78346852.699174
1021.484400 63314466.738946
1021.595600 64417895.929536
1021.706800 84149650.067012
1021.818000 69534124.348858
1021.929200 70276353.945340
1022.040400 87772056.965526
1022.151600 73958775.598159
1022.262800 74161885.190938
1022.374000 86835676.780212
1022.485100 71163106.038924
1022.596300 71648719.081652
1022.707500 89536009.699835
1022.818700 77876488.512391
1022.929900 78346935.698395
1023.041100 93766516.247317
1023.152300 81616936.623409
1023.263500 81716953.000918
1023.374600 99570509.398648
1023.485800 84175566.887188
1023.597000 83507854.608697
1023.708200 101272152.125711
1023.819400 83055632.504247
1023.930600 83076735.553840
1024.041800 102417706.999546
1024.153000 83424867.079192
1024.264100 83706570.541613
1024.375300 98611688.978698
1024.486500 83886042.419155
1024.597700 84200171.005290
1024.708900 99940096.409446
1024.820100 87172170.225762
1024.931300 88637429.012307
1025.042500 109318173.902054
1025.153700 92398242.329658
1025.264800 93879549.706156
1025.376000 109709151.404650
1025.487200 97974122.079792
1025.598400 99475634.177712
1025.709600 118047741.965138
1025.820800 100471981.549501
1025.932000 102714917.100819
1026.043200 114266016.460074
1026.154300 104694312.685748
1026.265500 107112906.497747
1026.376700 128721764.260520
1026.487900 116408955.238748
1026.599100 118523516.896400
1026.710300 137229410.900283
1026.821500 120462450.603694
1026.932700 123744542.458893
1027.043800 138992813.514323
1027.155000 130422241.141267
1027.266200 133242306.064001
1027.377400 147465190.158692
1027.488600 136503847.652741
1027.599800 139269961.182801
1027.711000 152825742.616571
1027.822200 145079933.063140
1027.933400 146473484.066819
1028.044500 167616535.504061
1028.155700 151772593.928449
1028.266900 153990844.587924
1028.378100 173607724.216258
1028.489300 153744060.442488
1028.600500 156026697.781224
1028.711700 172290077.952999
1028.822900 155285433.054267
1028.934000 157317342.097137
1029.045200 169342106.657897
1029.156400 158027113.482379
1029.267600 158905501.459450
1029.378800 172897968.124920
1029.490000 158219758.514293
1029.601200 160139088.045201
1029.712400 174568599.591732
1029.823500 159087203.692639
1029.934700 161938939.134303
1030.045900 176806257.601620
1030.157100 166660793.542548
1030.268300 169133736.859594
1030.379500 188420832.639351
1030.490700 177042778.895972
1030.601900 179549849.248192
1030.713100 195442757.327743
1030.824200 183305079.746000
1030.935400 185025063.037842
1031.046600 199988890.583215
1031.157800 181548979.489200
1031.269000 183910332.144958
1031.380200 200885426.519520
1031.491400 185024248.156890
1031.602600 188461108.081057
1031.713700 208143420.101270
1031.824900 193967538.724253
1031.936100 198335595.562578
1032.047300 214804596.022211
1032.158500 200443524.282074
1032.269700 204021977.307908
1032.380900 216896662.219635
1032.492100 205810366.004738
1032.603300 211215899.165129
1032.714400 228087863.909483
1032.825600 211280879.489469
1032.936800 217505478.572729
1033.048000 239303767.356699
1033.159200 225669078.176694
1033.270400 232165473.549369
1033.381600 253846466.416160
1033.492800 237042538.232605
1033.603900 242211287.868234
1033.715100 256869537.436008
1033.826300 242629188.771705
1033.937500 247908135.971039
1034.048700 260179001.770524
1034.159900 255897447.913065
1034.271100 260928246.022882
1034.382300 280886304.690631
1034.493400 266779918.379176
1034.604600 271755719.658509
1034.715800 284641342.394214
1034.827000 262561271.384001
1034.938200 268922333.134151
1035.049400 278562360.725299
1035.160600 278909285.938363
1035.271800 285299425.028293
1035.383000 299496200.752360
1035.494100 291500436.157150
1035.605300 299362636.658695
1035.716500 318762876.365026
1035.827700 312252629.985622
1035.938900 317734826.498938
1036.050100 327442293.092437
1036.161300 315503566.629264
1036.272500 320954014.371768
1036.383600 337065470.091792
1036.494800 325192887.708854
1036.606000 327465895.908114
1036.717200 337735195.020442
1036.828400 332376083.891489
1036.939600 333896043.405549
1037.050800 349004878.840569
1037.162000 346605213.729877
1037.273100 345755896.369743
1037.384300 368081392.436340
1037.495500 353311185.133316
1037.606700 349095454.633788
1037.717900 351631666.572161
1037.829100 335399344.809251
1037.940300 329601710.642209
1038.051500 346226668.404963
1038.162700 320737758.846246
1038.273800 316585879.788022
1038.385000 330965722.577179
1038.496200 317758215.703686
1038.607400 313290576.911287
1038.718600 326751522.736632
1038.829800 314104984.988514
1038.941000 308302144.523835
1039.052200 310141436.739299
1039.163300 295417196.647180
1039.274500 289207082.583920
1039.385700 291598972.236775
1039.496900 281309620.687124
1039.608100 275345150.040523
1039.719300 291560280.898687
1039.830500 259131245.201903
1039.941700 254382483.599587
1040.052800 256733266.169364
1040.164000 247366622.931087
1040.275200 242820747.317900
1040.386400 257708759.443449
1040.497600 256951613.313578
1040.608800 253940920.438496
1040.720000 275355540.561162
1040.831200 50452110.185386
1040.942400 288560115.488273
1041.053500 309134643.089726
1041.164700 93730703.110674
1041.275900 339491271.848375
1041.387100 357348768.949086
1041.498300 132190958.139933
1041.609500 380423058.357694
1041.720700 395666272.630451
1041.831900 175792307.559886
1041.943000 416473354.361210
1042.054200 420622195.756780
1042.165400 199761247.467498
1042.276600 446205405.350453
1042.387800 469172702.209352
1042.499000 240911606.540727
1042.610200 477179147.811722
1042.721400 481839492.590995
1042.832500 247911209.268684
1042.943700 477701853.503128
1043.054900 270115811.377933
1043.166100 264379594.096056
1043.277300 297160822.894372
1043.388500 355882919.830821
1043.610900 368757096.147082
1043.722100 392886817.529822
1043.833200 434047276.164982
1043.944400 435608676.335849
1044.055600 456447520.615056
1044.166800 469768708.373492
1044.278000 479732056.658913
1044.389200 497925980.459538
1044.500400 522467754.097059
1044.611600 311965652.541992
1044.722700 550435414.505802
1044.833900 577726485.954226
1044.945100 364528039.106730
1045.056300 599272536.339309
1045.167500 425497182.221829
1045.278700 454174236.444026
1045.389900 496712945.129138
1045.501100 551182382.682351
1045.612300 577703121.169080
1045.723400 612572670.378887
1045.945800 642645838.841590
1046.057000 649409135.764948
1046.168200 672638281.472407
1046.390600 714721447.743033
1046.501800 706075208.189693
1046.612900 713078026.482610
1046.724100 730072553.139015
1046.835300 759138303.968718
1046.946500 799802773.745665
1047.057700 803505679.779978
1047.168900 824778031.391733
1047.280100 844450589.597385
1047.391300 846451233.331320
1047.502400 856225522.994824
1047.724800 871593126.703606
1047.836000 656863148.340055
1047.947200 888727357.317037
1048.058400 887190211.555414
1048.280800 663232075.949494
1048.392000 884763345.210166
1048.503100 883378557.828403
1048.725500 630873860.163718
1048.836700 846614812.914825
1048.947900 820095698.841977
1049.059100 561596834.566409
1049.170300 754819706.101273
1049.281500 718479790.967289
1049.392600 695549920.059510
1049.503800 703506877.677018
1049.615000 911569477.388753
1049.726200 668471506.398595
1049.948600 628535947.816153
1050.059800 828447207.460963
1050.171000 572579048.290166
1050.282100 553597847.462132
1050.393300 735817866.238464
1050.504500 504739385.773917
1050.615700 457265430.776161
1050.726900 626455027.646741
1050.949300 367419737.348674
1051.060500 573903934.066065
1051.171700 553610476.649824
1051.282800 291781803.339902
1051.394000 469103820.978994
1051.505200 459912936.013994
1051.616400 433600158.126755
1051.727600 427010498.251958
1051.838800 628065127.222584
1051.950000 390633560.218113
1052.061200 375258717.822064
1052.172300 569745544.469802
1052.283500 353158450.427990
1052.394700 334571840.850519
1052.505900 532057484.339773
1052.617100 282597092.637184
1052.728300 251818719.261714
1052.839500 446677968.084981
1052.950700 203776269.755100
1053.061800 419299936.297999
1053.173000 398390649.110901
1053.284200 158340090.308104
1053.395400 376207207.237746
1053.506600 362859746.292701
1053.617800 111925546.086919
1053.729000 306598849.795237
1053.840200 292490023.170331
1053.951400 292806041.571176
1054.062500 324517808.534449
1054.173700 315033574.305188
1054.284900 317061268.649465
1054.396100 331921350.385874
1054.507300 309121047.289746
1054.618500 311787905.485063
1054.729700 321887042.708635
1054.840900 317862835.986993
1054.952000 319918139.962321
1055.063200 342253275.236725
1055.174400 343607504.086404
1055.285600 345113395.693449
1055.396800 366117169.398951
1055.508000 342199244.372364
1055.619200 342803809.211357
1055.730400 369043602.390161
1055.841500 357864876.882596
1055.952700 359701601.745728
1056.063900 369484631.981115
1056.175100 153137344.540384
1056.286300 389771267.213389
1056.397500 205522756.795768
1056.508700 235417386.958130
1056.619900 485225467.434089
1056.731100 285112869.545708
1056.842200 306930822.449039
1056.953400 549002255.948636
1057.064600 372964479.931160
1057.175800 384072520.491115
1057.287000 625674205.153860
1057.398200 420138458.395632
1057.509400 431569375.723205
1057.620600 673026655.987079
1057.731700 467668649.476749
1057.842900 483748175.031200
1057.954100 709596741.843482
1058.065300 496831805.955184
1058.176500 497808349.967433
1058.287700 718139763.761649
1058.398900 502758916.770469
1058.510100 501995700.379102
1058.621200 703878460.650740
1058.732400 479906090.262422
1058.843600 484281462.117907
1059.066000 692785788.842525
1059.288400 464829449.065965
1059.399600 458851914.282769
1059.510800 675853944.035851
1059.621900 472038024.955773
1059.733100 469385736.967237
1059.844300 669030039.325640
1059.955500 430370758.387964
1060.066700 421244815.178109
1060.177900 621815824.423501
1060.289100 401233770.389633
1060.400300 384983449.960657
1060.511400 587991503.528084
1060.622600 357623598.642098
1060.733800 335965942.203012
1060.845000 534724000.145854
1060.956200 297530841.427359
1061.067400 271079963.894166
1061.178600 464356347.924677
1061.289800 218990452.490385
1061.401000 198906068.935815
1061.512100 392358820.456989
1061.623300 154790310.239324
1061.734500 117718331.656155
1061.845700 307715039.305904
1061.956900 66098821.947972
1062.068100 284878359.837270
1062.179300 273430248.975633
1062.290500 273994986.357580
1062.401600 294435087.858138
1062.512800 279653314.051559
1062.624000 281195726.768204
1062.735200 302597855.669482
1062.846400 283817488.308648
1062.957600 287251143.748623
1063.068800 306906978.456531
1063.180000 289211771.423945
1063.291100 294844274.271765
1063.402300 323257501.555221
1063.513500 304613030.098999
1063.624700 309305362.077920
1063.735900 320372294.848118
1063.847100 297723597.083427
1063.958300 302022873.611620
1064.069500 318686381.707239
1064.180700 300206980.170269
1064.291800 305450034.360972
1064.403000 310971041.555272
1064.514200 311195375.934829
1064.625400 315493805.690315
1064.736600 333919634.250476
1064.847800 328122911.410286
1064.959000 331580010.055953
1065.070200 359684981.717529
1065.181300 336642610.666283
1065.292500 339182618.736091
1065.403700 344340554.962865
1065.514900 332143781.097257
1065.626100 334187938.799888
1065.737300 351731777.832400
1065.848500 337977768.505706
1065.959700 339089411.405677
1066.070800 353255816.485327
1066.182000 342716397.103401
1066.293200 343941342.938183
1066.404400 364845987.174606
1066.515600 349423241.040435
1066.626800 348607639.307692
1066.738000 361186678.085957
1066.849200 341678367.255046
1066.960400 340716163.481334
1067.071500 352789309.463708
1067.182700 327760986.553870
1067.293900 326496682.869597
1067.405100 340489359.039813
1067.516300 321728481.039999
1067.627500 319874124.388398
1067.738700 326959967.657318
1067.849900 317479413.550588
1067.961000 315396010.879682
1068.072200 329876612.437536
1068.183400 305131588.071603
1068.294600 302866150.062864
1068.405800 313285028.100529
1068.517000 300737499.407382
1068.628200 299552665.157595
1068.739400 314948046.171205
1068.850500 299776090.180690
1068.961700 299733272.191781
1069.072900 310358787.012277
1069.184100 290715398.446819
1069.295300 290939693.703501
1069.406500 301530437.334270
1069.517700 293330407.140310
1069.628900 295823176.650379
1069.740100 310718545.475014
1069.851200 307370529.487706
1069.962400 310510953.446364
1070.073600 330351912.417073
1070.184800 314745372.841407
1070.296000 318098090.472039
1070.407200 336722087.761796
1070.518400 316424049.747598
1070.629600 318706733.788284
1070.740700 331403861.751400
1070.851900 317314133.931285
1070.963100 319228881.967585
1071.074300 330685745.068458
1071.185500 320781854.647651
1071.296700 323749936.692799
1071.407900 335928300.860867
1071.519100 325169814.452600
1071.630200 327252711.076964
1071.741400 348293789.766778
1071.852600 327548580.245362
1071.963800 329718209.029128
1072.075000 338677636.754278
1072.186200 316712427.542432
1072.297400 317369810.712690
1072.408600 328834065.089802
1072.519800 316638985.400332
1072.630900 316732509.770196
1072.742100 331016130.468886
1072.853300 315807787.216164
1072.964500 317386786.573425
1073.075700 331780507.692932
1073.186900 312493287.311050
1073.298100 313896157.675835
1073.409300 328886126.372624
1073.520400 314570087.339561
1073.631600 314362642.075519
1073.742800 327135204.399729
1073.854000 312158063.693146
1073.965200 311167013.111931
1074.076400 323276767.121338
1074.187600 308847042.858260
1074.298800 307663206.106904
1074.410000 318327558.214975
1074.521100 303500984.859610
1074.632300 302182298.186789
1074.743500 314825572.776221
1074.854700 302485969.877876
1074.965900 301583161.948864
1075.077100 316509717.812645
1075.188300 303081924.320625
1075.299500 302517390.162749
1075.410600 318966546.929144
1075.521800 301896802.347820
1075.633000 299830001.019370
1075.744200 310352050.196542
1075.855400 293412538.550222
1075.966600 291302298.243372
1076.077800 300122684.436466
1076.189000 284234072.771315
1076.300100 281450928.177818
1076.411300 290874212.947323
1076.522500 276067362.389840
1076.633700 273166105.018565
1076.744900 289512789.691063
1076.856100 270078688.993762
1076.967300 267849958.016005
1077.078500 280411152.962152
1077.189700 260582543.885750
1077.300800 257670137.302854
1077.412000 268819913.944110
1077.523200 252007952.572714
1077.634400 249347623.403733
1077.745600 256498787.174805
1077.856800 247827627.737495
1077.968000 245503679.474852
1078.079200 255553853.032405
1078.190300 237002425.687581
1078.301500 235482429.975378
1078.412700 249179689.020993
1078.523900 235831844.076298
1078.635100 234832915.329876
1078.746300 243681327.388137
1078.857500 234247558.174958
1078.968700 235043562.663187
1079.079800 247470587.971380
1079.191000 230668778.219167
1079.302200 231041442.128891
1079.413400 239277394.536026
1079.524600 229555687.243362
1079.635800 229862617.018498
1079.747000 247321443.404342
1079.858200 228373533.479297
1079.969400 228860844.708638
1080.080500 242260122.215806
1080.191700 232529788.369282
1080.302900 232237302.409625
1080.414100 249323749.431686
1080.525300 230960328.150665
1080.636500 230415954.072079
1080.747700 244824717.163491
1080.858900 229474964.269027
1080.970000 228673578.655858
1081.081200 239756301.209423
1081.192400 221882913.428725
1081.303600 219810588.198821
1081.414800 235700730.515889
1081.526000 215760507.512147
1081.637200 213778037.122253
1081.748400 223119113.556312
1081.859500 208629625.655155
1081.970700 206745444.394402
1082.081900 218793596.934466
1082.193100 200793879.141121
1082.304300 198507712.996460
1082.415500 207787043.955103
1082.526700 193924679.812237
1082.637900 191722360.512751
1082.749100 199838417.925404
1082.860200 182280115.308577
1082.971400 180656806.552751
1083.082600 191278404.423172
1083.193800 176598558.247261
1083.305000 174885313.570229
1083.416200 191174886.251713
1083.527400 172079351.115859
1083.638600 169567726.345513
1083.749700 183174076.604062
1083.860900 168945438.920096
1083.972100 166769023.881876
1084.083300 175518066.871016
1084.194500 163476048.293712
1084.305700 160546302.982317
1084.416900 179490518.624310
1084.528100 163002197.118239
1084.639200 160356521.871222
1084.750400 176335165.536343
1084.861600 162998543.345307
1084.972800 159675324.826393
1085.084000 175120898.210442
1085.195200 155338265.664509
1085.306400 151930676.009923
1085.417600 160253719.128092
1085.528800 148914280.134750
1085.639900 145385203.482988
1085.751100 160257805.818413
1085.862300 139817695.242620
1085.973500 135300573.432811
1086.084700 144630721.836927
1086.195900 127193081.285175
1086.307100 122532840.216556
1086.418300 130328203.443179
1086.529400 112761349.203424
1086.640600 108059833.506112
1086.751800 120604379.676760
1086.863000 98870031.415050
1086.974200 94377379.871813
1087.085400 100745770.579100
1087.196600 87983520.956602
1087.307800 83166946.231088
1087.419000 96665404.219055
1087.530100 78584079.169065
1087.641300 74053551.869995
1087.752500 84632403.469549
1087.863700 66119030.230970
1087.974900 62399544.835047
1088.086100 75108961.075078
1088.197300 59739090.012101
1088.308500 55903437.567470
1088.419600 73772993.392131
1088.530800 59049452.310375
1088.642000 56412414.171832
1088.753200 67819946.007857
1088.864400 53852013.295913
1088.975600 51986959.419391
1089.086800 65149635.943887
1089.198000 50718898.955786
1089.309100 48810474.930315
1089.420300 65309288.163739
1089.531500 49068718.998074
1089.642700 47385431.247350
1089.753900 62827666.739563
1089.865100 44585129.250492
1089.976300 43193081.237159
1090.087500 56205290.604394
1090.198700 38697817.777513
1090.309800 37477953.654884
1090.421000 50744273.932078
1090.532200 29410722.915029
1090.643400 27824035.879846
1090.754600 41273579.976857
1090.865800 24148337.625076
1090.977000 22814483.397475
1091.088200 38678809.049280
1091.199300 17833020.001655
1091.310500 17125447.531053
1091.421700 28715969.033926
1091.532900 12201649.040184
1091.644100 10727908.255826
1091.755300 23066889.951924
1091.866500 7930161.411309
1091.977700 6479601.398349
1092.088800 20154205.945069
1092.200000 2031174.340381
1092.311200 1497599.851447
1092.422400 15381244.967659
1092.533600 0.000000
1092.644800 0.000000
1092.756000 16953069.727242
1092.867200 0.000000
1092.978400 0.000000
1093.089500 13199458.760049
1093.200700 0.000000
1093.311900 0.000000
1093.423100 11549281.518335
1093.534300 0.000000
1093.645500 0.000000
1093.756700 9467054.231111
1093.867900 0.000000
1093.979000 0.000000
1094.090200 4470498.475283
1094.201400 0.000000
1094.312600 0.000000
1094.423800 8857493.127616
1094.535000 0.000000
1094.646200 0.000000
1094.757400 8621135.874815
1094.868500 0.000000
1094.979700 0.000000
1095.090900 6432188.177642
1095.202100 0.000000
1095.313300 0.000000
1095.424500 5179454.409739
1095.535700 0.000000
1095.646900 0.000000
1095.758100 3538264.308405
1095.869200 0.000000
1095.980400 0.000000
1096.091600 2472391.736913
1096.202800 0.000000
1096.314000 0.000000
1096.425200 4832241.328278
1096.536400 0.000000
1096.647600 0.000000
1096.758700 4641508.685581
1096.869900 0.000000
1096.981100 0.000000
1097.092300 8196611.287721
1097.203500 0.000000
1097.314700 0.000000
1097.425900 4311629.658629
1097.537100 0.000000
1097.648200 31299935.990480
1097.759400 43943598.200384
1097.870600 0.000000
1097.981800 69204359.800081
1098.093000 80398686.187662
1098.204200 0.000000
1098.315400 100980312.125914
1098.426600 108422432.161176
1098.537800 0.000000
1098.648900 122175826.294402
1098.760100 130784061.151108
1098.871300 0.000000
1098.982500 139837580.934555
1099.093700 145125815.098427
1099.204900 0.000000
1099.316100 156928115.680574
1099.427300 161956219.286573
1099.538400 0.000000
1099.649600 167829349.088718
1099.760800 0.000000
1099.872000 0.000000
1099.983200 11158035.282207
1100.094400 48561523.187459
1100.205600 0.000000
1100.427900 118665077.518567
1100.539100 152579442.486211
1100.650300 0.000000
1100.761500 208750786.748363
1100.872700 35292070.765314
1100.983900 70147361.033810
1101.095100 117689217.492033
1101.206300 176453096.852006
1101.317500 4557276.491664
1101.428600 281049762.415819
1101.539800 130195164.223956
1101.651000 185828607.060000
1101.762200 452423691.768582
1101.873400 288513178.739424
1101.984600 332801388.717954
1102.095800 385678059.039823
1102.207000 248122112.302208
1102.318100 315939485.886343
1102.429300 392772218.059711
1102.540500 479585549.936198
1102.762900 329408092.096900
1102.985300 625646750.488052
1103.096500 688847725.268616
1103.207700 517394455.496281
1103.430000 594185007.072977
1103.541200 676869258.704379
1103.652400 766454777.304943
1103.763600 662482465.382715
1103.874800 761540005.597251
1104.097200 865442379.726931
1104.208300 974265293.638196
1104.430700 1039398507.816215
1104.541900 1112753157.281874
1104.764300 1190139569.836051
1104.986700 1029612842.756322
1105.097800 1312336276.968847
1105.209000 1160561302.843121
1105.320200 1007986269.297549
1105.431400 1298497057.956653
1105.653800 1152484921.844057
1105.765000 1203586308.515262
1106.098500 1256559364.850843
1106.320900 1109646854.943489
1106.432100 1158470685.638949
1106.654500 1210078629.280162
1106.765700 1060772881.482229
1106.876900 1151628290.065958
1106.988000 1239133293.736316
1107.099200 1521812968.080965
1107.432800 1365244079.253400
1107.544000 1644088483.916336
1107.766400 1482799283.026265
1108.099900 1518293664.260516
1108.322300 1551225243.807768
1108.433500 1581268919.225617
1108.544700 1608868012.517621
1108.655900 1630454965.054589
1108.767100 1653572320.200977
1108.878200 1673558429.631115
1109.100600 1889556382.444664
1109.323000 1666811052.337695
1109.434200 1681833714.184162
1109.767700 1695959005.631313
1109.878900 1463200729.930199
1110.101300 1469032191.639365
1110.212500 1467289695.158698
1110.434900 1464834899.355735
1110.768400 1700309291.739176
1110.990800 1491050954.008821
1111.102000 1718297109.249465
1111.435600 1702263628.860362
1111.769100 1682996857.448037
1111.880300 1662082419.663690
1111.991500 1594533191.595414
1112.102700 1524552486.852285
1112.213900 1693510392.943037
1112.436300 1424218496.880125
1112.658600 1588112639.934846
1112.769800 1555006139.964406
1112.992200 1522146424.902870
1113.103400 1684159894.426333
1113.325800 1408272704.880513
1113.436900 1330004609.231469
1113.548100 1449847037.550653
1113.659300 1134094327.916634
1113.770500 1255629517.221551
1114.104100 938298983.494129
1114.326500 1058861137.707526
1114.437600 982278845.076624
1114.771200 903869723.715415
1114.993600 1026092974.653648
1115.104800 712240670.730406
1115.327100 838915763.606614
1115.438300 770429285.150646
1115.549500 705831966.128924
1115.660700 841802644.439924
1115.771900 782303379.610487
1115.883100 965297501.834509
1115.994300 716888827.940691
1116.105500 672859522.945555
1116.216700 831252438.329248
1116.439000 556601962.846331
1116.661400 725353685.083516
1116.772600 457822043.734874
1116.883800 631904243.663319
1116.995000 375163856.653053
1117.106200 564607015.664367
1117.217300 519423842.094818
1117.328500 477503783.830941
1117.439700 444750015.758559
1117.550900 373691293.787591
1117.773300 305602566.540108
1117.995700 484087751.439137
1118.106800 231496698.218131
1118.218000 417179113.452072
1118.329200 420666855.881530
1118.440400 431684440.598383
1118.551600 450789077.854669
1118.774000 472121255.695054
1118.885200 506865344.490872
1118.996400 549883357.517669
1119.107500 357344331.131733
1119.218700 611016155.141502
1119.441100 633178230.382838
1119.552300 418323931.941055
1119.663500 648119623.860627
1119.774700 643769770.402835
1119.997000 648451301.820467
1120.108200 659284329.582441
1120.219400 680262857.121967
1120.441800 706764399.498521
1120.553000 705157845.538632
1120.664200 705117546.845973
1120.775400 714317356.853157
1120.886500 686701554.704685
1120.997700 666955975.505180
1121.108900 658067174.667673
1121.220100 850597930.206291
1121.442500 613150076.305386
1121.664900 819257797.349478
1121.776100 804743430.332167
1121.887200 552285191.919221
1122.109600 744558799.931626
1122.220800 708066085.406304
1122.443200 678246278.506275
1122.665600 657054118.838918
1122.776700 602472407.819033
1122.887900 556952930.255123
1122.999100 526020407.916835
1123.110300 700443250.707484
1123.221500 442663533.745491
1123.332700 392646424.234037
1123.443900 550986723.300264
1123.666200 277484615.746789
1123.777400 453116344.051103
1123.888600 404738093.443174
1123.999800 362660020.234167
1124.111000 329857913.381002
1124.222200 267917276.774886
1124.333400 214966342.410339
1124.444600 170007183.562950
1124.555800 96178187.627821
1124.666900 31406715.792344
1124.778100 0.000000
1124.889300 135823369.983795
1125.000500 0.000000
1125.111700 56053232.087977
1125.222900 10251319.320533
1125.334100 0.000000
1125.445300 0.000000
1125.556400 142919041.620913
1125.667600 0.000000
1125.778800 122358586.351242
1125.890000 117447366.273411
1126.001200 0.000000
1126.112400 96037775.655021
1126.223600 86109690.654303
1126.334800 0.000000
1126.445900 65055886.808001
1126.557100 58403428.600077
1126.668300 60576763.399426
1126.779500 79243915.537863
1126.890700 66198752.723294
1127.001900 67869036.401756
1127.113100 87964887.024255
1127.224300 75051054.645980
1127.335500 77637253.112518
1127.446600 88180753.427261
1127.557800 78108357.685367
1127.669000 80449174.951196
1127.780200 102208040.260027
1127.891400 84922650.166703
1128.002600 88048923.158509
1128.113800 108061440.965933
1128.225000 95386705.258790
1128.336100 98786775.074296
1128.447300 120773885.993701
1128.558500 109552342.055213
1128.669700 112662557.250933
1128.780900 130117927.467625
1128.892100 113493593.299218
1129.003300 116262918.425633
1129.114500 130315998.617363
1129.225700 118833717.065038
1129.336800 121727534.608779
1129.448000 141546092.221538
1129.559200 126472607.615548
1129.670400 130148216.826371
1129.781600 147526439.997586
1129.892800 135213704.234717
1130.004000 139053350.682621
1130.115200 155912517.003179
1130.226300 142990363.028300
1130.337500 146766993.673851
1130.448700 163935708.523494
1130.559900 153414522.001524
1130.671100 157000724.279132
1130.782300 173516836.027312
1130.893500 161879661.309325
1131.004700 164640107.232004
1131.115800 180017897.231216
1131.227000 177509398.937715
1131.338200 181425801.507919
1131.449400 206663580.804342
1131.560600 193724271.514301
1131.671800 197189609.117210
1131.783000 213385006.860766
1131.894200 198862281.637379
1132.005400 202505379.315391
1132.116500 217013321.502940
1132.227700 203713108.517149
1132.338900 207652661.374689
1132.450100 224822686.664601
1132.561300 205731674.900116
1132.672500 210322287.418796
1132.783700 223449881.632290
1132.894900 215937308.953543
1133.006000 220502085.045941
1133.117200 238532575.944281
1133.228400 230490060.165679
1133.339600 235302499.374056
1133.450800 254949083.967387
1133.562000 247331753.914981
1133.673200 251902717.769410
1133.784400 269066456.876257
1133.895500 260334801.494454
1134.006700 264555087.755385
1134.117900 279759485.921851
1134.229100 267446430.249847
1134.340300 270109964.593251
1134.451500 283518409.042590
1134.562700 272370589.393073
1134.673900 275517737.920865
1134.785100 298025560.818025
1134.896200 283449312.142429
1135.007400 286527075.003626
1135.118600 302299090.678223
1135.229800 294934233.694919
1135.341000 297908631.504573
1135.452200 314210074.435279
1135.563400 301401651.103737
1135.674600 305091190.567415
1135.785700 327353999.327879
1135.896900 313275500.665682
1136.008100 317015234.563096
1136.119300 332425529.728765
1136.230500 321574844.513322
1136.341700 325355699.814917
1136.452900 339886446.027433
1136.564100 328254122.722231
1136.675200 331659823.572099
1136.786400 350356460.061629
1136.897600 337330225.375501
1137.008800 340531009.432054
1137.120000 354650754.214795
1137.231200 344049396.797093
1137.342400 345104541.134840
1137.453600 356948948.056060
1137.564800 346668360.793978
1137.675900 348097794.938727
1137.787100 364439879.698096
1137.898300 354514502.631793
1138.009500 356122022.476082
1138.120700 367719898.849068
1138.231900 366067468.422179
1138.343100 369024416.134302
1138.454300 388688784.448933
1138.565400 377305031.867332
1138.676600 380738771.813773
1138.787800 403075355.538599
1138.899000 386099135.241366
1139.010200 389959138.146985
1139.121400 407346358.403769
1139.232600 395709754.754476
1139.343800 398715737.466335
1139.454900 416039770.132781
1139.566100 402991138.097028
1139.677300 405663369.954136
1139.788500 424636364.789690
1139.899700 408317503.911153
1140.010900 410580886.222505
1140.122100 422994052.451446
1140.233300 414966132.890090
1140.344500 418607293.099267
1140.455600 426830044.514198
1140.566800 420173510.535803
1140.678000 423940158.904775
1140.789200 434969516.870863
1140.900400 428677094.186305
1141.011600 432279883.103855
1141.122800 446813399.377676
1141.234000 444313330.834299
1141.345100 447931138.151429
1141.456300 463065963.303358
1141.567500 459456590.454005
1141.678700 461090369.362173
1141.789900 481936309.811139
1141.901100 468452798.441842
1142.012300 469814811.236485
1142.123500 486447268.169091
1142.234600 477439143.426457
1142.345800 478698777.371964
1142.457000 498524651.283211
1142.568200 482892901.705765
1142.679400 483991092.904059
1142.790600 502985965.072859
1142.901800 485541100.835413
1143.013000 484749561.826843
1143.124200 499235968.089706
1143.235300 488160189.045698
1143.346500 487234051.955430
1143.457700 505441097.051308
1143.568900 487549055.700858
1143.680100 486392707.435253
1143.791300 504068690.795191
1143.902500 483750464.602917
1144.013700 483802304.284649
1144.124800 497508717.647434
1144.236000 484087464.744220
1144.347200 484018815.320964
1144.458400 494858268.844718
1144.569600 484861013.412102
1144.680800 485888596.129396
1144.792000 498072669.986683
1144.903200 484367573.570479
1145.014400 485894204.725458
1145.125500 500725139.615120
1145.236700 490892910.273036
1145.347900 492111788.758260
1145.459100 505776328.329343
1145.570300 498849240.270411
1145.681500 499172870.345776
1145.792700 529012742.447793
1145.903900 513802622.490829
1146.015000 513525504.874516
1146.126200 535425234.946160
1146.237400 525091305.102032
1146.348600 525242703.749521
1146.459800 555251800.361382
1146.571000 538103960.025147
1146.682200 538036541.608169
1146.793400 565779009.795654
1146.904500 543383076.332180
1147.015700 543175974.485650
1147.126900 559918991.810555
1147.238100 532367408.493540
1147.349300 532394908.015594
1147.460500 543882805.272773
1147.571700 523408146.860356
1147.682900 525188847.649883
1147.794100 542785700.457681
1147.905200 516972838.626802
1148.016400 520931034.501226
1148.127600 536899718.010219
1148.238800 525447660.963107
1148.350000 529728174.881904
1148.461200 544288150.373398
1148.572400 528511757.510100
1148.683600 532797076.228279
1148.794700 550494674.953948
1148.905900 530337270.874738
1149.017100 536204023.533343
1149.128300 550311668.256778
1149.239500 542419076.150034
1149.350700 548075402.878133
1149.461900 563192378.237915
1149.573100 560254703.960093
1149.684200 566848977.802698
1149.795400 588644036.661852
1149.906600 576733699.412611
1150.017800 584280236.679120
1150.129000 605959030.775105
1150.240200 606119959.946295
1150.351400 612659885.285769
1150.462600 643050575.701270
1150.573800 632505584.362766
1150.684900 638607363.482165
1150.796100 657064528.301690
1150.907300 648735433.202336
1151.018500 654614925.035939
1151.129700 674746028.133517
1151.240900 656089466.343915
1151.352100 661409042.457282
1151.463300 673052512.244695
1151.574400 655553258.894358
1151.685600 659131929.211381
1151.796800 683495290.523955
1151.908000 659828901.968724
1152.019200 661362133.415028
1152.130400 672572853.197948
1152.241600 644697393.545648
1152.352800 644919762.438644
1152.463900 645658320.638613
1152.575100 625421400.852045
1152.686300 624755226.269101
1152.797500 620568374.404145
1152.908700 619959607.628266
1153.019900 619886440.831424
1153.131100 628485774.080583
1153.242300 622289560.961119
1153.353500 623756483.828150
1153.464600 627534735.681615
1153.575800 636510095.085739
1153.687000 638551299.254583
1153.798200 645437144.508345
1153.909400 644929906.760559
1154.020600 646677796.436478
1154.131800 662296102.789075
1154.243000 654186538.712879
1154.354100 654543679.597425
1154.465300 670309885.514821
1154.576500 665284810.921256
1154.687700 666153063.964424
1154.798900 686850916.930103
1154.910100 663221370.597842
1155.021300 665083971.285489
1155.132500 706470111.016675
1155.243600 680083303.087990
1155.354800 679742564.545991
1155.466000 695462943.697929
1155.577200 673725604.012284
1155.688400 675045000.758208
1155.799600 697711084.515524
1155.910800 654025056.143964
1156.022000 658169067.167199
1156.133200 648051103.918017
1156.244300 647669906.548297
1156.355500 652199304.005217
1156.466700 646561150.658248
1156.577900 635346097.205439
1156.689100 643351428.927932
1156.800300 628735985.099805
1156.911500 638064884.825643
1157.022700 651582742.261509
1157.133800 680515976.268178
1157.245000 694645514.129217
1157.356200 697994132.544203
1157.467400 715655316.434832
1157.578600 698876876.345350
1157.689800 700726275.955998
1157.801000 729943498.707223
1157.912200 712191402.035898
1158.023400 709345693.851799
1158.134500 744320311.181620
1158.245700 725661747.924272
1158.356900 719535844.072321
1158.468100 732801204.801756
1158.579300 727901261.550418
1158.690500 720484089.690507
1158.801700 729292821.716217
1158.912900 724079086.214571
1159.024000 714403821.410451
1159.135200 740818485.316571
1159.246400 718916384.060660
1159.357600 706881648.016250
1159.468800 709263331.010287
1159.580000 644735663.760510
1159.691200 638297042.022449
1159.802400 657125222.012014
1159.913500 606796717.740118
1160.024700 599888693.338676
1160.135900 614959302.394888
1160.247100 566107972.607120
1160.358300 564095667.326972
1160.469500 540602143.028897
1160.580700 538852231.200633
1160.691900 541563409.197448
1160.803100 535750294.831933
1160.914200 523001784.943437
1161.025400 525452884.474380
1161.136600 496023145.380825
1161.247800 302347635.346336
1161.359000 538798581.606627
1161.470200 532444871.704092
1161.581400 353726231.277163
1161.692600 585222621.630540
1161.803700 651042400.908728
1161.914900 441396675.820891
1162.026100 667531011.446011
1162.137300 737568247.670473
1162.248500 546762140.986176
1162.359700 597477594.153584
1162.470900 685246459.042826
1162.582100 524416265.518628
1162.693200 822920117.216993
1162.804400 676769059.936828
1162.915600 739515211.596923
1163.026800 1004416594.834087
1163.138000 841378206.100666
1163.249200 901546198.360267
1163.360400 1149809469.236055
1163.471600 959176738.038026
1163.582800 1003461024.669741
1163.693900 1238033870.340810
1163.805100 1039417147.494556
1163.916300 1065164506.174059
1164.138700 1296710719.936073
1164.249900 1120318107.191644
1164.361100 1119290209.891821
1164.472300 1327501469.625264
1164.583400 1130175495.116297
1164.694600 1125891473.486216
1164.805800 1306094332.718416
1164.917000 1084783089.538226
1165.028200 1059618198.716250
1165.139400 1252044866.987663
1165.472900 1033873968.501524
1165.584100 1059929058.042586
1165.806500 1238992066.005768
1166.028900 990862503.646275
1166.140100 984225386.099342
1166.251300 1170344457.705122
1166.362500 922879898.959457
1166.473600 885240425.701790
1166.584800 1083046571.459433
1166.696000 872807510.005089
1166.807200 827952708.026649
1166.918400 1011891676.303042
1167.029600 762585163.788066
1167.140800 723230668.217551
1167.252000 891442500.729278
1167.363100 675915324.267708
1167.474300 871195715.584012
1167.585500 847541638.757011
1167.696700 609706253.936875
1167.807900 800970254.990355
1167.919100 585242795.201241
1168.030300 545428646.570315
1168.141500 526212981.483320
1168.252600 545576584.125772
1168.363800 490298235.691541
1168.475000 451745986.946389
1168.586200 662490748.735584
1168.697400 675543485.193781
1168.808600 679443567.410965
1168.919800 661617542.952007
1169.031000 692651301.508378
1169.142200 730859712.106536
1169.253300 746854838.286641
1169.364500 761662705.613957
1169.475700 793785291.703903
1169.586900 806810712.633551
1169.698100 817516654.018898
1169.809300 847916360.989577
1169.920500 853779031.927372
1170.031700 856848630.743894
1170.142800 885316014.170896
1170.254000 880388879.282251
1170.365200 879416055.136440
1170.476400 881364673.150276
1170.698800 887921288.456467
1170.810000 885624614.947707
1170.921200 892863222.171897
1171.143500 892981803.554931
1171.254700 888072741.057018
1171.365900 891522258.663859
1171.477100 885348241.187826
1171.588300 876475527.358792
1171.699500 870504309.227846
1171.810700 854038128.531952
1171.921900 838241064.473885
1172.144200 855558784.620018
1172.255400 816556736.448348
1172.366600 795287957.316861
1172.477800 824112455.374708
1172.589000 776348164.088340
1172.700200 757120460.590815
1172.811400 768141290.382188
1172.922500 721362893.737902
1173.033700 698240756.634201
1173.144900 685381061.121261
1173.256100 644029748.626378
1173.367300 617356934.215177
1173.478500 595171359.177693
1173.589700 550122680.561430
1173.700900 516936512.528137
1173.812100 492550999.705309
1173.923200 684864501.091822
1174.034400 444496891.862551
1174.145600 666759025.807719
1174.256800 654376052.845794
1174.368000 415507590.029959
1174.479200 622816766.696991
1174.590400 621921573.894857
1174.701600 378160914.730500
1174.812700 596899223.179038
1174.923900 608873367.706264
1175.035100 611464760.613238
1175.146300 618946814.773784
1175.257500 601779368.769768
1175.368700 602754082.198745
1175.479900 620486154.140109
1175.591100 592486985.923944
1175.702200 591244749.928171
1175.813400 588121748.912282
1175.924600 579451705.267040
1176.035800 580296890.928455
1176.147000 584398640.502713
1176.258200 566128358.653532
1176.369400 565987232.223503
1176.480600 589215882.488857
1176.591800 575458451.433532
1176.702900 573702383.763023
1176.814100 572520446.296631
1176.925300 571624562.205468
1177.036500 569892629.745651
1177.147700 598756005.378910
1177.258900 572512632.152620
1177.370100 569684524.562668
1177.481300 580366412.448866
1177.592400 552140147.409243
1177.703600 552006202.833658
1177.814800 551781452.791138
1177.926000 530354721.614118
1178.037200 531371906.078523
1178.148400 550641020.038101
1178.259600 531605825.948982
1178.370800 535069434.759522
1178.481900 543342735.003770
1178.593100 541571177.867769
1178.704300 544570596.466331
1178.815500 568087351.777466
1178.926700 547867538.158711
1179.037900 553007398.804762
1179.149100 574116499.496403
1179.260300 566982699.774207
1179.371500 572586476.015401
1179.482600 602374789.106878
1179.593800 592949904.052287
1179.705000 596607364.983246
1179.816200 611321164.757269
1179.927400 588868410.402493
1180.038600 590571741.776160
1180.149800 607283509.307935
1180.261000 592351655.842587
1180.372100 594076129.115714
1180.483300 615609564.010532
1180.594500 590589227.940091
1180.705700 588977404.088719
1180.816900 585210601.401538
1180.928100 566862735.628459
1181.039300 565406486.250508
1181.150500 568687698.819791
1181.261600 555267725.475941
1181.372800 553169043.972116
1181.484000 571896081.230350
1181.595200 562380811.887102
1181.706400 560567333.855182
1181.817600 578448638.680486
1181.928800 566305174.580297
1182.040000 565141467.643429
1182.151200 577562249.906733
1182.262300 546974094.789297
1182.373500 544352638.410129
1182.484700 555192763.961944
1182.595900 533751767.818244
1182.707100 531204972.716354
1182.818300 535059588.665248
1182.929500 508053805.076146
1183.040700 504929144.857209
1183.151800 509135278.143726
1183.263000 509208112.797949
1183.374200 506034283.915977
1183.485400 515648653.213761
1183.596600 512414955.484706
1183.707800 510342859.131334
1183.819000 513211172.398366
1183.930200 508462389.370635
1184.041300 507758153.845272
1184.152500 521677583.058157
1184.263700 505203240.180549
1184.374900 505626507.936889
1184.486100 528314809.448320
1184.597300 516270214.030932
1184.708500 516471438.733604
1184.819700 532093817.890904
1184.930900 510383565.904149
1185.042000 511153426.561296
1185.153200 513464053.693540
1185.264400 490887290.865430
1185.375600 491201029.674097
1185.486800 503738222.842669
1185.598000 496574207.128156
1185.709200 494205603.742061
1185.820400 507657547.847075
1185.931500 490109952.308826
1186.042700 487756956.455233
1186.153900 479611492.742697
1186.265100 470629227.938803
1186.376300 464231748.789519
1186.487500 484184793.869565
1186.598700 475400109.577744
1186.709900 470595103.180511
1186.821100 482232237.848190
1186.932200 463505709.994605
1187.043400 458124086.020095
1187.154600 478588432.136050
1187.265800 443767563.879665
1187.377000 438122344.013978
1187.488200 442671185.995810
1187.599400 421634588.480054
1187.710600 416168425.711935
1187.821700 426065169.611263
1187.932900 408002007.781149
1188.044100 402358958.161577
1188.155300 416711423.314152
1188.266500 400925568.283355
1188.377700 395842151.987226
1188.488900 397969431.236393
1188.600100 387792128.371694
1188.711200 384977228.618100
1188.822400 400995938.060121
1188.933600 378929474.696623
1189.044800 375285726.846123
1189.156000 384713301.799942
1189.267200 364309816.723621
1189.378400 359861224.787410
1189.489600 374288791.132917
1189.600800 354340001.566062
1189.711900 352348362.869124
1189.823100 375716313.284215
1189.934300 351044153.612082
1190.045500 349825372.930064
1190.156700 349059486.525759
1190.267900 338813377.419444
1190.379100 336293930.532451
1190.490300 353269665.401818
1190.601400 336993816.171845
1190.712600 336015192.993935
1190.823800 349910642.772049
1190.935000 342537301.728517
1191.046200 343442900.439953
1191.157400 351750922.884321
1191.268600 335749866.114161
1191.379800 334606517.682521
1191.490900 353571320.909580
1191.602100 343896080.652762
1191.713300 340598683.487560
1191.824500 350771282.528699
1191.935700 323359457.372285
1192.046900 320524052.175855
1192.158100 334413132.924758
1192.269300 305147284.936712
1192.380500 301225266.721163
1192.491600 302048698.315144
1192.602800 287831445.399158
1192.714000 283158609.752489
1192.825200 283386806.816979
1192.936400 269935260.157493
1193.047600 266060623.737451
1193.158800 283599621.282734
1193.270000 259424896.048419
1193.381100 256154490.806573
1193.492300 263306719.156122
1193.603500 243935176.139026
1193.714700 240704108.730104
1193.825900 249989483.140762
1193.937100 228573740.677176
1194.048300 223953492.564365
1194.159500 245216351.571762
1194.270600 219747710.197622
1194.381800 216645217.927017
1194.493000 218307394.518285
1194.604200 199854552.478171
1194.715400 196523364.672658
1194.826600 207914841.556514
1194.937800 189046104.975262
1195.049000 185638852.976045
1195.160200 196325102.460348
1195.271300 180994129.415562
1195.382500 178847588.885894
1195.493700 182613958.085449
1195.604900 170071779.867434
1195.716100 168743918.069440
1195.827300 184887595.658201
1195.938500 165585046.430671
1196.049700 164211238.692945
1196.160800 171731482.638638
1196.272000 158945663.044168
1196.383200 157222442.481624
1196.494400 178181594.559674
1196.605600 160457913.467757
1196.716800 157537707.074803
1196.828000 172261538.518828
1196.939200 148277256.985984
1197.050300 144703642.625584
1197.161500 151597221.223832
1197.272700 121998475.352072
1197.383900 114932072.459330
1197.495100 123653628.272152
1197.606300 107715669.955159
1197.717500 101391457.695921
1197.828700 104162026.953306
1197.939900 89426033.131382
1198.051000 82777600.127948
1198.162200 97625022.680752
1198.273400 68635028.045147
1198.384600 62222561.923129
1198.495800 73658693.454032
1198.607000 55408548.519150
1198.718200 49466130.294737
1198.829400 56671654.057485
1198.940500 35431670.674937
1199.051700 29833558.276927
1199.162900 39470343.645301
1199.274100 16755211.067387
1199.385300 12656378.499985
1199.496500 21960045.939904
1199.607700 0.000000
1199.718900 0.000000
1199.830100 757289.146199
1199.941200 0.000000
1200.052400 0.000000
1200.163600 2644929.494299
1200.274800 0.000000
1200.386000 0.000000
1200.497200 0.000000
1200.608400 0.000000
1200.719600 0.000000
1200.830700 0.000000
1200.941900 0.000000
1201.053100 0.000000
1201.164300 0.000000
1201.275500 0.000000
1201.386700 0.000000
1201.497900 6002976.274595
1201.609100 0.000000
1201.720200 0.000000
1201.831400 15015208.006912
1201.942600 0.000000
1202.053800 0.000000
1202.165000 5916983.161397
1202.276200 0.000000
1202.387400 0.000000
1202.498600 4621344.787359
1202.609800 0.000000
1202.720900 0.000000
1202.832100 0.000000
1202.943300 0.000000
1203.054500 0.000000
1203.165700 0.000000
1203.276900 0.000000
1203.388100 0.000000
1203.499300 0.000000
1203.610400 0.000000
1203.721600 0.000000
1203.832800 0.000000
1203.944000 0.000000
1204.055200 0.000000
1204.166400 0.000000
1204.277600 0.000000
1204.388800 2574271.348746
1204.499900 8724363.901462
1204.611100 0.000000
1204.722300 35034384.406941
1204.833500 48568082.189535
1204.944700 0.000000
1205.055900 70987589.045484
1205.167100 82019067.620002
1205.278300 0.000000
1205.389500 107938648.974662
1205.500600 112193024.187356
1205.611800 0.000000
1205.723000 129753295.667980
1205.834200 137066914.717726
1205.945400 0.000000
1206.056600 140753338.439943
1206.167800 152095654.748741
1206.279000 0.000000
1206.390100 162645614.482600
1206.501300 165138501.615577
1206.612500 0.000000
1206.723700 173670121.112684
1206.834900 179071761.573557
1206.946100 0.000000
1207.168500 178708952.390599
1207.279600 173625951.061017
1207.390800 0.000000
1207.502000 171064796.488968
1207.613200 164329663.073523
1207.724400 0.000000
1207.835600 164319293.072854
1207.946800 168069047.573372
1208.058000 0.000000
1208.169200 155276495.994745
1208.280300 144352635.574277
1208.391500 0.000000
1208.502700 133882132.899192
1208.613900 129127900.005666
1208.725100 0.000000
1208.836300 125396980.620579
1208.947500 123630817.695719
1209.058700 0.000000
1209.169800 100765704.865151
1209.281000 90373338.881095
1209.392200 0.000000
1209.503400 80390675.784821
1209.614600 73654938.005407
1209.725800 0.000000
1209.837000 50610385.938828
1209.948200 37803836.741500
1210.059300 40802994.957157
1210.170500 55298898.777483
1210.281700 44845096.050543
1210.392900 49124920.301473
1210.504100 65889819.595782
1210.615300 50151130.688575
1210.726500 54639940.921700
1210.837700 74707019.786811
1210.948900 65116344.690789
1211.060000 69283506.274852
1211.171200 81927762.764390
1211.282400 74101926.824524
1211.393600 77976404.046837
1211.504800 98934456.738817
1211.616000 86586232.894396
1211.727200 89330184.567101
1211.838400 114851237.125854
1211.949500 101921732.168838
1212.060700 104970698.373590
1212.171900 122584212.287351
1212.283100 111821141.691441
1212.394300 115309421.148322
1212.505500 134782119.448478
1212.616700 123246300.010908
1212.727900 125946398.209835
1212.839000 143748155.345685
1212.950200 137795613.602949
1213.061400 141653852.330778
1213.172600 163337140.263177
1213.283800 155792713.967788
1213.395000 160503734.035325
1213.506200 185273518.707180
1213.617400 168417113.345830
1213.728600 171383098.316968
1213.839700 189909057.737512
1213.950900 182012029.095935
1214.062100 186660068.943421
1214.173300 212790715.025102
1214.284500 204055273.868264
1214.395700 207973797.158096
1214.506900 219591641.526336
1214.618100 201496185.065758
1214.729200 204985568.906421
1214.840400 223487383.965578
1214.951600 216496549.209221
1215.062800 220955108.170712
1215.174000 238573802.310240
1215.285200 225071262.889725
1215.396400 228146248.000270
1215.507600 241457734.470576
1215.618800 235431004.008130
1215.729900 239619752.740022
1215.841100 261600936.304044
1215.952300 255808856.375846
1216.063500 261104213.162904
1216.174700 281692866.023089
1216.285900 272950653.066778
1216.397100 280492800.464891
1216.508300 308213526.683932
1216.619400 298536111.340399
1216.730600 305510861.618884
1216.841800 326904281.120637
1216.953000 314186890.625862
1217.064200 323369271.878284
1217.175400 345927364.862896
1217.286600 340606205.939149
1217.397800 349019091.773774
1217.508900 370691648.259773
1217.620100 362489083.085138
1217.731300 370704586.431772
1217.842500 395193571.014863
1217.953700 391609103.029181
1218.064900 400002522.997574
1218.176100 424305419.325630
1218.287300 413998645.659750
1218.398500 421773754.722085
1218.509600 444130282.796479
1218.620800 439576028.435998
1218.732000 447290868.050921
1218.843200 469356814.923336
1218.954400 456843086.217416
1219.065600 465907377.318937
1219.176800 480962750.505378
1219.288000 473439502.466300
1219.399100 482511156.390337
1219.510300 508923071.565241
1219.621500 505316764.085690
1219.732700 513726130.714285
1219.843900 527905018.164657
1219.955100 522376083.893081
1220.066300 529249310.682127
1220.177500 548586414.777788
1220.288600 545094500.279211
1220.399800 552852819.294418
1220.511000 575210780.747823
1220.622200 566539972.934606
1220.733400 574015070.370059
1220.844600 585442464.705490
1220.955800 582725021.011096
1221.067000 590110003.343650
1221.178200 611753871.844212
1221.289300 605099753.527733
1221.400500 612877903.103101
1221.511700 629697840.036191
1221.622900 620893420.183794
1221.734100 629066650.876633
1221.845300 655937846.226979
1221.956500 653856568.645428
1222.067700 661870106.053322
1222.178800 678108394.026020
1222.290000 670217659.121552
1222.401200 677058757.822073
1222.512400 696214660.199378
1222.623600 695259555.906290
1222.734800 704441719.966827
1222.846000 726513842.088410
1222.957200 721158769.032222
1223.068300 729205310.820411
1223.179500 753086514.782559
1223.290700 743593309.735045
1223.401900 751099632.567845
1223.513100 769702366.502936
1223.624300 764674174.313504
1223.735500 770849427.529647
1223.846700 789548880.545872
1223.957900 777939564.782409
1224.069000 784053961.691418
1224.180200 797850449.744339
1224.291400 791379792.146068
1224.402600 796748758.491485
1224.513800 817630447.695458
1224.625000 812992940.489195
1224.736200 819059752.699359
1224.847400 841602866.154408
1224.958500 835735425.753940
1225.069700 842874359.625244
1225.180900 862140235.692577
1225.292100 848174352.767673
1225.403300 854855531.991541
1225.514500 870310151.427951
1225.625700 863497886.548775
1225.736900 870323710.460891
1225.848000 885487320.639133
1225.959200 884437564.199396
1226.070400 891197257.779521
1226.181600 912818326.243914
1226.292800 900681412.482903
1226.404000 907100709.654249
1226.515200 923825982.078034
1226.626400 920903532.326066
1226.737600 927693002.488107
1226.848700 957386794.721631
1226.959900 946965897.173285
1227.071100 952656016.793203
1227.182300 979829705.789442
1227.293500 963950807.534410
1227.404700 971434735.919389
1227.515900 995542476.249970
1227.627100 984155548.033871
1227.738200 989514935.073411
1227.849400 1006675676.680628
1227.960600 999587484.011287
1228.071800 1004539540.741473
1228.183000 1034001573.271651
1228.294200 1020421149.278494
1228.405400 1026701402.834116
1228.516600 1047974606.051911
1228.627800 1035510589.065747
1228.738900 1041205002.747630
1228.850100 1047766299.898860
1228.961300 1045632810.180982
1229.072500 1051773422.215347
1229.183700 1067535880.648860
1229.294900 1059035952.761381
1229.406100 1064651741.331916
1229.517300 1080777094.460730
1229.628400 1080049019.622639
1229.739600 1084878998.992537
1229.850800 1117286619.769194
1229.962000 1096233162.208205
1230.073200 1100125140.703578
1230.184400 1117546533.556127
1230.295600 1103965360.982264
1230.406800 1108260759.784438
1230.517900 1133973002.594142
1230.629100 1122573964.685126
1230.740300 1124732340.190547
1230.851500 1148085419.188684
1230.962700 1132821183.297807
1231.073900 1134880488.642779
1231.185100 1152348714.751118
1231.296300 1138677922.430934
1231.407500 1143244200.137021
1231.518600 1163970594.090861
1231.629800 1153311472.149413
1231.741000 1157919945.465041
1231.852200 1178974474.590190
1231.963400 1165940617.158254
1232.074600 1170965476.286046
1232.185800 1195327233.488401
1232.297000 1177753560.236954
1232.408100 1184673607.646428
1232.519300 1189171893.219018
1232.630500 1188458732.312673
1232.741700 1195281055.977192
1232.852900 1212878007.722289
1232.964100 1215234997.195757
1233.075300 1221353424.373536
1233.186500 1239475220.635172
1233.297600 1225069565.979593
1233.408800 1230369375.469339
1233.520000 1254372983.017225
1233.631200 1244715875.895538
1233.742400 1248777343.592493
1233.853600 1265271544.585104
1233.964800 1259617290.681278
1234.076000 1263103847.582710
1234.187200 1274368518.869531
1234.298300 1257063669.809608
1234.409500 1261889566.701546
1234.520700 1276702785.041274
1234.631900 1274340137.124159
1234.743100 1281140540.899224
1234.854300 1308999011.494543
1234.965500 1299106044.025074
1235.076700 1305914076.599432
1235.187800 1316701168.156484
1235.299000 1315388747.470429
1235.410200 1320296761.479362
1235.521400 1326540475.769882
1235.632600 1322268544.580792
1235.743800 1326095949.576084
1235.855000 1338927644.082601
1235.966200 1334509840.947937
1236.077300 1339311261.379025
1236.188500 1354546813.269434
1236.299700 1338746644.242659
1236.410900 1340460140.669274
1236.522100 1350696754.637504
1236.633300 1327720519.614106
1236.744500 1329462660.239583
1236.855700 1339738683.803658
1236.966900 1340098788.545840
1237.078000 1343622903.957266
1237.189200 1367494580.942840
1237.300400 1351331633.318294
1237.411600 1354425074.477608
1237.522800 1364665610.609138
1237.634000 1354669637.595380
1237.745200 1356684817.221400
1237.856400 1371299730.907900
1237.967500 1377803087.287640
1238.078700 1378832461.081523
1238.189900 1397729861.431419
1238.301100 1389207682.325371
1238.412300 1390785731.583745
1238.523500 1398227237.876321
1238.634700 1390667974.908565
1238.745900 1390554111.483048
1238.857000 1391927286.977740
1238.968200 1393010700.849012
1239.079400 1392403085.822225
1239.190600 1389877865.250677
1239.301800 1377152344.980955
1239.413000 1376552387.316413
1239.524200 1393803756.899254
1239.635400 1382402558.282837
1239.746600 1375276919.051815
1239.857700 1395921336.339787
1239.968900 1378445960.319312
1240.080100 1374507041.487726
1240.191300 1395349454.869220
1240.302500 1364975146.341925
1240.413700 1363847179.196701
1240.524900 1371730971.456646
1240.636100 1349924817.289414
1240.747200 1351548651.704824
1240.858400 1385549951.672729
1240.969600 1362419731.886144
1241.080800 1361518111.209568
1241.192000 1373280647.961433
1241.303200 1362225722.860824
1241.414400 1359351012.823391
1241.525600 1355374133.716171
1241.636800 1368006127.973032
1241.747900 1364796545.959373
1241.859100 1360036205.028255
1241.970300 1361637829.720272
1242.081500 1355634362.889081
1242.192700 1370702840.914095
1242.303900 1339305813.761913
1242.415100 1336458867.035487
1242.526300 1370511260.906300
1242.637400 1338388509.430764
1242.748600 1338268718.057587
1242.859800 1353645274.797790
1242.971000 1353979277.728682
1243.082200 1347918912.361001
1243.193400 1364023254.426330
1243.304600 1335148176.303802
1243.415800 1330586015.693306
1243.526900 1332513135.628639
1243.638100 1290694707.942842
1243.749300 1293181768.868560
1243.860500 1319019362.357771
1243.971700 1307523268.825724
1244.082900 1300000528.963353
1244.194100 1302576520.116827
1244.305300 1310099581.118956
1244.416500 1304150777.671279
1244.527600 1297973902.695123
1244.638800 1285667880.497105
1244.750000 1277468513.583624
1244.861200 1278872312.770175
1244.972400 1292262632.196182
1245.083600 1286342596.088543
1245.194800 1319305458.151785
1245.306000 1287389500.110903
1245.417100 1272413829.399809
1245.528300 1196504517.739087
1245.639500 987592984.087108
1245.750700 1209597325.545247
1245.861900 1027838254.977856
1245.973100 1065336807.711944
1246.084300 1326724743.566546
1246.195500 1140036510.571191
1246.306600 1057639601.535571
1246.417800 1112710287.377347
1246.529000 1199736848.445476
1246.640200 1172197354.868676
1246.751400 1209755482.960052
1246.862600 1246199708.438553
1246.973800 1078525724.150811
1247.085000 1334383443.518429
1247.196200 1437672709.023180
1247.307300 1234488592.377429
1247.418500 1489753253.275603
1247.529700 1559102270.546078
1247.640900 1349346238.763962
1247.752100 1601529490.713915
1247.863300 1546343666.700753
1247.974500 1389283071.560784
1248.085700 1659948751.394608
1248.196800 1690945408.158733
1248.419200 1498529011.285216
1248.530400 1725231256.063563
1248.641600 1701462359.405475
1248.864000 1470745734.265655
1248.975200 1676565618.844606
1249.086300 1648489394.055353
1249.197500 1424764670.637130
1249.419900 1541962366.537642
1249.531100 1360294310.977669
1249.642300 1346734373.698927
1249.753500 1381965891.720051
1249.864700 1390627846.635628
1249.975900 1366685500.247819
1250.198200 1387959471.144547
1250.309400 1397642441.864675
1250.420600 1394431587.864477
1250.531800 1399316670.366026
1250.643000 1428476662.292526
1250.754200 1428324506.631885
1250.865400 1419987749.249363
1250.976500 1423903784.295294
1251.087700 1388478006.079312
1251.198900 1367688563.579648
1251.310100 1344411094.739096
1251.421300 1236830822.893901
1251.532500 1198868963.991148
1251.643700 1269595540.597739
1251.754900 1453653368.672977
1251.866000 1223083844.115702
1251.977200 1413845944.591419
1252.088400 1422703496.366642
1252.199600 1128908425.411860
1252.310800 1312817424.707535
1252.533200 1394414464.888527
1252.644400 1375776130.027402
1252.866700 1350996303.942345
1252.977900 1376319611.234493
1253.089100 1354879691.164321
1253.200300 1385287709.998881
1253.311500 1580110494.193731
1253.422700 1377026559.812418
1253.533900 1316284614.031614
1253.645100 1516437057.597529
1253.756200 1289727506.907155
1253.867400 1256975108.634464
1253.978600 1415679808.872452
1254.089800 1164815564.069088
1254.201000 1218551439.268042
1254.312200 1359560019.807143
1254.423400 1092494359.362764
1254.534600 1023371441.813859
1254.645700 1164025910.085623
1254.756900 905358778.105475
1254.868100 876390215.733579
1254.979300 1011065652.902013
1255.090500 757892528.716817
1255.201700 722598211.026663
1255.312900 880295595.767418
1255.424100 713137976.391202
1255.535300 909500385.061093
1255.646400 931706105.331942
1255.757600 911352385.761148
1255.868800 928335467.986643
1255.980000 927938161.834131
1256.091200 932916862.849556
1256.202400 997645494.420885
1256.313600 965160764.638234
1256.424800 977438867.742960
1256.535900 1031753509.554048
1256.647100 997821547.090630
1256.758300 1011666890.925242
1256.869500 1076895810.624647
1256.980700 1056410735.255906
1257.091900 1071517777.981616
1257.203100 1070137317.097088
1257.314300 1105359991.313146
1257.425500 1119781341.500647
1257.536600 1139013222.333403
1257.647800 1114431235.205502
1257.759000 1129864069.320296
1257.870200 1176605890.762032
1257.981400 1124985890.920222
1258.092600 1143011804.589473
1258.203800 1177880416.953010
1258.315000 1171232212.454681
1258.426100 1184297355.631911
1258.537300 1181624294.676373
1258.648500 1163438282.178195
1258.759700 1171514203.661887
1258.870900 1164290186.024001
1258.982100 1154207472.767251
1259.093300 1157729691.183334
1259.204500 1195078345.484954
1259.315600 1170567991.645937
1259.426800 1173432927.095697
1259.538000 1179453962.996911
1259.649200 1160592733.978542
1259.760400 1162276436.018183
1259.871600 1166207239.514697
1259.982800 1155313746.832098
1260.094000 1154972942.568450
1260.205200 1175296899.111388
1260.316300 1162255637.874985
1260.427500 1165770494.225610
1260.538700 1175105379.252681
1260.649900 1176999100.867586
1260.761100 1180606955.534469
1260.872300 1186054286.087976
1260.983500 1152581232.020408
1261.094700 1152821157.801407
1261.205800 1176488636.308596
1261.317000 1143588317.254658
1261.428200 1136281192.931110
1261.539400 1156568192.105894
1261.650600 1138115021.749625
1261.761800 1138282409.093211
1261.873000 1153068198.658463
1261.984200 1146583085.293650
1262.095300 1147575438.788824
1262.206500 1145699915.441081
1262.317700 1128016430.245544
1262.428900 1128800609.218730
1262.540100 1115914336.582424
1262.651300 1097266830.172218
1262.762500 1097626312.968366
1262.873700 1098594245.911604
1262.984900 1093543992.161254
1263.096000 1095726938.267237
1263.207200 1097077133.772704
1263.318400 1086307013.874762
1263.429600 1089036342.252955
1263.540800 1102145126.920778
1263.652000 1094101229.104375
1263.763200 1099515276.578451
1263.874400 1096619562.136867
1263.985500 1096414779.831423
1264.096700 1099772273.881001
1264.207900 1121485313.277636
1264.319100 1108444971.755048
1264.430300 1109944800.630178
1264.541500 1133770585.970468
1264.652700 1109166089.726602
1264.763900 1109086336.433003
1264.875000 1125218711.579403
1264.986200 1094806649.484168
1265.097400 1093778066.148218
1265.208600 1085168371.856223
1265.319800 1081020358.248132
1265.431000 1079361901.380962
1265.542200 1065664450.173512
1265.653400 1067227886.377584
1265.764600 1064199712.462178
1265.875700 1071484766.271442
1265.986900 1059605063.689801
1266.098100 1056501180.162098
1266.209300 1066656239.566182
1266.320500 1043148288.473194
1266.431700 1040115950.215312
1266.542900 1037518659.992561
1266.654100 1018246988.055017
1266.765200 1014853661.259436
1266.876400 1008329346.363868
1266.987600 986173886.957328
1267.098800 976688263.959584
1267.210000 983886008.255794
1267.321200 969024510.901715
1267.432400 960357490.405243
1267.543600 957321701.219897
1267.654700 930227091.857589
1267.765900 919313039.339940
1267.877100 927140846.978865
1267.988300 907531417.292640
1268.099500 894928577.558666
1268.210700 914380524.169469
1268.321900 894730979.414735
1268.433100 885471840.719159
1268.544300 887434078.572896
1268.655400 875292418.918725
1268.766600 866274351.276255
1268.877800 840509970.668453
1268.989000 842596264.753755
1269.100200 835835922.342735
1269.211400 844452435.287457
1269.322600 835947672.126027
1269.433800 829448381.493413
1269.544900 847061975.287589
1269.656100 819480449.870391
1269.767300 812239508.275196
1269.878500 809619545.856494
1269.989700 792187632.581942
1270.100900 784905660.026635
1270.212100 784509352.003290
1270.323300 767681428.135339
1270.434500 760445634.682070
1270.545600 757381004.089185
1270.656800 744283955.320421
1270.768000 737163676.853920
1270.879200 754932728.566920
1270.990400 732006101.244788
1271.101600 723708425.942214
1271.212800 739287734.422421
1271.324000 701753985.635795
1271.435100 694371896.221540
1271.546300 696848581.089489
1271.657500 670033276.611639
1271.768700 665102668.866099
1271.879900 675927786.493546
1271.991100 657246806.733135
1272.102300 652293524.784235
1272.213500 661476274.240159
1272.324600 648083576.593566
1272.435800 645912266.246620
1272.547000 653627823.943169
1272.658200 632042293.080990
1272.769400 628630647.961147
1272.880600 636022265.252413
1272.991800 617164188.560320
1273.103000 613805118.070989
1273.214200 627233072.544915
1273.325300 610583892.590412
1273.436500 608119804.790289
1273.547700 616322447.308345
1273.658900 590602652.832990
1273.770100 587072912.594377
1273.881300 598271301.009837
1273.992500 575348795.735477
1274.103700 570938544.698981
1274.214800 585540800.455281
1274.326000 558744335.282436
1274.437200 552663600.636881
1274.548400 583993427.203921
1274.659600 555182071.685635
1274.770800 551596674.422399
1274.882000 556289856.919724
1274.993200 524910336.499316
1275.104300 522184702.470077
1275.215500 527870194.552022
1275.326700 509359158.328200
1275.437900 506052274.497097
1275.549100 524708176.452386
1275.660300 507232815.310991
1275.771500 502586459.323171
1275.882700 513417456.758947
1275.993900 492052586.586732
1276.105000 487461522.554632
1276.216200 501622927.404897
1276.327400 478933554.305147
1276.438600 472906575.997482
1276.549800 469131495.613976
1276.661000 450766528.481279
1276.772200 442000016.784031
1276.883400 447036361.579399
1276.994500 437154253.140424
1277.105700 426364337.882471
1277.216900 433156824.646781
1277.328100 414558026.146602
1277.439300 404454939.771318
1277.550500 405884716.471669
1277.661700 389840802.814251
1277.772900 379957128.959567
1277.884000 390626443.117216
1277.995200 372478797.574454
1278.106400 362377964.952808
1278.217600 360397356.353165
1278.328800 340122071.711583
1278.440000 330251278.934152
1278.551200 333483892.346395
1278.662400 315360730.809033
1278.773600 306001434.457329
1278.884700 319548780.827590
1278.995900 302891911.347241
1279.107100 291634455.417386
1279.218300 290811155.338711
1279.329500 276325990.655286
1279.440700 265088390.660109
1279.551900 259462995.508794
1279.663100 239888193.394289
1279.774200 229353344.081126
1279.885400 239268577.727344
1279.996600 211487546.321844
1280.107800 201794503.370372
1280.219000 207987753.294920
1280.330200 190629935.096455
1280.441400 181244098.298706
1280.552600 187443643.397730
1280.663700 174725434.054783
1280.774900 169328332.541939
1280.886100 186021376.798772
1280.997300 165951137.268895
1281.108500 161723126.246240
1281.219700 176767575.852284
1281.330900 148400782.921141
1281.442100 144821293.145239
1281.553300 158914948.400931
1281.664400 142738022.810297
1281.775600 140786370.937101
1281.886800 154484111.839541
1281.998000 136611396.277434
1282.109200 134182552.839564
1282.220400 143637258.514041
1282.331600 130081960.284920
1282.442800 128247257.827589
1282.553900 134228265.801035
1282.665100 108675499.587190
1282.776300 106614115.728434
1282.887500 121895040.816864
1282.998700 101780742.981687
1283.109900 101262477.694408
1283.221100 116213233.340279
1283.332300 93392321.679506
1283.443500 94338755.805098
1283.554600 105516883.830528
1283.665800 89012557.158803
1283.777000 89406107.431675
1283.888200 108939756.538851
1283.999400 93236887.686099
1284.110600 94059447.839120
1284.221800 112502333.634810
1284.333000 93495761.085861
1284.444100 95381989.469817
1284.555300 106260763.877796
1284.666500 90073072.361460
1284.777700 88011090.492473
1284.888900 108611993.538046
1285.000100 84614465.819205
1285.111300 80498702.260679
1285.222500 103394108.185790
1285.333600 86607692.035565
1285.444800 81774527.402811
1285.556000 86253986.814287
1285.667200 67516240.997705
1285.778400 63860724.729495
1285.889600 76740251.208210
1286.000800 60670899.884112
1286.112000 54190797.004988
1286.223200 65747760.138452
1286.334300 42414247.849144
1286.445500 37858935.223047
1286.556700 42543222.230013
1286.667900 22335225.514553
1286.779100 18582852.194173
1286.890300 24079783.200517
1287.001500 8416625.707195
1287.112700 6369959.819108
1287.223800 20607790.112482
1287.335000 0.000000
1287.446200 0.000000
1287.557400 5236432.437703
1287.668600 0.000000
1287.779800 0.000000
1287.891000 63409.033094
1288.002200 0.000000
1288.113300 0.000000
1288.224500 0.000000
1288.335700 0.000000
1288.446900 0.000000
1288.558100 0.000000
1288.669300 0.000000
1288.780500 0.000000
1288.891700 0.000000
1289.002900 0.000000
1289.114000 0.000000
1289.225200 3368775.711131
1289.336400 0.000000
1289.447600 0.000000
1289.558800 9094219.114312
1289.670000 4161941.854468
1289.781200 9826631.579968
1289.892400 29895616.400872
1290.003500 22336375.229636
1290.114700 29434124.293890
1290.225900 50310825.162749
1290.337100 30192840.698835
1290.448300 36896930.035822
1290.559500 45208996.481110
1290.670700 37848900.697660
1290.781900 43781794.424395
1290.893000 56618144.160411
1291.004200 37468654.638098
1291.115400 41249733.811005
1291.226600 54595966.049106
1291.337800 45403879.264418
1291.449000 51228458.956652
1291.560200 67160806.972480
1291.671400 47380923.378298
1291.782600 49288250.684010
1291.893700 52695976.821496
1292.004900 51834355.833461
1292.116100 54274241.629846
1292.227300 63216742.874542
1292.338500 57926020.228921
1292.449700 60815166.646911
1292.560900 75842441.321965
1292.672100 70643994.434353
1292.783200 72864004.012677
1292.894400 84078511.755929
1293.005600 77414083.043491
1293.116800 78131711.338163
1293.228000 86212207.897232
1293.339200 70363065.216385
1293.450400 70047787.519449
1293.561600 76651298.561433
1293.672700 67899247.806191
1293.783900 68765956.981302
1293.895100 87579744.387297
1294.006300 72024993.111195
1294.117500 74027215.336353
1294.228700 90341891.239098
1294.339900 84848230.096065
1294.451100 87558172.284010
1294.562300 101434154.047441
1294.673400 90639711.105540
1294.784600 91414501.503448
1294.895800 116004913.971478
1295.007000 92516501.845212
1295.118200 93456595.170287
1295.229400 105396696.836855
1295.340600 92237967.669846
1295.451800 94849466.369596
1295.562900 108282540.758709
1295.674100 102114247.486898
1295.785300 104663511.755787
1295.896500 125654093.131112
1296.007700 109939587.383854
1296.118900 113051433.688585
1296.230100 128872432.493435
1296.341300 125400882.404217
1296.452400 127027878.873945
1296.563600 142511285.907294
1296.674800 134015554.540612
1296.786000 135671621.951481
1296.897200 158161095.364047
1297.008400 154249261.337759
1297.119600 155748805.453938
1297.230800 176573181.074965
1297.342000 157075737.408106
1297.453100 156839651.079665
1297.564300 181489728.254614
1297.675500 156203661.827972
1297.786700 157847111.254948
1297.897900 178767904.365925
1298.009100 164290941.555793
1298.120300 166670927.054680
1298.231500 182193449.052605
1298.342600 169853840.174487
1298.453800 172200535.024063
1298.565000 187787761.782649
1298.676200 166512709.001667
1298.787400 169291679.784611
1298.898600 184599571.278475
1299.009800 173213563.726615
1299.121000 176931270.399745
1299.232200 205821537.459167
1299.343300 197470407.373437
1299.454500 201810830.005430
1299.565700 232389686.987619
1299.676900 212563472.735337
1299.788100 217413628.313097
1299.899300 240395615.871428
1300.010500 223649606.572930
1300.121700 230231087.440583
1300.232800 245188461.421492
1300.344000 241694149.164625
1300.455200 246624438.038929
1300.566400 261586119.820138
1300.677600 263355392.268579
1300.788800 267201921.853578
1300.900000 290581551.456064
1301.011200 282986584.869901
1301.122300 289727884.605718
1301.233500 313605715.764162
1301.344700 305503908.173370
1301.455900 312606243.170425
1301.567100 325770730.379296
1301.678300 327992743.724388
1301.789500 335353159.306832
1301.900700 355306506.857474
1302.011900 346812144.906869
1302.123000 353909165.465314
1302.234200 382740150.837026
1302.345400 369722931.425397
1302.456600 375743464.278520
1302.567800 392043599.735223
1302.679000 378053794.067371
1302.790200 382511839.446331
1302.901400 383422412.888069
1303.012500 370014830.982037
1303.123700 376733907.088645
1303.234900 394431526.189816
1303.346100 395829719.428965
1303.457300 402329573.220186
1303.568500 424835108.250506
1303.679700 422905936.642963
1303.790900 428407671.424603
1303.902000 452268531.250543
1304.013200 446312819.804914
1304.124400 450675704.050663
1304.235600 471009207.216130
1304.346800 470347811.550804
1304.458000 474896910.104266
1304.569200 497297909.499860
1304.680400 489642238.608474
1304.791600 495052995.236801
1304.902700 499340701.938943
1305.013900 503030239.748105
1305.125100 508082159.356980
1305.236300 512307099.452013
1305.347500 509616019.243827
1305.458700 516238108.712156
1305.569900 546867295.819803
1305.681100 536314223.431438
1305.792200 543450168.220794
1305.903400 573756211.829574
1306.014600 543903127.074539
1306.125800 552527230.335178
1306.237000 556613661.290343
1306.348200 532784444.622550
1306.459400 545443988.313035
1306.570600 572016828.070218
1306.681700 572679110.803653
1306.792900 586295083.732858
1306.904100 604225878.935076
1307.015300 615725078.372172
1307.126500 627895831.330308
1307.237700 659990869.524022
1307.348900 646702677.022090
1307.460100 658189048.984749
1307.571300 686521487.571341
1307.682400 673728426.021885
1307.793600 686596500.145419
1307.904800 702858845.715019
1308.016000 691976297.709925
1308.127200 703522038.773180
1308.238400 741987932.484457
1308.349600 721370206.121446
1308.460800 732295263.318494
1308.571900 755036986.522946
1308.683100 758771624.357926
1308.794300 773915215.726030
1308.905500 797697373.300900
1309.016700 798132397.876306
1309.127900 813111655.801006
1309.239100 844292494.628781
1309.350300 825538253.800981
1309.461400 837681681.170321
1309.572600 867904649.427432
1309.683800 838436807.320283
1309.795000 849450862.897300
1309.906200 865636840.499954
1310.017400 851906784.360014
1310.128600 861086475.844155
1310.239800 871391263.814290
1310.351000 870442450.684163
1310.462100 878633804.762160
1310.573300 915619369.748777
1310.684500 898799749.186214
1310.795700 904936755.653327
1310.906900 954300763.518811
1311.018100 918276466.068552
1311.129300 919380153.987293
1311.240500 914519832.437840
1311.351600 911582750.997197
1311.462800 909559363.998186
1311.574000 904035535.742592
1311.685200 890109875.087840
1311.796400 890226235.324435
1311.907600 919994719.104296
1312.018800 930027303.563634
1312.130000 933363736.266029
1312.241200 960020595.884991
1312.352300 946948427.124178
1312.463500 949482976.483700
1312.574700 970008332.947611
1312.685900 939510882.630153
1312.797100 942404075.482018
1312.908300 936194954.227659
1313.019500 916593662.264862
1313.130700 922741562.033773
1313.241800 907335504.520716
1313.353000 950516051.594429
1313.464200 956523510.873783
1313.575400 958144816.604517
1313.686600 943654794.282319
1313.797800 956030483.886292
1313.909000 974205224.074735
1314.020200 959006145.219317
1314.131300 969473954.171775
1314.242500 985413625.380876
1314.353700 990930308.111673
1314.464900 1003116749.716356
1314.576100 1004813520.217868
1314.687300 1026186230.452529
1314.798500 1038234310.670388
1314.909700 1066296863.646139
1315.020900 1051712860.396167
1315.132000 1066184529.435090
1315.243200 1063033688.645560
1315.354400 1043509198.908519
1315.465600 1070039899.380073
1315.576800 1097975499.948968
1315.688000 1150159412.293533
1315.799200 1156533539.559188
1315.910400 1198173137.085707
1316.021500 1183126290.601429
1316.132700 1186809053.530142
1316.243900 1214547394.072620
1316.355100 1004362547.892289
1316.466300 1268169575.325566
1316.577500 1189599296.881257
1316.688700 999521754.546900
1316.799900 1217120658.832630
1316.911000 1218327003.038879
1317.022200 999297385.928901
1317.133400 1201697198.949693
1317.244600 1019358728.740261
1317.355800 1055592848.778387
1317.467000 1303242469.521967
1317.578200 1105662352.265824
1317.689400 1101855646.766754
1317.800600 1303346896.067917
1317.911700 1091852840.557734
1318.022900 1074393360.210391
1318.134100 1285924147.002683
1318.245300 1084161736.109171
1318.356500 1092137176.549674
1318.467700 1263286516.728778
1318.578900 1071706842.006447
1318.690100 1087208770.610756
1318.801200 1284445218.465981
1318.912400 1127317751.442790
1319.023600 1073247063.124456
1319.246000 1292108047.995254
1319.357200 1098300731.120337
1319.468400 1118471678.156946
1319.579600 1310819643.012990
1319.690700 1095734215.609791
1319.801900 1139084079.391476
1319.913100 1323927774.188215
1320.135500 1134788722.280471
1320.246700 1118696840.760987
1320.357900 1327444380.649689
1320.469100 1156490260.738293
1320.580300 1121229704.995641
1320.691400 1309737391.233174
1320.802600 1093397632.708379
1320.913800 1131103526.873164
1321.025000 1301392932.249015
1321.136200 1113970958.871466
1321.247400 1168336709.898508
1321.358600 1355960424.082601
1321.469800 1163547819.394673
1321.580900 1082518025.302168
1321.692100 1287267099.885161
1321.803300 1070732722.258095
1321.914500 1037997074.147217
1322.025700 1238242491.149071
1322.136900 1022114178.343978
1322.248100 1233398145.212087
1322.359300 1195726168.396379
1322.470400 1027510786.933944
1322.581600 1218662409.021054
1322.692800 1259325690.844493
1322.804000 1052295689.136892
1322.915200 1258881157.987190
1323.026400 1303002211.465258
1323.137600 1319877726.639346
1323.248800 1344221268.308717
1323.360000 1315130698.097530
1323.471100 1314286799.194386
1323.582300 1327430275.826758
1323.693500 1339142601.471849
1323.804700 1336071057.937931
1323.915900 1373183245.192519
1324.027100 1383867216.844075
1324.138300 1366144645.901771
1324.249500 1388021178.104728
1324.360600 1379151810.191966
1324.471800 1356587395.570826
1324.583000 1352785963.344917
1324.694200 1297117684.852883
1324.805400 1283986307.434292
1324.916600 1311892848.740951
1325.027800 1248660696.724893
1325.139000 1232017967.798938
1325.250100 1226564502.747583
1325.361300 1231295799.894884
1325.472500 1206931328.409126
1325.583700 1206864657.579832
1325.694900 1163207974.974638
1325.806100 1136362345.484260
1325.917300 1133161183.790230
1326.028500 1113328621.632484
1326.139700 1080435050.432338
1326.250800 1098732787.255990
1326.362000 1042730570.485710
1326.473200 1021842093.278302
1326.584400 983774660.216889
1326.695600 968295013.117420
1326.806800 955223247.608590
1326.918000 937593212.873354
1327.029200 945111517.148744
1327.140300 927228207.473926
1327.251500 966718489.180280
1327.362700 901920177.574722
1327.473900 906883207.720296
1327.585100 969947547.779084
1327.696300 932081975.225628
1327.807500 952351876.866229
1327.918700 964054226.777264
1328.029900 975201110.054624
1328.141000 1000497213.401577
1328.252200 1048321401.600149
1328.363400 1034981840.247465
1328.474600 1083336294.487577
1328.585800 1149176757.241369
1328.697000 1180950680.858018
1328.808200 1214426896.808097
1328.919400 1281175194.015550
1329.030500 1289968282.001485
1329.141700 1315683219.852884
1329.252900 1364226703.263885
1329.364100 1157683285.798086
1329.475300 1413663924.901590
1329.586500 1425848280.657217
1329.697700 1180749494.792257
1329.808900 1419799710.362535
1329.920000 1394966325.951519
1330.031200 1176766768.216624
1330.142400 1400479278.716365
1330.253600 1395265400.188353
1330.364800 1216220355.528903
1330.476000 1398736522.171590
1330.587200 1394488740.753355
1330.698400 1195915212.467753
1330.809600 1392344056.170117
1330.920700 1361541459.058151
1331.031900 1135468681.001610
1331.143100 1285525044.851188
1331.254300 1094664654.925830
1331.365500 1119339551.291022
1331.476700 1152838113.906547
1331.587900 1182456910.897312
1331.699100 997403303.968696
1331.810200 1246168433.442001
1331.921400 1264795755.113674
1332.032600 1110323664.668497
1332.255000 1316728179.906175
1332.366200 1400976857.842522
1332.477400 1220846295.098361
1332.588600 1457501170.906287
1332.699700 1515131766.799161
1332.810900 1287341239.079898
1332.922100 1498707156.267406
1333.033300 1509546832.338254
1333.144500 1353193837.826257
1333.255700 1581654734.095148
1333.366900 1608693887.674022
1333.478100 1431621630.133353
1333.589300 1631593467.089820
1333.700400 1692943410.033305
1333.811600 1483189642.838522
1333.922800 1713487517.083899
1334.034000 1563004217.982801
1334.256400 1584848305.597517
1334.367600 1832012640.477300
1334.589900 1635192276.324106
1334.701100 1616675021.971184
1334.923500 1795238006.764328
1335.034700 1548804156.007686
1335.145900 1519755969.110518
1335.257100 1698911060.369298
1335.368300 1455908017.526214
1335.479400 1659264832.136874
1335.590600 1635208705.045802
1335.701800 1390322235.139597
1335.813000 1564671591.749395
1335.924200 1518501592.687766
1336.035400 1266041810.175593
1336.146600 1446160713.173142
1336.257800 1400643069.465061
1336.369000 1138777625.429880
1336.480100 1290708580.312412
1336.591300 1280892078.881139
1336.702500 1005862035.966791
1336.813700 1185373813.100041
1336.924900 1143627627.865657
1337.147300 918956596.138482
1337.258500 1040184592.272622
1337.369600 1101817943.182898
1337.480800 1060092151.065768
1337.592000 1078384973.332383
1337.703200 1279585369.085429
1337.814400 1094424906.151252
1337.925600 1318959442.248155
1338.036800 1330348945.897868
1338.148000 1111850322.516760
1338.259100 1328843575.980721
1338.370300 1366185346.953000
1338.481500 1122999511.821388
1338.592700 1338430185.244246
1338.703900 1357873993.030891
1338.815100 1122920339.202259
1338.926300 1349034939.604502
1339.037500 1392178999.896585
1339.148700 1180804416.690693
1339.259800 1411281340.566878
1339.371000 1425536610.986775
1339.482200 1175282964.156830
1339.593400 1411901013.718096
1339.704600 1426949009.955860
1339.815800 1183693133.448445
1339.927000 1391091135.499786
1340.038200 1356399734.921148
1340.149300 1358726582.628207
1340.260500 1391749610.851495
1340.371700 1323870002.119576
1340.482900 1326572316.919033
1340.594100 1322902739.127148
1340.705300 1328037593.789809
1340.816500 1331396966.942120
1340.927700 1343222226.003510
1341.038900 1320780869.140258
1341.150000 1327145921.543576
1341.261200 1327418078.919878
1341.372400 1303288038.579195
1341.483600 1307786996.706779
1341.594800 1333300601.010389
1341.706000 1328960479.527154
1341.817200 1334198348.873193
1341.928400 1355235169.231617
1342.039500 1350930279.222661
1342.150700 1356199416.238959
1342.261900 1373958183.411973
1342.373100 1376772171.412391
1342.484300 1383341728.325679
1342.595500 1376209789.296034
1342.706700 1383377949.626367
1342.817900 1387236663.097492
1342.929000 1456381555.198977
1343.040200 1429079794.102756
1343.151400 1439701489.019711
1343.262600 1443773263.833457
1343.373800 1441478901.623371
1343.485000 1440968635.000249
1343.596200 1450115093.499000
1343.707400 1433739875.615044
1343.818600 1428586926.994747
1343.929700 1452375197.690843
1344.040900 1445117629.761188
1344.152100 1443096915.603131
1344.263300 1467153537.559420
1344.374500 1454226131.804290
1344.485700 1457926452.010981
1344.596900 1477708256.652322
1344.708100 1444902932.497623
1344.819200 1447423489.360623
1344.930400 1458830160.653837
1345.041600 1432846131.349464
1345.152800 1431271578.934100
1345.264000 1419424979.283626
1345.375200 1379769513.407890
1345.486400 1372726344.769578
1345.597600 1369010942.131848
1345.708700 1356737955.028508
1345.819900 1354471506.748999
1345.931100 1352060290.489988
1346.042300 1350707922.871739
1346.153500 1350216894.841212
1346.264700 1367310693.613229
1346.375900 1344870932.752200
1346.487100 1341978496.874354
1346.598300 1367937486.673687
1346.709400 1363735280.895921
1346.820600 1359457178.122636
1346.931800 1384807351.650438
1347.043000 1367235932.857632
1347.154200 1365828727.985704
1347.265400 1392715953.381490
1347.376600 1378661626.055845
1347.487800 1380657507.469236
1347.598900 1409144123.616534
1347.710100 1379872127.521887
1347.821300 1381539413.676714
1347.932500 1403313121.327931
1348.043700 1372811713.900806
1348.154900 1375483805.298551
1348.266100 1403379602.639555
1348.377300 1383037130.560287
1348.488400 1385208084.520613
1348.599600 1393505764.215890
1348.710800 1383195185.149481
1348.822000 1387444669.079672
1348.933200 1399906683.501666
1349.044400 1371470733.244386
1349.155600 1373975055.456377
1349.266800 1380926701.648013
1349.378000 1351881227.662465
1349.489100 1351052949.564864
1349.600300 1350135708.809185
1349.711500 1347725188.478343
1349.822700 1343327969.952100
1349.933900 1360038818.958035
1350.045100 1344221835.221241
1350.156300 1339626755.322328
1350.267500 1355742902.529755
1350.378600 1331103318.003290
1350.489800 1326580713.542277
1350.601000 1331394572.449060
1350.712200 1307876589.512948
1350.823400 1302318865.803439
1350.934600 1309110124.451077
1351.045800 1304304004.413433
1351.157000 1298785059.332320
1351.268100 1315164832.156714
1351.379300 1309860720.270601
1351.490500 1306378784.940639
1351.601700 1335415660.192713
1351.712900 1312511157.920474
1351.824100 1309287822.778198
1351.935300 1320651982.602124
1352.046500 1299695694.380020
1352.157700 1295625519.987935
1352.268800 1286895436.068496
1352.380000 1259268998.642830
1352.491200 1253181618.639423
1352.602400 1249029428.706642
1352.713600 1232921718.959144
1352.824800 1228988321.947109
1352.936000 1232232153.631866
1353.047200 1223713985.333044
1353.158300 1219505356.277108
1353.269500 1213033487.999044
1353.380700 1205424777.530167
1353.491900 1199107086.544976
1353.603100 1211115518.091898
1353.714300 1195857771.524110
1353.825500 1191166132.742784
1353.936700 1193050735.806855
1354.047900 1172139190.784261
1354.159000 1167285232.238661
1354.270200 1179674796.142460
1354.381400 1166339079.107698
1354.492600 1163554951.998147
1354.603800 1181446541.326881
1354.715000 1170568798.987185
1354.826200 1169043412.845179
1354.937400 1172672097.493106
1355.048500 1172767301.314272
1355.159700 1170363384.915505
1355.270900 1185954523.090224
1355.382100 1158374865.149499
1355.493300 1154034691.046807
1355.604500 1158186468.175703
1355.715700 1138221439.189507
1355.826900 1134285212.860230
1355.938000 1137413412.943816
1356.049200 1126568745.648852
1356.160400 1121698622.347271
1356.271600 1133126109.466310
1356.382800 1124820028.469018
1356.494000 1118498167.785531
1356.605200 1129060131.248451
1356.716400 1105908864.243505
1356.827600 1097816956.532492
1356.938700 1108753578.041288
1357.049900 1074733923.545033
1357.161100 1066675165.350251
1357.272300 1058316859.068133
1357.383500 1032783213.276162
1357.494700 1024404371.150328
1357.605900 1019989121.012556
1357.717100 998070153.472965
1357.828200 990729051.014836
1357.939400 1004258777.688425
1358.050600 983866947.917870
1358.161800 978019255.258958
1358.273000 997937136.113143
1358.384200 981483405.372312
1358.495400 977481836.904988
1358.606600 987956123.599696
1358.717700 965053835.495943
1358.828900 959313753.445034
1358.940100 972437113.812503
1359.051300 948428872.080534
1359.162500 943191684.992783
1359.273700 956106821.938652
1359.384900 937648664.996466
1359.496100 932312591.227134
1359.607300 942729670.659259
1359.718400 924179762.430482
1359.829600 920242304.592747
1359.940800 931357908.116373
1360.052000 914704470.220083
1360.163200 911207242.056336
1360.274400 924174752.407250
1360.385600 901246603.838561
1360.496800 897713012.464009
1360.607900 909849165.179782
1360.719100 884633035.221534
1360.830300 880727937.445640
1360.941500 883580798.699910
1361.052700 864352885.769503
1361.163900 860782548.744402
1361.275100 868273746.133952
1361.386300 851142204.972695
1361.497400 849909207.610372
1361.608600 861027941.337430
1361.719800 841011021.849426
1361.831000 838529804.598329
1361.942200 849742320.656058
1362.053400 819554450.187546
1362.164600 815366708.009319
1362.275800 816492928.144398
1362.387000 792374983.718084
1362.498100 786957886.897065
1362.609300 786846571.565224
1362.720500 774926122.223661
1362.831700 769736151.415616
1362.942900 777532859.594195
1363.054100 763891179.232204
1363.165300 759748602.033603
1363.276500 771165808.900309
1363.387600 758773201.275093
1363.498800 755422977.820604
1363.610000 770984114.542004
1363.721200 751318874.133811
1363.832400 746863264.157570
1363.943600 751289399.330724
1364.054800 734321308.461740
1364.166000 728694155.069543
1364.277100 738760943.819400
1364.388300 713633575.019974
1364.499500 708120268.593700
1364.610700 714881198.730897
1364.721900 689925803.253104
1364.833100 684505434.376395
1364.944300 684605111.810264
1365.055500 662893191.679017
1365.166700 656795708.032965
1365.277800 659624671.716318
1365.389000 644883277.808410
1365.500200 639012459.833341
1365.611400 641923058.377295
1365.722600 620370274.393186
1365.833800 614408061.893563
1365.945000 615374039.633401
1366.056200 601435302.258740
1366.167300 594836086.716872
1366.278500 598598928.941286
1366.389700 581290364.619852
1366.500900 573713492.972220
1366.612100 578563585.916293
1366.723300 559108331.661387
1366.834500 552467009.674616
1366.945700 560365276.343863
1367.056800 544018389.356212
1367.168000 538918587.807470
1367.279200 546037190.656979
1367.390400 528575042.048227
1367.501600 522357710.256498
1367.612800 528651906.556672
1367.724000 509327541.301156
1367.835200 502738944.986372
1367.946400 508355038.907926
1368.057500 488897014.403756
1368.168700 483952970.667513
1368.279900 492207111.702274
1368.391100 473038159.230626
1368.502300 468857965.149705
1368.613500 478126096.172116
1368.724700 462320643.425272
1368.835900 457471383.425506
1368.947000 467630588.578386
1369.058200 449837603.696670
1369.169400 444105753.616877
1369.280600 442441738.807428
1369.391800 423383854.065561
1369.503000 416107593.400542
1369.614200 423676480.681691
1369.725400 398558735.580819
1369.836600 390894649.953603
1369.947700 392214511.260586
1370.058900 377839338.040458
1370.170100 369103557.271286
1370.281300 370513994.091137
1370.392500 349735193.248431
1370.503700 342273714.022562
1370.614900 350318317.329286
1370.726100 331554158.695668
1370.837200 324787648.924475
1370.948400 335797887.889579
1371.059600 310884565.197975
1371.170800 304267172.082021
1371.282000 313331055.326476
1371.393200 293430204.239443
1371.504400 287678261.454370
1371.615600 297986604.939374
1371.726700 275857711.226644
1371.837900 269872611.767796
1371.949100 278681420.397565
1372.060300 253912033.436381
1372.171500 247894775.495695
1372.282700 255449110.816011
1372.393900 239940484.127069
1372.505100 234262401.167182
1372.616300 244153687.246647
1372.727400 229683522.869063
1372.838600 224061943.073143
1372.949800 230036905.226261
1373.061000 206899990.763927
1373.172200 200774037.453265
1373.283400 206481344.280480
1373.394600 187375524.777720
1373.505800 180929017.591758
1373.616900 190818894.759262
1373.728100 175679351.654834
1373.839300 170230150.651417
1373.950500 184744844.924957
1374.061700 167624053.354235
1374.172900 162137282.642308
1374.284100 170220058.665431
1374.395300 148097280.604000
1374.506400 142198340.606470
1374.617600 151819645.573166
1374.728800 124835528.731943
1374.840000 119014761.106321
1374.951200 124253126.013271
1375.062400 101736681.855484
1375.173600 97124420.855968
1375.284800 101422170.267828
1375.396000 86121049.590670
1375.507100 82256922.820163
1375.618300 90100756.615547
1375.729500 69755106.628231
1375.840700 64690976.937285
1375.951900 71903258.398863
1376.063100 58766552.095352
1376.174300 54498774.105397
1376.285500 64598342.502133
1376.396600 46051254.822405
1376.507800 41922410.893030
1376.619000 47491863.804114
1376.730200 31745680.508617
1376.841400 28280106.685185
1376.952600 35380743.753167
1377.063800 20509690.319631
1377.175000 17380453.008017
1377.286100 25773020.525198
1377.397300 10753520.503620
1377.508500 7744645.990333
1377.619700 18014449.877018
1377.730900 3762749.153860
1377.842100 1157036.577355
1377.953300 10751832.432741
1378.064500 0.000000
1378.175700 0.000000
1378.286800 4758012.302607
1378.398000 0.000000
1378.509200 0.000000
1378.620400 0.000000
1378.731600 0.000000
1378.842800 0.000000
1378.954000 0.000000
1379.065200 0.000000
1379.176300 0.000000
1379.287500 0.000000
1379.398700 0.000000
1379.509900 0.000000
1379.621100 0.000000
1379.732300 0.000000
1379.843500 0.000000
1379.954700 0.000000
1380.065800 0.000000
1380.177000 0.000000
1380.288200 0.000000
1380.399400 0.000000
1380.510600 0.000000
1380.621800 0.000000
1380.733000 0.000000
1380.844200 0.000000
1380.955400 0.000000
1381.066500 0.000000
1381.177700 0.000000
1381.288900 0.000000
1381.400100 0.000000
1381.511300 0.000000
1381.622500 0.000000
1381.733700 0.000000
1381.844900 0.000000
1381.956000 0.000000
1382.067200 0.000000
1382.178400 0.000000
1382.289600 0.000000
1382.400800 0.000000
1382.512000 0.000000
1382.623200 0.000000
1382.734400 0.000000
1382.845600 0.000000
1382.956700 0.000000
1383.067900 0.000000
1383.179100 21482856.798965
1383.290300 0.000000
1383.401500 0.000000
1383.512700 59051037.646060
1383.623900 152870396.149008
1383.735100 25333242.445503
1383.846200 319207461.740545
1383.957400 208214903.616290
1384.068600 289152232.568992
1384.179800 569055703.334404
1384.291000 439682640.249107
1384.402200 501821287.999619
1384.513400 575535817.216483
1384.624600 655550489.721729
1384.735700 512728641.233800
1384.958100 792895598.069825
1385.180500 662371351.133858
1385.291700 725065000.941332
1385.625300 795260207.224867
1385.847600 870250556.881389
1385.958800 723723808.300908
1386.181200 996577100.486204
1386.292400 860598304.586062
1386.514800 914679068.448685
1386.625900 1160902289.841493
1386.848300 998980343.223430
1386.959500 1026326925.476584
1387.070700 1245514323.493850
1387.293100 1057677579.742846
1387.515400 1059044189.323035
1387.626600 1251893133.198596
1387.737800 1036217441.650106
1387.960200 1008891423.985018
1388.071400 988272256.681674
1388.182600 971277390.876024
1388.293800 917808152.503495
1388.405000 867803684.042013
1388.627300 822332329.381362
1388.738500 739544068.099342
1388.960900 661083852.963252
1389.072100 589005901.082361
1389.294500 703980625.151299
1389.405600 409637332.456275
1389.628000 534865046.086475
1389.739200 479387184.027285
1389.961600 428985859.221525
1390.184000 384435343.623872
1390.295100 346208468.251176
1390.406300 500480260.521484
1390.517500 247926238.227105
1390.628700 226878217.781493
1390.739900 210901757.339345
1390.851100 200401782.281283
1390.962300 193565149.497949
1391.073500 194109628.238479
1391.184700 201710802.342306
1391.295800 213196077.676631
1391.407000 234005624.263873
1391.629400 444732945.151025
1391.740600 247746839.714860
1391.851800 242345162.168849
1391.963000 242424520.511858
1392.074200 248819171.417673
1392.185300 260027883.174560
1392.296500 275288820.597002
1392.407700 485135173.330031
1392.518900 286688386.516250
1392.630100 509276571.269827
1392.741300 324012487.268168
1392.963700 558234175.074440
1393.186000 385894479.129599
1393.297200 446589201.176722
1393.408400 511871163.899907
1393.519600 583665556.482996
1393.630800 661151266.807426
1393.964400 516125202.563285
1394.186700 603137800.013091
1394.297900 694702481.631079
1394.520300 562559337.921831
1394.631500 660300812.187928
1394.853900 760164713.197655
1394.965000 635994356.162638
1395.076200 739911864.145595
1395.187400 845670925.059247
1395.298600 1138412336.184002
1395.521000 1017081286.273967
1395.632200 1083609984.765999
1395.854600 1338578043.061576
1395.965700 1182367879.921148
1396.076900 1212385725.817176
1396.188100 1244696628.860422
1396.299300 1275845239.596176
1396.410500 1083808927.052166
1396.632900 1304367155.791913
1396.855200 1111509726.361480
1396.966400 1331902432.549519
1397.300000 1138434547.748646
1397.411200 1171805799.734779
1397.633600 1016338541.924577
1397.855900 1045106372.414096
1397.967100 1072564348.987059
1398.300700 1324283483.503271
1398.523100 1160575318.041940
1398.634300 1410137198.954299
1398.967800 1430277347.371619
1399.190200 1451280770.755076
1399.301400 1470412215.502112
1399.634900 1489749604.715575
1399.746100 1320465634.687877
1399.857300 1335830984.870233
1399.968500 1349714566.304735
1400.079700 1173417478.090739
1400.190900 1407941741.535830
1400.302100 1226248866.527247
1400.524400 1454660772.221449
1400.635600 1267605473.733774
1400.746800 1260904305.989480
1400.969200 1439184568.078647
1401.080400 1200056727.443265
1401.302800 1371705466.883411
1401.525100 1127344543.620440
1401.636300 1292022296.337541
1401.969900 1268522115.645695
1402.303500 1056033701.595896
1402.525800 1252962315.106242
1402.637000 1033876008.662601
1402.859400 1224972893.588723
1402.970600 1226951929.762154
1403.081800 1226102301.240252
1403.193000 1409502309.111283
1403.304100 1405875464.727443
1403.526500 1401384279.696820
1403.637700 1396539275.008684
1403.971300 1431210748.678348
1404.082500 1464500458.072509
1404.304800 1269709472.055448
1404.638400 1300065502.550902
1404.860800 1327143132.128418
1404.972000 1125965100.694329
1405.083200 1147820627.382738
1405.305500 979704573.745107
1405.416700 1032529434.642981
1405.527900 1079662524.703121
1405.639100 1121270248.685359
1405.861500 969871562.378471
1405.972700 1225611321.899081
1406.195000 1061575326.723236
1406.306200 1304309494.202473
1406.639800 1355063213.443292
1406.751000 1440665796.618240
1406.973400 1333637013.599693
1407.084500 1446780358.984934
1407.306900 1366835632.420678
1407.418100 1504716805.441072
1407.529300 1446759326.251249
1407.640500 1381072660.378037
1407.751700 1715151955.646396
1407.974000 1625100721.924579
1408.307600 1750481848.150642
1408.418800 2090022921.456629
1408.641200 2006077778.707153
1408.974700 2137595972.088132
1409.085900 2483807624.690886
1409.308300 2406813366.245841
1409.641900 2544492298.875118
1409.975400 2483864223.731153
1410.309000 2822479806.653610
1410.531400 2737477089.787572
1410.642600 2637713566.571376
1410.976100 2749866847.078096
1411.087300 2660340812.679248
1411.309700 2781055894.614832
1411.420900 2699211127.760297
1411.643300 2825466207.466826
1411.976800 2973799996.805199
1412.310400 2917591564.027950
1412.643900 3068167725.872326
1412.977500 3198009133.962511
1413.311100 3308845114.773457
1413.644600 3213460391.197508
1413.978200 3096746169.175251
1414.089400 3183625946.915594
1414.311800 3062092129.110180
1414.645300 3141879986.049816
1414.867700 3237485168.707663
1414.978900 3121664828.113944
1415.312500 3206729465.577210
1415.534800 3306002623.309051
1415.646000 3193159350.946852
1415.979600 3464475509.177112
1416.313100 3524160235.021497
1416.535500 3598081982.954679
1416.646700 3686177931.132535
1416.980300 3561530309.719976
1417.313800 3636012326.410981
1417.647400 3723096899.483426
1417.981000 3595814617.418978
1418.314500 3666129938.950469
1418.648100 3520591215.209780
1418.981700 3570930570.599410
1419.315200 3630662729.626884
1419.648800 3699861754.346734
1419.871200 3778501965.455824
1419.982400 3866575068.867662
1420.315900 3964091731.492371
1420.649500 4071016674.453503
1420.983000 4187415750.213840
1421.316600 4086436482.789413
1421.650200 4179735047.956414
1421.983700 4280874379.866477
1422.317300 4163863096.234212
1422.650900 4238858219.491014
1422.984400 4320139682.947374
1423.318000 4181058970.029165
1423.429200 4232943747.373208
1423.651600 4289518277.190491
1423.985100 4350787179.763649
1424.318700 4190406028.875792
1424.652300 4219176521.429941
1424.985800 4251055766.450759
1425.319400 4286047191.671601
1425.652900 4324142100.917749
1425.986500 4365347917.193722
1426.320100 4409693715.441011
1426.653600 4457128704.648867
1426.987200 4507650076.627238
1427.320800 4561279444.344712
1427.654300 4618021400.202028
1427.987900 4451713055.567753
1428.321500 4472795342.602716
1428.655000 4495389650.377033
1428.988600 4519524857.539827
1429.322100 4545220710.999989
1429.655700 4572413388.728136
1429.989300 4601155870.944241
1430.322800 4631417527.769901
1430.656400 4663213213.206818
1430.990000 4696570826.691857
1431.323500 4731432293.500282
1431.657100 4767799870.423426
1431.990700 4579925974.886813
1432.324200 4577585758.799854
1432.657800 4575196017.547272
1432.991400 4572784158.215326
1433.324900 4570310360.298265
1433.658500 4567802379.134005
1433.992000 4565255024.728004
1434.325600 4562664395.352193
1434.659200 4560026458.762985
1434.992700 4557358551.822077
1435.326300 4554635617.268377
1435.659900 4551916642.238487
1435.993400 4549154904.874275
1436.327000 4546336304.953541
1436.660600 4543487922.504271
1436.994100 4540620888.044647
1437.327700 4537738785.861917
1437.661300 4534787055.443085
1437.994800 4531846780.019205
1438.328400 4528855026.734132
1438.661900 4525836633.052477
1438.995500 4522797543.815302
1439.329100 4519734845.299299
1439.662600 4516632031.610678
1439.996200 4513493866.726992
1440.329800 4510333602.478373
1440.663300 4507146422.346230
1440.996900 4503893477.612904
1441.330500 4500641922.786996
1441.664000 4497362184.960108
1441.997600 4494046065.641068
1442.331100 4490711624.144403
1442.664700 4487356597.577055
1442.998300 4483981488.294730
1443.331800 4480550084.674345
1443.665400 4477080979.085572
1443.999000 4473577092.397126
1444.332500 4470038915.949972
1444.666100 4466478219.676498
1444.999700 4462874455.225373
1445.333200 4459261435.762801
1445.666800 4455634574.808142
1446.000400 4451993896.959631
1446.333900 4448318159.276538
1446.667500 4444597675.370915
1447.001000 4440861389.840451
1447.334600 4437108161.812750
1447.668200 4433300596.544065
1448.001700 4429440688.051325
1448.335300 4425554064.857025
1448.668900 4421670432.539523
1449.002400 4417735081.513590
1449.336000 4413780879.075888
1449.669600 4409779471.416258
1450.003100 4405725936.594116
1450.336700 4401651479.943558
1450.670200 4397572909.857597
1451.003800 4393477155.449966
1451.337400 4389322934.737946
1451.670900 4385156382.961346
1452.004500 4380963116.260542
1452.338100 4376762249.276255
1452.671600 4372482684.067932
1453.005200 4368164568.129245
1453.338800 4363853045.227190
1453.672300 4359501397.122190
1454.005900 4355117353.618147
1454.339500 4350720553.283560
1454.673000 4346301539.902927
1455.006600 4341830716.638860
1455.340100 4337320854.173919
1455.673700 4332785655.074177
1456.007300 4328199724.921959
1456.340800 4323571466.817673
1456.674400 4318906908.895982
1457.008000 4314213732.534055
1457.341500 4309478564.874908
1457.675100 4304709561.905153
1458.008700 4299920523.580926
1458.342200 4295103051.526588
1458.675800 4290230196.953751
1459.009400 4285336340.652492
1459.342900 4280397333.650850
1459.676500 4275412367.341281
1460.010000 4270395075.941479
1460.343600 4265349654.023348
1460.677200 4260252771.135161
1461.010700 4255142549.244035
1461.344300 4250019447.732596
1461.677900 4244867362.051396
1462.011400 4239681283.925724
1462.345000 4234445798.055608
1462.678600 4229176361.914556
1463.012100 4223876481.872968
1463.345700 4218558629.157561
1463.679200 4213221966.026683
1464.012800 4207845401.021479
1464.346400 4202404935.519389
1464.679900 4196966378.361215
1465.013500 4191509974.975592
1465.347100 4186027892.089254
1465.680600 4180506336.909801
1466.014200 4174958946.883057
1466.347800 4169374768.573191
1466.681300 4163771591.650281
1467.014900 4158158177.788311
1467.348500 4152501816.608908
1467.682000 4146828987.609352
1468.015600 4141110751.640008
1468.349100 4135394251.842403
1468.682700 4129654235.875663
1469.016300 4123882774.546056
1469.349800 4118055668.126629
1469.683400 4112239132.156851
1470.017000 4106382120.882522
1470.350500 4100502357.246898
1470.684100 4094612321.324480
1471.017700 4088689954.709723
1471.351200 4082727627.081620
1471.684800 4076747831.596352
1472.018400 4070725432.890047
1472.351900 4064675098.587818
1472.685500 4058598909.405241
1473.019000 4052512555.424292
1473.352600 4046397062.764972
1473.686200 4040267891.784226
1474.019700 4034099740.221876
1474.353300 4027916895.961434
1474.686900 4021711183.616734
1475.020400 4015481005.499890
1475.354000 4009211755.879754
1475.687600 4002914329.252883
1476.021100 3996597449.437694
1476.354700 3990253265.936716
1476.688200 3983879687.065232
1477.021800 3977450349.484174
1477.355400 3971006932.227709
1477.688900 3964540177.120058
1478.022500 3958058127.677226
1478.356100 3951536112.531303
1478.689600 3944974072.136383
1479.023200 3938393066.307597
1479.356800 3931805645.402595
1479.690300 3925186883.985515
1480.023900 3918537485.930700
1480.357500 3911842386.827359
1480.691000 3905100226.744049
1481.024600 3898341647.407243
1481.358100 3891575596.638712
1481.691700 3884761885.270217
1482.025300 3877919124.245515
1482.358800 3871043740.075964
1482.692400 3864152427.233256
1483.026000 3857237393.367091
1483.359500 3850280012.243784
1483.693100 3843284688.318717
1484.026700 3836280334.568472
1484.360200 3829262835.435645
1484.693800 3822194916.833782
1485.027400 3815114296.573483
1485.360900 3808004662.618689
1485.694500 3800856372.191290
1486.028000 3793670549.146912
1486.361600 3786490317.749977
1486.695200 3779262808.959868
1487.028700 3772030088.676378
1487.362300 3764775072.892884
1487.695900 3757491782.363002
1488.029400 3750191337.106632
1488.363000 3742861955.380862
1488.696600 3735506404.203404
1489.030100 3728164316.490097
1489.363700 3720793459.182045
1489.697200 3713417071.691822
1490.030800 3706012304.070719
1490.364400 3698583013.706413
1490.697900 3691131959.584855
1491.031500 3683668988.281470
1491.365100 3676186791.596339
1491.698600 3668687516.902683
1492.032200 3661152748.540020
1492.365800 3653601467.758547
1492.699300 3646038788.314266
1493.032900 3638431674.345164
1493.366500 3630817604.233124
1493.700000 3623183607.169938
1494.033600 3615535735.637776
1494.367100 3607874681.974388
1494.700700 3600204825.307459
1495.034300 3592488591.882465
1495.367800 3584755970.489940
1495.701400 3576998617.413883
1496.035000 3569213301.287707
1496.368500 3561423934.705252
1496.702100 3553611781.397329
1497.035700 3545766094.305151
1497.369200 3537896264.241769
1497.702800 3530029582.901230
1498.036400 3522141847.840126
1498.369900 3514211466.054375
1498.703500 3506284458.143718
1499.037000 3498331963.392908
1499.370600 3490339145.561530
1499.704200 3482326167.176565
1500.037700 3474305523.967312
1500.371300 3466251354.207195
1500.704900 3458194922.932109
1501.038400 3450115461.994401
1501.372000 3442034346.530868
1501.705600 3433932874.064432
1502.039100 3425805497.723928
1502.372700 3417670183.300720
1502.706200 3409521051.461913
1503.039800 3401356916.191480
1503.373400 3393160543.545972
1503.706900 3384966807.565215
1504.040500 3376759629.304634
1504.374100 3368533707.587281
1504.707600 3360296162.334874
1505.041200 3352048067.950922
1505.374800 3343800508.860832
1505.708300 3335530008.273936
1506.041900 3327244014.856740
1506.375500 3318948663.496323
1506.709000 3310631511.603912
1507.042600 3302301504.582800
1507.376100 3293982983.345127
1507.709700 3285648185.863780
1508.043300 3277314833.230581
1508.376800 3268948100.559636
1508.710400 3260568308.484269
1509.044000 3252188707.040089
1509.377500 3243810330.995940
1509.711100 3235407038.875074
1510.044700 3226999037.329284
1510.378200 3218574003.470049
1510.711800 3210154203.980521
1511.045400 3201711398.933064
1511.378900 3193263806.146796
1511.712500 3184799481.070383
1512.046000 3176319808.918090
1512.379600 3167853305.983961
1512.713200 3159387679.403710
1513.046700 3150897401.025159
1513.380300 3142400723.148151
1513.713900 3133889186.747723
1514.047400 3125380774.086299
1514.381000 3116868470.789063
1514.714600 3108346835.777448
1515.048100 3099808952.586486
1515.381700 3091287812.571585
1515.715200 3082727486.032334
1516.048800 3074158857.620692
1516.382400 3065603981.274217
1516.715900 3057036935.156620
1517.049500 3048448583.227672
1517.383100 3039867432.079144
1517.716600 3031273238.768789
1518.050200 3022667314.827137
1518.383800 3014035649.603986
1518.717300 3005424215.292839
1519.050900 2996790746.489104
1519.384500 2988136493.583236
1519.718000 2979471373.145347
1520.051600 2970804888.610225
1520.385100 2962130966.776421
1520.718700 2953440298.443607
1521.052300 2944736934.809039
1521.385800 2936033238.916867
1521.719400 2927324329.919506
1522.053000 2918608364.556559
1522.386500 2909865847.976054
1522.720100 2901145798.509470
1523.053700 2892400248.272315
1523.387200 2883653645.834230
1523.720800 2874906605.926987
1524.054400 2866153590.845778
1524.387900 2857370162.730996
1524.721500 2848595387.098472
1525.055000 2839807957.723072
1525.388600 2831029073.251554
1525.722200 2822243080.554043
1526.055700 2813457397.177118
1526.389300 2804645880.212751
1526.722900 2795845512.337138
1527.056400 2787027950.799397
1527.390000 2778211336.543339
1527.723600 2769378716.103180
1528.057100 2760561578.271313
1528.390700 2751727011.998490
1528.724200 2742876744.855557
1529.057800 2734043447.092868
1529.391400 2725189963.726055
1529.724900 2716327209.747629
1530.058500 2707476174.112914
1530.392100 2698603685.804115
1530.725600 2689729634.377665
1531.059200 2680852480.438941
1531.392800 2671967700.594890
1531.726300 2663073770.761728
1532.059900 2654174247.494190
1532.393500 2645263954.936552
1532.727000 2636364326.706865
1533.060600 2627455313.515225
1533.394100 2618530984.383238
1533.727700 2609598966.270751
1534.061300 2600669467.047573
1534.394800 2591723934.802134
1534.728400 2582784616.124466
1535.062000 2573843971.671347
1535.395500 2564896822.298617
1535.729100 2555922871.408481
1536.062700 2546956638.695327
1536.396200 2537996158.521513
1536.729800 2529014855.343422
1537.063400 2520038511.942689
1537.396900 2511055869.061105
1537.730500 2502075389.183066
1538.064000 2493103366.819531
1538.397600 2484119618.957287
1538.731200 2475135414.039373
1539.064700 2466145344.882593
1539.398300 2457157990.771044
1539.731900 2448163531.739117
1540.065400 2439177456.498495
1540.399000 2430186290.422113
1540.732600 2421188656.663134
1541.066100 2412192896.894386
1541.399700 2403210031.819405
1541.733200 2394214969.836314
1542.066800 2385217934.648243
1542.400400 2376215683.911001
1542.733900 2367200707.507798
1543.067500 2358182276.830479
1543.401100 2349168993.724518
1543.734600 2340133410.226069
1544.068200 2331101780.659350
1544.401800 2322075642.162450
1544.735300 2313049848.372370
1545.068900 2304008839.309533
1545.402500 2294959745.782300
1545.736000 2285907391.514771
1546.069600 2276854901.053261
1546.403100 2267801516.797340
1546.736700 2258728612.648736
1547.070300 2249657789.999870
1547.403800 2240585983.344040
1547.737400 2231518230.740376
1548.071000 2222444483.542242
1548.404500 2213366490.142328
1548.738100 2204281709.914825
1549.071700 2195183208.165682
1549.405200 2186091760.470163
1549.738800 2176986226.641424
1550.072400 2167883604.903248
1550.405900 2158784977.338360
1550.739500 2149685348.283984
1551.073000 2140572378.197150
1551.406600 2131480001.549765
1551.740200 2122380711.967017
1552.073700 2113272155.012570
1552.407300 2104170758.200246
1552.740900 2095076730.776917
1553.074400 2085983553.419490
1553.408000 2076879152.216980
1553.741600 2067795954.027773
1554.075100 2058705602.850224
1554.408700 2049628733.593146
1554.742200 2040540114.265951
1555.075800 2031464828.659856
1555.409400 2022396897.804545
1555.742900 2013319860.319840
1556.076500 2004246795.465913
1556.410100 1995188142.552155
1556.743600 1986142747.816315
1557.077200 1977083582.015033
1557.410800 1968037153.243096
1557.744300 1959002075.349319
1558.077900 1949964422.528439
1558.411500 1940929114.330290
1558.745000 1931906485.839320
1559.078600 1922872773.660738
1559.412100 1913852709.146847
1559.745700 1904840902.996767
1560.079300 1895835607.920212
1560.412800 1886829690.902922
1560.746400 1877838926.623786
1561.080000 1868847092.690274
1561.413500 1859862409.786066
1561.747100 1850890246.786662
1562.080700 1841907734.702638
1562.414200 1832932065.495085
1562.747800 1823973630.395338
1563.081300 1815010406.633501
1563.414900 1806048252.774505
1563.748500 1797094323.317157
1564.082000 1788147202.533069
1564.415600 1779201181.212969
1564.749200 1770265450.203017
1565.082700 1761324958.712792
1565.416300 1752390274.904349
1565.749900 1743463045.157589
1566.083400 1734552569.320938
1566.417000 1725635445.441854
1566.750600 1716724467.805809
1567.084100 1707811822.229869
1567.417700 1698917997.363275
1567.751200 1690015074.912876
1568.084800 1681122842.157470
1568.418400 1672231648.776300
1568.751900 1663345170.947967
1569.085500 1654471299.175083
1569.419100 1645594714.125083
1569.752600 1636717403.006890
1570.086200 1627849277.011777
1570.419800 1618987775.446530
1570.753300 1610129539.044733
1571.086900 1601284810.929974
1571.420500 1592444495.941437
1571.754000 1583626649.604936
1572.087600 1574792116.375340
1572.421100 1565969127.823156
1572.754700 1557177023.739093
1573.088300 1548391521.019647
1573.421800 1539616840.821220
1573.755400 1530838605.616798
1574.089000 1522083279.281119
1574.422500 1513344470.418143
1574.756100 1504606040.211322
1575.089700 1495884009.873790
1575.423200 1487170048.498178
1575.756800 1478467484.398814
1576.090300 1469787386.510077
1576.423900 1461116380.408633
1576.757500 1452464708.734897
1577.091000 1443825348.910802
1577.424600 1435191050.601726
1577.758200 1426570075.489814
1578.091700 1417977019.400861
1578.425300 1409382389.792165
1578.758900 1400795089.223490
1579.092400 1392232161.870286
1579.426000 1383691566.849727
1579.759600 1375154866.287045
1580.093100 1366616074.123294
1580.426700 1358110008.520167
1580.760200 1349616787.906139
1581.093800 1341129210.496117
1581.427400 1332662468.214404
1581.760900 1324197772.669041
1582.094500 1315760228.228647
1582.428100 1307334935.667071
1582.761600 1298919268.502316
1583.095200 1290522304.822695
1583.428800 1282147826.317063
1583.762300 1273785201.351269
1584.095900 1265442371.013124
1584.429500 1257093279.451056
1584.763000 1248773522.271634
1585.096600 1240473925.635587
1585.430100 1232182168.259063
1585.763700 1223909637.714640
1586.097300 1215650189.646717
1586.430800 1207414033.526887
1586.764400 1199192030.765192
1587.098000 1190983931.773049
1587.431500 1182790992.583450
1587.765100 1174617770.191776
1588.098700 1166461659.015420
1588.432200 1158313979.969888
1588.765800 1150189993.857355
1589.099300 1142096766.335568
1589.432900 1134013770.536706
1589.766500 1125939223.612613
1590.100000 1117887183.669120
1590.433600 1109842471.965472
1590.767200 1101813899.228369
1591.100700 1093815396.953826
1591.434300 1085807699.281943
1591.767900 1077826593.560134
1592.101400 1069851969.552925
1592.435000 1061912087.561932
1592.768600 1053987592.822104
1593.102100 1046070225.295474
1593.435700 1038174782.494949
1593.769200 1030295526.767569
1594.102800 1022428718.262733
1594.436400 1014586882.938868
1594.769900 1006766939.571824
1595.103500 998947808.885502
1595.437100 991155350.431026
1595.770600 983375215.667947
1596.104200 975617930.861958
1596.437800 967855734.332503
1596.771300 960128107.109171
1597.104900 952425455.308901
1597.438500 944717502.724854
1597.772000 937047981.601954
1598.105600 929398026.691215
1598.439100 921764327.791021
1598.772700 914155621.863000
1599.106300 906561836.209005
1599.439800 898989157.841911
1599.773400 891442998.827676
1600.107000 883908048.968292
1600.440500 876382757.781308
1600.774100 868889654.356021
1601.107700 861413441.533914
1601.441200 853959762.199477
1601.774800 846523378.133876
1602.108300 839101200.281465
1602.441900 831706956.187270
1602.775500 824341647.404797
1603.109000 816994730.601537
1603.442600 809657454.351284
1603.776200 802358430.193320
1604.109700 795064253.028926
1604.443300 787796904.873623
1604.776900 780548288.818408
1605.110400 773314656.706137
1605.444000 766121981.923742
1605.777600 758938179.090349
1606.111100 751768672.150017
1606.444700 744630462.084162
1606.778200 737504671.626454
1607.111800 730400183.516610
1607.445400 723327735.350379
1607.778900 716272817.726460
1608.112500 709243577.721180
1608.446100 702242175.222047
1608.779600 695263575.174698
1609.113200 688311040.618415
1609.446800 681368263.577293
1609.780300 674453257.386447
1610.113900 667564349.920026
1610.447500 660704240.448068
1610.781000 653869935.869287
1611.114600 647051816.840156
1611.448100 640263987.387033
1611.781700 633484555.561322
1612.115300 626748400.882382
1612.448800 620035062.468320
1612.782400 613340993.301933
1613.116000 606666169.839841
1613.449500 600032897.987068
1613.783100 593421952.545922
1614.116700 586836492.736215
1614.450200 580297379.197386
1614.783800 573772210.602947
1615.117300 567276661.580674
1615.450900 560817980.438589
1615.784500 554382376.106895
1616.118000 547977733.132262
1616.451600 541602681.168262
1616.785200 535260309.640926
1617.118700 528946541.503782
1617.452300 522675455.088354
1617.785900 516416399.450722
1618.119400 510197998.740887
1618.453000 503999011.855894
1618.786600 497847810.960992
1619.120100 491716672.483130
1619.453700 485628639.885436
1619.787200 479562296.511591
1620.120800 473524289.363047
1620.454400 467513085.459017
1620.787900 461507184.959405
1621.121500 455540761.719269
1621.455100 449605936.211072
1621.788600 443690579.161351
1622.122200 437810428.452232
1622.455800 431952718.652264
1622.789300 426119305.070240
1623.122900 420316081.850479
1623.456500 414535356.400336
1623.790000 408787548.666953
1624.123600 403063756.847526
1624.457100 397369295.942981
1624.790700 391697134.011697
1625.124300 386042058.936520
1625.457800 380422264.736702
1625.791400 374812659.188827
1626.125000 369241263.293475
1626.458500 363692824.268136
1626.792100 358176672.230588
1627.125700 352694998.806426
1627.459200 347231323.720097
1627.792800 341790544.571994
1628.126300 336378728.602182
1628.459900 330994074.053691
1628.793500 325637910.411962
1629.127000 320304735.065149
1629.460600 314994659.019909
1629.794200 309730277.430695
1630.127700 304496476.037934
1630.461300 299288429.008977
1630.794900 294095884.251634
1631.128400 288943454.268544
1631.462000 283808721.881007
1631.795600 278714086.500507
1632.129100 273647546.323515
1632.462700 268594183.841012
1632.796200 263582637.617821
1633.129800 258593789.251241
1633.463400 253642669.650282
1633.796900 248711774.531755
1634.130500 243810080.109453
1634.464100 238936686.352425
1634.797600 234104258.851629
1635.131200 229276275.117980
1635.464800 224500440.774631
1635.798300 219729499.716392
1636.131900 215002485.275104
1636.465500 210298601.238158
1636.799000 205607917.342657
1637.132600 200951291.423242
1637.466100 196324826.265467
1637.799700 191728202.803896
1638.133300 187157110.305435
1638.466800 182621574.437839
1638.800400 178121712.350765
1639.134000 173652439.760370
1639.467500 169191845.323974
1639.801100 164771668.212460
1640.134700 160372095.166938
1640.468200 156009797.767705
1640.801800 151675700.905095
1641.135300 147364665.206388
1641.468900 143084314.858585
1641.802500 138844566.519890
1642.136000 134629419.647866
1642.469600 130433677.166293
1642.803200 126270888.304264
1643.136700 122148324.059160
1643.470300 118055457.997596
1643.803900 113990103.216220
1644.137400 109957256.439315
1644.471000 105962783.910481
1644.804600 101997959.291449
1645.138100 98065913.607533
1645.471700 94163584.053645
1645.805200 90292817.690166
1646.138800 86462911.563193
1646.472400 82675859.650800
1646.805900 78908268.504134
1647.139500 75182395.807098
1647.473100 71487219.097504
1647.806600 67828733.263784
1648.140200 64213076.225329
1648.473800 60637717.691121
1648.807300 57086675.061344
1649.140900 53578565.582368
1649.474500 50115967.065624
1649.808000 46684290.690829
1650.141600 43291156.325955
1650.475100 39941134.927110
1650.808700 36632675.641176
1651.142300 33353475.463207
1651.475800 30121256.025453
1651.809400 26914894.839831
1652.143000 23761273.952141
1652.476500 20637559.785154
1652.810100 17559316.649939
1653.143700 14531941.844570
1653.477200 11534818.565795
1653.810800 8580950.423604
1654.144300 5660485.821036
1654.477900 2768777.369700
1654.811500 0.000000
1655.145000 0.000000
1655.478600 0.000000
1655.812200 0.000000
1656.145700 0.000000
1656.479300 0.000000
1656.812900 0.000000
1657.146400 0.000000
1657.480000 0.000000
1657.813600 0.000000
1658.147100 0.000000
1658.480700 0.000000
1658.814200 0.000000
1659.147800 0.000000
1659.481400 0.000000
1659.814900 0.000000
1660.148500 0.000000
1660.482100 0.000000
1660.815600 0.000000
1661.149200 0.000000
1661.482800 0.000000
1661.816300 0.000000
1662.149900 0.000000
1662.483500 0.000000
1662.817000 0.000000
1663.150600 0.000000
1663.484100 0.000000
1663.817700 0.000000
1664.151300 0.000000
1664.484800 0.000000
1664.818400 0.000000
1665.152000 0.000000
1665.485500 0.000000
1665.819100 0.000000
1666.152700 0.000000
1666.486200 0.000000
1666.819800 0.000000
1667.153300 0.000000
1667.486900 0.000000
1667.820500 0.000000
1668.154000 0.000000
1668.487600 0.000000
1668.821200 0.000000
1669.154700 0.000000
1669.488300 0.000000
1669.821900 0.000000
1670.155400 0.000000
1670.489000 0.000000
1670.822600 0.000000
1671.156100 0.000000
1671.489700 0.000000
1671.823200 0.000000
1672.156800 0.000000
1672.490400 0.000000
1672.823900 0.000000
1673.157500 0.000000
1673.491100 0.000000
1673.824600 0.000000
1674.158200 0.000000
1674.491800 0.000000
1674.825300 0.000000
1675.158900 0.000000
1675.492400 0.000000
1675.826000 0.000000
1676.159600 0.000000
1676.493100 0.000000
1676.826700 0.000000
1677.160300 0.000000
1677.493800 0.000000
1677.827400 0.000000
1678.161000 0.000000
1678.494500 0.000000
1678.828100 0.000000
1679.161700 0.000000
1679.495200 0.000000
1679.828800 0.000000
1680.162300 0.000000
1680.495900 0.000000
1680.829500 0.000000
1681.163000 0.000000
1681.496600 0.000000
1681.830200 0.000000
1682.163700 0.000000
1682.497300 0.000000
1682.830900 0.000000
1683.164400 0.000000
1683.498000 0.000000
1683.831600 0.000000
1684.165100 0.000000
1684.498700 0.000000
1684.832200 0.000000
1685.165800 0.000000
1685.499400 0.000000
1685.832900 0.000000
1686.166500 0.000000
1686.500100 0.000000
1686.833600 0.000000
1687.167200 0.000000
1687.500800 0.000000
1687.834300 0.000000
1688.167900 0.000000
1688.501400 0.000000
1688.835000 0.000000
1689.168600 0.000000
1689.502100 0.000000
1689.835700 0.000000
1690.169300 0.000000
1690.502800 0.000000
1690.836400 0.000000
1691.170000 0.000000
1691.503500 0.000000
1691.837100 0.000000
1692.170700 0.000000
1692.504200 0.000000
1692.837800 0.000000
1693.171300 0.000000
1693.504900 0.000000
1693.838500 0.000000
1694.172000 0.000000
1694.505600 0.000000
1694.839200 0.000000
1695.172700 0.000000
1695.506300 0.000000
1695.839900 0.000000
1696.173400 0.000000
1696.507000 0.000000
1696.840600 0.000000
1697.174100 0.000000
1697.507700 0.000000
1697.841200 0.000000
1698.174800 0.000000
1698.508400 0.000000
1698.841900 0.000000
1699.175500 0.000000
1699.509100 0.000000
1699.842600 0.000000
1700.176200 0.000000
1700.509800 0.000000
1700.843300 0.000000
1701.176900 0.000000
1701.510400 0.000000
1701.844000 0.000000
1702.177600 0.000000
1702.511100 0.000000
1702.844700 0.000000
1703.178300 0.000000
1703.511800 0.000000
1703.845400 0.000000
1704.179000 0.000000
1704.512500 0.000000
1704.846100 0.000000
1705.179700 0.000000
1705.513200 0.000000
1705.846800 0.000000
1706.180300 0.000000
1706.513900 0.000000
1706.847500 0.000000
1707.181000 0.000000
1707.514600 0.000000
1707.848200 0.000000
1708.181700 0.000000
1708.515300 0.000000
1708.848900 0.000000
1709.182400 0.000000
1709.516000 0.000000
1709.849600 0.000000
1710.183100 0.000000
1710.516700 0.000000
1710.850200 0.000000
1711.183800 0.000000
1711.517400 0.000000
1711.850900 0.000000
1712.184500 0.000000
1712.518100 0.000000
1712.851600 0.000000
1713.185200 0.000000
1713.518800 1781273.935612
1713.852300 4099577.837988
1714.185900 6430810.631899
1714.519400 8802672.446901
1714.853000 11207850.466109
1715.186600 13646986.306356
1715.520100 16113928.735064
1715.853700 18620694.544326
1716.187300 21159097.113265
1716.520800 23733501.026195
1716.854400 26352005.807439
1717.188000 29002309.292054
1717.521500 31666237.768304
1717.855100 34348444.742580
1718.188700 37064502.763375
1718.522200 39814525.467505
1718.855800 42609374.071933
1719.189300 45433358.313216
1719.522900 48297589.822321
1719.856500 51172273.024570
1720.190000 54071339.199909
1720.523600 57005186.360104
1720.857200 59943957.679886
1721.190700 62862441.303826
1721.524300 65686598.312910
1721.857900 68500431.622622
1722.191400 70990236.784863
1722.525000 73374078.657107
1722.858600 75728923.276296
1723.192100 77729768.801776
1723.525700 79625222.174968
1723.859200 81552969.045324
1724.192800 83433758.091801
1724.526400 85201561.450617
1724.859900 86966410.601584
1725.193500 88696006.892250
1725.527100 90372027.975547
1725.860600 92059556.656783
1726.194200 93726553.031205
1726.527800 95363880.486591
1726.861300 96997358.615901
1727.194900 98529045.693931
1727.528400 99996169.297478
1727.862000 101371109.174549
1728.195600 102726573.584847
1728.529100 104059093.267265
1728.862700 105377848.261783
1729.196300 106676024.849472
1729.529800 107934728.497323
1729.863400 109200857.009945
1730.197000 110457376.034520
1730.530500 111721066.264112
1730.864100 112979124.398227
1731.197700 114244953.737325
1731.531200 115427156.655447
1731.864800 116584893.680887
1732.198300 117543868.062760
1732.531900 118444084.569959
1732.865500 119344192.998474
1733.199000 120222825.882103
1733.532600 121097181.194499
1733.866200 121942882.786566
1734.199700 122795549.409980
1734.533300 123622108.916481
1734.866900 124457877.208938
1735.200400 125256312.548570
1735.534000 126030969.436412
1735.867600 126803502.677505
1736.201100 127539964.463569
1736.534700 128208370.762328
1736.868200 128776708.139849
1737.201800 129208872.302799
1737.535400 129479929.646134
1737.868900 129724030.355708
1738.202500 129849011.311558
1738.536100 129953938.062345
1738.869600 130066573.449005
1739.203200 130168937.781972
1739.536800 130267839.594855
1739.870300 130324730.930546
1740.203900 130374279.654555
1740.537400 130425821.902198
1740.871000 130473852.510446
1741.204600 130515598.046871
1741.538100 130567254.798816
1741.871700 130616852.105984
1742.205300 130666184.262836
1742.538800 130712294.067909
1742.872400 130760933.898612
1743.206000 130801561.109882
1743.539500 130840326.152460
1743.873100 130882576.747448
1744.206700 130917077.480051
1744.540200 130954875.007744
1744.873800 130983795.212947
1745.207300 131003659.824744
1745.540900 131023970.290466
1745.874500 131042353.411308
1746.208000 131058975.364325
1746.541600 131080075.328054
1746.875200 131086860.872431
1747.208700 131092180.466371
1747.542300 131088184.792841
1747.875900 131096498.402736
1748.209400 131092754.627798
1748.543000 131082094.149284
1748.876600 131080514.575110
1749.210100 131080570.960944
1749.543700 131076952.258605
1749.877200 131072573.522670
1750.210800 131060064.337966
1750.544400 131050753.866318
1750.877900 131035995.330423
1751.211500 131013208.473294
1751.545100 130992675.869027
1751.878600 130964828.705483
1752.212200 130933107.469191
1752.545800 130903210.888928
1752.879300 130868698.225515
1753.212900 130826988.672934
1753.546400 130790849.130836
1753.880000 130739589.817276
1754.213600 130689293.008237
1754.547100 130631842.763857
1754.880700 130572023.604878
1755.214300 130519727.588254
1755.547800 130459426.867779
1755.881400 130397816.051826
1756.215000 130334938.730716
1756.548500 130269708.118196
1756.882100 130205505.513953
1757.215700 130140161.009421
1757.549200 130074291.261174
1757.882800 130012610.383902
1758.216300 129943989.339007
1758.549900 129870327.944499
1758.883500 129789372.931325
1759.217000 129713308.184822
1759.550600 129622304.198068
1759.884200 129525182.183883
1760.217700 129432447.082303
1760.551300 129335911.752425
1760.884900 129240907.126213
1761.218400 129150358.411663
1761.552000 129058585.230627
1761.885600 128965130.410151
1762.219100 128873669.397441
1762.552700 128782014.435477
1762.886200 128689502.118770
1763.219800 128598787.518140
1763.553400 128496988.640022
1763.886900 128394392.844644
1764.220500 128298179.313784
1764.554100 128194629.012670
1764.887600 128091585.242202
1765.221200 127984419.477130
1765.554800 127882253.005162
1765.888300 127773237.160116
1766.221900 127672522.877384
1766.555400 127574243.529778
1766.889000 127477994.969447
1767.222600 127382431.742019
1767.556100 127276966.260970
1767.889700 127186383.257544
1768.223300 127093007.893944
1768.556800 126998880.256041
1768.890400 126915343.261082
1769.224000 126838599.048720
1769.557500 126758742.378045
1769.891100 126673516.788122
1770.224700 126613686.945867
1770.558200 126554545.287617
1770.891800 126501916.760524
1771.225300 126446495.704940
1771.558900 126407276.621063
1771.892500 126371513.771091
1772.226000 126339835.699097
1772.559600 126321696.838142
1772.893200 126288284.943395
1773.226700 126273211.322318
1773.560300 126260223.936095
1773.893900 126249836.170637
1774.227400 126237074.451447
1774.561000 126229480.036607
1774.894600 126210303.417170
1775.228100 126204099.375196
1775.561700 126190112.467097
1775.895200 126186779.707875
1776.228800 126174077.985411
1776.562400 126171942.815104
1776.895900 126166362.681982
1777.229500 126176867.000910
1777.563100 126180828.017171
1777.896600 126176553.617745
1778.230200 126172785.628558
1778.563800 126164879.658928
1778.897300 126150088.959143
1779.230900 126128899.764402
1779.564400 126107957.497994
1779.898000 126083145.715399
1780.231600 126053505.921645
1780.565100 126024460.659408
1780.898700 125991110.570478
1781.232300 125944615.122654
1781.565800 125912273.819099
1781.899400 125867587.672649
1782.233000 125818850.816746
1782.566500 125770362.065528
1782.900100 125722201.499277
1783.233700 125676027.594792
1783.567200 125618981.894211
1783.900800 125561905.290587
1784.234300 125500501.797095
1784.567900 125444809.377285
1784.901500 125380634.704833
1785.235000 125321890.383779
1785.568600 125274621.367008
1785.902200 125218050.578543
1786.235700 125163549.976187
1786.569300 125110182.198770
1786.902900 125075577.391817
1787.236400 125029747.523493
1787.570000 124984147.915394
1787.903500 124939664.887308
1788.237100 124905388.714367
1788.570700 124869976.907309
1788.904200 124824764.248779
1789.237800 124787922.935834
1789.571400 124746779.836890
1789.904900 124728045.639229
1790.238500 124692382.809932
1790.572100 124661474.376362
1790.905600 124628841.633834
1791.239200 124606323.808855
1791.572800 124582095.807623
1791.906300 124570493.184852
1792.239900 124543576.505026
1792.573400 124530936.671511
1792.907000 124508049.497494
1793.240600 124491749.230236
1793.574100 124473395.322286
1793.907700 124462232.487592
1794.241300 124435826.834764
1794.574800 124409559.388089
1794.908400 124390439.413035
1795.242000 124368779.838205
1795.575500 124349574.444684
1795.909100 124324307.406874
1796.242700 124309967.953459
1796.576200 124291847.675727
1796.909800 124273846.049408
1797.243300 124252098.264814
1797.576900 124226530.155677
1797.910500 124207152.432035
1798.244000 124184475.224509
1798.577600 124154016.920977
1798.911200 124126240.219212
1799.244700 124097075.352046
1799.578300 124063723.824370
1799.911900 124036893.108600
1800.245400 123997121.975384
1800.579000 123958522.805159
1800.912500 123918177.517900
1801.246100 123883374.743048
1801.579700 123841137.921783
1801.913200 123803652.711197
1802.246800 123765439.090837
1802.580400 123722215.874005
1802.913900 123674347.148208
1803.247500 123623191.615505
1803.581100 123575462.617477
1803.914600 123513146.340050
1804.248200 123451798.276414
1804.581800 123391439.817904
1804.915300 123332801.668271
1805.248900 123266065.938833
1805.582400 123200411.003429
1805.916000 123136260.923514
1806.249600 123069194.464642
1806.583100 123000765.257486
1806.916700 122919973.069921
1807.250300 122845132.857142
1807.583800 122762480.119337
1807.917400 122680459.719927
1808.251000 122590472.891604
1808.584500 122498361.612710
1808.918100 122402159.053246
1809.251700 122305433.213666
1809.585200 122210492.255350
1809.918800 122110923.774954
1810.252300 122011591.118782
1810.585900 121911557.790544
1810.919500 121802455.257420
1811.253000 121701521.723723
1811.586600 121597228.797932
1811.920200 121493715.477417
1812.253700 121388435.578109
1812.587300 121279998.055832
1812.920900 121179823.621810
1813.254400 121069297.597611
1813.588000 120954207.572409
1813.921500 120838468.519810
1814.255100 120728654.080009
1814.588700 120621486.505343
1814.922200 120510707.755789
1815.255800 120399165.458649
1815.589400 120290435.342980
1815.922900 120178900.141970
1816.256500 120060951.591561
1816.590100 119948200.670753
1816.923600 119831327.652077
1817.257200 119717717.293405
1817.590800 119608721.330814
1817.924300 119494808.139464
1818.257900 119377094.241076
1818.591400 119268732.058208
1818.925000 119158254.912782
1819.258600 119044290.211088
1819.592100 118925360.721237
1819.925700 118814169.438523
1820.259300 118703741.490424
1820.592800 118595360.297543
1820.926400 118489030.468560
1821.260000 118383265.333832
1821.593500 118285849.543590
1821.927100 118191990.916193
1822.260700 118113775.006099
1822.594200 118022029.428181
1822.927800 117947156.973430
1823.261300 117873271.147413
1823.594900 117794178.302490
1823.928500 117727206.330475
1824.262000 117657789.830311
1824.595600 117599514.719699
1824.929200 117540661.832803
1825.262700 117490126.287027
1825.596300 117444249.967043
1825.929900 117398683.042036
1826.263400 117357247.807259
1826.597000 117314810.297769
1826.930500 117277081.373816
1827.264100 117241615.551661
1827.597700 117201241.342055
1827.931200 117177634.914360
1828.264800 117151707.053365
1828.598400 117121636.386352
1828.931900 117089026.748211
1829.265500 117063244.406254
1829.599100 117030482.168076
1829.932600 116997220.663180
1830.266200 116965461.043776
1830.599800 116937227.012781
1830.933300 116914505.786933
1831.266900 116882748.700090
1831.600400 116850822.535357
1831.934000 116814812.125907
1832.267600 116784437.717278
1832.601100 116746031.173707
1832.934700 116698894.022021
1833.268300 116656147.061122
1833.601800 116618045.145190
1833.935400 116573211.965719
1834.269000 116521253.790827
1834.602500 116466522.356763
1834.936100 116418613.524692
1835.269700 116366647.025470
1835.603200 116311861.869370
1835.936800 116248741.913790
1836.270300 116192357.343694
1836.603900 116134530.523584
1836.937500 116072736.140982
1837.271000 116014422.611436
1837.604600 115953444.220073
1837.938200 115906880.827815
1838.271700 115859438.034404
1838.605300 115810250.171281
1838.938900 115762184.066164
1839.272400 115709951.441439
1839.606000 115666616.916470
1839.939500 115616234.355173
1840.273100 115571456.463626
1840.606700 115528397.964982
1840.940200 115484538.039541
1841.273800 115441919.095915
1841.607400 115401853.160810
1841.940900 115364932.424093
1842.274500 115326779.004430
1842.608100 115284979.069698
1842.941600 115248082.233724
1843.275200 115214844.645915
1843.608800 115183419.850819
1843.942300 115147972.502048
1844.275900 115105729.261012
1844.609400 115078754.499214
1844.943000 115042024.422768
1845.276600 114995756.794106
1845.610100 114958938.370743
1845.943700 114926736.340032
1846.277300 114887371.023928
1846.610800 114853035.705459
1846.944400 114819030.219005
1847.278000 114788528.848745
1847.611500 114753734.269564
1847.945100 114724191.138167
1848.278700 114687860.751125
1848.612200 114658591.298026
1848.945800 114626943.650647
1849.279300 114594332.504015
1849.612900 114553694.151150
1849.946500 114519172.178517
1850.280000 114486020.696797
1850.613600 114448089.017149
1850.947200 114406524.817569
1851.280700 114370692.236275
1851.614300 114334973.072345
1851.947900 114288005.943471
1852.281400 114242159.492745
1852.615000 114198908.082876
1852.948500 114156978.381490
1853.282100 114105927.500840
1853.615700 114053554.134922
1853.949200 114001897.085696
1854.282800 113945559.271384
1854.616400 113892028.155142
1854.949900 113833873.679608
1855.283500 113773935.073812
1855.617100 113721173.327348
1855.950600 113666033.024091
1856.284200 113599726.366270
1856.617800 113528956.961053
1856.951300 113464093.361286
1857.284900 113384384.733541
1857.618400 113308873.641410
1857.952000 113232836.738435
1858.285600 113153712.603838
1858.619100 113077296.010539
1858.952700 112988356.083215
1859.286300 112897918.491201
1859.619800 112812269.600722
1859.953400 112724846.882371
1860.287000 112634133.805602
1860.620500 112538365.317614
1860.954100 112442507.883566
1861.287700 112345418.819252
1861.621200 112243105.923300
1861.954800 112139225.501995
1862.288300 112049145.125851
1862.621900 111948246.422112
1862.955500 111845351.823690
1863.289000 111746930.032495
1863.622600 111645899.002286
1863.956200 111547325.040615
1864.289700 111451681.202986
1864.623300 111355821.611421
1864.956900 111264134.272779
1865.290400 111173460.276803
1865.624000 111078401.351084
1865.957500 110985383.861937
1866.291100 110885826.195331
1866.624700 110800063.601936
1866.958200 110712823.589549
1867.291800 110620233.498734
1867.625400 110528036.408122
1867.958900 110434630.919004
1868.292500 110348502.673805
1868.626100 110262303.938402
1868.959600 110177493.547322
1869.293200 110089538.919649
1869.626800 109999712.374571
1869.960300 109911194.600595
1870.293900 109827137.268665
1870.627400 109747416.236469
1870.961000 109654307.811101
1871.294600 109569608.378641
1871.628100 109495211.394225
1871.961700 109412851.251355
1872.295300 109343083.133340
1872.628800 109260323.682843
1872.962400 109177119.437652
1873.296000 109100599.658957
1873.629500 109033193.303767
1873.963100 108959818.090635
1874.296700 108901078.242279
1874.630200 108834661.479646
1874.963800 108764063.020160
1875.297300 108698920.294319
1875.630900 108629273.412961
1875.964500 108575263.566379
1876.298000 108519602.139897
1876.631600 108467926.048547
1876.965200 108412139.211845
1877.298700 108355559.985682
1877.632300 108300221.169049
1877.965900 108250648.722601
1878.299400 108205929.895134
1878.633000 108166631.823691
1878.966500 108136849.624220
1879.300100 108085018.141374
1879.633700 108048059.580205
1879.967200 108016837.973169
1880.300800 107982881.543458
1880.634400 107956713.986493
1880.967900 107930018.477170
1881.301500 107906778.458034
1881.635100 107886802.848644
1881.968600 107853447.347764
1882.302200 107834625.518227
1882.635800 107810202.683967
1882.969300 107782852.859184
1883.302900 107765733.293139
1883.636400 107738495.977791
1883.970000 107705893.518226
1884.303600 107684460.452075
1884.637100 107658662.582178
1884.970700 107642672.814633
1885.304300 107606890.488878
1885.637800 107575996.383247
1885.971400 107549851.379725
1886.305000 107519563.471004
1886.638500 107490341.966984
1886.972100 107459011.492757
1887.305700 107428400.873400
1887.639200 107393891.519326
1887.972800 107378966.442258
1888.306300 107355246.959016
1888.639900 107328455.382271
1888.973500 107307531.276306
1889.307000 107281804.805745
1889.640600 107259004.866196
1889.974200 107236200.650508
1890.307700 107214070.792296
1890.641300 107187237.048234
1890.974900 107160794.352642
1891.308400 107132075.171078
1891.642000 107107300.084556
1891.975500 107087823.852304
1892.309100 107073472.530139
1892.642700 107055926.292038
1892.976200 107035831.529626
1893.309800 107019868.594814
1893.643400 106998382.187313
1893.976900 106981155.702921
1894.310500 106970953.887860
1894.644100 106963014.261162
1894.977600 106954936.071517
1895.311200 106948230.843401
1895.644800 106938307.332301
1895.978300 106929544.180594
1896.311900 106926597.039813
1896.645400 106922629.017841
1896.979000 106912549.164588
1897.312600 106909266.182063
1897.646100 106904315.058880
1897.979700 106898048.416856
1898.313300 106882171.523947
1898.646800 106870329.795991
1898.980400 106867896.468017
1899.314000 106860856.092625
1899.647500 106850049.186587
1899.981100 106852144.863249
1900.314600 106837528.862132
1900.648200 106829028.293984
1900.981800 106823946.952458
1901.315300 106818728.076373
1901.648900 106812262.186967
1901.982500 106799611.642653
1902.316000 106799218.737695
1902.649600 106794521.954680
1902.983200 106778608.079308
1903.316700 106768523.464301
1903.650300 106763804.309331
1903.983900 106757705.784976
1904.317400 106745922.946063
1904.651000 106731574.732267
1904.984500 106710883.664128
1905.318100 106697403.139265
1905.651700 106677163.660068
1905.985200 106651636.846995
1906.318800 106622885.413149
1906.652400 106592214.694791
1906.985900 106560563.857941
1907.319500 106529883.604497
1907.653100 106495632.264520
1907.986600 106460251.377827
1908.320200 106416464.991436
1908.653800 106373597.306321
1908.987300 106329067.414760
1909.320900 106281442.104924
1909.654400 106231525.541343
1909.988000 106178950.707031
1910.321600 106125143.439389
1910.655100 106071601.258121
1910.988700 106010587.281130
1911.322300 105949578.414563
1911.655800 105881737.538700
1911.989400 105814159.837613
1912.323000 105746874.449799
1912.656500 105670550.222704
1912.990100 105596741.162163
1913.323600 105525462.586302
1913.657200 105451751.218548
1913.990800 105378486.630900
1914.324300 105304973.168810
1914.657900 105228690.646464
1914.991500 105148313.561144
1915.325000 105080013.801709
1915.658600 105018726.654362
1915.992200 104943734.379632
1916.325700 104869576.642358
1916.659300 104799327.132514
1916.992900 104728106.275701
1917.326400 104660380.958705
1917.660000 104590590.168138
1917.993500 104523230.786380
1918.327100 104449483.912847
1918.660700 104378124.380346
1918.994200 104308801.859710
1919.327800 104238342.328899
1919.661400 104160371.187699
1919.994900 104096166.104845
1920.328500 104027673.022388
1920.662100 103942958.468339
1920.995600 103863803.648047
1921.329200 103778482.184963
1921.662800 103693021.414176
1921.996300 103615134.359523
1922.329900 103529810.003381
1922.663400 103448134.647002
1922.997000 103364116.333125
1923.330600 103278233.116534
1923.664100 103194585.372881
1923.997700 103106065.921803
1924.331300 103009915.783901
1924.664800 102918972.921582
1924.998400 102825194.699378
1925.332000 102737283.645468
1925.665500 102645763.480601
1925.999100 102553369.941179
1926.332600 102459076.946468
1926.666200 102361963.692098
1926.999800 102270168.043989
1927.333300 102171480.007748
1927.666900 102077285.103912
1928.000500 101982541.477381
1928.334000 101888865.665442
1928.667600 101803112.141568
1929.001200 101712663.462173
1929.334700 101619577.559994
1929.668300 101543784.301760
1930.001900 101452499.601404
1930.335400 101365481.759134
1930.669000 101279236.802125
1931.002500 101192629.105906
1931.336100 101107193.689436
1931.669700 101025114.452296
1932.003200 100951470.978053
1932.336800 100879122.235209
1932.670400 100798988.336528
1933.003900 100726280.809184
1933.337500 100660029.054918
1933.671100 100592259.973432
1934.004600 100523573.815240
1934.338200 100455298.926212
1934.671800 100389286.781579
1935.005300 100324094.355288
1935.338900 100266846.688108
1935.672400 100204904.813108
1936.006000 100143069.206651
1936.339600 100074974.414903
1936.673100 100019406.651947
1937.006700 99952817.522475
1937.340300 99885672.057242
1937.673800 99825678.610259
1938.007400 99767315.433890
1938.341000 99714866.658368
1938.674500 99660072.813618
1939.008100 99597029.987419
1939.341600 99551275.803169
1939.675200 99497431.498865
1940.008800 99442410.492831
1940.342300 99388623.724743
1940.675900 99338733.663329
1941.009500 99288822.107557
1941.343000 99245149.982597
1941.676600 99199479.144865
1942.010200 99162908.822981
1942.343700 99122588.827383
1942.677300 99083830.190034
1943.010900 99043127.005821
1943.344400 99006749.142018
1943.678000 98972520.594466
1944.011500 98937165.277570
1944.345100 98908512.277019
1944.678700 98871233.560282
1945.012200 98839597.632688
1945.345800 98806613.855499
1945.679400 98766691.984111
1946.012900 98736194.547742
1946.346500 98698844.648390
1946.680100 98656570.597890
1947.013600 98617509.583522
1947.347200 98581758.894483
1947.680800 98545887.410296
1948.014300 98516046.672912
1948.347900 98485294.672240
1948.681400 98452499.702470
1949.015000 98423742.206199
1949.348600 98389320.357585
1949.682100 98360311.325788
1950.015700 98337263.660406
1950.349300 98298664.006790
1950.682800 98264055.317750
1951.016400 98224670.450017
1951.350000 98191121.494153
1951.683500 98155319.424992
1952.017100 98117028.362919
1952.350600 98078645.171563
1952.684200 98037630.385053
1953.017800 97998984.162053
1953.351300 97961254.101763
1953.684900 97913904.566281
1954.018500 97871459.462532
1954.352000 97828711.654522
1954.685600 97783766.965944
1955.019200 97738021.133623
1955.352700 97691024.779408
1955.686300 97645094.879631
1956.019900 97601235.656817
1956.353400 97543444.033765
1956.687000 97487380.865714
1957.020500 97430744.618756
1957.354100 97375379.301359
1957.687700 97320194.100221
1958.021200 97259434.515158
1958.354800 97201834.041338
1958.688400 97139881.735473
1959.021900 97071665.319535
1959.355500 96997126.998789
1959.689100 96923583.568986
1960.022600 96851161.688524
1960.356200 96773351.117124
1960.689800 96695281.065505
1961.023300 96608866.027595
1961.356900 96522571.141709
1961.690400 96433556.102695
1962.024000 96343815.188076
1962.357600 96245636.210295
1962.691100 96152516.222258
1963.024700 96053520.239125
1963.358300 95965962.610750
1963.691800 95878487.013703
1964.025400 95792117.068603
1964.359000 95698207.304662
1964.692500 95610914.040912
1965.026100 95518368.114073
1965.359600 95433677.820591
1965.693200 95346521.879893
1966.026800 95259655.012115
1966.360300 95172236.336358
1966.693900 95082839.354582
1967.027500 94991647.200993
1967.361000 94913811.764323
1967.694600 94837401.695311
1968.028200 94762276.356490
1968.361700 94688382.851302
1968.695300 94613446.648359
1969.028900 94546194.048336
1969.362400 94476384.060274
1969.696000 94409217.113543
1970.029500 94343562.486230
1970.363100 94284853.283996
1970.696700 94226414.903177
1971.030200 94165670.815555
1971.363800 94107951.807306
1971.697400 94053622.940093
1972.030900 93997615.726697
1972.364500 93940920.015554
1972.698100 93886423.432442
1973.031600 93832620.469250
1973.365200 93774500.714379
1973.698800 93718710.089652
1974.032300 93664190.577428
1974.365900 93610885.915864
1974.699400 93555288.579585
1975.033000 93502871.969734
1975.366600 93445272.893415
1975.700100 93388405.874466
1976.033700 93329793.943886
1976.367300 93279513.797746
1976.700800 93221916.285070
1977.034400 93159758.717933
1977.368000 93096150.567405
1977.701500 93030925.836486
1978.035100 92970157.173847
1978.368600 92902749.961361
1978.702200 92839505.059966
1979.035800 92775527.415903
1979.369300 92717677.562059
1979.702900 92651679.475338
1980.036500 92589193.814477
1980.370000 92521622.278193
1980.703600 92449332.715777
1981.037200 92376715.963100
1981.370700 92311392.947805
1981.704300 92245565.692900
1982.037900 92183781.195720
1982.371400 92112786.404239
1982.705000 92049125.767240
1983.038500 91985978.911969
1983.372100 91925368.517800
1983.705700 91863063.608047
1984.039200 91798007.005673
1984.372800 91728326.664419
1984.706400 91656811.499659
1985.039900 91593111.362244
1985.373500 91526323.801435
1985.707100 91464298.901149
1986.040600 91399320.134867
1986.374200 91339588.028584
1986.707800 91280101.633346
1987.041300 91220028.278862
1987.374900 91159271.447772
1987.708400 91097133.027195
1988.042000 91036419.030842
1988.375600 90977985.763759
1988.709100 90921359.034652
1989.042700 90859684.442500
1989.376300 90803260.701447
1989.709800 90747227.415682
1990.043400 90689584.066190
1990.377000 90637152.387863
1990.710500 90577663.171229
1991.044100 90526190.673322
1991.377600 90476751.453463
1991.711200 90420233.687358
1992.044800 90365932.902592
1992.378300 90312902.837834
1992.711900 90260238.070149
1993.045500 90203230.570107
1993.379000 90137161.308301
1993.712600 90077854.408533
1994.046200 90014862.753548
1994.379700 89958756.902543
1994.713300 89904586.339374
1995.046900 89845694.239839
1995.380400 89789194.571592
1995.714000 89731840.143566
1996.047500 89674296.218519
1996.381100 89615140.431958
1996.714700 89566312.409867
1997.048200 89512410.325247
1997.381800 89460940.631114
1997.715400 89412353.128606
1998.048900 89367481.316941
1998.382500 89316954.189253
1998.716100 89263976.345486
1999.049600 89210381.988433
1999.383200 89157107.770204
1999.716800 89106882.747947
2000.050300 89054554.128740
2000.383900 88999870.843142
2000.717400 88942913.885302
2001.051000 88892432.017149
2001.384600 88843871.293993
2001.718100 88797214.411555
2002.051700 88746726.792474
2002.385300 88698433.654346
2002.718800 88652794.567893
2003.052400 88607478.119317
2003.386000 88555593.388581
2003.719500 88508675.719669
2004.053100 88461707.260914
2004.386600 88409745.624637
2004.720200 88360890.277342
2005.053800 88306902.914827
2005.387300 88258830.946583
2005.720900 88199159.290941
2006.054500 88147874.149635
2006.388000 88091243.976409
2006.721600 88030447.270101
2007.055200 87969459.256255
2007.388700 87907644.944009
2007.722300 87848091.933089
2008.055900 87786310.134274
2008.389400 87718451.694549
2008.723000 87646223.049100
2009.056500 87576528.253863
2009.390100 87502688.382964
2009.723700 87427788.276447
2010.057200 87351942.187433
2010.390800 87283189.360161
2010.724400 87210592.899394
2011.057900 87146861.570547
2011.391500 87075632.341183
2011.725100 87003875.734165
2012.058600 86936234.697698
2012.392200 86868568.500789
2012.725800 86799780.270103
2013.059300 86739121.676585
2013.392900 86678310.736847
2013.726400 86616207.821744
2014.060000 86556622.882958
2014.393600 86500441.489023
2014.727100 86442561.403819
2015.060700 86383880.636003
2015.394300 86335819.612565
2015.727800 86282757.924516
2016.061400 86232099.273722
2016.395000 86189890.729808
2016.728500 86144806.520308
2017.062100 86097840.496847
2017.395600 86050577.595418
2017.729200 86011980.418498
2018.062800 85968190.115623
2018.396300 85926915.055088
2018.729900 85885260.342875
2019.063500 85844325.534859
2019.397000 85811404.025918
2019.730600 85768943.270510
2020.064200 85725274.874744
2020.397700 85686398.744209
2020.731300 85644926.414219
2021.064900 85599393.983310
2021.398400 85553104.564506
2021.732000 85508410.414372
2022.065500 85469234.731470
2022.399100 85416482.531219
2022.732700 85374209.370669
2023.066200 85327949.644611
2023.399800 85280057.693626
2023.733400 85224615.835814
2024.066900 85170618.193019
2024.400500 85115654.273700
2024.734100 85059870.462316
2025.067600 85006265.290981
2025.401200 84946387.593585
2025.734700 84890168.612370
2026.068300 84827724.633519
2026.401900 84768042.063854
2026.735400 84707302.843271
2027.069000 84649625.460219
2027.402600 84583516.972367
2027.736100 84521649.531529
2028.069700 84457623.824953
2028.403300 84389776.553329
2028.736800 84320562.917586
2029.070400 84252429.267460
2029.404000 84186831.856956
2029.737500 84121915.168263
2030.071100 84050061.020739
2030.404600 83982301.498905
2030.738200 83912040.935210
2031.071800 83846563.985724
2031.405300 83775899.636577
2031.738900 83703069.239651
2032.072500 83633889.155902
2032.406000 83561160.806387
2032.739600 83490458.319824
2033.073200 83421248.059384
2033.406700 83344830.564468
2033.740300 83266820.483206
2034.073900 83189526.214028
2034.407400 83119138.911525
2034.741000 83042746.868091
2035.074500 82971042.714561
2035.408100 82892156.947653
2035.741700 82820492.774391
2036.075200 82749680.807775
2036.408800 82661273.892329
2036.742400 82581486.731749
2037.075900 82506600.398641
2037.409500 82430106.081083
2037.743100 82350073.479606
2038.076600 82274447.048298
2038.410200 82201194.752437
2038.743700 82126552.718511
2039.077300 82044291.242442
2039.410900 81971434.972991
2039.744400 81898200.693769
2040.078000 81822193.507525
2040.411600 81744727.502377
2040.745100 81680356.956515
2041.078700 81609039.940711
2041.412300 81537335.104556
2041.745800 81475530.653141
2042.079400 81403386.799487
2042.413000 81335891.767388
2042.746500 81273012.496109
2043.080100 81210556.640772
2043.413600 81149386.203407
2043.747200 81091057.956700
2044.080800 81029941.737536
2044.414300 80972266.463139
2044.747900 80910593.939828
2045.081500 80848820.635187
2045.415000 80792957.608119
2045.748600 80733312.060018
2046.082200 80677192.474335
2046.415700 80617875.599064
2046.749300 80561177.727206
2047.082900 80509760.960359
2047.416400 80460627.921404
2047.750000 80406715.378310
2048.083500 80349343.288608
2048.417100 80296183.213771
2048.750700 80251679.566286
2049.084200 80206030.340961
2049.417800 80160024.095719
2049.751400 80115473.229048
2050.084900 80073149.604893
2050.418500 80030408.501970
2050.752100 79986322.927172
2051.085600 79942948.117273
2051.419200 79890222.846814
2051.752700 79848271.101065
2052.086300 79798107.142264
2052.419900 79754657.241033
2052.753400 79704336.035729
2053.087000 79653785.492589
2053.420600 79616897.951079
2053.754100 79575941.333176
2054.087700 79530444.232258
2054.421300 79481078.307287
2054.754800 79440345.981530
2055.088400 79398155.424752
2055.422000 79354889.659103
2055.755500 79309272.313086
2056.089100 79271081.002099
2056.422600 79225608.697317
2056.756200 79183609.652963
2057.089800 79139037.928699
2057.423300 79097849.643209
2057.756900 79053639.917990
2058.090500 79017263.870768
2058.424000 78983619.051750
2058.757600 78940228.104742
2059.091200 78899602.359133
2059.424700 78859649.861187
2059.758300 78817428.110802
2060.091900 78779499.748801
2060.425400 78740487.675839
2060.759000 78698071.271556
2061.092500 78654611.251080
2061.426100 78615850.747697
2061.759700 78575807.211683
2062.093200 78532481.397886
2062.426800 78489025.138347
2062.760400 78449966.033595
2063.093900 78410805.961279
2063.427500 78372901.122985
2063.761100 78342293.497649
2064.094600 78306820.359893
2064.428200 78269579.172807
2064.761700 78238215.011263
2065.095300 78206350.543038
2065.428900 78173001.106509
2065.762400 78137968.104218
2066.096000 78102815.139789
2066.429600 78064760.747716
2066.763100 78025382.119712
2067.096700 77982809.144345
2067.430300 77939884.800093
2067.763800 77900021.985415
2068.097400 77859461.122958
2068.431000 77819279.267871
2068.764500 77774624.147042
2069.098100 77727021.525352
2069.431600 77681187.076147
2069.765200 77634311.580189
2070.098800 77585400.155298
2070.432300 77531341.471828
2070.765900 77477502.107563
2071.099500 77423909.368046
2071.433000 77370274.656443
2071.766600 77313201.465945
2072.100200 77251009.914925
2072.433700 77182742.514772
2072.767300 77120551.940884
2073.100900 77050319.676063
2073.434400 76983381.603789
2073.768000 76911378.855227
2074.101500 76841997.099542
2074.435100 76774369.552935
2074.768700 76700240.194976
2075.102200 76624850.862870
2075.435800 76547171.892847
2075.769400 76474610.446796
2076.102900 76398338.550567
2076.436500 76325587.516129
2076.770100 76252266.254696
2077.103600 76180320.577788
2077.437200 76110769.867447
2077.770700 76041086.074911
2078.104300 75973555.216124
2078.437900 75902707.193638
2078.771400 75833517.114751
2079.105000 75768689.794944
2079.438600 75706022.844219
2079.772100 75644814.747573
2080.105700 75584345.647857
2080.439300 75526918.739501
2080.772800 75463609.911393
2081.106400 75400699.558082
2081.440000 75339675.917043
2081.773500 75282256.111663
2082.107100 75226203.310735
2082.440600 75169456.146510
2082.774200 75115371.597962
2083.107800 75060675.364202
2083.441300 75007904.305832
2083.774900 74953737.967956
2084.108500 74899038.982587
2084.442000 74846597.844880
2084.775600 74796680.824277
2085.109200 74745413.152197
2085.442700 74699215.922963
2085.776300 74642881.844587
2086.109900 74596985.695774
2086.443400 74545303.830939
2086.777000 74491737.359591
2087.110500 74442076.810658
2087.444100 74385543.734398
2087.777700 74329906.659090
2088.111200 74273191.389619
2088.444800 74215639.619979
2088.778400 74158624.008872
2089.111900 74100042.204762
2089.445500 74043469.829379
2089.779100 73980357.753133
2090.112600 73923900.027677
2090.446200 73863961.963727
2090.779700 73803261.170565
2091.113300 73736546.952633
2091.446900 73670969.811339
2091.780400 73607379.720547
2092.114000 73544637.837071
2092.447600 73478866.657710
2092.781100 73412518.503506
2093.114700 73350272.249804
2093.448300 73289447.119323
2093.781800 73228949.894678
2094.115400 73166885.127303
2094.449000 73101291.032203
2094.782500 73035210.911960
2095.116100 72975257.030501
2095.449600 72912833.496674
2095.783200 72844140.991763
2096.116800 72783821.814125
2096.450300 72719504.349690
2096.783900 72661616.852459
2097.117500 72599050.981203
2097.451000 72536994.751019
2097.784600 72476685.487472
2098.118200 72416540.920600
2098.451700 72358894.142093
2098.785300 72298795.045126
2099.118900 72243706.444781
2099.452400 72192318.387892
2099.786000 72135265.510684
2100.119500 72082384.012329
2100.453100 72030168.294025
2100.786700 71982944.141984
2101.120200 71933714.689664
2101.453800 71889021.663055
2101.787400 71841349.897155
2102.120900 71792794.331565
2102.454500 71742559.975588
2102.788100 71697565.420517
2103.121600 71651980.430305
2103.455200 71606214.183936
2103.788700 71565197.407494
2104.122300 71519107.664527
2104.455900 71477156.194725
2104.789400 71434328.941089
2105.123000 71391355.338289
2105.456600 71349764.253174
2105.790100 71308075.708070
2106.123700 71261909.670116
2106.457300 71222364.460393
2106.790800 71182955.605355
2107.124400 71133873.915878
2107.458000 71086705.472376
2107.791500 71042980.799443
2108.125100 70999064.088984
2108.458600 70951216.125739
2108.792200 70904747.970159
2109.125800 70858906.682705
2109.459300 70814504.018559
2109.792900 70767070.917121
2110.126500 70717209.502143
2110.460000 70663889.440676
2110.793600 70612841.945098
2111.127200 70562583.112653
2111.460700 70514641.368906
2111.794300 70463470.918411
2112.127900 70404302.227010
2112.461400 70349386.890461
2112.795000 70305129.155725
2113.128500 70250771.332357
2113.462100 70193844.562971
2113.795700 70136417.216990
2114.129200 70078650.037190
2114.462800 70022267.253684
2114.796400 69964471.156460
2115.129900 69908223.109791
2115.463500 69849047.917268
2115.797100 69791952.049113
2116.130600 69730869.097459
2116.464200 69673002.562325
2116.797700 69618407.147846
2117.131300 69560613.320681
2117.464900 69501832.660675
2117.798400 69437497.584985
2118.132000 69385016.128284
2118.465600 69327003.808249
2118.799100 69271786.774853
2119.132700 69216498.762333
2119.466300 69156057.292321
2119.799800 69100189.938469
2120.133400 69049225.411886
2120.467000 68993596.050274
2120.800500 68939096.271859
2121.134100 68890536.438360
2121.467600 68833660.041704
2121.801200 68783647.845901
2122.134800 68734341.401340
2122.468300 68690143.315947
2122.801900 68640998.583393
2123.135500 68594416.747123
2123.469000 68544094.589788
2123.802600 68491386.694649
2124.136200 68447277.829840
2124.469700 68400136.508947
2124.803300 68353522.274932
2125.136900 68314438.865755
2125.470400 68272900.801923
2125.804000 68230058.223766
2126.137500 68187355.541447
2126.471100 68147307.748041
2126.804700 68106398.760614
2127.138200 68070845.875311
2127.471800 68034434.231672
2127.805400 67997788.677155
2128.138900 67959359.254899
2128.472500 67921907.061584
2128.806100 67885484.410819
2129.139600 67853142.909663
2129.473200 67821219.913086
2129.806700 67783804.302106
2130.140300 67751851.037661
2130.473900 67722793.019321
2130.807400 67691184.325914
2131.141000 67656314.145460
2131.474600 67619872.486165
2131.808100 67586099.128570
2132.141700 67551325.929214
2132.475300 67518321.426435
2132.808800 67484324.401643
2133.142400 67455540.417366
2133.476000 67418679.631803
2133.809500 67385028.818523
2134.143100 67354248.459814
2134.476600 67327211.949873
2134.810200 67302034.743145
2135.143800 67266053.604223
2135.477300 67243448.675323
2135.810900 67214233.007194
2136.144500 67186605.457829
2136.478000 67167931.267471
2136.811600 67145273.396836
2137.145200 67121620.392913
2137.478700 67103852.565253
2137.812300 67083359.467443
2138.145800 67059142.181623
2138.479400 67047034.430466
2138.813000 67034272.211887
2139.146500 67021173.534950
2139.480100 67002837.986237
2139.813700 66984745.887869
2140.147200 66972553.360326
2140.480800 66957895.395769
2140.814400 66940543.852230
2141.147900 66928832.889100
2141.481500 66917034.174610
2141.815100 66902187.238307
2142.148600 66887504.598747
2142.482200 66869177.783792
2142.815700 66855706.069155
2143.149300 66833265.005097
2143.482900 66813456.748445
2143.816400 66791113.597585
2144.150000 66767017.196036
2144.483600 66739642.130914
2144.817100 66713095.544214
2145.150700 66682964.936221
2145.484300 66648172.830437
2145.817800 66616979.345627
2146.151400 66583003.601477
2146.485000 66544509.448534
2146.818500 66507876.565862
2147.152100 66464153.171325
2147.485600 66417069.008636
2147.819200 66367593.791511
2148.152800 66323869.456008
2148.486300 66273858.695755
2148.819900 66226515.820452
2149.153500 66174914.640198
2149.487000 66122613.683546
2149.820600 66070364.559666
2150.154200 66022333.286025
2150.487700 65972021.952629
2150.821300 65921642.415777
2151.154800 65867715.233322
2151.488400 65814035.943566
2151.822000 65763425.930464
2152.155500 65719191.949199
2152.489100 65660410.485571
2152.822700 65605638.230757
2153.156200 65553171.628330
2153.489800 65500091.635810
2153.823400 65445860.221961
2154.156900 65385890.121190
2154.490500 65329764.935817
2154.824100 65276934.376514
2155.157600 65223605.767632
2155.491200 65166860.715087
2155.824700 65102841.583341
2156.158300 65042015.350286
2156.491900 64982691.039601
2156.825400 64925940.858833
2157.159000 64860471.890268
2157.492600 64793201.391816
2157.826100 64733993.468810
2158.159700 64671111.675240
2158.493300 64603584.609629
2158.826800 64535004.313643
2159.160400 64459859.451493
2159.494000 64390486.519174
2159.827500 64313859.373108
2160.161100 64239348.743814
2160.494600 64158705.961512
2160.828200 64073880.407807
2161.161800 63990036.261866
2161.495300 63909762.195145
2161.828900 63827549.842753
2162.162500 63750763.984994
2162.496000 63669725.794663
2162.829600 63584160.088896
2163.163200 63499748.581450
2163.496700 63416565.969394
2163.830300 63334016.944686
2164.163800 63249135.484941
2164.497400 63173031.653615
2164.831000 63092135.880078
2165.164500 63012246.587695
2165.498100 62936526.960539
2165.831700 62851223.032890
2166.165200 62775685.122993
2166.498800 62706599.022336
2166.832400 62636976.504577
2167.165900 62561439.156837
2167.499500 62489620.995215
2167.833100 62419475.642993
2168.166600 62354411.021212
2168.500200 62284118.902006
2168.833700 62211597.244905
2169.167300 62139619.500831
2169.500900 62074394.138346
2169.834400 62009908.685092
2170.168000 61943647.722014
2170.501600 61876545.123035
2170.835100 61817354.678263
2171.168700 61763485.424698
2171.502300 61702057.386435
2171.835800 61639364.063547
2172.169400 61578773.754023
2172.503000 61521020.152517
2172.836500 61467635.518867
2173.170100 61406111.187479
2173.503600 61349529.434976
2173.837200 61287252.551112
2174.170800 61229621.913693
2174.504300 61175107.581429
2174.837900 61116927.643263
2175.171500 61054599.255563
2175.505000 61000635.258060
2175.838600 60940962.628892
2176.172200 60882437.126531
2176.505700 60819306.377237
2176.839300 60758219.377661
2177.172800 60699704.381782
2177.506400 60641096.878629
2177.840000 60588415.349654
2178.173500 60533797.959078
2178.507100 60477811.035682
2178.840700 60421354.636134
2179.174200 60360945.865569
2179.507800 60306719.739742
2179.841400 60249360.896913
2180.174900 60195142.783730
2180.508500 60143459.295501
2180.842100 60090331.856291
2181.175600 60041794.662061
2181.509200 59986461.105117
2181.842700 59931833.104616
2182.176300 59876333.777997
2182.509900 59824588.448473
2182.843400 59777244.677382
2183.177000 59729702.826893
2183.510600 59675747.898174
2183.844100 59627596.769062
2184.177700 59581868.193490
2184.511300 59536455.274964
2184.844800 59488246.180670
2185.178400 59433603.461142
2185.512000 59387576.625812
2185.845500 59342263.788713
2186.179100 59294335.489118
2186.512600 59251702.695095
2186.846200 59208015.700264
2187.179800 59166319.446916
2187.513300 59125727.209967
2187.846900 59083749.562405
2188.180500 59041250.332852
2188.514000 58997936.777334
2188.847600 58957118.940939
2189.181200 58912700.842463
2189.514700 58871556.756618
2189.848300 58824556.475959
2190.181800 58781912.645515
2190.515400 58737671.306232
2190.849000 58695566.161015
2191.182500 58651333.585589
2191.516100 58608766.688206
2191.849700 58565883.595395
2192.183200 58517831.801594
2192.516800 58463502.241979
2192.850400 58410622.139531
2193.183900 58359158.935849
2193.517500 58306839.867344
2193.851100 58249318.751405
2194.184600 58191549.850446
2194.518200 58129928.590161
2194.851700 58069854.521193
2195.185300 58003892.358135
2195.518900 57934263.591447
2195.852400 57866693.445068
2196.186000 57797473.942814
2196.519600 57723697.159541
2196.853100 57649206.145070
2197.186700 57571042.235691
2197.520300 57492393.182033
2197.853800 57410548.826366
2198.187400 57325584.725177
2198.521000 57241028.520793
2198.854500 57156366.024956
2199.188100 57070906.510900
2199.521600 56988106.238493
2199.855200 56903417.963765
2200.188800 56815834.177134
2200.522300 56731842.115117
2200.855900 56649081.983463
2201.189500 56561844.760263
2201.523000 56474797.791077
2201.856600 56392088.366653
2202.190200 56314247.008798
2202.523700 56229391.218178
2202.857300 56148649.064773
2203.190800 56071280.466090
2203.524400 55994736.090982
2203.858000 55920457.031119
2204.191500 55845643.545853
2204.525100 55769116.845122
2204.858700 55699621.493335
2205.192200 55624636.094674
2205.525800 55559097.338960
2205.859400 55492240.345523
2206.192900 55427672.257165
2206.526500 55357309.988246
2206.860100 55294206.748114
2207.193600 55238328.405194
2207.527200 55177037.619889
2207.860700 55116268.164873
2208.194300 55058316.385284
2208.527900 54995967.731526
2208.861400 54936922.661080
2209.195000 54880850.637900
2209.528600 54824120.403241
2209.862100 54772607.891078
2210.195700 54716376.453045
2210.529300 54662842.838710
2210.862800 54618682.098993
2211.196400 54567027.711535
2211.530000 54519692.294198
2211.863500 54469974.067476
2212.197100 54421263.019782
2212.530600 54375252.545364
2212.864200 54328396.418205
2213.197800 54277510.958200
2213.531300 54228673.554267
2213.864900 54184028.637389
2214.198500 54142363.614545
2214.532000 54098631.213953
2214.865600 54054931.720391
2215.199200 54011993.310205
2215.532700 53972488.428732
2215.866300 53933747.586613
2216.199800 53894599.186221
2216.533400 53852676.025404
2216.867000 53812720.253283
2217.200500 53773148.837858
2217.534100 53736200.801543
2217.867700 53692826.471639
2218.201200 53650801.734925
2218.534800 53612807.504659
2218.868400 53566547.416253
2219.201900 53521448.385378
2219.535500 53479437.763364
2219.869100 53437402.103251
2220.202600 53398697.393130
2220.536200 53358544.557065
2220.869700 53322254.751686
2221.203300 53284679.496399
2221.536900 53247259.807811
2221.870400 53202924.110363
2222.204000 53163268.265167
2222.537600 53122424.179265
2222.871100 53080402.451592
2223.204700 53041290.990574
2223.538300 52999892.288703
2223.871800 52958120.517949
2224.205400 52916909.729056
2224.539000 52877217.863271
2224.872500 52835957.427933
2225.206100 52794042.471586
2225.539600 52759417.332690
2225.873200 52721713.130945
2226.206800 52683833.063734
2226.540300 52650232.241405
2226.873900 52612733.682522
2227.207500 52579613.355474
2227.541000 52545216.841036
2227.874600 52504004.536629
2228.208200 52468383.856013
2228.541700 52432810.978551
2228.875300 52396423.462179
2229.208800 52363208.055567
2229.542400 52331666.385782
2229.876000 52295382.927805
2230.209500 52266549.957022
2230.543100 52234181.597793
2230.876700 52204455.200721
2231.210200 52175896.190011
2231.543800 52145772.208614
2231.877400 52113601.713516
2232.210900 52085078.002702
2232.544500 52050726.907408
2232.878100 52016383.422694
2233.211600 51987444.889033
2233.545200 51948248.589378
2233.878700 51911784.468204
2234.212300 51876934.659375
2234.545900 51837505.452359
2234.879400 51803963.040379
2235.213000 51765277.908748
2235.546600 51724417.030675
2235.880100 51690305.365181
2236.213700 51657152.232970
2236.547300 51624147.844713
2236.880800 51591066.583850
2237.214400 51556622.925643
2237.548000 51519207.639969
2237.881500 51477273.816776
2238.215100 51436514.877896
2238.548600 51397285.116039
2238.882200 51362161.685951
2239.215800 51324881.201047
2239.549300 51285722.054417
2239.882900 51251386.990364
2240.216500 51210593.909527
2240.550000 51179306.247674
2240.883600 51145654.729885
2241.217200 51110601.049694
2241.550700 51078309.779820
2241.884300 51043339.742869
2242.217800 51008494.036405
2242.551400 50964748.648390
2242.885000 50930095.160427
2243.218500 50893951.676873
2243.552100 50852236.078359
2243.885700 50816358.998642
2244.219200 50781257.814837
2244.552800 50746703.206201
2244.886400 50708017.746706
2245.219900 50670941.821939
2245.553500 50635356.250718
2245.887100 50599777.550602
2246.220600 50564708.346296
2246.554200 50527715.634082
2246.887700 50493603.022097
2247.221300 50456997.135869
2247.554900 50424608.519029
2247.888400 50386218.238244
2248.222000 50345086.619491
2248.555600 50306585.991814
2248.889100 50266644.123446
2249.222700 50226787.418282
2249.556300 50184966.223857
2249.889800 50148683.484371
2250.223400 50104991.326786
2250.556900 50066194.740504
2250.890500 50026560.994123
2251.224100 49984649.947731
2251.557600 49947470.984674
2251.891200 49910940.384089
2252.224800 49872453.461423
2252.558300 49836087.295532
2252.891900 49799981.204914
2253.225500 49763609.650972
2253.559000 49728722.856785
2253.892600 49694259.626825
2254.226200 49666293.146556
2254.559700 49638547.721044
2254.893300 49610274.114975
2255.226800 49582056.569406
2255.560400 49558103.284122
2255.894000 49533152.864414
2256.227500 49511602.218224
2256.561100 49489796.568442
2256.894700 49461611.738414
2257.228200 49441623.874461
2257.561800 49418846.672386
2257.895400 49392838.757998
2258.228900 49372131.713861
2258.562500 49345616.513139
2258.896100 49321086.447925
2259.229600 49303728.015788
2259.563200 49290650.405035
2259.896700 49268882.864411
2260.230300 49249138.598571
2260.563900 49234443.826425
2260.897400 49205560.351312
2261.231000 49180112.023351
2261.564600 49150394.723038
2261.898100 49127927.784011
2262.231700 49106512.223351
2262.565300 49081787.388264
2262.898800 49057302.031529
2263.232400 49028693.980263
2263.565900 48999660.003060
2263.899500 48968674.050931
2264.233100 48943433.920831
2264.566600 48904638.167447
2264.900200 48870753.830549
2265.233800 48839926.772355
2265.567300 48801513.218318
2265.900900 48765656.485147
2266.234500 48725448.403758
2266.568000 48682820.492873
2266.901600 48638775.142602
2267.235200 48596539.502772
2267.568700 48554545.357000
2267.902300 48509285.476467
2268.235800 48467146.651941
2268.569400 48423890.866293
2268.903000 48375122.092425
2269.236500 48325499.781608
2269.570100 48280659.553525
2269.903700 48228745.624713
2270.237200 48181680.955892
2270.570800 48128675.588405
2270.904400 48078812.405561
2271.237900 48022484.413686
2271.571500 47966594.258865
2271.905100 47908270.046323
2272.238600 47851580.460492
2272.572200 47794759.321921
2272.905700 47736182.927516
2273.239300 47674420.983976
2273.572900 47613228.277879
2273.906400 47558322.730250
2274.240000 47492817.150949
2274.573600 47430573.982347
2274.907100 47370077.425674
2275.240700 47307743.468920
2275.574300 47248276.935511
2275.907800 47189039.135221
2276.241400 47119035.839142
2276.574900 47049680.764380
2276.908500 46983361.965695
2277.242100 46919196.335440
2277.575600 46851158.344467
2277.909200 46794955.490425
2278.242800 46732557.002373
2278.576300 46673376.332365
2278.909900 46612187.246730
2279.243500 46552516.236713
2279.577000 46494509.694921
2279.910600 46431265.622703
2280.244200 46367726.780115
2280.577700 46307931.887424
2280.911300 46252306.215184
2281.244800 46189222.539082
2281.578400 46138238.574147
2281.912000 46083652.527856
2282.245500 46026655.982074
2282.579100 45972021.785524
2282.912700 45920142.391010
2283.246200 45869140.513857
2283.579800 45820605.727184
2283.913400 45770687.937067
2284.246900 45718776.627124
2284.580500 45666964.669861
2284.914100 45614485.779067
2285.247600 45561158.225109
2285.581200 45504100.723194
2285.914700 45452666.459928
2286.248300 45405533.967649
2286.581900 45344823.853338
2286.915400 45289833.778089
2287.249000 45233846.055260
2287.582600 45175422.325247
2287.916100 45115295.872878
2288.249700 45053469.456522
2288.583300 44995787.465341
2288.916800 44934082.287395
2289.250400 44873998.385267
2289.583900 44807222.953890
2289.917500 44737532.111447
2290.251100 44674617.228693
2290.584600 44605393.799731
2290.918200 44533515.264405
2291.251800 44472323.087215
2291.585300 44409117.624912
2291.918900 44344586.214723
2292.252500 44274467.551965
2292.586000 44202810.854609
2292.919600 44132756.374584
2293.253200 44066359.906796
2293.586700 43998833.818651
2293.920300 43934375.052649
2294.253800 43869455.266558
2294.587400 43803285.047205
2294.921000 43739325.270565
2295.254500 43674394.254591
2295.588100 43613606.707845
2295.921700 43553415.858120
2296.255200 43487573.581892
2296.588800 43419894.575991
2296.922400 43355591.830587
2297.255900 43296570.924883
2297.589500 43233118.774759
2297.923100 43170448.523085
2298.256600 43107787.414817
2298.590200 43044113.247927
2298.923700 42982867.012896
2299.257300 42920404.516217
2299.590900 42858064.652491
2299.924400 42800483.910267
2300.258000 42737922.622277
2300.591600 42678801.572996
2300.925100 42617251.135154
2301.258700 42554313.154909
2301.592300 42488370.081510
2301.925800 42427581.224182
2302.259400 42366088.181227
2302.592900 42305307.497829
2302.926500 42237872.531073
2303.260100 42171077.449996
2303.593600 42104876.431891
2303.927200 42042376.927923
2304.260800 41970120.402877
2304.594300 41904625.149779
2304.927900 41837679.451303
2305.261500 41773344.593785
2305.595000 41699978.361878
2305.928600 41628000.277048
2306.262200 41553094.684528
2306.595700 41481008.488519
2306.929300 41414213.387494
2307.262800 41338027.820641
2307.596400 41270464.149496
2307.930000 41200240.774994
2308.263500 41120099.046863
2308.597100 41044156.826509
2308.930700 40968556.938129
2309.264200 40889292.251832
2309.597800 40811866.279891
2309.931400 40732398.315897
2310.264900 40654803.062099
2310.598500 40581220.462234
2310.932100 40508485.757064
2311.265600 40426885.681188
2311.599200 40349882.189978
2311.932700 40268645.535059
2312.266300 40190691.561934
2312.599900 40113514.763858
2312.933400 40040052.015268
2313.267000 39963195.607255
2313.600600 39884015.262539
2313.934100 39805028.427999
2314.267700 39725691.742836
2314.601300 39648170.709465
2314.934800 39571092.819365
2315.268400 39500764.460077
2315.601900 39420410.394557
2315.935500 39348583.518875
2316.269100 39274159.672494
2316.602600 39204441.306625
2316.936200 39127206.622953
2317.269800 39053969.298570
2317.603300 38978681.944853
2317.936900 38908259.317110
2318.270500 38837960.530985
2318.604000 38769074.278413
2318.937600 38696682.293473
2319.271200 38625853.150079
2319.604700 38557807.557353
2319.938300 38485937.375662
2320.271800 38414127.897071
2320.605400 38346020.620463
2320.939000 38275014.345448
2321.272500 38206025.561381
2321.606100 38135387.434310
2321.939700 38061890.652859
2322.273200 37991358.087924
2322.606800 37923083.817513
2322.940400 37853656.041904
2323.273900 37782100.717991
2323.607500 37714837.805200
2323.941100 37644327.206041
2324.274600 37580348.036879
2324.608200 37509029.345336
2324.941700 37440869.540782
2325.275300 37377571.960955
2325.608900 37304664.910200
2325.942400 37233305.433689
2326.276000 37169618.398977
2326.609600 37105899.699583
2326.943100 37043445.398668
2327.276700 36982701.827510
2327.610300 36923636.275784
2327.943800 36863420.433751
2328.277400 36812908.541978
2328.610900 36760735.637600
2328.944500 36711560.882373
2329.278100 36664453.827565
2329.611600 36620120.249154
2329.945200 36569786.903271
2330.278800 36523953.604537
2330.612300 36483695.478308
2330.945900 36446746.470410
2331.279500 36412750.843248
2331.613000 36381251.599836
2331.946600 36350362.486014
2332.280200 36317219.537734
2332.613700 36291939.642887
2332.947300 36257956.169653
2333.280800 36229136.853348
2333.614400 36199561.808360
2333.948000 36173509.507007
2334.281500 36145230.241062
2334.615100 36115776.716614
2334.948700 36086823.820998
2335.282200 36059302.324246
2335.615800 36029962.426170
2335.949400 36003727.910912
2336.282900 35979965.549960
2336.616500 35952757.474619
2336.950100 35928090.011703
2337.283600 35900100.754452
2337.617200 35871132.699319
2337.950700 35841620.614904
2338.284300 35816986.983492
2338.617900 35790935.104583
2338.951400 35766239.788506
2339.285000 35737761.713608
2339.618600 35703880.355209
2339.952100 35675489.033213
2340.285700 35646713.429905
2340.619300 35614247.061880
2340.952800 35580420.050083
2341.286400 35545662.546738
2341.619900 35511004.639373
2341.953500 35474898.488649
2342.287100 35442817.577585
2342.620600 35411112.628942
2342.954200 35383546.333691
2343.287800 35350057.739396
2343.621300 35318377.201835
2343.954900 35288418.932026
2344.288500 35261087.954309
2344.622000 35237751.814393
2344.955600 35208955.539978
2345.289200 35179867.857076
2345.622700 35158219.630680
2345.956300 35138539.359966
2346.289800 35116517.109031
2346.623400 35094714.490981
2346.957000 35075024.418232
2347.290500 35054795.001160
2347.624100 35033161.374416
2347.957700 35010598.980366
2348.291200 34988080.964935
2348.624800 34964539.731872
2348.958400 34943486.873769
2349.291900 34915525.984733
2349.625500 34891731.029198
2349.959100 34863284.420264
2350.292600 34838346.915037
2350.626200 34812877.389916
2350.959700 34782255.877523
2351.293300 34749179.415927
2351.626900 34721310.258003
2351.960400 34682991.681665
2352.294000 34641027.764602
2352.627600 34604670.318500
2352.961100 34565603.862787
2353.294700 34522666.455719
2353.628300 34477612.180609
2353.961800 34427914.838807
2354.295400 34376608.272740
2354.628900 34325578.711331
2354.962500 34277489.402924
2355.296100 34218683.005322
2355.629600 34157043.080413
2355.963200 34094270.737891
2356.296800 34027666.079165
2356.630300 33962148.853153
2356.963900 33893862.134963
2357.297500 33822851.131542
2357.631000 33749625.929112
2357.964600 33674668.922819
2358.298200 33598693.037236
2358.631700 33518679.283768
2358.965300 33434999.289686
2359.298800 33352479.611116
2359.632400 33271821.121788
2359.966000 33188585.823714
2360.299500 33106395.134638
2360.633100 33021234.823643
2360.966700 32936877.762936
2361.300200 32849097.577141
2361.633800 32755164.450609
2361.967400 32670277.917575
2362.300900 32585582.623595
2362.634500 32499894.263446
2362.968000 32412035.237324
2363.301600 32327214.132172
2363.635200 32238262.888943
2363.968700 32150568.599878
2364.302300 32064746.642790
2364.635900 31979157.210440
2364.969400 31900557.879284
2365.303000 31816452.857722
2365.636600 31738042.775244
2365.970100 31653046.371269
2366.303700 31573402.068559
2366.637300 31486972.596454
2366.970800 31403095.071386
2367.304400 31318660.022124
2367.637900 31234349.971872
2367.971500 31146972.138736
2368.305100 31057010.966888
2368.638600 30971392.377566
2368.972200 30884595.772413
2369.305800 30803686.591958
2369.639300 30718465.612751
2369.972900 30635346.863715
2370.306500 30549280.631160
2370.640000 30462947.706389
2370.973600 30378696.724257
2371.307200 30293656.971813
2371.640700 30209054.166031
2371.974300 30122032.220474
2372.307800 30035925.681807
2372.641400 29949585.171210
2372.975000 29864174.633061
2373.308500 29775727.810616
2373.642100 29685369.047709
2373.975700 29594687.383720
2374.309200 29503544.864948
2374.642800 29411433.442491
2374.976400 29320717.076869
2375.309900 29227578.880341
2375.643500 29139723.070401
2375.977000 29051126.087072
2376.310600 28961350.377184
2376.644200 28868874.398267
2376.977700 28777190.226433
2377.311300 28686570.262784
2377.644900 28598857.304240
2377.978400 28510788.069777
2378.312000 28429860.118169
2378.645600 28356177.962098
2378.979100 28273982.019740
2379.312700 28192052.483362
2379.646300 28114126.548697
2379.979800 28033893.320305
2380.313400 27959155.626189
2380.646900 27886317.760420
2380.980500 27816812.557286
2381.314100 27745278.064650
2381.647600 27680698.971347
2381.981200 27611139.575922
2382.314800 27545157.487077
2382.648300 27480210.822433
2382.981900 27417039.537234
2383.315500 27351040.925453
2383.649000 27292224.480785
2383.982600 27237039.504277
2384.316200 27178312.787461
2384.649700 27118325.445444
2384.983300 27061674.425021
2385.316800 27013786.203146
2385.650400 26957519.436621
2385.984000 26912238.824821
2386.317500 26862099.731630
2386.651100 26813848.424855
2386.984700 26761713.804615
2387.318200 26711467.258780
2387.651800 26660954.617643
2387.985400 26612359.030438
2388.318900 26557147.321870
2388.652500 26506607.314813
2388.986000 26455844.348682
2389.319600 26409367.947196
2389.653200 26360003.445010
2389.986700 26313147.432614
2390.320300 26265947.767135
2390.653900 26218273.708297
2390.987400 26167120.258339
2391.321000 26117749.679094
2391.654600 26066784.376346
2391.988100 26019157.297297
2392.321700 25971632.859272
2392.655300 25921498.289194
2392.988800 25880694.328229
2393.322400 25836628.328590
2393.655900 25804998.043180
2393.989500 25765467.369136
2394.323100 25728417.264735
2394.656600 25691587.921850
2394.990200 25657234.102386
2395.323800 25616651.086581
2395.657300 25573541.108438
2395.990900 25540105.418208
2396.324500 25507865.196334
2396.658000 25469880.961908
2396.991600 25435742.232387
2397.325200 25403858.833034
2397.658700 25369040.372700
2397.992300 25333088.183022
2398.325800 25300492.794566
2398.659400 25267883.256188
2398.993000 25236312.459768
2399.326500 25199536.720067
2399.660100 25160787.924556
2399.993700 25121130.797322
2400.327200 25084907.561935
2400.660800 25041253.213764
2400.994400 25001171.167071
2401.327900 24966081.505574
2401.661500 24925280.815024
2401.995000 24881221.071875
2402.328600 24840382.121696
2402.662200 24798441.081808
2402.995700 24751232.165775
2403.329300 24705778.575631
2403.662900 24656802.539555
2403.996400 24605746.614841
2404.330000 24552410.120716
2404.663600 24499113.262847
2404.997100 24447293.083432
2405.330700 24401114.279138
2405.664300 24347837.157999
2405.997800 24294540.842967
2406.331400 24238941.709552
2406.664900 24182185.198832
2406.998500 24121868.105978
2407.332100 24067182.070004
2407.665600 24013620.041212
2407.999200 23957951.556381
2408.332800 23902910.280106
2408.666300 23853380.405032
2408.999900 23800793.546575
2409.333500 23747650.852381
2409.667000 23698179.566979
2410.000600 23642028.381678
2410.334200 23590799.084466
2410.667700 23530147.725434
2411.001300 23475212.408040
2411.334800 23422009.187984
2411.668400 23367588.979309
2412.002000 23312161.365767
2412.335500 23258323.504763
2412.669100 23201720.810257
2413.002700 23145738.580918
2413.336200 23092498.676742
2413.669800 23036398.767620
2414.003400 22982141.666742
2414.336900 22919144.356594
2414.670500 22860729.328301
2415.004000 22803528.934877
2415.337600 22746093.192516
2415.671200 22685538.808841
2416.004700 22620495.008238
2416.338300 22561277.552490
2416.671900 22504769.148761
2417.005400 22447405.868268
2417.339000 22389033.781988
2417.672600 22333295.726362
2418.006100 22274659.931079
2418.339700 22215176.378186
2418.673300 22154410.082133
2419.006800 22099019.176802
2419.340400 22035769.507895
2419.673900 21971848.093088
2420.007500 21907790.861382
2420.341100 21841644.738826
2420.674600 21774646.335945
2421.008200 21710669.542726
2421.341800 21648827.950620
2421.675300 21585371.799835
2422.008900 21519099.082689
2422.342500 21451075.273086
2422.676000 21392363.735501
2423.009600 21326168.167398
2423.343200 21260950.115122
2423.676700 21199592.022058
2424.010300 21139180.684656
2424.343800 21076736.491747
2424.677400 21018933.900787
2425.011000 20956453.770317
2425.344500 20890807.689698
2425.678100 20827552.541909
2426.011700 20761052.655632
2426.345200 20699327.433309
2426.678800 20636133.468548
2427.012400 20574085.870201
2427.345900 20514067.445534
2427.679500 20455207.686597
2428.013000 20398367.894657
2428.346600 20336284.247346
2428.680200 20279720.406627
2429.013700 20223276.324057
2429.347300 20164860.087392
2429.680900 20117765.663258
2430.014400 20059581.557478
2430.348000 20007165.794752
2430.681600 19951714.085251
2431.015100 19898090.334730
2431.348700 19851161.698985
2431.682300 19802375.960179
2432.015800 19749253.062455
2432.349400 19700749.772066
2432.682900 19650101.777888
2433.016500 19606288.250359
2433.350100 19561406.640244
2433.683600 19508767.515063
2434.017200 19463037.605469
2434.350800 19414329.398562
2434.684300 19370932.157193
2435.017900 19320007.019093
2435.351500 19269847.694344
2435.685000 19222730.649334
2436.018600 19165915.427923
2436.352200 19113039.745662
2436.685700 19063175.146944
2437.019300 19011639.024430
2437.352800 18965120.447587
2437.686400 18907687.031752
2438.020000 18856066.685809
2438.353500 18800404.737043
2438.687100 18745556.753122
2439.020700 18687078.682130
2439.354200 18631698.434000
2439.687800 18574088.447152
2440.021400 18522406.503004
2440.354900 18461691.438001
2440.688500 18399525.160001
2441.022000 18337069.539145
2441.355600 18273711.655154
2441.689200 18199588.654633
2442.022700 18133294.303400
2442.356300 18071040.129959
2442.689900 18002115.054523
2443.023400 17936300.981497
2443.357000 17866082.158394
2443.690600 17795821.673126
2444.024100 17731706.337189
2444.357700 17665991.677978
2444.691300 17597299.940861
2445.024800 17528217.159416
2445.358400 17466344.565385
2445.691900 17398692.015053
2446.025500 17332419.617281
2446.359100 17268530.373521
2446.692600 17201963.932097
2447.026200 17141050.289466
2447.359800 17079406.451591
2447.693300 17021613.310670
2448.026900 16961467.857364
2448.360500 16898094.324469
2448.694000 16841049.461128
2449.027600 16785565.942877
2449.361200 16728964.624956
2449.694700 16671294.222149
2450.028300 16615914.465001
2450.361800 16553259.742403
2450.695400 16504844.423175
2451.029000 16445819.980433
2451.362500 16389216.425673
2451.696100 16330170.826031
2452.029700 16277075.939032
2452.363200 16218222.350904
2452.696800 16155962.227809
2453.030400 16102688.259366
2453.363900 16049835.917144
2453.697500 15993030.996428
2454.031000 15940166.650345
2454.364600 15876694.709373
2454.698200 15828385.462290
2455.031700 15768849.767294
2455.365300 15712135.334494
2455.698900 15651333.383980
2456.032400 15588368.945974
2456.366000 15532124.759949
2456.699600 15464446.444816
2457.033100 15397297.367733
2457.366700 15336352.556173
2457.700300 15279542.438638
2458.033800 15218739.697702
2458.367400 15158997.529868
2458.700900 15100760.978363
2459.034500 15038497.496497
2459.368100 14974426.370664
2459.701600 14909564.147867
2460.035200 14848736.997429
2460.368800 14788316.247805
2460.702300 14727584.935055
2461.035900 14664249.338256
2461.369500 14603177.656234
2461.703000 14537120.984250
2462.036600 14470730.595072
2462.370200 14400997.773449
2462.703700 14336020.030197
2463.037300 14271642.836943
2463.370800 14212210.234389
2463.704400 14145529.687436
2464.038000 14084008.414272
2464.371500 14010949.798948
2464.705100 13941829.468919
2465.038700 13877689.383022
2465.372200 13813365.266376
2465.705800 13743251.303774
2466.039400 13673146.073785
2466.372900 13603315.702945
2466.706500 13533462.921138
2467.040000 13457445.105091
2467.373600 13392998.471600
2467.707200 13317559.342332
2468.040700 13246926.670351
2468.374300 13176807.930778
2468.707900 13102462.023265
2469.041400 13031874.173012
2469.375000 12960191.874847
2469.708600 12897132.890528
2470.042100 12830161.397193
2470.375700 12757883.816065
2470.709300 12691252.390032
2471.042800 12622224.003790
2471.376400 12552628.756131
2471.709900 12477884.272554
2472.043500 12414215.020620
2472.377100 12343765.508579
2472.710600 12275020.115367
2473.044200 12209979.967018
2473.377800 12142414.924860
2473.711300 12081625.265985
2474.044900 12019989.426270
2474.378500 11955312.239674
2474.712000 11882022.872807
2475.045600 11816682.639697
2475.379100 11750615.695482
2475.712700 11684526.833058
2476.046300 11615093.994134
2476.379800 11545498.264893
2476.713400 11476557.782752
2477.047000 11406979.941668
2477.380500 11341220.219376
2477.714100 11271570.020752
2478.047700 11199128.654806
2478.381200 11126961.761787
2478.714800 11058303.048676
2479.048400 10993559.522290
2479.381900 10930290.080145
2479.715500 10862460.219543
2480.049000 10793200.854192
2480.382600 10721883.743605
2480.716200 10654395.489918
2481.049700 10587597.675023
2481.383300 10525498.855950
2481.716900 10460778.371326
2482.050400 10392068.718007
2482.384000 10321751.436728
2482.717600 10251459.661081
2483.051100 10186927.354437
2483.384700 10121930.127888
2483.718300 10054306.321144
2484.051800 9987854.018522
2484.385400 9919388.510340
2484.718900 9852134.394174
2485.052500 9788091.104858
2485.386100 9723744.372615
2485.719600 9664740.138615
2486.053200 9606796.880324
2486.386800 9545538.218109
2486.720300 9480980.148831
2487.053900 9417130.062976
2487.387500 9353529.567465
2487.721000 9291715.983159
2488.054600 9221881.148978
2488.388100 9156035.017632
2488.721700 9092289.954665
2489.055300 9025827.787673
2489.388800 8966295.034562
2489.722400 8907391.181510
2490.056000 8846031.995356
2490.389500 8788556.083750
2490.723100 8727816.749128
2491.056700 8666310.763690
2491.390200 8604066.914805
2491.723800 8548796.741092
2492.057400 8491771.959820
2492.390900 8433771.262607
2492.724500 8369745.071261
2493.058000 8311214.932846
2493.391600 8250764.088616
2493.725200 8197609.319565
2494.058700 8146119.146443
2494.392300 8093719.582122
2494.725900 8047895.740183
2495.059400 7998944.843795
2495.393000 7947547.920027
2495.726600 7902824.495014
2496.060100 7852738.802986
2496.393700 7803611.846724
2496.727300 7761951.127973
2497.060800 7723438.713422
2497.394400 7685188.819174
2497.727900 7641646.153930
2498.061500 7601714.741400
2498.395100 7559351.720798
2498.728600 7521005.423857
2499.062200 7484363.009973
2499.395800 7449602.081439
2499.729300 7415720.052650
2500.062900 7379673.794708
2500.396500 7343648.136195
2500.730000 7312055.242855
2501.063600 7287866.178918
2501.397100 7259981.912680
2501.730700 7238177.437694
2502.064300 7211796.143601
2502.397800 7182301.127689
2502.731400 7152265.895745
2503.065000 7120270.246614
2503.398500 7089543.527209
2503.732100 7060184.908282
2504.065700 7031404.009258
2504.399200 7005492.690534
2504.732800 6976340.394235
2505.066400 6955991.642664
2505.399900 6938394.881063
2505.733500 6918949.251010
2506.067000 6897575.065035
2506.400600 6871339.166223
2506.734200 6845128.365902
2507.067700 6824955.434849
2507.401300 6795846.989871
2507.734900 6770248.602170
2508.068400 6741153.541836
2508.402000 6716015.640335
2508.735600 6694270.435857
2509.069100 6666911.202460
2509.402700 6642691.626328
2509.736300 6617746.033216
2510.069800 6597419.937196
2510.403400 6579225.073790
2510.736900 6559413.489630
2511.070500 6538271.308756
2511.404100 6512775.045508
2511.737600 6483237.204144
2512.071200 6461025.354824
2512.404800 6447304.769118
2512.738300 6420541.008986
2513.071900 6401437.166458
2513.405500 6378456.008490
2513.739000 6356195.705031
2514.072600 6334263.635484
2514.406100 6308916.556231
2514.739700 6293917.365731
2515.073300 6275380.700905
2515.406800 6255948.634706
2515.740400 6236743.825906
2516.074000 6219214.479716
2516.407500 6197496.352116
2516.741100 6182178.132801
2517.074700 6159685.245088
2517.408200 6140720.003577
2517.741800 6122703.689071
2518.075400 6099950.294142
2518.408900 6078214.063253
2518.742500 6052447.811527
2519.076000 6030203.297256
2519.409600 6009728.241437
2519.743200 5992543.775907
2520.076700 5974893.938220
2520.410300 5959502.078498
2520.743900 5942064.473604
2521.077400 5921887.710109
2521.411000 5899518.570080
2521.744600 5880020.383649
2522.078100 5857777.529242
2522.411700 5833901.541484
2522.745300 5811611.394111
2523.078800 5785377.112283
2523.412400 5760856.854530
2523.745900 5740814.215169
2524.079500 5716777.512689
2524.413100 5694203.446259
2524.746600 5672452.104484
2525.080200 5656856.997411
2525.413800 5632718.207283
2525.747300 5608690.924688
2526.080900 5585604.328892
2526.414500 5553960.086318
2526.748000 5528110.387218
2527.081600 5495029.514484
2527.415100 5467331.156656
2527.748700 5434655.510720
2528.082300 5399675.613438
2528.415800 5372432.849266
2528.749400 5344028.852628
2529.083000 5318236.896155
2529.416500 5278410.449270
2529.750100 5252487.118208
2530.083700 5216925.439983
2530.417200 5193536.319353
2530.750800 5163991.719633
2531.084400 5132428.754327
2531.417900 5102893.854864
2531.751500 5071621.301013
2532.085000 5038496.596045
2532.418600 5010114.902920
2532.752200 4977700.002351
2533.085700 4942877.065162
2533.419300 4913313.960474
2533.752900 4878153.472330
2534.086400 4856698.087366
2534.420000 4826237.431658
2534.753600 4800261.751193
2535.087100 4769654.290858
2535.420700 4748174.480881
2535.754300 4720255.820994
2536.087800 4697208.875706
2536.421400 4677276.336673
2536.754900 4655082.926924
2537.088500 4631588.938396
2537.422100 4612406.986981
2537.755600 4587957.478576
2538.089200 4570375.163906
2538.422800 4552830.903417
2538.756300 4534950.798753
2539.089900 4516524.495382
2539.423500 4497961.227003
2539.757000 4481607.931836
2540.090600 4467904.380692
2540.424100 4457192.124117
2540.757700 4443256.467095
2541.091300 4427745.723229
2541.424800 4418909.217379
2541.758400 4404846.333357
2542.092000 4384070.679504
2542.425500 4370514.742499
2542.759100 4355456.861357
2543.092700 4338110.129311
2543.426200 4323250.128251
2543.759800 4307301.503769
2544.093400 4297955.952237
2544.426900 4283374.261014
2544.760500 4270855.663829
2545.094000 4264440.023656
2545.427600 4249921.763495
2545.761200 4237783.213711
2546.094700 4222867.509661
2546.428300 4214852.988724
2546.761900 4198434.503101
2547.095400 4193635.044004
2547.429000 4182356.793861
2547.762600 4170384.412559
2548.096100 4163394.483095
2548.429700 4151860.472511
2548.763300 4141001.402489
2549.096800 4125315.439319
2549.430400 4114864.580770
2549.763900 4104104.610712
2550.097500 4092489.633740
2550.431100 4077940.925025
2550.764600 4060720.448879
2551.098200 4043437.580555
2551.431800 4029095.138031
2551.765300 4014882.225657
2552.098900 4001361.126667
2552.432500 3983093.511386
2552.766000 3973894.403198
2553.099600 3964333.325919
2553.433100 3951492.304840
2553.766700 3936131.289891
2554.100300 3924708.817521
2554.433800 3905933.823915
2554.767400 3894597.591570
2555.101000 3877523.080783
2555.434500 3867915.044718
2555.768100 3851831.931249
2556.101700 3838889.377711
2556.435200 3825639.588635
2556.768800 3813139.498266
2557.102400 3805485.884974
2557.435900 3784817.738412
2557.769500 3767292.908572
2558.103000 3755698.359408
2558.436600 3736267.253732
2558.770200 3719092.264994
2559.103700 3707973.737668
2559.437300 3690525.348193
2559.770900 3669444.283267
2560.104400 3657652.249051
2560.438000 3638791.064906
2560.771600 3619975.860072
2561.105100 3600601.763755
2561.438700 3585791.940402
2561.772300 3569907.279507
2562.105800 3555531.572840
2562.439400 3534245.856933
2562.772900 3517997.078946
2563.106500 3503878.186446
2563.440100 3484551.350629
2563.773600 3471768.758083
2564.107200 3455448.874769
2564.440800 3432167.740463
2564.774300 3410852.471622
2565.107900 3388244.200377
2565.441500 3364340.672053
2565.775000 3338508.940129
2566.108600 3319315.654393
2566.442100 3296054.712438
2566.775700 3271835.035697
2567.109300 3241219.688588
2567.442800 3216151.852020
2567.776400 3195588.817811
2568.110000 3166505.806417
2568.443500 3140681.513793
2568.777100 3112609.629105
2569.110700 3087037.422154
2569.444200 3061628.858730
2569.777800 3041312.150026
2570.111400 3014025.698134
2570.444900 2987183.686242
2570.778500 2960892.425305
2571.112000 2933655.649727
2571.445600 2910999.301044
2571.779200 2878293.612166
2572.112700 2853942.225169
2572.446300 2820147.637676
2572.779900 2793812.673350
2573.113400 2768181.562785
2573.447000 2742983.771495
2573.780600 2710287.974606
2574.114100 2678758.669839
2574.447700 2651095.383871
2574.781300 2619314.350271
2575.114800 2588343.516261
2575.448400 2559303.265907
2575.781900 2526658.447341
2576.115500 2495499.527614
2576.449100 2470758.789596
2576.782600 2442946.233655
2577.116200 2410506.236249
2577.449800 2383403.758038
2577.783300 2356950.794613
2578.116900 2329942.845935
2578.450500 2302993.037010
2578.784000 2277177.973885
2579.117600 2249146.076915
2579.451100 2230025.633197
2579.784700 2205428.415035
2580.118300 2177771.978827
2580.451800 2152784.669072
2580.785400 2126354.185039
2581.119000 2098783.707925
2581.452500 2076479.502477
2581.786100 2052563.827230
2582.119700 2024623.882471
2582.453200 1999570.646531
2582.786800 1979048.962790
2583.120400 1959076.696181
2583.453900 1937200.727969
2583.787500 1911080.416727
2584.121000 1890913.730214
2584.454600 1866981.949854
2584.788200 1849325.327271
2585.121700 1830371.867702
2585.455300 1813896.288200
2585.788900 1798883.153776
2586.122400 1782590.045605
2586.456000 1771098.091269
2586.789600 1747639.020125
2587.123100 1728745.103270
2587.456700 1714574.062612
2587.790300 1700916.789435
2588.123800 1690920.676488
2588.457400 1675834.073305
2588.790900 1666702.300442
2589.124500 1655082.838342
2589.458100 1643641.861328
2589.791600 1638433.953003
2590.125200 1628381.470010
2590.458800 1617566.155122
2590.792300 1617347.280737
2591.125900 1607471.979920
2591.459500 1606874.667840
2591.793000 1605862.810303
2592.126600 1606337.185928
2592.460100 1605524.397544
2592.793700 1609346.667425
2593.127300 1609617.715190
2593.460800 1608139.866000
2593.794400 1614276.831048
2594.128000 1617951.575218
2594.461500 1620212.540701
2594.795100 1623416.479958
2595.128700 1630406.673095
2595.462200 1633700.203066
2595.795800 1637088.938375
2596.129400 1634899.801138
2596.462900 1636548.003775
2596.796500 1639651.871734
2597.130000 1643034.426137
2597.463600 1641657.132831
2597.797200 1639820.458177
2598.130700 1635162.130626
2598.464300 1630118.541270
2598.797900 1626198.186643
2599.131400 1626489.784808
2599.465000 1626882.896040
2599.798600 1622194.987980
2600.132100 1612841.207390
2600.465700 1601147.707860
2600.799200 1594000.534595
2601.132800 1585675.424724
2601.466400 1575799.841683
2601.799900 1561918.280316
2602.133500 1547302.586708
2602.467100 1533208.318955
2602.800600 1520012.534942
2603.134200 1501741.612774
2603.467800 1487309.796852
2603.801300 1470215.293398
2604.134900 1454007.684647
2604.468500 1439255.714700
2604.802000 1423008.920147
2605.135600 1403444.614484
2605.469100 1388273.755600
2605.802700 1372615.753771
2606.136300 1351904.860040
2606.469800 1341222.661123
2606.803400 1321741.000227
2607.137000 1310603.327127
2607.470500 1299651.120689
2607.804100 1280960.292502
2608.137700 1268370.645899
2608.471200 1248826.208426
2608.804800 1238774.684169
2609.138400 1222088.979090
2609.471900 1205526.753045
2609.805500 1192023.473846
2610.139000 1176641.736139
2610.472600 1163031.300332
2610.806200 1143034.933934
2611.139700 1122919.012377
2611.473300 1107894.344962
2611.806900 1093206.913420
2612.140400 1076730.563955
2612.474000 1056440.455681
2612.807600 1036933.933298
2613.141100 1021313.308550
2613.474700 1000551.384888
2613.808200 979331.651502
2614.141800 954184.573312
2614.475400 936275.287178
2614.808900 916180.258444
2615.142500 898898.505485
2615.476100 879215.531003
2615.809600 859807.253348
2616.143200 831700.299414
2616.476800 807840.626646
2616.810300 781529.597056
2617.143900 761090.798776
2617.477500 738818.448915
2617.811000 715662.387690
2618.144600 687870.404494
2618.478100 667607.532186
2618.811700 643647.321154
2619.145300 626339.706498
2619.478800 602219.503115
2619.812400 579020.269442
2620.146000 558941.493709
2620.479500 537401.301178
2620.813100 516913.137028
2621.146700 497681.069932
2621.480200 479171.831167
2621.813800 462981.196467
2622.147400 442317.869209
2622.480900 420171.309257
2622.814500 403655.678946
2623.148000 390130.985297
2623.481600 374666.128768
2623.815200 359990.480964
2624.148700 342742.998855
2624.482300 328196.659699
2624.815900 314150.016987
2625.149400 298978.982008
2625.483000 287145.544283
2625.816600 269931.826469
2626.150100 255314.741694
2626.483700 242210.605558
2626.817200 230203.090620
2627.150800 214938.893388
2627.484400 201298.365631
2627.817900 184275.326210
2628.151500 172379.183471
2628.485100 157569.034602
2628.818600 146923.239578
2629.152200 132995.475980
2629.485800 121756.775871
2629.819300 111810.737165
2630.152900 99634.494126
2630.486500 92053.141619
2630.820000 82470.186657
2631.153600 71930.979733
2631.487100 60897.440301
2631.820700 48357.957150
2632.154300 33052.748695
2632.487800 19861.633151
2632.821400 9912.632651
2633.155000 2564.382129
2633.488500 0.000000
2633.822100 0.000000
2634.155700 0.000000
2634.489200 0.000000
2634.822800 0.000000
2635.156400 0.000000
2635.489900 0.000000
2635.823500 0.000000
2636.157000 0.000000
2636.490600 0.000000
2636.824200 0.000000
2637.157700 0.000000
2637.491300 0.000000
2637.824900 0.000000
2638.158400 0.000000
2638.492000 0.000000
2638.825600 0.000000
2639.159100 0.000000
2639.492700 0.000000
2639.826200 0.000000
2640.159800 0.000000
2640.493400 0.000000
2640.826900 0.000000
2641.160500 0.000000
2641.494100 0.000000
2641.827600 0.000000
2642.161200 0.000000
2642.494800 0.000000
2642.828300 6832.661958
2643.161900 15897.056092
2643.495500 20863.098814
2643.829000 26327.241826
2644.162600 36678.625828
2644.496100 41527.165397
2644.829700 48109.345185
2645.163300 56764.820272
2645.496800 62486.459426
2645.830400 66521.779400
2646.164000 75872.713895
2646.497500 79380.201061
2646.831100 82971.353418
2647.164700 88163.905790
2647.498200 88003.571855
2647.831800 88503.519998
2648.165400 91758.878778
2648.498900 95215.776826
2648.832500 101142.386524
2649.166000 103473.165704
2649.499600 104060.071973
2649.833200 106608.103510
2650.166700 110004.082988
2650.500300 115871.061830
2650.833900 117180.081585
2651.167400 119681.292027
2651.501000 113718.278941
2651.834600 107018.677939
2652.168100 103329.432100
2652.501700 104073.513804
2652.835200 102425.917438
2653.168800 103131.202728
2653.502400 93912.733461
2653.835900 92375.074913
2654.169500 92361.976424
2654.503100 85981.776217
2654.836600 77344.817437
2655.170200 66087.336290
2655.503800 61481.765833
2655.837300 59500.526023
2656.170900 56325.313762
2656.504500 59511.601679
2656.838000 51434.311275
2657.171600 47188.950493
2657.505100 42692.750436
2657.838700 48148.960041
2658.172300 41945.867318
2658.505800 41169.092316
2658.839400 39763.007824
2659.173000 37782.552967
2659.506500 37383.956505
2659.840100 38194.164104
2660.173700 36997.304675
2660.507200 34753.930035
2660.840800 32210.994040
2661.174400 24688.761890
2661.507900 21048.345871
2661.841500 19595.948462
2662.175000 15295.161436
2662.508600 16056.590145
2662.842200 19542.550545
2663.175700 14245.401652
2663.509300 17966.631510
2663.842900 18630.596560
2664.176400 20772.464739
2664.510000 20346.605109
2664.843600 21695.690722
2665.177100 19136.234380
2665.510700 17599.659951
2665.844200 13868.677010
2666.177800 12512.760286
2666.511400 15840.636303
2666.844900 9057.348457
2667.178500 2667.343494
2667.512100 0.000000
2667.845600 0.000000
2668.179200 0.000000
2668.512800 0.000000
2668.846300 0.000000
2669.179900 0.000000
2669.513500 0.000000
2669.847000 0.000000
2670.180600 0.000000
2670.514100 0.000000
2670.847700 0.000000
2671.181300 0.000000
2671.514800 0.000000
2671.848400 0.000000
2672.182000 10498.256999
2672.515500 12725.351921
2672.849100 16276.786395
2673.182700 23519.869765
2673.516200 28867.804942
2673.849800 35095.905961
2674.183400 38407.177934
2674.516900 47153.928245
2674.850500 54480.790740
2675.184000 67248.269937
2675.517600 72785.558114
2675.851200 85499.312809
2676.184700 103968.319724
2676.518300 116550.426507
2676.851900 122948.286122
2677.185400 133783.122093
2677.519000 148783.928125
2677.852600 162426.675766
2678.186100 180440.039352
2678.519700 196690.634283
2678.853200 216456.640790
2679.186800 234984.842461
2679.520400 250675.453939
2679.853900 269961.231957
2680.187500 288223.616415
2680.521100 306875.854406
2680.854600 320272.984332
2681.188200 341220.087889
2681.521800 364564.007067
2681.855300 376977.232483
2682.188900 398971.309681
2682.522500 412738.211098
2682.856000 430703.222824
2683.189600 442770.484954
2683.523100 455840.741796
2683.856700 478883.416617
2684.190300 499082.775573
2684.523800 518142.852984
2684.857400 534482.684196
2685.191000 552287.218864
2685.524500 569340.505039
2685.858100 589806.160896
2686.191700 608695.686709
2686.525200 627259.288248
2686.858800 649348.494980
2687.192400 666348.536674
2687.525900 685391.138661
2687.859500 701551.220878
2688.193000 719739.059251
2688.526600 738816.576030
2688.860200 755783.456424
2689.193700 764521.490995
2689.527300 778843.074211
2689.860900 797978.308045
2690.194400 812063.935700
2690.528000 825366.925972
2690.861600 843717.350717
2691.195100 861030.206517
2691.528700 880507.616160
2691.862200 899463.526389
2692.195800 920651.622577
2692.529400 943322.596212
2692.862900 963065.974585
2693.196500 969500.182893
2693.530100 986361.369998
2693.863600 1003362.873131
2694.197200 1021145.320785
2694.530800 1041281.325993
2694.864300 1060163.106021
2695.197900 1078973.967781
2695.531500 1092542.492454
2695.865000 1108868.226568
2696.198600 1125104.057635
2696.532100 1147898.883772
2696.865700 1162481.082201
2697.199300 1185438.296982
2697.532800 1198309.302610
2697.866400 1222003.500492
2698.200000 1232935.746450
2698.533500 1244380.237522
2698.867100 1261164.011603
2699.200700 1277052.891726
2699.534200 1294968.116460
2699.867800 1306575.989198
2700.201400 1326229.862493
2700.534900 1346495.801100
2700.868500 1360282.799510
2701.202000 1370125.924228
2701.535600 1383550.551435
2701.869200 1397338.179139
2702.202700 1411335.423011
2702.536300 1431908.662526
2702.869900 1443272.201749
2703.203400 1456413.941270
2703.537000 1466446.200000
2703.870600 1476870.899517
2704.204100 1492501.102181
2704.537700 1504521.707347
2704.871200 1520735.635415
2705.204800 1532966.376309
2705.538400 1543555.450755
2705.871900 1556587.275154
2706.205500 1571110.460341
2706.539100 1581864.973607
2706.872600 1593627.166983
2707.206200 1606518.528011
2707.539800 1616935.755514
2707.873300 1633772.635417
2708.206900 1650417.728420
2708.540500 1669317.241404
2708.874000 1687182.804477
2709.207600 1697810.799396
2709.541100 1711771.358899
2709.874700 1726341.966644
2710.208300 1745282.916898
2710.541800 1760727.461694
2710.875400 1779939.109764
2711.209000 1794721.668540
2711.542500 1807672.280348
2711.876100 1819257.057079
2712.209700 1831067.679506
2712.543200 1849215.198582
2712.876800 1863119.178111
2713.210300 1883520.159306
2713.543900 1897336.809923
2713.877500 1917499.828543
2714.211000 1924934.564543
2714.544600 1939258.102186
2714.878200 1953143.247332
2715.211700 1970460.005516
2715.545300 1985840.173681
2715.878900 2001366.565962
2716.212400 2011951.201935
2716.546000 2028563.726027
2716.879600 2049670.660482
2717.213100 2071602.235183
2717.546700 2086050.946471
2717.880200 2100106.563327
2718.213800 2118465.770062
2718.547400 2135383.886315
2718.880900 2154222.823043
2719.214500 2174035.353022
2719.548100 2190199.078377
2719.881600 2205704.068360
2720.215200 2218706.832975
2720.548800 2232857.989983
2720.882300 2246746.044987
2721.215900 2264135.673491
2721.549500 2279390.000114
2721.883000 2290462.544678
2722.216600 2304575.429959
2722.550100 2321858.347133
2722.883700 2339371.335203
2723.217300 2350474.656111
2723.550800 2364862.807664
2723.884400 2378325.898183
2724.218000 2399423.539210
2724.551500 2423251.454077
2724.885100 2434912.720867
2725.218700 2451042.473783
2725.552200 2461676.787162
2725.885800 2476571.758306
2726.219300 2488913.130943
2726.552900 2502142.271277
2726.886500 2511444.268762
2727.220000 2520088.445654
2727.553600 2531419.021751
2727.887200 2544319.951108
2728.220700 2552933.069599
2728.554300 2565399.676850
2728.887900 2580559.660272
2729.221400 2591084.961684
2729.555000 2606549.861230
2729.888600 2619796.795201
2730.222100 2630247.333119
2730.555700 2645836.204103
2730.889200 2652424.990241
2731.222800 2667081.735247
2731.556400 2687190.749337
2731.889900 2710618.737819
2732.223500 2728099.055708
2732.557100 2744571.472682
2732.890600 2769018.483993
2733.224200 2792278.494492
2733.557800 2818153.994093
2733.891300 2842097.589436
2734.224900 2869042.794487
2734.558500 2894090.357378
2734.892000 2922652.347169
2735.225600 2951170.056220
2735.559100 2982064.755618
2735.892700 3011014.655177
2736.226300 3041212.000465
2736.559800 3075236.784911
2736.893400 3107905.787925
2737.227000 3145313.247669
2737.560500 3184446.640880
2737.894100 3220911.492817
2738.227700 3255796.306971
2738.561200 3296865.943775
2738.894800 3336961.737701
2739.228300 3381215.854222
2739.561900 3417375.936359
2739.895500 3457050.203749
2740.229000 3500451.107265
2740.562600 3541899.708296
2740.896200 3582634.589537
2741.229700 3621353.656484
2741.563300 3663471.360360
2741.896900 3703479.335113
2742.230400 3744692.855582
2742.564000 3783107.365341
2742.897600 3824602.845105
2743.231100 3866254.181630
2743.564700 3907479.693302
2743.898200 3954782.255938
2744.231800 4001524.359564
2744.565400 4043008.860850
2744.898900 4089301.151361
2745.232500 4137721.543943
2745.566100 4178218.298966
2745.899600 4219722.872222
2746.233200 4272366.464952
2746.566800 4315013.137333
2746.900300 4362479.269450
2747.233900 4414495.910226
2747.567500 4465369.368683
2747.901000 4519916.556427
2748.234600 4577661.736356
2748.568100 4633996.788497
2748.901700 4685619.774246
2749.235300 4741822.290970
2749.568800 4798632.400382
2749.902400 4857416.429194
2750.236000 4918939.007215
2750.569500 4977078.226428
2750.903100 5035801.352115
2751.236700 5096573.326204
2751.570200 5163410.621969
2751.903800 5233136.840371
2752.237300 5299821.396997
2752.570900 5364920.672399
2752.904500 5439899.811847
2753.238000 5516863.808222
2753.571600 5587336.378980
2753.905200 5659624.849075
2754.238700 5728011.269919
2754.572300 5802421.804886
2754.905900 5882992.013970
2755.239400 5961895.647455
2755.573000 6036789.339337
2755.906600 6116483.055792
2756.240100 6197023.161808
2756.573700 6274914.229044
2756.907200 6350207.972924
2757.240800 6427624.664711
2757.574400 6503735.181423
2757.907900 6591352.252108
2758.241500 6671026.301518
2758.575100 6750513.080738
2758.908600 6832601.670798
2759.242200 6917444.751453
2759.575800 7007726.691359
2759.909300 7088974.427990
2760.242900 7176069.493259
2760.576500 7261883.481207
2760.910000 7339498.670568
2761.243600 7423799.464767
2761.577100 7510075.414892
2761.910700 7589322.227995
2762.244300 7667537.811039
2762.577800 7753708.038871
2762.911400 7845458.192578
2763.245000 7925171.107184
2763.578500 8014889.378941
2763.912100 8101115.097804
2764.245700 8179945.291803
2764.579200 8266105.984760
2764.912800 8348965.412435
2765.246300 8427615.401963
2765.579900 8506351.900109
2765.913500 8579657.062297
2766.247000 8655568.184224
2766.580600 8737440.851427
2766.914200 8813707.037574
2767.247700 8892892.498065
2767.581300 8967648.006000
2767.914900 9052880.194527
2768.248400 9130996.781571
2768.582000 9201561.080276
2768.915600 9275388.950525
2769.249100 9349848.302097
2769.582700 9428011.900392
2769.916200 9501297.984145
2770.249800 9567056.424092
2770.583400 9629989.655273
2770.916900 9694621.011165
2771.250500 9759538.709850
2771.584100 9821716.359100
2771.917600 9875961.075119
2772.251200 9929077.626947
2772.584800 9981266.624934
2772.918300 10034619.445326
2773.251900 10079638.815623
2773.585500 10128254.606966
2773.919000 10174995.398265
2774.252600 10218972.845578
2774.586100 10265123.738106
2774.919700 10298380.212149
2775.253300 10335244.978600
2775.586800 10369403.124723
2775.920400 10406558.311928
2776.254000 10436601.728488
2776.587500 10462308.056196
2776.921100 10494061.908525
2777.254700 10527250.783795
2777.588200 10557302.792199
2777.921800 10587398.011187
2778.255300 10613673.104939
2778.588900 10644438.452774
2778.922500 10674772.253919
2779.256000 10706438.941601
2779.589600 10739867.258230
2779.923200 10769167.962857
2780.256700 10798501.897057
2780.590300 10825409.136868
2780.923900 10858682.815152
2781.257400 10899380.869970
2781.591000 10926937.212451
2781.924600 10960739.764712
2782.258100 11001631.864824
2782.591700 11039937.080956
2782.925200 11079039.873069
2783.258800 11124306.123689
2783.592400 11163744.444276
2783.925900 11210086.231456
2784.259500 11261345.233618
2784.593100 11314790.251174
2784.926600 11362106.581224
2785.260200 11412184.025330
2785.593800 11470872.096775
2785.927300 11529787.841954
2786.260900 11588887.192486
2786.594500 11644374.822515
2786.928000 11695862.219741
2787.261600 11753760.243801
2787.595100 11816831.097126
2787.928700 11876063.024254
2788.262300 11934643.436495
2788.595800 11992993.848356
2788.929400 12049692.082284
2789.263000 12105608.835097
2789.596500 12167873.925372
2789.930100 12222456.916843
2790.263700 12280216.046105
2790.597200 12335912.639997
2790.930800 12390519.951229
2791.264300 12446219.712202
2791.597900 12502583.730954
2791.931500 12559698.870478
2792.265000 12621230.961649
2792.598600 12674907.550489
2792.932200 12731039.971545
2793.265700 12789505.871379
2793.599300 12860705.592329
2793.932900 12919076.563514
2794.266400 12970130.328638
2794.600000 13021458.136900
2794.933600 13078908.771037
2795.267100 13137560.680437
2795.600700 13192592.449257
2795.934200 13250265.889297
2796.267800 13312940.758059
2796.601400 13370413.431864
2796.934900 13424148.903743
2797.268500 13492185.306346
2797.602100 13559713.990199
2797.935600 13619888.945417
2798.269200 13674596.070468
2798.602800 13733219.284925
2798.936300 13794923.466763
2799.269900 13857881.443255
2799.603500 13918657.331371
2799.937000 13986522.794160
2800.270600 14053256.150549
2800.604100 14122765.628310
2800.937700 14188459.411572
2801.271300 14257890.038757
2801.604800 14326816.922094
2801.938400 14396585.989863
2802.272000 14465443.871270
2802.605500 14538330.177441
2802.939100 14608584.946836
2803.272700 14677960.865696
2803.606200 14747838.576670
2803.939800 14812823.559311
2804.273300 14877796.257355
2804.606900 14939160.573415
2804.940500 15001182.484214
2805.274000 15068402.298257
2805.607600 15132177.396146
2805.941200 15198160.774796
2806.274700 15267424.400128
2806.608300 15333247.578689
2806.941900 15395551.015181
2807.275400 15456575.322121
2807.609000 15520577.458870
2807.942600 15585166.195467
2808.276100 15648558.131892
2808.609700 15711968.319238
2808.943200 15776878.945025
2809.276800 15832603.877431
2809.610400 15896569.914461
2809.943900 15960591.434870
2810.277500 16024460.100578
2810.611100 16076182.805030
2810.944600 16130917.728981
2811.278200 16191405.527864
2811.611800 16255637.422711
2811.945300 16321722.113083
2812.278900 16381476.401267
2812.612500 16439780.322248
2812.946000 16502650.571227
2813.279600 16567279.711106
2813.613100 16628288.700808
2813.946700 16693738.015706
2814.280300 16750424.751729
2814.613800 16801496.683622
2814.947400 16856987.580676
2815.281000 16913719.060050
2815.614500 16975162.893114
2815.948100 17032592.249063
2816.281700 17084957.390518
2816.615200 17141322.862576
2816.948800 17201582.695394
2817.282300 17252807.352325
2817.615900 17308824.875102
2817.949500 17367218.008412
2818.283000 17412141.687503
2818.616600 17461638.760703
2818.950200 17513390.636786
2819.283700 17564322.903538
2819.617300 17612572.642848
2819.950900 17657618.291847
2820.284400 17703501.817503
2820.618000 17744090.215324
2820.951600 17791790.640437
2821.285100 17835913.125767
2821.618700 17883484.175299
2821.952200 17929889.068466
2822.285800 17972999.831026
2822.619400 18012632.604884
2822.952900 18061920.565954
2823.286500 18106792.565787
2823.620100 18149702.679633
2823.953600 18194397.840609
2824.287200 18236550.401615
2824.620800 18281144.045191
2824.954300 18315581.450809
2825.287900 18353384.243286
2825.621400 18393498.858738
2825.955000 18435699.630287
2826.288600 18477426.406304
2826.622100 18520182.027569
2826.955700 18557602.241696
2827.289300 18605301.846105
2827.622800 18648315.020785
2827.956400 18697635.745390
2828.290000 18745724.490463
2828.623500 18792190.109138
2828.957100 18834021.382555
2829.290700 18887516.047430
2829.624200 18946072.664678
2829.957800 19000834.262329
2830.291300 19050788.923804
2830.624900 19108128.220855
2830.958500 19163973.936623
2831.292000 19219189.281851
2831.625600 19278880.995411
2831.959200 19341511.488167
2832.292700 19409329.812651
2832.626300 19473754.243619
2832.959900 19542080.339579
2833.293400 19609791.484067
2833.627000 19679565.104989
2833.960600 19747421.632111
2834.294100 19819254.238468
2834.627700 19893293.976779
2834.961200 19963209.709554
2835.294800 20035029.948743
2835.628400 20113341.435900
2835.961900 20189680.030932
2836.295500 20267031.140403
2836.629100 20342827.881385
2836.962600 20408736.094017
2837.296200 20479487.857100
2837.629800 20553762.976624
2837.963300 20629658.207276
2838.296900 20700578.085347
2838.630400 20771918.172688
2838.964000 20843805.645652
2839.297600 20921735.679217
2839.631100 20999352.742673
2839.964700 21060711.273088
2840.298300 21129006.917933
2840.631800 21189164.429613
2840.965400 21253847.581854
2841.299000 21313882.632726
2841.632500 21368938.633516
2841.966100 21433064.291774
2842.299700 21495299.311408
2842.633200 21552337.434674
2842.966800 21603988.837366
2843.300300 21659130.825068
2843.633900 21717843.812771
2843.967500 21772992.482950
2844.301000 21826158.092546
2844.634600 21879130.902107
2844.968200 21935069.414853
2845.301700 21986057.807415
2845.635300 22038247.354865
2845.968900 22093015.783590
2846.302400 22143132.998002
2846.636000 22192345.921587
2846.969600 22233285.749555
2847.303100 22282556.227627
2847.636700 22333183.908200
2847.970200 22383870.918814
2848.303800 22432902.486543
2848.637400 22482659.362037
2848.970900 22531639.106059
2849.304500 22575461.260191
2849.638100 22622527.908514
2849.971600 22663677.957534
2850.305200 22711850.551680
2850.638800 22752452.157551
2850.972300 22796610.756367
2851.305900 22844989.423659
2851.639400 22884211.936204
2851.973000 22924472.831831
2852.306600 22967314.930648
2852.640100 23011121.709725
2852.973700 23048659.831586
2853.307300 23083821.289655
2853.640800 23122087.029182
2853.974400 23166940.184390
2854.308000 23207479.514690
2854.641500 23243437.926512
2854.975100 23279757.369291
2855.308700 23321399.417102
2855.642200 23360101.387048
2855.975800 23394571.409553
2856.309300 23424971.894548
2856.642900 23456664.873016
2856.976500 23502290.289435
2857.310000 23542701.495897
2857.643600 23582549.007507
2857.977200 23618170.381732
2858.310700 23655967.230263
2858.644300 23697817.848457
2858.977900 23744496.376160
2859.311400 23788597.013910
2859.645000 23830575.951350
2859.978600 23875199.910762
2860.312100 23928398.401484
2860.645700 23968167.309448
2860.979200 24015931.354571
2861.312800 24053754.885806
2861.646400 24098123.759536
2861.979900 24135535.943444
2862.313500 24178992.478446
2862.647100 24217464.304688
2862.980600 24259140.162999
2863.314200 24297997.170987
2863.647800 24336834.555713
2863.981300 24384346.015169
2864.314900 24430287.938937
2864.648400 24472683.148494
2864.982000 24511569.868161
2865.315600 24548583.527990
2865.649100 24585139.130060
2865.982700 24619507.078241
2866.316300 24659188.284302
2866.649800 24699225.122113
2866.983400 24738609.785784
2867.317000 24777553.139654
2867.650500 24820386.298947
2867.984100 24863201.627261
2868.317700 24899177.814627
2868.651200 24939749.681333
2868.984800 24981051.588360
2869.318300 25027253.423030
2869.651900 25067599.445680
2869.985500 25116844.147372
2870.319000 25161674.046291
2870.652600 25207851.458065
2870.986200 25250948.822609
2871.319700 25295615.663685
2871.653300 25344885.961678
2871.986900 25397470.568396
2872.320400 25448940.543938
2872.654000 25500285.263620
2872.987600 25560548.999550
2873.321100 25615499.179866
2873.654700 25676001.371392
2873.988200 25727658.984713
2874.321800 25781893.284219
2874.655400 25838751.059028
2874.988900 25899219.665864
2875.322500 25964041.395992
2875.656100 26022487.501945
2875.989600 26081246.839064
2876.323200 26136464.592732
2876.656800 26197733.265644
2876.990300 26253077.199901
2877.323900 26309094.968007
2877.657400 26371446.251355
2877.991000 26431726.453258
2878.324600 26491990.877186
2878.658100 26552076.830909
2878.991700 26608882.343232
2879.325300 26668346.880456
2879.658800 26727890.822743
2879.992400 26791383.061378
2880.326000 26853638.695304
2880.659500 26918878.152838
2880.993100 26981220.833326
2881.326700 27040785.907933
2881.660200 27095221.144213
2881.993800 27145678.134275
2882.327300 27210150.873650
2882.660900 27269267.854917
2882.994500 27332417.361131
2883.328000 27397414.866095
2883.661600 27454829.380629
2883.995200 27516484.350297
2884.328700 27581050.843883
2884.662300 27650217.193877
2884.995900 27712172.380732
2885.329400 27776303.109847
2885.663000 27840259.887056
2885.996600 27908684.263199
2886.330100 27974551.884748
2886.663700 28045231.271421
2886.997200 28100543.854222
2887.330800 28171653.992485
2887.664400 28233699.199487
2887.997900 28295792.208581
2888.331500 28358809.754105
2888.665100 28428033.693274
2888.998600 28487892.518193
2889.332200 28549577.130642
2889.665800 28613593.314929
2889.999300 28673325.257362
2890.332900 28740132.386550
2890.666400 28805846.896597
2891.000000 28869283.409204
2891.333600 28938090.496430
2891.667100 29008087.390042
2892.000700 29078635.398493
2892.334300 29144383.083584
2892.667800 29215169.887663
2893.001400 29281458.732807
2893.335000 29358309.746099
2893.668500 29433387.495840
2894.002100 29517339.952353
2894.335700 29592269.116351
2894.669200 29664602.208339
2895.002800 29740460.986282
2895.336300 29815960.612583
2895.669900 29893853.531206
2896.003500 29975781.146908
2896.337000 30058173.982216
2896.670600 30140935.346937
2897.004200 30219438.023622
2897.337700 30298954.646660
2897.671300 30376311.776042
2898.004900 30460440.158163
2898.338400 30538442.520716
2898.672000 30618392.758127
2899.005600 30700898.684836
2899.339100 30780177.277326
2899.672700 30862034.528154
2900.006200 30945837.006833
2900.339800 31023408.926072
2900.673400 31111428.580559
2901.006900 31196843.692074
2901.340500 31273630.086467
2901.674100 31353416.340999
2902.007600 31434679.472723
2902.341200 31509706.116901
2902.674800 31588185.935690
2903.008300 31661469.639443
2903.341900 31732665.788225
2903.675400 31804171.075581
2904.009000 31884418.197197
2904.342600 31956298.841955
2904.676100 32031243.291769
2905.009700 32107703.745327
2905.343300 32184834.157417
2905.676800 32255294.336506
2906.010400 32333784.311728
2906.344000 32412612.847618
2906.677500 32487157.190344
2907.011100 32555598.476361
2907.344700 32631163.592744
2907.678200 32705799.302415
2908.011800 32778671.099337
2908.345300 32848368.451383
2908.678900 32919261.610710
2909.012500 32983104.603651
2909.346000 33056222.859042
2909.679600 33128364.174496
2910.013200 33200815.073549
2910.346700 33268543.167906
2910.680300 33337208.141146
2911.013900 33401226.294447
2911.347400 33468404.220907
2911.681000 33535771.161730
2912.014600 33602316.832587
2912.348100 33671012.080125
2912.681700 33734502.114655
2913.015200 33799448.103779
2913.348800 33864320.982189
2913.682400 33924156.984076
2914.015900 33978915.644260
2914.349500 34040321.227894
2914.683100 34097935.039616
2915.016600 34148454.211767
2915.350200 34202693.984163
2915.683800 34256318.510699
2916.017300 34314631.197989
2916.350900 34362432.080794
2916.684400 34414652.565429
2917.018000 34461131.470252
2917.351600 34508139.136836
2917.685100 34551949.248627
2918.018700 34596523.400280
2918.352300 34642236.262467
2918.685800 34683982.601918
2919.019400 34721675.647223
2919.353000 34768266.185091
2919.686500 34811744.850293
2920.020100 34864842.341702
2920.353700 34911875.405730
2920.687200 34961872.590335
2921.020800 35006376.012974
2921.354300 35053094.391617
2921.687900 35103769.312917
2922.021500 35146204.648954
2922.355000 35195265.321067
2922.688600 35241602.182507
2923.022200 35285830.034228
2923.355700 35323144.925258
2923.689300 35361898.745474
2924.022900 35403630.896970
2924.356400 35441992.398171
2924.690000 35474806.243347
2925.023600 35518620.877624
2925.357100 35556556.337993
2925.690700 35592657.395444
2926.024200 35628095.594473
2926.357800 35663852.156757
2926.691400 35702074.923759
2927.024900 35736266.343562
2927.358500 35772642.188371
2927.692100 35805217.677674
2928.025600 35838855.048211
2928.359200 35858764.442481
2928.692800 35890373.804497
2929.026300 35912704.843377
2929.359900 35936933.008622
2929.693400 35961571.217605
2930.027000 35986431.147393
2930.360600 36002806.248359
2930.694100 36026162.383221
2931.027700 36052894.057442
2931.361300 36073399.540182
2931.694800 36090309.755476
2932.028400 36112628.646134
2932.362000 36137951.613194
2932.695500 36156237.396852
2933.029100 36175742.758965
2933.362700 36194756.785555
2933.696200 36214027.621387
2934.029800 36243219.681118
2934.363300 36271008.455094
2934.696900 36293424.395578
2935.030500 36319949.797726
2935.364000 36349220.369282
2935.697600 36375957.268422
2936.031200 36410771.288420
2936.364700 36437520.636259
2936.698300 36472109.410769
2937.031900 36499753.799473
2937.365400 36537169.888938
2937.699000 36574835.534431
2938.032500 36615189.157380
2938.366100 36639086.380844
2938.699700 36662965.842865
2939.033200 36697368.648095
2939.366800 36728096.106853
2939.700400 36766262.514825
2940.033900 36797319.135987
2940.367500 36828953.118090
2940.701100 36868769.202131
2941.034600 36909428.106804
2941.368200 36943286.807116
2941.701800 36981603.563028
2942.035300 37019458.668786
2942.368900 37060491.862321
2942.702400 37107103.220513
2943.036000 37155366.387506
2943.369600 37204199.551672
2943.703100 37249863.974678
2944.036700 37297800.692508
2944.370300 37343900.983850
2944.703800 37382116.671288
2945.037400 37427318.959838
2945.371000 37485763.669394
2945.704500 37535032.322783
2946.038100 37591886.144841
2946.371700 37646105.479623
2946.705200 37703167.407334
2947.038800 37764462.294036
2947.372300 37832459.245486
2947.705900 37896768.585543
2948.039500 37960913.263209
2948.373000 38021862.302042
2948.706600 38090797.978701
2949.040200 38160981.148758
2949.373700 38223462.678100
2949.707300 38291034.211501
2950.040900 38352895.663678
2950.374400 38426913.728376
2950.708000 38494929.662796
2951.041500 38556367.566396
2951.375100 38618591.121186
2951.708700 38686564.247298
2952.042200 38753151.179946
2952.375800 38817642.590392
2952.709400 38885139.000245
2953.042900 38950930.096334
2953.376500 39023065.058475
2953.710100 39088422.975558
2954.043600 39155029.825632
2954.377200 39218756.616225
2954.710800 39274613.624198
2955.044300 39325335.418650
2955.377900 39395236.303171
2955.711400 39458484.235549
2956.045000 39527838.153368
2956.378600 39596620.204016
2956.712100 39663482.496481
2957.045700 39728139.315292
2957.379300 39796408.122458
2957.712800 39859989.585315
2958.046400 39930387.145722
2958.380000 40001537.573153
2958.713500 40066911.365344
2959.047100 40134090.499496
2959.380700 40198758.715717
2959.714200 40259657.238009
2960.047800 40329626.615357
2960.381300 40393084.548708
2960.714900 40451995.589561
2961.048500 40510266.068847
2961.382000 40567966.288137
2961.715600 40635969.546180
2962.049200 40701248.098772
2962.382700 40767417.118441
2962.716300 40832429.518290
2963.049900 40895694.121423
2963.383400 40958648.910876
2963.717000 41023273.870001
2964.050500 41083218.649035
2964.384100 41140181.790566
2964.717700 41198853.608142
2965.051200 41258034.906091
2965.384800 41321525.459343
2965.718400 41385625.630889
2966.051900 41444490.109263
2966.385500 41502325.255167
2966.719100 41561072.687735
2967.052600 41623305.198390
2967.386200 41675096.386560
2967.719800 41737015.494602
2968.053300 41795267.113091
2968.386900 41853778.409111
2968.720400 41912679.199657
2969.054000 41970863.147719
2969.387600 42030825.299796
2969.721100 42089417.966083
2970.054700 42146827.197515
2970.388300 42205591.333617
2970.721800 42270637.487237
2971.055400 42336288.016430
2971.389000 42403255.929174
2971.722500 42467478.914953
2972.056100 42537921.876648
2972.389700 42601362.455003
2972.723200 42670656.397929
2973.056800 42737667.613893
2973.390300 42801233.716446
2973.723900 42858637.607659
2974.057500 42923377.788838
2974.391000 42990530.244374
2974.724600 43051565.976493
2975.058200 43107731.313942
2975.391700 43166366.393306
2975.725300 43226455.654871
2976.058900 43285696.207705
2976.392400 43342522.500206
2976.726000 43398877.864405
2977.059500 43452183.444464
2977.393100 43496698.130616
2977.726700 43551361.041823
2978.060200 43602619.628714
2978.393800 43651393.550372
2978.727400 43699173.251059
2979.060900 43749273.511128
2979.394500 43795049.944391
2979.728100 43838142.897449
2980.061600 43882003.228092
2980.395200 43927159.853653
2980.728800 43972264.781165
2981.062300 44021125.153752
2981.395900 44069060.217056
2981.729400 44117241.651396
2982.063000 44160524.807334
2982.396600 44207097.162360
2982.730100 44250743.521052
2983.063700 44296931.449177
2983.397300 44343724.174656
2983.730800 44394422.969945
2984.064400 44439871.716660
2984.398000 44491006.768682
2984.731500 44536787.410635
2985.065100 44584086.642535
2985.398700 44635335.776234
2985.732200 44680811.049130
2986.065800 44731938.667315
2986.399300 44785943.072159
2986.732900 44838128.576664
2987.066500 44890354.204146
2987.400000 44947257.061457
2987.733600 44996512.666990
2988.067200 45044328.120005
2988.400700 45094942.132492
2988.734300 45144852.760205
2989.067900 45191140.834028
2989.401400 45238440.591515
2989.735000 45286908.974533
2990.068500 45330173.927070
2990.402100 45375509.632492
2990.735700 45420197.082617
2991.069200 45466648.973249
2991.402800 45506249.395950
2991.736400 45550138.124177
2992.069900 45590404.184224
2992.403500 45627414.892863
2992.737100 45663514.434098
2993.070600 45699242.177203
2993.404200 45745093.361461
2993.737800 45785062.463178
2994.071300 45824276.828586
2994.404900 45869787.043809
2994.738400 45904013.741189
2995.072000 45942305.266939
2995.405600 45986188.119978
2995.739100 46034275.154816
2996.072700 46075152.416833
2996.406300 46118973.935213
2996.739800 46169166.913626
2997.073400 46220700.444391
2997.407000 46279605.265672
2997.740500 46333915.846935
2998.074100 46387347.984605
2998.407700 46436787.677260
2998.741200 46488809.749791
2999.074800 46550273.146976
2999.408300 46609122.706951
2999.741900 46669459.354469
3000.075500 46728910.496831
3000.409000 46792812.840759
3000.742600 46848698.291277
3001.076200 46905253.866165
3001.409700 46965862.187712
3001.743300 47021475.032267
3002.076900 47083250.564187
3002.410400 47143856.101738
3002.744000 47210854.932972
3003.077500 47273100.868460
3003.411100 47331158.532454
3003.744700 47397297.827140
3004.078200 47461459.764920
3004.411800 47520747.396038
3004.745400 47578619.508299
3005.078900 47641886.067412
3005.412500 47704864.705879
3005.746100 47768696.933467
3006.079600 47830928.974945
3006.413200 47892732.354346
3006.746800 47949504.839606
3007.080300 48011586.069694
3007.413900 48066939.057566
3007.747400 48135153.780487
3008.081000 48193447.478732
3008.414600 48255301.163843
3008.748100 48317678.152765
3009.081700 48385782.431155
3009.415300 48448312.476216
3009.748800 48513967.014858
3010.082400 48581223.566193
3010.416000 48640129.558320
3010.749500 48705169.986875
3011.083100 48766045.729122
3011.416700 48825512.179484
3011.750200 48893131.136722
3012.083800 48964966.714521
3012.417300 49035853.345603
3012.750900 49106644.912709
3013.084500 49179238.435987
3013.418000 49252040.110815
3013.751600 49321592.039433
3014.085200 49389844.771003
3014.418700 49457458.916576
3014.752300 49524911.491406
3015.085900 49588643.814644
3015.419400 49658084.394009
3015.753000 49727029.718937
3016.086500 49791107.821478
3016.420100 49857974.418648
3016.753700 49925390.210256
3017.087200 49994355.330196
3017.420800 50055782.184783
3017.754400 50117821.098199
3018.087900 50186990.099484
3018.421500 50252521.346558
3018.755100 50316184.677928
3019.088600 50382088.163377
3019.422200 50447487.726314
3019.755800 50513389.301746
3020.089300 50580065.807234
3020.422900 50646847.346102
3020.756400 50704305.330260
3021.090000 50765721.202390
3021.423600 50835667.929657
3021.757100 50907890.102493
3022.090700 50971599.422454
3022.424300 51032874.006379
3022.757800 51089496.158105
3023.091400 51145050.604452
3023.425000 51208725.924965
3023.758500 51271813.960672
3024.092100 51329879.900366
3024.425700 51389420.256564
3024.759200 51445861.062622
3025.092800 51500252.678785
3025.426300 51558596.939202
3025.759900 51609247.227983
3026.093500 51658956.817616
3026.427000 51709303.673791
3026.760600 51759920.312197
3027.094200 51807649.763480
3027.427700 51861259.060822
3027.761300 51906477.321378
3028.094900 51952114.198125
3028.428400 51998207.809047
3028.762000 52044994.699734
3029.095500 52091585.996163
3029.429100 52129869.522514
3029.762700 52163204.981480
3030.096200 52202191.989134
3030.429800 52242319.500422
3030.763400 52275701.733947
3031.096900 52312910.796376
3031.430500 52345646.824107
3031.764100 52377964.098210
3032.097600 52416158.581176
3032.431200 52449618.206285
3032.764800 52485809.558814
3033.098300 52527404.886714
3033.431900 52567013.352493
3033.765400 52599620.771440
3034.099000 52631284.229650
3034.432600 52665159.112056
3034.766100 52704312.581506
3035.099700 52741491.931469
3035.433300 52776624.639245
3035.766800 52819696.397232
3036.100400 52862639.859385
3036.434000 52905403.956095
3036.767500 52947421.549891
3037.101100 52987991.225950
3037.434700 53026722.638301
3037.768200 53076412.050965
3038.101800 53126655.487628
3038.435300 53164916.040327
3038.768900 53215118.595895
3039.102500 53259122.588460
3039.436000 53295789.842383
3039.769600 53340097.395583
3040.103200 53383089.796128
3040.436700 53421713.331744
3040.770300 53456666.365270
3041.103900 53493337.324670
3041.437400 53534020.701718
3041.771000 53573943.328128
3042.104500 53614542.469517
3042.438100 53653260.172098
3042.771700 53694807.692713
3043.105200 53732396.429407
3043.438800 53765886.735344
3043.772400 53803125.013654
3044.105900 53840306.452536
3044.439500 53875555.727908
3044.773100 53907130.601394
3045.106600 53945623.494564
3045.440200 53982515.030516
3045.773800 54012853.799812
3046.107300 54043173.211194
3046.440900 54081763.747174
3046.774400 54126416.057503
3047.108000 54164131.327960
3047.441600 54199831.111245
3047.775100 54243633.320632
3048.108700 54281938.853400
3048.442300 54321249.418611
3048.775800 54364161.821451
3049.109400 54407352.089867
3049.443000 54458285.004493
3049.776500 54505655.586315
3050.110100 54543147.124346
3050.443600 54587324.391877
3050.777200 54638408.493301
3051.110800 54689628.257527
3051.444300 54743009.399179
3051.777900 54799107.662322
3052.111500 54857280.775945
3052.445000 54911115.232214
3052.778600 54973292.727893
3053.112200 55028126.532816
3053.445700 55088661.229520
3053.779300 55144714.472654
3054.112900 55202372.426727
3054.446400 55262126.644697
3054.780000 55320587.397447
3055.113500 55377516.071321
3055.447100 55447710.163381
3055.780700 55499473.143034
3056.114200 55557937.424331
3056.447800 55623964.428586
3056.781400 55680181.510211
3057.114900 55742077.378805
3057.448500 55795908.032125
3057.782100 55862418.121175
3058.115600 55927290.756574
3058.449200 55993164.450297
3058.782800 56057655.719406
3059.116300 56123380.819760
3059.449900 56185387.224722
3059.783400 56248176.464785
3060.117000 56309991.940151
3060.450600 56380036.552339
3060.784100 56446646.593304
3061.117700 56508326.729760
3061.451300 56568134.455841
3061.784800 56629792.663323
3062.118400 56685681.915778
3062.452000 56743659.846662
3062.785500 56808197.380107
3063.119100 56869039.644980
3063.452600 56927883.899575
3063.786200 56982949.207163
3064.119800 57041027.661267
3064.453300 57098699.741122
3064.786900 57154442.472831
3065.120500 57217660.540468
3065.454000 57279658.545132
3065.787600 57342220.550255
3066.121200 57401442.834994
3066.454700 57458107.854876
3066.788300 57517531.601150
3067.121900 57583750.296741
3067.455400 57644660.234870
3067.789000 57714802.369736
3068.122500 57774125.210022
3068.456100 57837021.801746
3068.789700 57900901.895552
3069.123200 57966004.398890
3069.456800 58039348.684864
3069.790400 58102478.289177
3070.123900 58170497.887714
3070.457500 58234538.694462
3070.791100 58307976.297564
3071.124600 58382329.055330
3071.458200 58464279.191350
3071.791800 58546640.731047
3072.125300 58623750.987394
3072.458900 58694141.996561
3072.792400 58776341.932280
3073.126000 58854698.907395
3073.459600 58934545.687688
3073.793100 59017933.639494
3074.126700 59101829.346565
3074.460300 59190665.247954
3074.793800 59273816.821671
3075.127400 59360432.541262
3075.461000 59447468.302664
3075.794500 59527226.196129
3076.128100 59609948.435741
3076.461600 59695724.063697
3076.795200 59786886.062634
3077.128800 59872149.972992
3077.462300 59952096.550087
3077.795900 60031116.073009
3078.129500 60120591.302502
3078.463000 60196793.299776
3078.796600 60288180.449716
3079.130200 60378935.353036
3079.463700 60462964.528239
3079.797300 60545311.801083
3080.130900 60626449.031757
3080.464400 60709326.910473
3080.798000 60799075.489138
3081.131500 60886787.312847
3081.465100 60974516.583887
3081.798700 61063755.340803
3082.132200 61147366.628928
3082.465800 61235285.993602
3082.799400 61319171.756794
3083.132900 61409503.425036
3083.466500 61497081.905593
3083.800100 61585841.350657
3084.133600 61675998.420188
3084.467200 61764175.744143
3084.800800 61848072.010917
3085.134300 61943490.163594
3085.467900 62038114.854005
3085.801400 62131113.795139
3086.135000 62222389.749990
3086.468600 62311420.651877
3086.802100 62400374.531653
3087.135700 62495706.613379
3087.469300 62589647.730214
3087.802800 62684542.830532
3088.136400 62777840.455081
3088.470000 62870843.380445
3088.803500 62957499.719169
3089.137100 63051938.269059
3089.470600 63145309.189811
3089.804200 63224923.597144
3090.137800 63314253.495839
3090.471300 63399472.013101
3090.804900 63487572.233505
3091.138500 63563666.908047
3091.472000 63644905.952321
3091.805600 63723470.567861
3092.139200 63801503.838809
3092.472700 63879903.111552
3092.806300 63957568.305946
3093.139900 64030869.831481
3093.473400 64105506.467288
3093.807000 64172425.067333
3094.140500 64248851.456758
3094.474100 64321055.476117
3094.807700 64390594.173101
3095.141200 64458822.697792
3095.474800 64532746.281416
3095.808400 64593439.744301
3096.141900 64649850.672670
3096.475500 64709401.175138
3096.809100 64772419.379995
3097.142600 64839972.079177
3097.476200 64901078.060803
3097.809800 64959181.995484
3098.143300 65014955.418490
3098.476900 65081472.220978
3098.810400 65142710.545770
3099.144000 65202236.126998
3099.477600 65255749.752269
3099.811100 65321923.172983
3100.144700 65377562.094882
3100.478300 65433881.574430
3100.811800 65496077.756056
3101.145400 65553056.922565
3101.479000 65616044.737128
3101.812500 65672169.813463
3102.146100 65731007.776608
3102.479600 65781591.067924
3102.813200 65835772.498938
3103.146800 65888267.881447
3103.480300 65938277.799452
3103.813900 65987142.932441
3104.147500 66038334.866275
3104.481000 66088953.752352
3104.814600 66136419.060230
3105.148200 66185443.311984
3105.481700 66220125.860871
3105.815300 66264349.150912
3106.148900 66304951.657915
3106.482400 66340851.217466
3106.816000 66387904.513901
3107.149500 66422934.315733
3107.483100 66457362.407539
3107.816700 66487816.717664
3108.150200 66529274.044738
3108.483800 66559811.335284
3108.817400 66587883.527722
3109.150900 66619569.918978
3109.484500 66636754.269349
3109.818100 66661516.029039
3110.151600 66691228.053782
3110.485200 66717691.681004
3110.818800 66743954.206676
3111.152300 66760454.622259
3111.485900 66784759.199726
3111.819400 66806498.690587
3112.153000 66820681.858350
3112.486600 66834080.882730
3112.820100 66850509.447806
3113.153700 66869093.786999
3113.487300 66892488.542728
3113.820800 66909780.934460
3114.154400 66920713.153388
3114.488000 66943150.513375
3114.821500 66962478.882785
3115.155100 66984881.559402
3115.488600 66996017.268214
3115.822200 67007722.605139
3116.155800 67030408.098966
3116.489300 67051267.312730
3116.822900 67061639.807782
3117.156500 67075248.801029
3117.490000 67100020.762833
3117.823600 67122647.842541
3118.157200 67140471.449553
3118.490700 67155277.850657
3118.824300 67177734.425539
3119.157900 67194377.643469
3119.491400 67214427.465767
3119.825000 67237629.379267
3120.158500 67257205.453259
3120.492100 67286303.230501
3120.825700 67320699.757738
3121.159200 67344644.867010
3121.492800 67377751.380917
3121.826400 67417210.708522
3122.159900 67446838.988954
3122.493500 67482774.891087
3122.827100 67517132.936401
3123.160600 67554431.674567
3123.494200 67593753.923353
3123.827800 67631496.228532
3124.161300 67675928.807567
3124.494900 67722094.242179
3124.828400 67769734.975776
3125.162000 67818222.808096
3125.495600 67863108.077394
3125.829100 67919967.198125
3126.162700 67968599.091681
3126.496300 68033711.572665
3126.829800 68091721.538383
3127.163400 68150140.887242
3127.497000 68208661.571247
3127.830500 68268050.179043
3128.164100 68326997.000429
3128.497600 68382774.838243
3128.831200 68446945.726137
3129.164800 68513539.619794
3129.498300 68584015.441164
3129.831900 68649611.494411
3130.165500 68717705.817219
3130.499000 68782938.166031
3130.832600 68855266.603749
3131.166200 68933781.781253
3131.499700 69003569.252915
3131.833300 69075905.036162
3132.166900 69151045.384051
3132.500400 69226317.303534
3132.834000 69299629.019231
3133.167500 69373980.386073
3133.501100 69447352.830872
3133.834700 69522394.633401
3134.168200 69603701.203373
3134.501800 69678798.840727
3134.835400 69743430.742761
3135.168900 69813883.210566
3135.502500 69886006.249939
3135.836100 69954182.264900
3136.169600 70019771.665839
3136.503200 70091442.903262
3136.836800 70159328.034147
3137.170300 70226871.587738
3137.503900 70282904.414596
3137.837400 70338026.927747
3138.171000 70394833.288759
3138.504600 70449419.238521
3138.838100 70490240.432476
3139.171700 70541019.992678
3139.505300 70596733.316632
3139.838800 70645831.111452
3140.172400 70689328.003053
3140.506000 70743795.252081
3140.839500 70791214.859366
3141.173100 70834637.087668
3141.506600 70875239.160232
3141.840200 70918433.465002
3142.173800 70956904.160057
3142.507300 71000822.482577
3142.840900 71031791.771145
3143.174500 71065738.779924
3143.508000 71098509.510834
3143.841600 71133280.158196
3144.175200 71167580.226823
3144.508700 71207507.122197
3144.842300 71236022.970386
3145.175900 71276494.525605
3145.509400 71311593.917173
3145.843000 71346536.215817
3146.176500 71383198.856617
3146.510100 71419919.297039
3146.843700 71459819.486589
3147.177200 71499117.625863
3147.510800 71540785.676221
3147.844400 71580754.421464
3148.177900 71621359.309747
3148.511500 71660056.430183
3148.845100 71709047.179931
3149.178600 71755129.048388
3149.512200 71794339.799204
3149.845800 71839760.470608
3150.179300 71873786.833547
3150.512900 71913352.722514
3150.846400 71951127.292201
3151.180000 71989236.667038
3151.513600 72021677.217299
3151.847100 72058472.904295
3152.180700 72096070.770576
3152.514300 72131114.770082
3152.847800 72165214.162365
3153.181400 72198430.104983
3153.515000 72232825.577646
3153.848500 72263054.294805
3154.182100 72287549.673614
3154.515600 72319569.754713
3154.849200 72356854.406332
3155.182800 72392698.021500
3155.516300 72420850.476606
3155.849900 72456910.343096
3156.183500 72488347.502389
3156.517000 72510145.772730
3156.850600 72542797.002835
3157.184200 72579054.275898
3157.517700 72605648.477861
3157.851300 72634858.202939
3158.184900 72665353.013836
3158.518400 72699297.341283
3158.852000 72728999.702626
3159.185500 72758787.422768
3159.519100 72787034.191833
3159.852700 72830497.936555
3160.186200 72869105.204460
3160.519800 72910214.449794
3160.853400 72949286.609225
3161.186900 72990634.656099
3161.520500 73029385.068653
3161.854100 73077220.879008
3162.187600 73122604.238099
3162.521200 73175901.913218
3162.854800 73228976.685716
3163.188300 73280048.404385
3163.521900 73335815.512938
3163.855400 73389088.173352
3164.189000 73446171.214640
3164.522600 73505477.746140
3164.856100 73566372.319394
3165.189700 73628159.618064
3165.523300 73697730.176436
3165.856800 73755608.669161
3166.190400 73811462.942229
3166.524000 73875684.640266
3166.857500 73939214.240417
3167.191100 74000940.042486
3167.524600 74064996.405844
3167.858200 74135222.599444
3168.191800 74199775.437772
3168.525300 74269108.893633
3168.858900 74338250.858840
3169.192500 74400615.225131
3169.526000 74475244.405923
3169.859600 74545397.640217
3170.193200 74617113.466363
3170.526700 74687995.723389
3170.860300 74753660.115524
3171.193900 74830781.109446
3171.527400 74900756.838503
3171.861000 74967885.957788
3172.194500 75035857.873539
3172.528100 75116374.436394
3172.861700 75182741.303084
3173.195200 75253054.423493
3173.528800 75331063.411515
3173.862400 75398920.038002
3174.195900 75466810.654184
3174.529500 75531499.937244
3174.863100 75603951.195677
3175.196600 75677333.004775
3175.530200 75749502.120229
3175.863700 75822052.941608
3176.197300 75895936.613604
3176.530900 75978799.214634
3176.864400 76050122.516099
3177.198000 76129378.262023
3177.531600 76206165.042744
3177.865100 76285425.860400
3178.198700 76364499.487150
3178.532300 76441571.619353
3178.865800 76524240.595351
3179.199400 76605500.310890
3179.533000 76688908.288900
3179.866500 76773027.646196
3180.200100 76855397.804889
3180.533600 76933599.109169
3180.867200 77022226.983778
3181.200800 77106268.469904
3181.534300 77189235.501104
3181.867900 77274639.468510
3182.201500 77355534.785663
3182.535000 77443599.783380
3182.868600 77527147.416014
3183.202200 77615131.624600
3183.535700 77697330.720811
3183.869300 77785435.315614
3184.202900 77879598.986439
3184.536400 77965783.144809
3184.870000 78049555.381374
3185.203500 78140255.312494
3185.537100 78222886.266889
3185.870700 78307456.526954
3186.204200 78401238.402431
3186.537800 78479274.452700
3186.871400 78553857.199797
3187.204900 78630138.785383
3187.538500 78696032.729131
3187.872100 78768204.640512
3188.205600 78839786.285393
3188.539200 78909252.335694
3188.872700 78973770.484349
3189.206300 79038288.653874
3189.539900 79092842.850349
3189.873400 79147903.370200
3190.207000 79194021.162922
3190.540600 79243911.052019
3190.874100 79288594.491092
3191.207700 79326907.083344
3191.541300 79372178.793362
3191.874800 79411150.314111
3192.208400 79443561.136704
3192.542000 79474525.942017
3192.875500 79507212.391459
3193.209100 79540164.158822
3193.542600 79566724.654188
3193.876200 79596980.467882
3194.209800 79617076.747881
3194.543300 79642394.573446
3194.876900 79668029.627639
3195.210500 79696265.889734
3195.544000 79717693.514981
3195.877600 79741864.297060
3196.211200 79756548.539647
3196.544700 79773164.519581
3196.878300 79792611.055712
3197.211900 79815761.659168
3197.545400 79836627.979279
3197.879000 79856607.507526
3198.212500 79874561.936249
3198.546100 79906150.390002
3198.879700 79930205.548789
3199.213200 79962423.611626
3199.546800 79991708.807553
3199.880400 80022747.257870
3200.213900 80055316.002180
3200.547500 80093168.054530
3200.881100 80128367.586816
3201.214600 80158957.706738
3201.548200 80200928.669910
3201.881700 80241351.179010
3202.215300 80277975.235366
3202.548900 80323535.136718
3202.882400 80364097.799131
3203.216000 80396765.993026
3203.549600 80431083.645450
3203.883100 80465495.462441
3204.216700 80506562.505217
3204.550300 80553972.790968
3204.883800 80597585.994800
3205.217400 80637289.050395
3205.551000 80675285.508355
3205.884500 80719950.516622
3206.218100 80766467.128218
3206.551600 80806086.053776
3206.885200 80848780.561080
3207.218800 80899436.829665
3207.552300 80940590.430361
3207.885900 80988653.780772
3208.219500 81048541.616967
3208.553000 81100656.741757
3208.886600 81151903.191438
3209.220200 81205081.439734
3209.553700 81266926.599699
3209.887300 81326809.233015
3210.220900 81384206.353274
3210.554400 81444150.097064
3210.888000 81499431.458971
3211.221500 81564403.931145
3211.555100 81624307.993793
3211.888700 81682362.229053
3212.222200 81732419.207728
3212.555800 81796573.863926
3212.889400 81847905.264433
3213.222900 81905325.290667
3213.556500 81966336.216300
3213.890100 82021627.176085
3214.223600 82067887.306163
3214.557200 82127660.248937
3214.890700 82181660.743442
3215.224300 82240470.592559
3215.557900 82286562.369703
3215.891400 82340112.915961
3216.225000 82394398.120251
3216.558600 82445832.951200
3216.892100 82502122.035929
3217.225700 82547541.983727
3217.559300 82593257.745014
3217.892800 82644654.666811
3218.226400 82696572.162463
3218.560000 82735702.635509
3218.893500 82781735.063688
3219.227100 82825893.752532
3219.560600 82865896.121575
3219.894200 82906496.938526
3220.227800 82948558.441154
3220.561300 82996305.111022
3220.894900 83046705.894493
3221.228500 83089630.566742
3221.562000 83140121.235505
3221.895600 83190173.406161
3222.229200 83242007.925961
3222.562700 83298222.962433
3222.896300 83347956.341468
3223.229900 83398251.884567
3223.563400 83453304.654531
3223.897000 83514727.695182
3224.230500 83567206.491647
3224.564100 83632946.445389
3224.897700 83697636.278014
3225.231200 83760051.423320
3225.564800 83820047.228924
3225.898400 83881851.168319
3226.231900 83951454.547586
3226.565500 84015155.973382
3226.899100 84083418.244779
3227.232600 84152448.212056
3227.566200 84221558.931913
3227.899700 84297761.717015
3228.233300 84366393.810417
3228.566900 84439077.153220
3228.900400 84513340.640640
3229.234000 84586493.821440
3229.567600 84650167.049869
3229.901100 84731400.003390
3230.234700 84817095.561132
3230.568300 84890197.720402
3230.901800 84966998.128716
3231.235400 85051836.980072
3231.569000 85132710.619796
3231.902500 85213123.853089
3232.236100 85292639.034808
3232.569600 85377901.694274
3232.903200 85465294.205801
3233.236800 85545459.035971
3233.570300 85629184.745719
3233.903900 85709423.052172
3234.237500 85794769.639934
3234.571000 85882734.458532
3234.904600 85956486.010427
3235.238200 86032588.479549
3235.571700 86115989.063036
3235.905300 86196010.247930
3236.238900 86277227.629502
3236.572400 86351600.917842
3236.906000 86429837.277864
3237.239500 86504011.150690
3237.573100 86577790.001078
3237.906700 86652655.546998
3238.240200 86725569.191583
3238.573800 86784537.609920
3238.907400 86855159.168272
3239.240900 86917246.596919
3239.574500 86980740.320988
3239.908100 87048097.680542
3240.241600 87106176.702173
3240.575200 87164650.436318
3240.908700 87220113.098744
3241.242300 87278045.958839
3241.575900 87329304.843138
3241.909400 87376607.673225
3242.243000 87429776.426400
3242.576600 87486273.003317
3242.910100 87539575.197055
3243.243700 87587063.034865
3243.577300 87635162.397379
3243.910800 87680817.002295
3244.244400 87725214.845570
3244.578000 87770044.296365
3244.911500 87808311.779199
3245.245100 87860879.083842
3245.578600 87902539.129160
3245.912200 87947235.958755
3246.245800 88001196.352841
3246.579300 88054428.544909
3246.912900 88101338.824443
3247.246500 88144356.188712
3247.580000 88196536.711488
3247.913600 88250243.924232
3248.247200 88308168.843394
3248.580700 88354879.868707
3248.914300 88402824.342246
3249.247900 88456812.768913
3249.581400 88509605.388875
3249.915000 88561543.454151
3250.248500 88613315.166366
3250.582100 88663949.468414
3250.915700 88707409.549321
3251.249200 88758334.169201
3251.582800 88805291.390428
3251.916400 88856183.189331
3252.249900 88910231.995108
3252.583500 88966107.442529
3252.917100 89015904.308129
3253.250600 89068774.394035
3253.584200 89127838.658481
3253.917700 89177260.214527
3254.251300 89235083.766724
3254.584900 89286270.425591
3254.918400 89340476.471319
3255.252000 89391188.520523
3255.585600 89459322.486080
3255.919100 89508665.157262
3256.252700 89560951.580162
3256.586300 89619479.391281
3256.919800 89674390.639632
3257.253400 89732481.434788
3257.587000 89795680.549973
3257.920500 89853739.177905
3258.254100 89918616.413780
3258.587600 89982847.602525
3258.921200 90052533.898957
3259.254800 90110554.735637
3259.588300 90172116.698812
3259.921900 90225059.921973
3260.255500 90282337.968927
3260.589000 90351175.905673
3260.922600 90418581.005301
3261.256200 90487301.029217
3261.589700 90561399.683337
3261.923300 90633924.089232
3262.256900 90706969.655170
3262.590400 90776595.869963
3262.924000 90846861.860521
3263.257500 90915253.591463
3263.591100 90992460.596546
3263.924700 91071234.804811
3264.258200 91149113.717306
3264.591800 91226480.058505
3264.925400 91303321.315907
3265.258900 91378027.166341
3265.592500 91461080.733096
3265.926100 91536235.057245
3266.259600 91610663.006276
3266.593200 91684822.853442
3266.926700 91757643.988367
3267.260300 91833553.218954
3267.593900 91899725.446523
3267.927400 91974540.854232
3268.261000 92044036.357931
3268.594600 92122900.415332
3268.928100 92198000.686084
3269.261700 92277031.894494
3269.595300 92352873.058302
3269.928800 92431130.352327
3270.262400 92500443.138158
3270.596000 92577151.577244
3270.929500 92653845.801821
3271.263100 92726047.584675
3271.596600 92804442.326897
3271.930200 92878362.282454
3272.263800 92956866.372982
3272.597300 93024112.999922
3272.930900 93093481.718328
3273.264500 93169278.382257
3273.598000 93239562.832874
3273.931600 93309602.332803
3274.265200 93383957.440151
3274.598700 93451496.368891
3274.932300 93521159.078857
3275.265900 93587107.650043
3275.599400 93653583.041201
3275.933000 93713842.409392
3276.266500 93780433.493454
3276.600100 93838858.425747
3276.933700 93911469.056136
3277.267200 93979593.800714
3277.600800 94038704.924087
3277.934400 94094460.677562
3278.267900 94158132.897851
3278.601500 94214018.869550
3278.935100 94276701.481594
3279.268600 94333460.219828
3279.602200 94397401.720430
3279.935700 94458472.065024
3280.269300 94521299.633398
3280.602900 94582266.434478
3280.936400 94644713.012820
3281.270000 94713501.030751
3281.603600 94774045.742408
3281.937100 94835313.824397
3282.270700 94890163.555068
3282.604300 94938756.763883
3282.937800 95000715.445196
3283.271400 95054065.438196
3283.605000 95111338.481566
3283.938500 95165919.307513
3284.272100 95226452.729122
3284.605600 95288749.243043
3284.939200 95353209.108673
3285.272800 95416859.206483
3285.606300 95474277.599607
3285.939900 95540528.406899
3286.273500 95597344.168627
3286.607000 95656778.253928
3286.940600 95715478.533528
3287.274200 95777769.061161
3287.607700 95832772.091421
3287.941300 95888114.938891
3288.274800 95947679.395724
3288.608400 96008325.257616
3288.942000 96064048.693961
3289.275500 96119075.291344
3289.609100 96173275.116410
3289.942700 96235983.992697
3290.276200 96293708.247153
3290.609800 96348993.083390
3290.943400 96404747.178428
3291.276900 96455866.953363
3291.610500 96506244.228266
3291.944100 96560041.822328
3292.277600 96620658.225540
3292.611200 96673958.221491
3292.944700 96734356.918833
3293.278300 96789283.929238
3293.611900 96847627.910877
3293.945400 96894338.981942
3294.279000 96950737.860864
3294.612600 97004557.524610
3294.946100 97061422.621171
3295.279700 97113660.153146
3295.613300 97166240.812099
3295.946800 97218120.497869
3296.280400 97267527.618898
3296.614000 97318681.292393
3296.947500 97379556.842939
3297.281100 97428910.643093
3297.614600 97481727.722566
3297.948200 97528155.771256
3298.281800 97563776.741688
3298.615300 97609500.800819
3298.948900 97653469.230299
3299.282500 97695912.863538
3299.616000 97745104.117245
3299.949600 97781812.082130
3300.283200 97827079.188718
3300.616700 97867338.296205
3300.950300 97905961.719131
3301.283800 97936317.145885
3301.617400 97977325.277511
3301.951000 98014098.191486
3302.284500 98051575.040594
3302.618100 98079730.868233
3302.951700 98102542.522316
3303.285200 98129788.147631
3303.618800 98152873.352411
3303.952400 98180616.402209
3304.285900 98216412.358580
3304.619500 98249921.224749
3304.953100 98280231.157513
3305.286600 98309382.396172
3305.620200 98335016.225255
3305.953700 98366902.046517
3306.287300 98396740.337137
3306.620900 98429207.682367
3306.954400 98457282.611454
3307.288000 98493135.267285
3307.621600 98530012.813812
3307.955100 98573878.209270
3308.288700 98619051.680774
3308.622300 98663431.298333
3308.955800 98709323.230365
3309.289400 98750974.895988
3309.623000 98800094.280743
3309.956500 98846197.879514
3310.290100 98889991.524652
3310.623600 98937788.251810
3310.957200 98985939.228270
3311.290800 99033116.784468
3311.624300 99080690.325861
3311.957900 99134280.112789
3312.291500 99186310.833687
3312.625000 99242365.501589
3312.958600 99302942.624532
3313.292200 99355304.969730
3313.625700 99410416.113302
3313.959300 99457091.281719
3314.292800 99516055.399676
3314.626400 99572420.009852
3314.960000 99634880.018681
3315.293500 99702343.179132
3315.627100 99767916.326508
3315.960700 99830998.249566
3316.294200 99891811.249506
3316.627800 99946094.243983
3316.961400 100007689.471766
3317.294900 100070124.825607
3317.628500 100128209.858602
3317.962100 100188606.146567
3318.295600 100255254.508086
3318.629200 100305052.886218
3318.962700 100356814.302243
3319.296300 100407999.993033
3319.629900 100463944.529396
3319.963400 100518066.442362
3320.297000 100575706.764894
3320.630600 100626123.751289
3320.964100 100677715.077147
3321.297700 100717140.900661
3321.631300 100758489.960402
3321.964800 100803856.963650
3322.298400 100847729.981832
3322.632000 100885928.453998
3322.965500 100920652.018020
3323.299100 100955038.852927
3323.632600 100996929.415434
3323.966200 101038234.685099
3324.299800 101069402.783212
3324.633300 101105891.382333
3324.966900 101134274.551474
3325.300500 101162506.694241
3325.634000 101192834.414481
3325.967600 101220888.448949
3326.301200 101245606.804542
3326.634700 101270608.083299
3326.968300 101290565.010897
3327.301800 101316140.710625
3327.635400 101334492.478563
3327.969000 101366013.636296
3328.302500 101395731.192129
3328.636100 101419622.221861
3328.969700 101445623.702733
3329.303200 101478324.251302
3329.636800 101507824.539145
3329.970400 101529837.376503
3330.303900 101562038.929199
3330.637500 101591899.814351
3330.971100 101634114.784201
3331.304600 101670902.046179
3331.638200 101713533.172989
3331.971700 101747347.642908
3332.305300 101782501.159517
3332.638900 101828572.503684
3332.972400 101870296.740695
3333.306000 101917664.783869
3333.639600 101966743.084184
3333.973100 102019983.337139
3334.306700 102066123.963687
3334.640300 102121490.454511
3334.973800 102176928.119469
3335.307400 102225689.084215
3335.641000 102290488.775006
3335.974500 102345352.611959
3336.308100 102407296.057318
3336.641600 102467408.628923
3336.975200 102530207.916747
3337.308800 102589605.246047
3337.642300 102656301.236448
3337.975900 102716470.443195
3338.309500 102785965.511070
3338.643000 102856321.740667
3338.976600 102918964.663964
3339.310200 102986701.717146
3339.643700 103060055.034739
3339.977300 103133568.165595
3340.310800 103207934.884578
3340.644400 103274656.804356
3340.978000 103343524.228517
3341.311500 103419927.279882
3341.645100 103496845.699248
3341.978700 103568004.439628
3342.312200 103639371.979127
3342.645800 103710588.903273
3342.979400 103784168.766239
3343.312900 103862353.272989
3343.646500 103939772.267584
3343.980100 104026067.227814
3344.313600 104096403.224962
3344.647200 104180820.318412
3344.980700 104262947.765138
3345.314300 104335832.125150
3345.647900 104418908.408961
3345.981400 104501524.559514
3346.315000 104579140.381635
3346.648600 104653825.653856
3346.982100 104737895.864735
3347.315700 104817606.537600
3347.649300 104903014.538588
3347.982800 104980732.363321
3348.316400 105059822.944667
3348.650000 105137045.504078
3348.983500 105216828.339797
3349.317100 105304782.754663
3349.650600 105375671.890053
3349.984200 105450231.949736
3350.317800 105528672.806647
3350.651300 105608379.873852
3350.984900 105682942.748868
3351.318500 105760940.516714
3351.652000 105841233.427791
3351.985600 105916117.169778
3352.319200 105998363.416320
3352.652700 106076257.174077
3352.986300 106159354.962262
3353.319800 106232926.768876
3353.653400 106313008.587478
3353.987000 106397642.866658
3354.320500 106479224.747456
3354.654100 106554835.106608
3354.987700 106638040.835553
3355.321200 106716845.046778
3355.654800 106791496.062889
3355.988400 106878693.075519
3356.321900 106961090.611501
3356.655500 107049455.686647
3356.989100 107132756.691550
3357.322600 107219658.301331
3357.656200 107310274.502951
3357.989700 107396211.412713
3358.323300 107480591.539281
3358.656900 107556246.087480
3358.990400 107638008.988284
3359.324000 107720385.412636
3359.657600 107805200.686494
3359.991100 107886169.055362
3360.324700 107962790.091638
3360.658300 108040694.437626
3360.991800 108111802.507544
3361.325400 108196756.182568
3361.659000 108278123.067442
3361.992500 108357395.158890
3362.326100 108438923.634760
3362.659600 108522143.975860
3362.993200 108602303.160802
3363.326800 108680186.034025
3363.660300 108766957.092182
3363.993900 108845777.472334
3364.327500 108920150.185662
3364.661000 109003713.097619
3364.994600 109075399.123504
3365.328200 109148807.873585
3365.661700 109225865.900161
3365.995300 109308674.507809
3366.328800 109375321.097296
3366.662400 109448376.128274
3366.996000 109521585.302033
3367.329500 109593008.646992
3367.663100 109671784.352782
3367.996700 109745807.183283
3368.330200 109815756.424389
3368.663800 109887313.709015
3368.997400 109964453.146453
3369.330900 110039223.939488
3369.664500 110113083.300412
3369.998100 110187414.267970
3370.331600 110269051.510962
3370.665200 110341239.519783
3370.998700 110414122.497913
3371.332300 110488896.753178
3371.665900 110569029.936079
3371.999400 110646388.762074
3372.333000 110715123.188328
3372.666600 110785871.256920
3373.000100 110858532.363501
3373.333700 110923068.042098
3373.667300 110983828.191443
3374.000800 111044759.778432
3374.334400 111100200.821198
3374.668000 111149264.259256
3375.001500 111199791.571658
3375.335100 111250463.881612
3375.668600 111298223.486832
3376.002200 111340902.551776
3376.335800 111386235.918125
3376.669300 111427177.620534
3377.002900 111467861.495850
3377.336500 111513991.291812
3377.670000 111554086.404184
3378.003600 111599643.173780
3378.337200 111643534.028037
3378.670700 111685771.130492
3379.004300 111729566.814377
3379.337800 111775087.728251
3379.671400 111817585.831381
3380.005000 111858812.440351
3380.338500 111907714.972754
3380.672100 111941048.406632
3381.005700 111977574.676590
3381.339200 112019353.418140
3381.672800 112048390.600816
3382.006400 112084739.171824
3382.339900 112131599.927329
3382.673500 112169145.378020
3383.007100 112199616.370721
3383.340600 112245066.770363
3383.674200 112292339.575404
3384.007700 112338373.053741
3384.341300 112381450.501538
3384.674900 112414153.756333
3385.008400 112456160.151958
3385.342000 112506572.466385
3385.675600 112549697.684859
3386.009100 112593258.920677
3386.342700 112637508.258518
3386.676300 112690214.310850
3387.009800 112737952.920685
3387.343400 112782002.789227
3387.677000 112839407.026393
3388.010500 112890570.627318
3388.344100 112934884.481296
3388.677600 112979366.424978
3389.011200 113028307.242917
3389.344800 113081349.406406
3389.678300 113131681.203147
3390.011900 113175069.410120
3390.345500 113229204.775782
3390.679000 113274107.094290
3391.012600 113325971.302781
3391.346200 113376794.571351
3391.679700 113433305.487816
3392.013300 113486832.690358
3392.346800 113538786.543672
3392.680400 113590050.637956
3393.014000 113646239.595804
3393.347500 113697816.926651
3393.681100 113751234.852646
3394.014700 113805942.537936
3394.348200 113854620.943856
3394.681800 113911458.947872
3395.015400 113959598.933210
3395.348900 114019090.780346
3395.682500 114075588.050837
3396.016100 114128610.784633
3396.349600 114182925.846311
3396.683200 114241458.175184
3397.016700 114298021.463727
3397.350300 114350833.404380
3397.683900 114403719.251425
3398.017400 114460138.746208
3398.351000 114523010.689450
3398.684600 114580950.761852
3399.018100 114638426.934063
3399.351700 114690585.590103
3399.685300 114743316.697267
3400.018800 114795986.044198
3400.352400 114849640.458870
3400.685900 114901283.840453
3401.019500 114946112.903937
3401.353100 115002615.506875
3401.686600 115054228.494295
3402.020200 115101817.637608
3402.353800 115152322.764707
3402.687300 115200893.092816
3403.020900 115254958.898561
3403.354500 115307966.017488
3403.688000 115347137.518679
3404.021600 115402926.767434
3404.355200 115452688.475945
3404.688700 115494963.622374
3405.022300 115540212.864216
3405.355800 115587618.514768
3405.689400 115635412.086406
3406.023000 115675700.978611
3406.356500 115726629.700211
3406.690100 115782042.691441
3407.023700 115838319.117008
3407.357200 115891717.126731
3407.690800 115948314.615064
3408.024400 115998555.032708
3408.357900 116053961.963550
3408.691500 116110822.937237
3409.025100 116164516.265389
3409.358600 116225908.316915
3409.692200 116290935.291238
3410.025700 116353164.422258
3410.359300 116415412.361334
3410.692900 116479526.704204
3411.026400 116546189.737273
3411.360000 116618302.947335
3411.693600 116686216.175061
3412.027100 116761648.954753
3412.360700 116839354.864428
3412.694300 116921828.296952
3413.027800 116999005.258683
3413.361400 117073630.748005
3413.694900 117143731.069899
3414.028500 117222711.526165
3414.362100 117289957.960500
3414.695600 117373253.003543
3415.029200 117453477.931061
3415.362800 117526032.852902
3415.696300 117601823.823992
3416.029900 117683668.121626
3416.363500 117758439.476411
3416.697000 117838320.033736
3417.030600 117917558.532973
3417.364200 117996051.556217
3417.697700 118070736.712497
3418.031300 118153920.002969
3418.364800 118223485.406161
3418.698400 118298761.740210
3419.032000 118376912.841805
3419.365500 118442955.839554
3419.699100 118513349.226908
3420.032700 118576437.722821
3420.366200 118644354.562663
3420.699800 118708019.987257
3421.033400 118770138.657825
3421.366900 118833946.743491
3421.700500 118898527.447078
3422.034100 118962041.627253
3422.367600 119027867.566689
3422.701200 119092576.711296
3423.034700 119159710.043347
3423.368300 119219941.011765
3423.701900 119281718.757880
3424.035400 119345475.660977
3424.369000 119401081.759088
3424.702600 119462394.650712
3425.036100 119523955.282013
3425.369700 119587908.452990
3425.703300 119651401.051182
3426.036800 119715650.378328
3426.370400 119768313.135791
3426.703900 119822798.373449
3427.037500 119878283.624674
3427.371100 119935559.016775
3427.704600 119993033.651774
3428.038200 120048630.738049
3428.371800 120103257.891532
3428.705300 120160197.127297
3429.038900 120216032.205873
3429.372500 120272729.742334
3429.706000 120315298.704163
3430.039600 120373246.819654
3430.373200 120428204.365875
3430.706700 120490104.776676
3431.040300 120543871.634109
3431.373800 120606011.206617
3431.707400 120665829.710918
3432.041000 120725067.145658
3432.374500 120781544.128969
3432.708100 120849852.381871
3433.041700 120916315.980186
3433.375200 120985308.472225
3433.708800 121049042.920770
3434.042400 121116880.242240
3434.375900 121185766.917640
3434.709500 121254268.623248
3435.043100 121321546.006316
3435.376600 121390420.894061
3435.710200 121459400.531594
3436.043700 121526085.771070
3436.377300 121602513.540114
3436.710900 121679141.045444
3437.044400 121755598.976926
3437.378000 121831972.581994
3437.711600 121919807.870734
3438.045100 121999263.436858
3438.378700 122081023.119007
3438.712300 122166824.232825
3439.045800 122248687.829900
3439.379400 122337138.907517
3439.712900 122420721.455106
3440.046500 122511376.462938
3440.380100 122601278.433843
3440.713600 122692452.994344
3441.047200 122782440.966944
3441.380800 122881964.069833
3441.714300 122971515.689095
3442.047900 123068019.982292
3442.381500 123152198.899448
3442.715000 123239605.630045
3443.048600 123322206.976686
3443.382200 123413187.827506
3443.715700 123493356.036916
3444.049300 123580420.068968
3444.382800 123666100.896164
3444.716400 123748927.309092
3445.050000 123828768.671195
3445.383500 123902987.517805
3445.717100 123979302.824666
3446.050700 124049637.997095
3446.384200 124118022.217867
3446.717800 124198028.564740
3447.051400 124259174.527384
3447.384900 124330096.593550
3447.718500 124393433.658100
3448.052100 124457764.852824
3448.385600 124521995.895338
3448.719200 124584742.140874
3449.052700 124644491.929596
3449.386300 124706765.571635
3449.719900 124758653.768013
3450.053400 124813702.879961
3450.387000 124870815.688527
3450.720600 124920976.068500
3451.054100 124978565.423222
3451.387700 125028476.330875
3451.721300 125078062.050265
3452.054800 125126090.270971
3452.388400 125176840.151368
3452.721900 125229395.311772
3453.055500 125278294.661364
3453.389100 125323625.844956
3453.722600 125372843.147776
3454.056200 125425131.050838
3454.389800 125478506.450629
3454.723300 125526316.002038
3455.056900 125574800.808649
3455.390500 125631707.036973
3455.724000 125684880.008318
3456.057600 125743561.213915
3456.391200 125804217.892050
3456.724700 125874196.213846
3457.058300 125934534.372053
3457.391800 126005251.088854
3457.725400 126067284.696049
3458.059000 126134079.118256
3458.392500 126194283.521256
3458.726100 126261184.530810
3459.059700 126327299.940761
3459.393200 126403735.042437
3459.726800 126474081.769277
3460.060400 126548695.794345
3460.393900 126620338.882634
3460.727500 126705323.420137
3461.061100 126782117.879846
3461.394600 126856869.960359
3461.728200 126933143.980433
3462.061700 127008044.576138
3462.395300 127088488.150191
3462.728900 127167467.112036
3463.062400 127257904.523584
3463.396000 127341650.899557
3463.729600 127423933.048020
3464.063100 127513194.545048
3464.396700 127598899.400418
3464.730300 127689105.631162
3465.063800 127778353.304821
3465.397400 127869664.761045
3465.730900 127959154.255114
3466.064500 128041801.121099
3466.398100 128133755.410944
3466.731600 128215954.911869
3467.065200 128292070.073018
3467.398800 128363029.273168
3467.732300 128445911.974287
3468.065900 128520266.450027
3468.399500 128591269.593143
3468.733000 128662307.939205
3469.066600 128732063.718468
3469.400200 128795755.249162
3469.733700 128859768.179476
3470.067300 128928597.008499
3470.400800 128988028.735799
3470.734400 129041672.628717
3471.068000 129099235.129641
3471.401500 129150143.532744
3471.735100 129199939.218710
3472.068700 129252877.815802
3472.402200 129302828.674930
3472.735800 129353924.663471
3473.069400 129406097.062962
3473.402900 129450655.832920
3473.736500 129495587.447382
3474.070100 129540002.539218
3474.403600 129575490.606477
3474.737200 129615831.850873
3475.070700 129649796.793922
3475.404300 129688673.681950
3475.737900 129726422.109879
3476.071400 129760543.482098
3476.405000 129802001.977338
3476.738600 129838987.397328
3477.072100 129878349.887737
3477.405700 129916197.657595
3477.739300 129952093.817474
3478.072800 129984674.663381
3478.406400 130021254.588455
3478.739900 130055630.380160
3479.073500 130094603.213726
3479.407100 130134158.087003
3479.740600 130179014.146995
3480.074200 130216916.743507
3480.407800 130257624.552789
3480.741300 130299014.713792
3481.074900 130340487.515137
3481.408500 130389271.566362
3481.742000 130436732.172591
3482.075600 130481774.405236
3482.409200 130520632.083599
3482.742700 130567819.538701
3483.076300 130613128.421380
3483.409800 130650245.358396
3483.743400 130698204.203243
3484.077000 130742699.471814
3484.410500 130796856.680782
3484.744100 130848602.796994
3485.077700 130896996.979328
3485.411200 130950150.372273
3485.744800 131000472.276544
3486.078400 131051386.063616
3486.411900 131112360.106546
3486.745500 131172849.248949
3487.079100 131222342.756218
3487.412600 131278922.837922
3487.746200 131341812.743557
3488.079700 131400777.818153
3488.413300 131462170.936852
3488.746900 131531540.780173
3489.080400 131598462.276316
3489.414000 131666543.112532
3489.747600 131733792.467888
3490.081100 131802588.349036
3490.414700 131866886.401612
3490.748300 131933950.725982
3491.081800 132001276.942616
3491.415400 132076693.884480
3491.748900 132151544.121778
3492.082500 132223881.844840
3492.416100 132303214.739310
3492.749600 132380162.083873
3493.083200 132456891.037385
3493.416800 132527076.269963
3493.750300 132602467.714174
3494.083900 132671200.174331
3494.417500 132743552.746215
3494.751000 132805621.514488
3495.084600 132876645.185142
3495.418200 132940752.220195
3495.751700 133000521.503252
3496.085300 133063422.377264
3496.418800 133122960.118710
3496.752400 133175049.826433
3497.086000 133234483.169775
3497.419500 133293577.913787
3497.753100 133342802.878640
3498.086700 133392108.278980
3498.420200 133437156.341234
3498.753800 133476901.414199
3499.087400 133513760.600151
3499.420900 133555409.989517
3499.754500 133586986.152209
3500.088100 133626518.769093
3500.421600 133668014.536627
3500.755200 133707380.348914
3501.088700 133754939.778516
3501.422300 133789121.685368
3501.755900 133819962.747130
3502.089400 133849964.578694
3502.423000 133885245.078073
3502.756600 133920352.511089
3503.090100 133964797.479161
3503.423700 133997107.128717
3503.757300 134022968.682445
3504.090800 134052411.518822
3504.424400 134091731.536038
3504.757900 134130276.045977
3505.091500 134165826.725262
3505.425100 134206339.481855
3505.758600 134241034.521922
3506.092200 134284130.816692
3506.425800 134327038.211040
3506.759300 134371623.770984
3507.092900 134415514.785197
3507.426500 134472522.809646
3507.760000 134523884.527080
3508.093600 134586411.255624
3508.427200 134647165.286696
3508.760700 134711027.149068
3509.094300 134774300.657520
3509.427800 134835211.528251
3509.761400 134907153.344635
3510.095000 134981769.505580
3510.428500 135060755.337247
3510.762100 135132367.135386
3511.095700 135211120.138117
3511.429200 135288228.429753
3511.762800 135363097.837255
3512.096400 135445725.066960
3512.429900 135520241.715310
3512.763500 135601899.448214
3513.097000 135679911.254573
3513.430600 135762837.520966
3513.764200 135847046.431690
3514.097700 135936480.661786
3514.431300 136021527.560741
3514.764900 136122281.811116
3515.098400 136221183.771596
3515.432000 136313238.754685
3515.765600 136405637.045328
3516.099100 136506371.168156
3516.432700 136606766.208972
3516.766300 136706187.818811
3517.099800 136804928.218322
3517.433400 136902368.901336
3517.766900 136998898.559857
3518.100500 137089027.854703
3518.434100 137187875.799682
3518.767600 137286071.064866
3519.101200 137392260.186343
3519.434800 137490116.734189
3519.768300 137591860.542542
3520.101900 137684697.959298
3520.435500 137775335.133821
3520.769000 137864449.944424
3521.102600 137969198.088044
3521.436200 138060877.837142
3521.769700 138146632.234330
3522.103300 138235107.017590
3522.436800 138327211.558157
3522.770400 138417108.320135
3523.104000 138503883.032677
3523.437500 138593047.665670
3523.771100 138683807.624781
3524.104700 138774797.571884
3524.438200 138858457.353836
3524.771800 138947070.414112
3525.105400 139025228.266399
3525.438900 139111462.368824
3525.772500 139191834.183039
3526.106000 139276893.639003
3526.439600 139363444.487797
3526.773200 139434683.017003
3527.106700 139504377.594326
3527.440300 139578411.167616
3527.773900 139643957.445918
3528.107400 139713320.228709
3528.441000 139776232.407361
3528.774600 139851078.891510
3529.108100 139911837.798861
3529.441700 139983433.758949
3529.775300 140054336.776666
3530.108800 140134988.042575
3530.442400 140209969.095384
3530.775900 140286272.945367
3531.109500 140361099.957808
3531.443100 140436084.215639
3531.776600 140503793.745330
3532.110200 140568701.304439
3532.443800 140639589.548983
3532.777300 140714810.294214
3533.110900 140786427.234899
3533.444500 140853927.584052
3533.778000 140930674.089619
3534.111600 141003938.866594
3534.445200 141077151.030394
3534.778700 141152181.934197
3535.112300 141235118.857871
3535.445800 141314796.070426
3535.779400 141392038.396597
3536.113000 141472944.842837
3536.446500 141554758.981881
3536.780100 141631361.983535
3537.113700 141713094.751335
3537.447200 141800218.846745
3537.780800 141895019.390018
3538.114400 141975885.921355
3538.447900 142062121.863839
3538.781500 142152832.931761
3539.115000 142244584.088011
3539.448600 142333226.762473
3539.782200 142430552.980669
3540.115700 142534761.938915
3540.449300 142636439.730396
3540.782900 142731807.215060
3541.116400 142833112.899540
3541.450000 142928282.670763
3541.783600 143022827.944027
3542.117100 143126330.200068
3542.450700 143218154.686462
3542.784300 143316986.031029
3543.117800 143417216.097474
3543.451400 143505810.252996
3543.784900 143606405.174161
3544.118500 143703099.598127
3544.452100 143790726.123075
3544.785600 143887106.253154
3545.119200 143977307.356458
3545.452800 144070395.781311
3545.786300 144161776.299369
3546.119900 144258216.064921
3546.453500 144349632.523237
3546.787000 144439208.751828
3547.120600 144515394.746738
3547.454200 144596330.519916
3547.787700 144675226.109132
3548.121300 144752712.077937
3548.454800 144829704.625207
3548.788400 144899908.741966
3549.122000 144973081.870720
3549.455500 145038403.334833
3549.789100 145100741.012435
3550.122700 145165340.870588
3550.456200 145229447.596784
3550.789800 145288851.673014
3551.123400 145351608.306421
3551.456900 145414730.932433
3551.790500 145483543.237633
3552.124000 145543489.346962
3552.457600 145605021.040038
3552.791200 145675305.823533
3553.124700 145738334.630980
3553.458300 145796986.995312
3553.791900 145860318.100450
3554.125400 145920350.965964
3554.459000 145978668.942958
3554.792600 146030499.918003
3555.126100 146087556.218729
3555.459700 146147851.169127
3555.793300 146208254.493952
3556.126800 146265624.249932
3556.460400 146328457.354649
3556.793900 146380498.998240
3557.127500 146429235.327108
3557.461100 146468101.947218
3557.794600 146520531.914985
3558.128200 146567623.601603
3558.461800 146623409.929036
3558.795300 146679813.385487
3559.128900 146722347.220630
3559.462500 146777268.328904
3559.796000 146820033.626118
3560.129600 146862586.244586
3560.463200 146917204.694983
3560.796700 146962291.337061
3561.130300 147014983.333036
3561.463800 147071318.027613
3561.797400 147123355.356252
3562.131000 147185212.550991
3562.464500 147237867.577437
3562.798100 147286273.311242
3563.131700 147329725.593914
3563.465200 147376777.389080
3563.798800 147420419.835000
3564.132400 147472492.920561
3564.465900 147520612.337996
3564.799500 147576840.316752
3565.133000 147621888.940858
3565.466600 147661314.178437
3565.800200 147700859.665195
3566.133700 147749405.271544
3566.467300 147803483.405730
3566.800900 147860365.816363
3567.134400 147913526.564957
3567.468000 147973009.319139
3567.801600 148026664.580080
3568.135100 148084494.738222
3568.468700 148136288.493240
3568.802300 148186611.906980
3569.135800 148240175.890642
3569.469400 148296906.873248
3569.802900 148348385.576032
3570.136500 148400471.189924
3570.470100 148449809.747551
3570.803600 148501734.716873
3571.137200 148546974.859013
3571.470800 148597664.797276
3571.804300 148650550.228315
3572.137900 148695251.764526
3572.471500 148736779.795544
3572.805000 148772340.752141
3573.138600 148817202.275347
3573.472200 148850512.197301
3573.805700 148895091.573664
3574.139300 148938997.304720
3574.472800 148987313.656730
3574.806400 149029455.070930
3575.140000 149071668.491254
3575.473500 149111349.872128
3575.807100 149150289.073702
3576.140700 149201172.153455
3576.474200 149237509.765519
3576.807800 149281581.860853
3577.141400 149324955.783432
3577.474900 149368816.628129
3577.808500 149416451.348069
3578.142000 149461911.927936
3578.475600 149501770.296885
3578.809200 149544719.100605
3579.142700 149577530.663523
3579.476300 149617178.775435
3579.809900 149657561.780729
3580.143400 149698113.563736
3580.477000 149733427.216022
3580.810600 149781981.400207
3581.144100 149820234.757539
3581.477700 149859807.657855
3581.811300 149896935.003190
3582.144800 149944924.423876
3582.478400 149994414.406962
3582.811900 150050405.186435
3583.145500 150094312.966288
3583.479100 150143436.458659
3583.812600 150194142.193966
3584.146200 150237926.210719
3584.479800 150282217.133705
3584.813300 150330743.123910
3585.146900 150377244.632889
3585.480500 150432707.749147
3585.814000 150485564.408557
3586.147600 150543922.537575
3586.481200 150595957.551371
3586.814700 150646702.226064
3587.148300 150702372.474699
3587.481800 150754156.918118
3587.815400 150805934.499231
3588.149000 150860895.454039
3588.482500 150908982.504764
3588.816100 150960840.841631
3589.149700 151014839.805646
3589.483200 151069486.172912
3589.816800 151132974.181222
3590.150400 151188992.872766
3590.483900 151251707.787519
3590.817500 151314540.346005
3591.151000 151374005.426764
3591.484600 151439066.041930
3591.818200 151506377.242019
3592.151700 151573983.813771
3592.485300 151641601.976760
3592.818900 151705645.639366
3593.152400 151774704.639178
3593.486000 151847396.325110
3593.819600 151924193.016734
3594.153100 151999860.526808
3594.486700 152070692.648221
3594.820300 152143287.403479
3595.153800 152214350.115426
3595.487400 152291235.486386
3595.820900 152359465.561632
3596.154500 152437977.789832
3596.488100 152507394.843189
3596.821600 152580752.175076
3597.155200 152659862.235035
3597.488800 152743164.669128
3597.822300 152819127.819278
3598.155900 152894857.646101
3598.489500 152985459.485399
3598.823000 153069010.222925
3599.156600 153143812.629414
3599.490200 153219084.655108
3599.823700 153293804.744543
3600.157300 153374868.657013
3600.490800 153456249.996812
3600.824400 153535642.225364
3601.158000 153616306.645609
3601.491500 153702339.556470
3601.825100 153785808.455606
3602.158700 153871216.071182
3602.492200 153958824.179646
3602.825800 154045281.230957
3603.159400 154129558.099368
3603.492900 154219011.507069
3603.826500 154309213.467981
3604.160000 154397496.316490
3604.493600 154489967.810049
3604.827200 154587637.252805
3605.160700 154682754.095789
3605.494300 154781587.857937
3605.827900 154875581.262609
3606.161400 154977577.864699
3606.495000 155077754.211414
3606.828600 155174607.512139
3607.162100 155269809.719108
3607.495700 155362966.481081
3607.829300 155458157.425905
3608.162800 155553180.061814
3608.496400 155644950.205885
3608.829900 155733984.992258
3609.163500 155813483.034099
3609.497100 155899236.455401
3609.830600 155986685.368960
3610.164200 156068513.338957
3610.497800 156146291.827230
3610.831300 156213090.021829
3611.164900 156283565.404581
3611.498500 156353257.377642
3611.832000 156416141.361061
3612.165600 156479487.525694
3612.499200 156537377.297274
3612.832700 156601844.315260
3613.166300 156654564.141574
3613.499800 156719063.231480
3613.833400 156779521.050253
3614.167000 156826210.521126
3614.500500 156876475.690425
3614.834100 156926107.727788
3615.167700 156977789.177552
3615.501200 157013787.330255
3615.834800 157057039.362637
3616.168400 157101319.689049
3616.501900 157142244.150390
3616.835500 157186046.473698
3617.169000 157232857.021111
3617.502600 157273333.598425
3617.836200 157312027.567473
3618.169700 157363056.638571
3618.503300 157403224.257552
3618.836900 157447283.437559
3619.170400 157489797.743692
3619.504000 157534046.810262
3619.837600 157580075.715333
3620.171100 157630724.754190
3620.504700 157676561.171398
3620.838300 157731772.504987
3621.171800 157779787.098759
3621.505400 157831950.990601
3621.838900 157879300.918185
3622.172500 157930607.523261
3622.506100 157977645.784757
3622.839600 158028468.138775
3623.173200 158076528.811586
3623.506800 158124722.448938
3623.840300 158176022.609692
3624.173900 158225113.836585
3624.507500 158277218.893530
3624.841000 158325177.728732
3625.174600 158372064.888421
3625.508100 158424376.626984
3625.841700 158473470.840116
3626.175300 158529040.502908
3626.508800 158574750.248438
3626.842400 158621535.524944
3627.176000 158673228.503454
3627.509500 158718226.894934
3627.843100 158779585.368230
3628.176700 158832991.212776
3628.510200 158885830.726471
3628.843800 158947826.604352
3629.177400 159004042.215608
3629.510900 159060019.190896
3629.844500 159111861.418596
3630.178000 159163499.613445
3630.511600 159216496.214977
3630.845200 159270871.682872
3631.178700 159327553.115318
3631.512300 159383355.793435
3631.845900 159432335.593994
3632.179400 159489747.086680
3632.513000 159553286.145081
3632.846600 159601685.817249
3633.180100 159661439.851965
3633.513700 159725220.100427
3633.847300 159787330.562768
3634.180800 159845106.160873
3634.514400 159901671.318138
3634.847900 159955893.975198
3635.181500 160009601.117282
3635.515100 160069369.719999
3635.848600 160131371.474289
3636.182200 160195237.307295
3636.515800 160255044.629620
3636.849300 160314207.879083
3637.182900 160374885.155356
3637.516500 160442980.444673
3637.850000 160505094.831455
3638.183600 160568507.183084
3638.517100 160638942.018128
3638.850700 160706688.492408
3639.184300 160775299.685253
3639.517800 160848585.300845
3639.851400 160917759.499606
3640.185000 160981417.749407
3640.518500 161051342.101116
3640.852100 161111701.226361
3641.185700 161181783.758801
3641.519200 161251838.563885
3641.852800 161331063.733410
3642.186400 161403327.992711
3642.519900 161470158.167367
3642.853500 161535835.671072
3643.187000 161608878.232450
3643.520600 161684761.863809
3643.854200 161759403.743967
3644.187700 161826145.313916
3644.521300 161899342.288472
3644.854900 161966992.286551
3645.188400 162036772.739817
3645.522000 162101394.118148
3645.855600 162157026.495318
3646.189100 162221066.022846
3646.522700 162283361.543489
3646.856300 162351108.680038
3647.189800 162414117.349393
3647.523400 162475870.919750
3647.856900 162534133.533763
3648.190500 162600920.872234
3648.524100 162661995.497477
3648.857600 162731124.642864
3649.191200 162792387.104463
3649.524800 162850160.139757
3649.858300 162922729.007358
3650.191900 162981785.986486
3650.525500 163041499.064682
3650.859000 163110954.157258
3651.192600 163178000.243829
3651.526100 163250817.006912
3651.859700 163326073.283552
3652.193300 163397332.921883
3652.526800 163474790.912726
3652.860400 163548274.785990
3653.194000 163628721.894133
3653.527500 163707178.426941
3653.861100 163796381.109012
3654.194700 163888406.703220
3654.528200 163970679.489159
3654.861800 164060062.491869
3655.195400 164154779.119223
3655.528900 164240302.209654
3655.862500 164332921.354113
3656.196000 164424474.210744
3656.529600 164512730.988187
3656.863200 164604392.988114
3657.196700 164701375.918075
3657.530300 164782699.464212
3657.863900 164876828.578920
3658.197400 164959167.727028
3658.531000 165047122.249677
3658.864600 165122620.845921
3659.198100 165208377.571230
3659.531700 165291434.641384
3659.865300 165372880.036566
3660.198800 165452194.934586
3660.532400 165526807.060190
3660.865900 165597166.091855
3661.199500 165663465.242697
3661.533100 165729733.091265
3661.866600 165789574.399821
3662.200200 165852951.528891
3662.533800 165910648.204215
3662.867300 165970914.793405
3663.200900 166029921.176197
3663.534500 166080863.030593
3663.868000 166132060.255214
3664.201600 166193891.776495
3664.535100 166244195.408059
3664.868700 166298066.784866
3665.202300 166348219.012835
3665.535800 166398971.703401
3665.869400 166449201.417871
3666.203000 166497487.788095
3666.536500 166549576.351068
3666.870100 166602759.308740
3667.203700 166655323.378686
3667.537200 166716779.244488
3667.870800 166766236.465102
3668.204400 166825901.900393
3668.537900 166881917.017360
3668.871500 166941633.879171
3669.205000 167004370.688163
3669.538600 167058776.348180
3669.872200 167118599.624781
3670.205700 167169754.439728
3670.539300 167229021.388087
3670.872900 167282409.125736
3671.206400 167322163.210868
3671.540000 167381673.358579
3671.873600 167436730.187341
3672.207100 167479844.816298
3672.540700 167530100.311275
3672.874300 167578676.866173
3673.207800 167617715.690361
3673.541400 167659577.620045
3673.874900 167703478.669596
3674.208500 167737218.084682
3674.542100 167783111.972281
3674.875600 167819109.627956
3675.209200 167869928.730978
3675.542800 167914909.544151
3675.876300 167955636.279273
3676.209900 167993456.717140
3676.543500 168034152.988099
3676.877000 168071873.661488
3677.210600 168105422.421779
3677.544100 168143939.585973
3677.877700 168186000.012635
3678.211300 168231573.672085
3678.544800 168274678.904660
3678.878400 168317560.473225
3679.212000 168357301.621488
3679.545500 168400619.261559
3679.879100 168443071.762905
3680.212700 168484267.236893
3680.546200 168541330.049931
3680.879800 168595661.950793
3681.213400 168642207.988102
3681.546900 168692070.065386
3681.880500 168742321.288780
3682.214000 168793094.345504
3682.547600 168846664.712386
3682.881200 168906494.864515
3683.214700 168975963.546443
3683.548300 169040028.273972
3683.881900 169108679.056535
3684.215400 169179539.382800
3684.549000 169254073.564652
3684.882600 169331414.646486
3685.216100 169405417.923563
3685.549700 169483923.497647
3685.883300 169564596.832688
3686.216800 169640652.920453
3686.550400 169718336.867193
3686.883900 169797086.196948
3687.217500 169877960.748127
3687.551100 169957262.692677
3687.884600 170042161.964788
3688.218200 170139732.645375
3688.551800 170227706.363317
3688.885300 170316025.406669
3689.218900 170405818.686408
3689.552500 170496468.673097
3689.886000 170584628.074360
3690.219600 170678610.283289
3690.553100 170772538.600667
3690.886700 170858777.473995
3691.220300 170952593.542535
3691.553800 171046246.253183
3691.887400 171142597.075185
3692.221000 171231366.488293
3692.554500 171317020.637836
3692.888100 171402135.487332
3693.221700 171490139.772927
3693.555200 171570153.063680
3693.888800 171653934.944036
3694.222400 171741373.896933
3694.555900 171824398.424127
3694.889500 171900303.445456
3695.223000 171975822.588938
3695.556600 172051428.960760
3695.890200 172118911.924408
3696.223700 172186031.481663
3696.557300 172253547.563144
3696.890900 172329782.159530
3697.224400 172401976.173983
3697.558000 172462628.206070
3697.891600 172524208.987638
3698.225100 172585046.158757
3698.558700 172650064.380056
3698.892300 172715632.718553
3699.225800 172783342.386884
3699.559400 172864291.108623
3699.892900 172937747.264982
3700.226500 173011037.821678
3700.560100 173090720.357285
3700.893600 173168944.032544
3701.227200 173256486.815671
3701.560800 173344563.222724
3701.894300 173431519.985180
3702.227900 173520093.587629
3702.561500 173610315.272646
3702.895000 173698335.427338
3703.228600 173794080.576908
3703.562100 173885163.752245
3703.895700 173982983.004786
3704.229300 174083095.544687
3704.562800 174193683.807074
3704.896400 174301074.711504
3705.230000 174405502.861752
3705.563500 174509086.738680
3705.897100 174613246.498586
3706.230700 174720417.529556
3706.564200 174828863.596057
3706.897800 174929846.745541
3707.231400 175036238.861024
3707.564900 175138812.759274
3707.898500 175245273.402061
3708.232000 175353096.786852
3708.565600 175457301.167745
3708.899200 175558404.247894
3709.232700 175649426.074725
3709.566300 175744940.787725
3709.899900 175842674.546746
3710.233400 175932716.126929
3710.567000 176029857.485606
3710.900600 176128715.152807
3711.234100 176210862.820299
3711.567700 176297447.495277
3711.901300 176381341.955894
3712.234800 176462026.610183
3712.568400 176531594.968382
3712.901900 176613880.039837
3713.235500 176689650.122515
3713.569100 176771223.862765
3713.902600 176848496.061327
3714.236200 176920465.746304
3714.569800 176992606.708161
3714.903300 177066534.302310
3715.236900 177141768.578203
3715.570500 177219564.848975
3715.904000 177301268.530886
3716.237600 177386891.764584
3716.571100 177463767.219754
3716.904700 177545635.553275
3717.238300 177637574.599535
3717.571800 177731787.586890
3717.905400 177822373.681565
3718.239000 177913344.366485
3718.572500 178001062.984125
3718.906100 178097993.837410
3719.239700 178193785.227492
3719.573200 178290177.559472
3719.906800 178390548.414868
3720.240400 178487419.901358
3720.573900 178597477.313905
3720.907500 178696479.978436
3721.241000 178804582.804115
3721.574600 178906085.919146
3721.908200 179005743.494978
3722.241700 179101495.700016
3722.575300 179200751.385000
3722.908900 179301165.374264
3723.242400 179396559.722015
3723.576000 179491353.068070
3723.909600 179586207.385706
3724.243100 179682595.231192
3724.576700 179777875.463358
3724.910300 179866899.684778
3725.243800 179945312.349050
3725.577400 180028373.303251
3725.910900 180103105.609686
3726.244500 180185376.735334
3726.578100 180259501.595153
3726.911600 180334397.058328
3727.245200 180409928.997039
3727.578800 180483090.141346
3727.912300 180546929.754701
3728.245900 180625633.743660
3728.579500 180689555.532830
3728.913000 180757152.559041
3729.246600 180818675.762381
3729.580100 180887481.795266
3729.913700 180949277.621753
3730.247300 181018354.599548
3730.580800 181078548.617405
3730.914400 181133276.903270
3731.248000 181189446.782614
3731.581500 181250582.662591
3731.915100 181306584.965788
3732.248700 181363235.089018
3732.582200 181426152.331875
3732.915800 181484081.682255
3733.249400 181544346.330174
3733.582900 181610965.637120
3733.916500 181675237.818964
3734.250000 181735831.784585
3734.583600 181798682.093108
3734.917200 181866239.571559
3735.250700 181940780.559365
3735.584300 182007264.621272
3735.917900 182066829.685490
3736.251400 182132648.430941
3736.585000 182201511.947664
3736.918600 182267968.450316
3737.252100 182331916.512024
3737.585700 182396815.363857
3737.919300 182469055.055541
3738.252800 182537499.471814
3738.586400 182606623.562551
3738.919900 182673324.547436
3739.253500 182744376.268849
3739.587100 182809786.711967
3739.920600 182877044.924682
3740.254200 182946131.443227
3740.587800 183016302.763511
3740.921300 183088246.558571
3741.254900 183153565.250123
3741.588500 183220880.486939
3741.922000 183299531.590227
3742.255600 183376918.112597
3742.589100 183442225.427688
3742.922700 183515840.409239
3743.256300 183586796.599236
3743.589800 183662597.484679
3743.923400 183745079.379674
3744.257000 183820341.063813
3744.590500 183902526.214413
3744.924100 183985969.045099
3745.257700 184058107.967289
3745.591200 184143192.845225
3745.924800 184226085.699953
3746.258400 184306444.762796
3746.591900 184387607.643206
3746.925500 184472848.736683
3747.259000 184555250.851304
3747.592600 184645028.109532
3747.926200 184731023.376650
3748.259700 184823754.773285
3748.593300 184920287.054800
3748.926900 185019188.257304
3749.260400 185116439.748355
3749.594000 185211832.091210
3749.927600 185313789.968975
3750.261100 185416480.990668
3750.594700 185520457.310972
3750.928200 185629952.460439
3751.261800 185739063.465561
3751.595400 185845965.156226
3751.928900 185946670.619383
3752.262500 186045339.358270
3752.596100 186153615.024162
3752.929600 186260622.083413
3753.263200 186370253.587781
3753.596800 186462691.577616
3753.930300 186563677.113040
3754.263900 186665910.118832
3754.597500 186759227.844193
3754.931000 186863912.304991
3755.264600 186956869.255920
3755.598100 187045897.051656
3755.931700 187139583.705082
3756.265300 187228617.471759
3756.598800 187314886.807027
3756.932400 187397711.675872
3757.266000 187479798.041068
3757.599500 187554000.167657
3757.933100 187635792.155698
3758.266700 187709633.709662
3758.600200 187780177.149814
3758.933800 187830769.533998
3759.267400 187895118.515565
3759.600900 187954254.287159
3759.934500 188010020.575667
3760.268000 188061830.001641
3760.601600 188117070.801346
3760.935200 188166261.125055
3761.268700 188227887.628403
3761.602300 188277797.539023
3761.935900 188333375.711347
3762.269400 188386193.172550
3762.603000 188443636.022063
3762.936600 188500664.832477
3763.270100 188556081.283141
3763.603700 188618394.977851
3763.937200 188682009.570565
3764.270800 188743914.232989
3764.604400 188807122.854408
3764.937900 188878139.113952
3765.271500 188952036.475785
3765.605100 189019021.855553
3765.938600 189083101.797971
3766.272200 189161065.675101
3766.605800 189239520.037494
3766.939300 189323346.551590
3767.272900 189407978.220913
3767.606500 189495530.787013
3767.940000 189581404.544762
3768.273600 189674737.006060
3768.607100 189764848.229145
3768.940700 189867749.804887
3769.274300 189963648.529930
3769.607800 190060806.617889
3769.941400 190161272.488080
3770.275000 190258419.955187
3770.608500 190375475.656241
3770.942100 190480416.630126
3771.275700 190595518.801425
3771.609200 190714992.040322
3771.942800 190826834.830845
3772.276400 190942553.216377
3772.609900 191053724.763410
3772.943500 191168038.593596
3773.277000 191274568.798614
3773.610600 191393021.730733
3773.944200 191513590.947330
3774.277700 191635474.384895
3774.611300 191755307.599793
3774.944900 191857917.913086
3775.278400 191963158.355552
3775.612000 192067771.185126
3775.945600 192179264.107772
3776.279100 192268414.574664
3776.612700 192371086.268639
3776.946200 192464893.892802
3777.279800 192565446.942002
3777.613400 192663175.584240
3777.946900 192760894.151288
3778.280500 192850327.929186
3778.614100 192935686.854010
3778.947600 193022661.027084
3779.281200 193113190.760580
3779.614800 193193380.473004
3779.948300 193266638.344706
3780.281900 193352270.932837
3780.615500 193427950.318172
3780.949000 193497116.264195
3781.282600 193568858.402689
3781.616100 193637054.595192
3781.949700 193707839.349804
3782.283300 193767069.122523
3782.616800 193820933.927921
3782.950400 193880116.271712
3783.284000 193933931.891773
3783.617500 193990089.894836
3783.951100 194033875.378575
3784.284700 194081236.912532
3784.618200 194125189.439694
3784.951800 194168917.413718
3785.285400 194210495.225951
3785.618900 194254993.400541
3785.952500 194290650.078092
3786.286000 194334457.573637
3786.619600 194375171.864261
3786.953200 194422139.425265
3787.286700 194461993.893974
3787.620300 194506223.440451
3787.953900 194553848.923424
3788.287400 194601826.283785
3788.621000 194651384.277701
3788.954600 194692836.953590
3789.288100 194740315.896399
3789.621700 194801042.949628
3789.955200 194844418.047205
3790.288800 194907805.036283
3790.622400 194965593.522619
3790.955900 195017071.230019
3791.289500 195068835.142826
3791.623100 195132982.137087
3791.956600 195195161.366725
3792.290200 195270801.845383
3792.623800 195339127.504874
3792.957300 195409285.633136
3793.290900 195493465.986900
3793.624500 195576878.702350
3793.958000 195666207.780031
3794.291600 195759486.647994
3794.625100 195852811.627305
3794.958700 195945495.823195
3795.292300 196045355.262585
3795.625800 196153779.620416
3795.959400 196255586.969721
3796.293000 196365257.349179
3796.626500 196479652.352532
3796.960100 196596623.890641
3797.293700 196706252.166975
3797.627200 196828618.461515
3797.960800 196949781.419431
3798.294400 197075935.436367
3798.627900 197198507.905860
3798.961500 197315404.477235
3799.295000 197430021.862345
3799.628600 197557604.727961
3799.962200 197676714.359271
3800.295700 197791082.505172
3800.629300 197904686.641434
3800.962900 198030188.972530
3801.296400 198148813.572600
3801.630000 198260129.123489
3801.963600 198379378.975237
3802.297100 198486859.580468
3802.630700 198589676.280855
3802.964200 198706465.521708
3803.297800 198813958.060838
3803.631400 198912532.619998
3803.964900 199000372.582546
3804.298500 199090047.795229
3804.632100 199182147.502665
3804.965600 199268605.184299
3805.299200 199344715.635036
3805.632800 199418592.383524
3805.966300 199490380.779997
3806.299900 199563329.781587
3806.633500 199617927.329458
3806.967000 199688160.756787
3807.300600 199743843.149042
3807.634100 199805271.183960
3807.967700 199863836.077474
3808.301300 199924779.208195
3808.634800 199974718.040632
3808.968400 200030838.326338
3809.302000 200071764.070215
3809.635500 200120801.138189
3809.969100 200173789.108006
3810.302700 200220659.133636
3810.636200 200267504.847878
3810.969800 200316324.091014
3811.303400 200363798.467946
3811.636900 200411789.656737
3811.970500 200467385.786162
3812.304000 200521858.691111
3812.637600 200572358.429228
3812.971200 200627446.919153
3813.304700 200686023.566891
3813.638300 200749869.339771
3813.971900 200818722.103968
3814.305400 200892847.291547
3814.639000 200966212.695105
3814.972600 201050897.026172
3815.306100 201133981.334283
3815.639700 201231044.894767
3815.973200 201322545.464086
3816.306800 201420121.822457
3816.640400 201518181.663486
3816.973900 201611649.669971
3817.307500 201721405.520821
3817.641100 201832084.078527
3817.974600 201939889.581600
3818.308200 202053872.021164
3818.641800 202168448.382473
3818.975300 202283764.399871
3819.308900 202397381.592628
3819.642500 202521717.053525
3819.976000 202629965.774725
3820.309600 202739824.062157
3820.643100 202858728.593610
3820.976700 202983791.825849
3821.310300 203110732.795630
3821.643800 203223477.985738
3821.977400 203336639.646125
3822.311000 203451699.159270
3822.644500 203564688.446418
3822.978100 203674132.877837
3823.311700 203773497.449727
3823.645200 203883198.802257
3823.978800 203989420.936714
3824.312400 204099414.610062
3824.645900 204198272.611600
3824.979500 204292919.082397
3825.313000 204387565.045770
3825.646600 204476861.570626
3825.980200 204571850.691921
3826.313700 204668406.900234
3826.647300 204760647.863340
3826.980900 204850181.399256
3827.314400 204943023.318336
3827.648000 205024181.437266
3827.981600 205110875.556304
3828.315100 205191579.713892
3828.648700 205274219.489872
3828.982200 205345233.385035
3829.315800 205418500.690866
3829.649400 205499024.450992
3829.982900 205575518.739085
3830.316500 205655988.808136
3830.650100 205725355.259417
3830.983600 205796258.522843
3831.317200 205876853.670329
3831.650800 205947407.806595
3831.984300 206014110.732586
3832.317900 206078226.425497
3832.651500 206141451.569449
3832.985000 206195363.612104
3833.318600 206260668.958740
3833.652100 206318034.122780
3833.985700 206384455.470861
3834.319300 206440855.959000
3834.652800 206495397.147212
3834.986400 206541097.312891
3835.320000 206587702.205112
3835.653500 206638963.245489
3835.987100 206686578.293138
3836.320700 206731893.260541
3836.654200 206775486.396592
3836.987800 206822043.231539
3837.321400 206867390.966166
3837.654900 206914009.621449
3837.988500 206958258.546576
3838.322000 207003993.933644
3838.655600 207055431.257017
3838.989200 207105655.660264
3839.322700 207158210.733312
3839.656300 207213904.882747
3839.989900 207270264.166934
3840.323400 207344248.864841
3840.657000 207411338.072950
3840.990600 207478770.317901
3841.324100 207552033.230091
3841.657700 207631108.236854
3841.991200 207723336.048697
3842.324800 207816138.930836
3842.658400 207912678.414085
3842.991900 208001826.868535
3843.325500 208091667.634434
3843.659100 208188875.310368
3843.992600 208287803.990490
3844.326200 208384222.973106
3844.659800 208490712.670388
3844.993300 208583624.734544
3845.326900 208686772.766202
3845.660500 208788028.834866
3845.994000 208893393.854386
3846.327600 209007424.250811
3846.661100 209104726.351642
3846.994700 209211482.478045
3847.328300 209305731.507265
3847.661800 209404990.626606
3847.995400 209505770.238562
3848.329000 209591115.118356
3848.662500 209688462.639783
3848.996100 209780995.671260
3849.329700 209874840.420496
3849.663200 209956156.812930
3849.996800 210046094.514965
3850.330400 210118135.343229
3850.663900 210193424.522321
3850.997500 210264132.204995
3851.331000 210341538.681870
3851.664600 210405709.533248
3851.998200 210474908.747379
3852.331700 210532282.027775
3852.665300 210588296.631490
3852.998900 210637944.558862
3853.332400 210695116.013153
3853.666000 210749192.337096
3853.999600 210805231.675318
3854.333100 210857437.406666
3854.666700 210899558.092406
3855.000200 210938578.506074
3855.333800 210981768.605619
3855.667400 211023191.626091
3856.000900 211063414.015310
3856.334500 211096350.714691
3856.668100 211137653.326596
3857.001600 211182340.865072
3857.335200 211217934.494402
3857.668800 211259956.981845
3858.002300 211301684.073785
3858.335900 211340203.065540
3858.669500 211376477.823461
3859.003000 211410184.101867
3859.336600 211441462.351666
3859.670100 211471563.726660
3860.003700 211504713.832167
3860.337300 211549893.001746
3860.670800 211591193.341310
3861.004400 211627263.924326
3861.338000 211670232.481498
3861.671500 211712729.116775
3862.005100 211761491.820417
3862.338700 211816409.632991
3862.672200 211878366.609859
3863.005800 211930974.442543
3863.339300 211980833.527753
3863.672900 212045165.511329
3864.006500 212107123.848900
3864.340000 212177106.259908
3864.673600 212244540.480461
3865.007200 212316230.572903
3865.340700 212397797.450821
3865.674300 212471647.511714
3866.007900 212551229.987619
3866.341400 212634040.296714
3866.675000 212714299.816725
3867.008600 212803775.375287
3867.342100 212889170.635752
3867.675700 212977439.568318
3868.009200 213069865.903173
3868.342800 213149243.605460
3868.676400 213239162.151951
3869.009900 213319737.213078
3869.343500 213404611.340443
3869.677100 213487473.486503
3870.010600 213567294.082580
3870.344200 213637191.968503
3870.677800 213712508.705991
3871.011300 213774270.162618
3871.344900 213840494.529934
3871.678500 213910116.388532
3872.012000 213979960.841993
3872.345600 214044014.730797
3872.679100 214096828.867411
3873.012700 214158925.398098
3873.346300 214219756.668401
3873.679800 214271744.039408
3874.013400 214319336.362829
3874.347000 214366852.054686
3874.680500 214411055.649351
3875.014100 214443352.762587
3875.347700 214470739.022275
3875.681200 214507264.134914
3876.014800 214534172.981949
3876.348300 214560381.560929
3876.681900 214593246.703635
3877.015500 214627454.514569
3877.349000 214657463.586199
3877.682600 214682432.622324
3878.016200 214716489.857531
3878.349700 214750106.118841
3878.683300 214775071.412271
3879.016900 214808601.891076
3879.350400 214836986.947574
3879.684000 214859311.353192
3880.017600 214892249.520390
3880.351100 214924367.234829
3880.684700 214959428.867349
3881.018200 214994140.397932
3881.351800 215030511.101381
3881.685400 215079014.269794
3882.018900 215128571.710953
3882.352500 215180710.918901
3882.686100 215235130.210007
3883.019600 215293508.167560
3883.353200 215353585.921193
3883.686800 215417270.268806
3884.020300 215469721.071577
3884.353900 215541659.089683
3884.687500 215605393.329169
3885.021000 215673513.211615
3885.354600 215746839.697271
3885.688100 215818034.710667
3886.021700 215893683.722820
3886.355300 215975401.082994
3886.688800 216050822.518758
3887.022400 216136326.200533
3887.356000 216220278.443094
3887.689500 216302812.171676
3888.023100 216392019.139130
3888.356700 216469075.878156
3888.690200 216552175.602052
3889.023800 216640808.086378
3889.357300 216726684.287441
3889.690900 216814657.626348
3890.024500 216899074.475418
3890.358000 216989431.016137
3890.691600 217075905.109154
3891.025200 217159091.922112
3891.358700 217238759.400722
3891.692300 217317525.871165
3892.025900 217405902.129898
3892.359400 217494459.915313
3892.693000 217577056.683067
3893.026600 217662971.630021
3893.360100 217755757.102082
3893.693700 217835839.441028
3894.027200 217919419.850775
3894.360800 217992983.284030
3894.694400 218074732.721281
3895.027900 218148165.669643
3895.361500 218222149.404202
3895.695100 218301586.731256
3896.028600 218374058.429162
3896.362200 218446496.455046
3896.695800 218519026.929957
3897.029300 218599333.295235
3897.362900 218670082.697730
3897.696500 218739310.567358
3898.030000 218816046.491302
3898.363600 218894107.672144
3898.697100 218969899.419263
3899.030700 219040193.270633
3899.364300 219108904.661492
3899.697800 219181603.743494
3900.031400 219251399.305078
3900.365000 219317532.637604
3900.698500 219384871.234524
3901.032100 219463125.691492
3901.365700 219529833.928032
3901.699200 219605232.150375
3902.032800 219670019.317530
3902.366300 219748089.102356
3902.699900 219820665.883553
3903.033500 219894629.105063
3903.367000 219953675.982123
3903.700600 220020283.659984
3904.034200 220085338.548282
3904.367700 220163541.725368
3904.701300 220231409.412532
3905.034900 220299422.544023
3905.368400 220382338.707025
3905.702000 220455354.007834
3906.035600 220525326.062692
3906.369100 220594725.240882
3906.702700 220672808.073823
3907.036200 220746927.366466
3907.369800 220820984.671200
3907.703400 220898966.917972
3908.036900 220987427.679214
3908.370500 221071983.269372
3908.704100 221159535.897266
3909.037600 221251056.942899
3909.371200 221342070.865742
3909.704800 221430927.070942
3910.038300 221523383.016449
3910.371900 221619643.938009
3910.705500 221715450.905761
3911.039000 221806257.922723
3911.372600 221898018.323071
3911.706100 221995427.873941
3912.039700 222093799.411039
3912.373300 222183836.254174
3912.706800 222278355.463825
3913.040400 222375646.794823
3913.374000 222468718.411452
3913.707500 222565757.017541
3914.041100 222660385.788213
3914.374700 222759837.865488
3914.708200 222854726.843109
3915.041800 222949767.663427
3915.375300 223041668.224533
3915.708900 223132200.721684
3916.042500 223228101.220145
3916.376000 223323259.102522
3916.709600 223406609.232304
3917.043200 223500625.442507
3917.376700 223592089.416419
3917.710300 223685408.117616
3918.043900 223773667.826615
3918.377400 223865357.876781
3918.711000 223950535.748468
3919.044600 224055479.341756
3919.378100 224136745.318412
3919.711700 224222121.230281
3920.045200 224300775.079062
3920.378800 224386213.945721
3920.712400 224472207.474980
3921.045900 224555702.236824
3921.379500 224638687.772783
3921.713100 224718859.498505
3922.046600 224798486.442279
3922.380200 224877691.753496
3922.713800 224953818.456656
3923.047300 225031468.941850
3923.380900 225117661.395556
3923.714500 225198157.660168
3924.048000 225280421.668479
3924.381600 225366252.592250
3924.715100 225451113.884273
3925.048700 225530614.464160
3925.382300 225615650.754689
3925.715800 225697559.611319
3926.049400 225776469.338867
3926.383000 225860456.535102
3926.716500 225948145.582205
3927.050100 226036490.094253
3927.383700 226115389.593265
3927.717200 226196694.695351
3928.050800 226275539.217390
3928.384300 226363569.618144
3928.717900 226444388.090833
3929.051500 226520132.372898
3929.385000 226596241.423887
3929.718600 226675526.001789
3930.052200 226752510.791342
3930.385700 226842116.223902
3930.719300 226929321.138768
3931.052900 227011631.408765
3931.386400 227096659.210102
3931.720000 227188679.097129
3932.053600 227284332.823257
3932.387100 227383729.852296
3932.720700 227482883.492085
3933.054200 227586078.196630
3933.387800 227690947.555517
3933.721400 227806244.300089
3934.054900 227926193.424618
3934.388500 228045281.215166
3934.722100 228171187.198960
3935.055600 228296676.019511
3935.389200 228428646.635395
3935.722800 228566694.849888
3936.056300 228699215.023239
3936.389900 228837264.623905
3936.723500 228978140.740308
3937.057000 229119692.098222
3937.390600 229265726.531810
3937.724100 229413126.576911
3938.057700 229557966.974938
3938.391300 229700190.018353
3938.724800 229852757.313743
3939.058400 230008349.465045
3939.392000 230151901.139757
3939.725500 230306581.516314
3940.059100 230456987.859162
3940.392700 230600930.905621
3940.726200 230750595.263592
3941.059800 230895826.778529
3941.393300 231042334.361526
3941.726900 231183515.676477
3942.060500 231324192.750888
3942.394000 231467759.517587
3942.727600 231606529.808449
3943.061200 231744829.951283
3943.394700 231876364.576013
3943.728300 232001274.700905
3944.061900 232132881.961137
3944.395400 232254996.217519
3944.729000 232379375.836700
3945.062600 232501478.929464
3945.396100 232610154.674014
3945.729700 232719088.639049
3946.063200 232835338.426818
3946.396800 232948658.749482
3946.730400 233051261.436262
3947.063900 233160641.839138
3947.397500 233264355.265489
3947.731100 233362814.049950
3948.064600 233475325.651242
3948.398200 233580817.981230
3948.731800 233694810.583915
3949.065300 233796602.515636
3949.398900 233900509.354633
3949.732500 234013871.612144
3950.066000 234123407.626059
3950.399600 234234676.701632
3950.733100 234353114.154773
3951.066700 234453555.373272
3951.400300 234567079.349554
3951.733800 234676087.075562
3952.067400 234788902.478615
3952.401000 234898214.804193
3952.734500 235016554.179001
3953.068100 235119650.555019
3953.401700 235221780.256434
3953.735200 235316810.821964
3954.068800 235423868.640079
3954.402300 235525518.759309
3954.735900 235629819.213308
3955.069500 235738499.330782
3955.403000 235843174.560439
3955.736600 235940528.583547
3956.070200 236031421.266123
3956.403700 236125833.015628
3956.737300 236214154.997223
3957.070900 236305595.213723
3957.404400 236398420.987810
3957.738000 236486584.433722
3958.071600 236575357.906754
3958.405100 236664038.244370
3958.738700 236750941.079914
3959.072200 236843867.304054
3959.405800 236922090.440222
3959.739400 237011603.529554
3960.072900 237102624.246377
3960.406500 237194884.665787
3960.740100 237291228.912354
3961.073600 237371409.347765
3961.407200 237453686.381872
3961.740800 237527537.386868
3962.074300 237602739.167678
3962.407900 237683466.189773
3962.741500 237758039.649053
3963.075000 237826884.234800
3963.408600 237895886.229721
3963.742100 237969383.589287
3964.075700 238034008.547488
3964.409300 238094972.234113
3964.742800 238160708.092355
3965.076400 238215897.790888
3965.410000 238273185.672416
3965.743500 238319119.389294
3966.077100 238371902.911483
3966.410700 238424164.974005
3966.744200 238468520.469714
3967.077800 238516737.856582
3967.411300 238554607.003441
3967.744900 238586795.878179
3968.078500 238632583.525240
3968.412000 238660302.151372
3968.745600 238688409.023865
3969.079200 238713799.447809
3969.412700 238748667.051176
3969.746300 238770739.025491
3970.079900 238802353.095966
3970.413400 238840287.618882
3970.747000 238875243.795662
3971.080600 238903565.250461
3971.414100 238941606.352113
3971.747700 238969224.587667
3972.081200 238999257.073881
3972.414800 239028369.857891
3972.748400 239055883.086327
3973.081900 239090724.158522
3973.415500 239127362.155109
3973.749100 239162794.091156
3974.082600 239198051.869319
3974.416200 239235070.222233
3974.749800 239272046.524714
3975.083300 239320619.187000
3975.416900 239372573.038246
3975.750400 239429949.990107
3976.084000 239484414.974507
3976.417600 239554560.555472
3976.751100 239614271.763010
3977.084700 239673688.440522
3977.418300 239729304.487444
3977.751800 239785221.025623
3978.085400 239845384.886613
3978.419000 239908136.769979
3978.752500 239973210.789278
3979.086100 240036113.446436
3979.419700 240098858.080800
3979.753200 240157986.492744
3980.086800 240216964.482807
3980.420300 240280332.089222
3980.753900 240340748.285997
3981.087500 240404783.207995
3981.421000 240467092.892052
3981.754600 240527534.392933
3982.088200 240590903.685279
3982.421700 240662242.081136
3982.755300 240734626.942688
3983.088900 240807132.478847
3983.422400 240888359.640508
3983.756000 240975001.165298
3984.089600 241051316.088544
3984.423100 241138125.736840
3984.756700 241233812.276493
3985.090200 241325768.153649
3985.423800 241432760.621361
3985.757400 241547238.486230
3986.090900 241664881.888113
3986.424500 241777502.282019
3986.758100 241900260.375157
3987.091600 242021042.219988
3987.425200 242143085.912467
3987.758800 242265616.548654
3988.092300 242398297.940676
3988.425900 242534066.433445
3988.759400 242678501.719314
3989.093000 242814272.235544
3989.426600 242952468.039255
3989.760100 243098988.432511
3990.093700 243238513.582726
3990.427300 243384267.068766
3990.760800 243536386.743163
3991.094400 243688516.190598
3991.428000 243842698.949369
3991.761500 243996169.196535
3992.095100 244152181.731153
3992.428700 244307540.676148
3992.762200 244459928.637496
3993.095800 244607752.486033
3993.429300 244753225.313100
3993.762900 244901673.674498
3994.096500 245047112.159163
3994.430000 245194231.232161
3994.763600 245336317.410080
3995.097200 245480602.803480
3995.430700 245618938.688538
3995.764300 245758391.769921
3996.097900 245895632.789893
3996.431400 246035446.452881
3996.765000 246175135.645738
3997.098600 246307797.489703
3997.432100 246444820.785111
3997.765700 246585399.137184
3998.099200 246719195.690362
3998.432800 246859486.496964
3998.766400 247001290.439790
3999.099900 247144772.200574
3999.433500 247277869.732666
3999.767100 247415953.929426
4000.100600 247560447.861403
4000.434200 247693504.834491
4000.767800 247832931.302044
4001.101300 247972528.782196
4001.434900 248113304.690366
4001.768400 248251023.555744
4002.102000 248388590.073081
4002.435600 248527599.490139
4002.769100 248663160.746375
4003.102700 248803869.362685
4003.436300 248945376.655630
4003.769800 249082980.649961
4004.103400 249219550.475545
4004.437000 249355931.802035
4004.770500 249500571.912009
4005.104100 249630899.032781
4005.437700 249752299.938993
4005.771200 249874266.334898
4006.104800 250001115.247646
4006.438300 250127554.123122
4006.771900 250247592.470622
4007.105500 250370335.665244
4007.439000 250482664.859351
4007.772600 250587445.243889
4008.106200 250695665.876219
4008.439700 250798861.397448
4008.773300 250901658.332483
4009.106900 250998316.189458
4009.440400 251084727.313617
4009.774000 251167843.877993
4010.107600 251253184.893202
4010.441100 251336642.173271
4010.774700 251413708.260904
4011.108200 251487319.344102
4011.441800 251562772.934243
4011.775400 251634327.034578
4012.108900 251708623.831917
4012.442500 251775547.431122
4012.776100 251842859.510612
4013.109600 251914537.546521
4013.443200 251981283.202466
4013.776800 252047425.211590
4014.110300 252112338.566796
4014.443900 252166138.256355
4014.777400 252216659.209633
4015.111000 252273400.613784
4015.444600 252326850.281479
4015.778100 252381966.630997
4016.111700 252437816.534233
4016.445300 252502794.851341
4016.778800 252559133.363008
4017.112400 252621332.623404
4017.446000 252689384.431723
4017.779500 252751240.316274
4018.113100 252818315.444444
4018.446700 252891167.592443
4018.780200 252963569.889699
4019.113800 253045545.086931
4019.447300 253120761.995267
4019.780900 253193245.715134
4020.114500 253267292.270716
4020.448000 253345233.935838
4020.781600 253425280.193333
4021.115200 253502472.947226
4021.448700 253581129.883150
4021.782300 253658561.474587
4022.115900 253745360.884206
4022.449400 253840190.961849
4022.783000 253927916.247094
4023.116600 254014798.447536
4023.450100 254109243.159197
4023.783700 254197898.908586
4024.117200 254284366.258695
4024.450800 254373822.545488
4024.784400 254463119.495721
4025.117900 254547920.378699
4025.451500 254627868.393702
4025.785100 254714760.208069
4026.118600 254799486.047952
4026.452200 254893649.741865
4026.785800 254988064.848395
4027.119300 255081193.864786
4027.452900 255171770.240373
4027.786400 255272061.270342
4028.120000 255372492.539564
4028.453600 255471461.016801
4028.787100 255573141.245160
4029.120700 255666935.726562
4029.454300 255773426.220728
4029.787800 255870724.042635
4030.121400 255958479.291802
4030.455000 256053364.224174
4030.788500 256144622.037551
4031.122100 256239028.567568
4031.455700 256337446.965457
4031.789200 256437556.653878
4032.122800 256541265.095863
4032.456300 256643331.853816
4032.789900 256747421.645362
4033.123500 256849649.319952
4033.457000 256950066.138727
4033.790600 257064143.903932
4034.124200 257174222.241407
4034.457700 257277004.055855
4034.791300 257389688.027024
4035.124900 257499807.568680
4035.458400 257609116.363701
4035.792000 257719104.302480
4036.125600 257817769.206753
4036.459100 257925130.320571
4036.792700 258036670.466492
4037.126200 258147347.645772
4037.459800 258257799.997226
4037.793400 258368869.519258
4038.126900 258483195.671821
4038.460500 258599961.503568
4038.794100 258711668.370790
4039.127600 258825448.989144
4039.461200 258936388.789164
4039.794800 259049182.204683
4040.128300 259159851.021060
4040.461900 259263892.033463
4040.795400 259382441.766332
4041.129000 259498163.992615
4041.462600 259610602.870813
4041.796100 259724313.330198
4042.129700 259835257.253956
4042.463300 259955348.058305
4042.796800 260073585.615365
4043.130400 260189259.587462
4043.464000 260301504.182615
4043.797500 260416613.144277
4044.131100 260525570.356869
4044.464700 260640630.416181
4044.798200 260754248.729097
4045.131800 260864206.775201
4045.465300 260973210.077094
4045.798900 261084996.467738
4046.132500 261200916.398092
4046.466000 261312486.107654
4046.799600 261433136.944724
4047.133200 261557251.680316
4047.466700 261673660.438535
4047.800300 261796647.772615
4048.133900 261924959.512679
4048.467400 262055900.147497
4048.801000 262188778.375174
4049.134600 262318496.593024
4049.468100 262452992.967736
4049.801700 262589801.975533
4050.135200 262720152.668522
4050.468800 262856859.688355
4050.802400 262990925.506502
4051.135900 263121696.769179
4051.469500 263265029.551838
4051.803100 263398515.357098
4052.136600 263537626.943890
4052.470200 263675357.635527
4052.803800 263812457.593410
4053.137300 263955593.258930
4053.470900 264094616.924477
4053.804400 264238385.083820
4054.138000 264374436.850584
4054.471600 264512515.124601
4054.805100 264640998.609411
4055.138700 264776549.411107
4055.472300 264913986.900020
4055.805800 265048786.655126
4056.139400 265180006.186637
4056.473000 265302793.796184
4056.806500 265430040.061497
4057.140100 265555334.554950
4057.473700 265680563.348927
4057.807200 265804692.051492
4058.140800 265915581.718221
4058.474300 266022405.621806
4058.807900 266128958.203006
4059.141500 266239723.709360
4059.475000 266337634.918835
4059.808600 266436157.179764
4060.142200 266536854.813621
4060.475700 266631851.405489
4060.809300 266720840.402515
4061.142900 266817587.624762
4061.476400 266908861.914629
4061.810000 266995855.926742
4062.143600 267081873.356852
4062.477100 267171177.422146
4062.810700 267257803.329479
4063.144200 267337731.103078
4063.477800 267432583.340469
4063.811400 267519302.149623
4064.144900 267614901.923896
4064.478500 267708709.590895
4064.812100 267803177.277653
4065.145600 267899525.234900
4065.479200 267991354.476263
4065.812800 268081346.765522
4066.146300 268177407.167761
4066.479900 268270704.042128
4066.813400 268367941.594923
4067.147000 268473209.104966
4067.480600 268577856.503217
4067.814100 268680829.523189
4068.147700 268782945.877021
4068.481300 268890639.202939
4068.814800 268999083.439391
4069.148400 269105142.478118
4069.482000 269207678.230892
4069.815500 269320787.896968
4070.149100 269433568.481380
4070.482700 269551920.552823
4070.816200 269663376.179396
4071.149800 269778851.462395
4071.483300 269893949.556292
4071.816900 270014309.306063
4072.150500 270132799.832788
4072.484000 270236302.585428
4072.817600 270348662.059442
4073.151200 270450987.822273
4073.484700 270560908.495129
4073.818300 270669163.850577
4074.151900 270779235.472779
4074.485400 270884262.979156
4074.819000 270975510.695096
4075.152600 271076801.578173
4075.486100 271178422.910996
4075.819700 271275313.731375
4076.153200 271366289.207578
4076.486800 271469255.037546
4076.820400 271565633.785207
4077.153900 271659546.969293
4077.487500 271758574.017008
4077.821100 271856839.256336
4078.154600 271949540.073646
4078.488200 272050216.482126
4078.821800 272140749.269403
4079.155300 272247081.109094
4079.488900 272347966.062906
4079.822400 272454231.198869
4080.156000 272570426.630771
4080.489600 272673775.659500
4080.823100 272783772.280490
4081.156700 272892975.189872
4081.490300 273002612.858819
4081.823800 273116460.033969
4082.157400 273223794.043262
4082.491000 273345393.580980
4082.824500 273469136.439234
4083.158100 273588984.920350
4083.491700 273712977.554739
4083.825200 273832021.335071
4084.158800 273950795.848171
4084.492300 274060527.834837
4084.825900 274181685.928707
4085.159500 274304141.004651
4085.493000 274425219.762989
4085.826600 274542695.647957
4086.160200 274666440.702332
4086.493700 274792323.370572
4086.827300 274915466.015958
4087.160900 275036423.289757
4087.494400 275153904.007816
4087.828000 275274283.476534
4088.161500 275388536.157003
4088.495100 275499448.062533
4088.828700 275614571.081077
4089.162200 275727588.919559
4089.495800 275846447.206113
4089.829400 275953182.895358
4090.162900 276073895.675811
4090.496500 276185894.731590
4090.830100 276293573.203237
4091.163600 276405790.016603
4091.497200 276517514.405541
4091.830800 276629106.119247
4092.164300 276744111.961202
4092.497900 276854758.758139
4092.831400 276972478.687530
4093.165000 277089265.687359
4093.498600 277206031.765526
4093.832100 277323845.044351
4094.165700 277434422.642949
4094.499300 277544319.595958
4094.832800 277651080.089605
4095.166400 277769620.430705
4095.500000 277880256.306658
4095.833500 277998708.871226
4096.167100 278106921.533294
4096.500700 278224739.851523
4096.834200 278337538.213707
4097.167800 278452229.921319
4097.501300 278570658.203249
4097.834900 278683353.320866
4098.168500 278793768.197703
4098.502000 278911953.939516
4098.835600 279030390.693817
4099.169200 279157687.692623
4099.502700 279279080.870107
4099.836300 279398372.428107
4100.169900 279516711.683732
4100.503400 279638784.207907
4100.837000 279767348.058301
4101.170500 279881823.871869
4101.504100 280007009.249929
4101.837700 280134068.554530
4102.171200 280272375.994464
4102.504800 280402803.548854
4102.838400 280530136.401184
4103.171900 280659910.483634
4103.505500 280795505.164545
4103.839100 280928994.135690
4104.172600 281064067.942627
4104.506200 281202374.168066
4104.839800 281330713.068132
4105.173300 281478444.708110
4105.506900 281622562.795600
4105.840400 281775341.950506
4106.174000 281923141.863206
4106.507600 282067266.980164
4106.841100 282213134.030613
4107.174700 282350614.248225
4107.508300 282501262.864913
4107.841800 282655804.645324
4108.175400 282803411.391423
4108.509000 282954763.277412
4108.842500 283107493.668128
4109.176100 283263929.259745
4109.509700 283414722.737088
4109.843200 283566172.285847
4110.176800 283715699.874052
4110.510300 283860731.594906
4110.843900 284009722.809266
4111.177500 284161486.298979
4111.511000 284319033.820433
4111.844600 284486098.109057
4112.178200 284645040.003201
4112.511700 284804259.150823
4112.845300 284966131.294280
4113.178900 285139660.899163
4113.512400 285305229.260135
4113.846000 285479249.661698
4114.179500 285650205.868113
4114.513100 285829039.740554
4114.846700 286012363.782196
4115.180200 286198447.454399
4115.513800 286385426.317020
4115.847400 286580189.020268
4116.180900 286774600.924901
4116.514500 286967481.883057
4116.848100 287162941.841864
4117.181600 287358222.675972
4117.515200 287552700.205927
4117.848800 287742583.390587
4118.182300 287949155.470728
4118.515900 288156399.181484
4118.849400 288359248.756940
4119.183000 288551254.403353
4119.516600 288741659.614885
4119.850100 288943954.442534
4120.183700 289149488.621613
4120.517300 289345510.086596
4120.850800 289544868.592294
4121.184400 289751438.550583
4121.518000 289947073.341036
4121.851500 290156619.712897
4122.185100 290345951.153345
4122.518700 290546561.072733
4122.852200 290735401.352651
4123.185800 290915188.996797
4123.519300 291093727.414669
4123.852900 291281190.820763
4124.186500 291470451.799500
4124.520000 291650697.731353
4124.853600 291825491.770779
4125.187200 291988788.893009
4125.520700 292150984.069765
4125.854300 292312166.891016
4126.187900 292457870.296997
4126.521400 292604212.210039
4126.855000 292744958.347149
4127.188500 292891050.912742
4127.522100 293029090.874655
4127.855700 293160103.659393
4128.189200 293299867.693343
4128.522800 293420878.337590
4128.856400 293531439.647542
4129.189900 293642052.143308
4129.523500 293749084.127744
4129.857100 293847787.437362
4130.190600 293940038.991736
4130.524200 294025312.657854
4130.857800 294101982.285542
4131.191300 294174784.239847
4131.524900 294233606.614449
4131.858400 294291362.996170
4132.192000 294336405.620221
4132.525600 294377442.244295
4132.859100 294403133.095234
4133.192700 294428620.193681
4133.526300 294442463.531732
4133.859800 294449560.174378
4134.193400 294456464.322886
4134.527000 294451765.764139
4134.860500 294439117.584014
4135.194100 294413135.396898
4135.527700 294376436.455361
4135.861200 294333488.536233
4136.194800 294284615.716528
4136.528300 294227491.870754
4136.861900 294162338.021752
4137.195500 294088722.998839
4137.529000 294006801.146969
4137.862600 293920174.121216
4138.196200 293811333.128050
4138.529700 293705584.824443
4138.863300 293584401.304644
4139.196900 293458041.893651
4139.530400 293318045.025621
4139.864000 293157280.995870
4140.197500 293000251.175064
4140.531100 292841142.129083
4140.864700 292654010.300900
4141.198200 292462865.881987
4141.531800 292257663.482018
4141.865400 292039565.757484
4142.198900 291826998.275569
4142.532500 291606272.919284
4142.866100 291362505.372565
4143.199600 291121198.879923
4143.533200 290866437.437025
4143.866800 290607793.284451
4144.200300 290336907.654649
4144.533900 290062913.531609
4144.867400 289784952.388712
4145.201000 289485513.684458
4145.534600 289181889.129752
4145.868100 288878141.208179
4146.201700 288565083.742910
4146.535300 288236999.193700
4146.868800 287909388.934003
4147.202400 287572832.752101
4147.536000 287223669.452161
4147.869500 286874448.650871
4148.203100 286518683.273459
4148.536700 286156491.444748
4148.870200 285777398.313924
4149.203800 285402022.480853
4149.537300 285028117.751922
4149.870900 284646402.366713
4150.204500 284245073.239548
4150.538000 283848164.083899
4150.871600 283444243.968243
4151.205200 283032387.633693
4151.538700 282614831.468066
4151.872300 282191233.817870
4152.205900 281767980.929391
4152.539400 281340675.005787
4152.873000 280895607.510997
4153.206500 280443708.467196
4153.540100 279993615.914169
4153.873700 279531124.545400
4154.207200 279057842.265356
4154.540800 278586819.513790
4154.874400 278104598.725304
4155.207900 277615464.663005
4155.541500 277121079.750733
4155.875100 276622869.244682
4156.208600 276110880.924946
4156.542200 275598101.280707
4156.875800 275088590.363354
4157.209300 274569660.938308
4157.542900 274043454.413930
4157.876400 273516473.566381
4158.210000 272978290.609056
4158.543600 272432379.838235
4158.877100 271896850.839353
4159.210700 271357326.310892
4159.544300 270798625.736272
4159.877800 270242126.556000
4160.211400 269670456.522696
4160.545000 269100658.240753
4160.878500 268524105.372034
4161.212100 267945613.164435
4161.545700 267362197.450992
4161.879200 266773861.228534
4162.212800 266180607.493752
4162.546300 265582439.243340
4162.879900 264979359.473981
4163.213500 264371371.182367
4163.547000 263758477.365189
4163.880600 263140681.019135
4164.214200 262517985.140895
4164.547700 261890392.727159
4164.881300 261257906.774615
4165.214900 260620530.279954
4165.548400 259978266.239864
4165.882000 259331117.651037
4166.215500 258679087.510161
4166.549100 258022178.813926
4166.882700 257360394.559020
4167.216200 256693737.742134
4167.549800 256022211.359957
4167.883400 255345818.409178
4168.216900 254664561.886489
4168.550500 253978444.788576
4168.884100 253287470.112131
4169.217600 252591640.853844
